0.0,0.010056,0.0,0.0
0.0,0.020056,0.0,0.0
0.0,0.030056,0.0,0.0
0.0,0.040056,0.0,0.0
0.0,0.050056,0.0,0.0
0.0,0.060056,0.0,0.0
0.0,0.070056,0.0,0.0
0.0,0.080056,0.0,0.0
0.0,0.090056,0.0,0.0
0.0,0.100056,0.0,0.0
0.0,0.110056,0.0,0.0
0.0,0.120056,0.0,0.0
0.0,0.130056,0.0,0.0
0.0,0.140056,0.0,0.0
0.0,0.150056,0.0,0.0
0.0,0.160056,0.0,0.0
0.0,0.170056,0.0,0.0
0.0,0.180056,0.0,0.0
0.0,0.190056,0.0,0.0
0.0,0.200056,0.0,0.0
0.0,0.210056,0.0,0.0
0.0,0.220056,0.0,0.0
0.0,0.230056,0.0,0.0
0.0,0.240056,0.0,0.0
0.0,0.250056,0.0,0.0
0.0,0.260056,0.0,0.0
0.0,0.270056,0.0,0.0
0.0,0.280056,0.0,0.0
0.0,0.290056,0.0,0.0
0.0,0.300056,0.0,0.0
0.0,0.310056,0.0,0.0
0.0,0.320056,0.0,0.0
0.0,0.330056,0.0,0.0
0.0,0.340056,0.0,0.0
0.0,0.350056,0.0,0.0
0.0,0.360056,0.0,0.0
0.0,0.370056,0.0,0.0
0.0,0.380056,0.0,0.0
0.0,0.390056,0.0,0.0
0.0,0.400056,0.0,0.0
0.0,0.410056,0.0,0.0
0.0,0.420056,0.0,0.0
0.0,0.430056,0.0,0.0
0.0,0.440056,0.0,0.0
0.0,0.450056,0.0,0.0
0.0,0.460056,0.0,0.0
0.0,0.470056,0.0,0.0
0.0,0.480056,0.0,0.0
0.0,0.490056,0.0,0.0
0.0,0.500056,0.0,0.0
0.0,0.510056,0.0,0.0
0.0,0.520056,0.0,0.0
0.0,0.530056,0.0,0.0
0.0,0.540056,0.0,0.0
0.0,0.550056,0.0,0.0
0.0,0.560056,0.0,0.0
0.0,0.570056,0.0,0.0
0.0,0.580056,0.0,0.0
0.0,0.590056,0.0,0.0
0.0,0.600056,0.0,0.0
0.0,0.610056,0.0,0.0
0.0,0.620056,0.0,0.0
0.0,0.630056,0.0,0.0
0.0,0.64006,0.0,0.0
0.0,0.650056,0.0,0.0
0.0,0.660056,0.0,0.0
0.0,0.670056,0.0,0.0
0.0,0.680056,0.0,0.0
0.0,0.690056,0.0,0.0
0.0,0.700056,0.0,0.0
0.0,0.710056,0.0,0.0
0.0,0.720056,0.0,0.0
0.0,0.730056,0.0,0.0
0.0,0.740056,0.0,0.0
0.0,0.750056,0.0,0.0
0.0,0.760056,0.0,0.0
0.0,0.770056,0.0,0.0
0.0,0.780056,0.0,0.0
0.0,0.790056,0.0,0.0
0.0,0.800056,0.0,0.0
0.0,0.810056,0.0,0.0
0.0,0.820056,0.0,0.0
0.0,0.830056,0.0,0.0
0.0,0.840056,0.0,0.0
0.0,0.850056,0.0,0.0
0.0,0.860056,0.0,0.0
0.0,0.870056,0.0,0.0
0.0,0.880056,0.0,0.0
0.0,0.890056,0.0,0.0
0.0,0.900056,0.0,0.0
0.0,0.910056,0.0,0.0
0.0,0.920056,0.0,0.0
0.0,0.930056,0.0,0.0
0.0,0.940056,0.0,0.0
0.0,0.950056,0.0,0.0
0.0,0.960056,0.0,0.0
0.0,0.970056,0.0,0.0
0.0,0.980056,0.0,0.0
0.0,0.990056,0.0,0.0
0.0,1.000056,0.0,0.0
0.0,1.010056,0.0,0.0
0.0,1.020056,0.0,0.0
0.0,1.030056,0.0,0.0
0.0,1.040056,0.0,0.0
0.0,1.050056,0.0,0.0
0.0,1.060056,0.0,0.0
0.0,1.070056,0.0,0.0
0.0,1.080056,0.0,0.0
0.0,1.090056,0.0,0.0
0.0,1.100056,0.0,0.0
0.0,1.110056,0.0,0.0
0.0,1.120056,0.0,0.0
0.0,1.130056,0.0,0.0
0.0,1.140056,0.0,0.0
0.0,1.150056,0.0,0.0
0.0,1.160056,0.0,0.0
0.0,1.170056,0.0,0.0
0.0,1.180056,0.0,0.0
0.0,1.190056,0.0,0.0
0.0,1.200056,0.0,0.0
0.0,1.210056,0.0,0.0
0.0,1.220056,0.0,0.0
0.0,1.230056,0.0,0.0
0.0,1.240056,0.0,0.0
0.0,1.250056,0.0,0.0
0.0,1.260056,0.0,0.0
0.0,1.270056,0.0,0.0
0.0,1.28006,0.0,0.0
0.0,1.290056,0.0,0.0
0.0,1.300056,0.0,0.0
0.0,1.310056,0.0,0.0
0.0,1.320056,0.0,0.0
0.0,1.330056,0.0,0.0
0.0,1.340056,0.0,0.0
0.0,1.350056,0.0,0.0
0.0,1.360056,0.0,0.0
0.0,1.370056,0.0,0.0
0.0,1.380056,0.0,0.0
0.0,1.390056,0.0,0.0
0.0,1.400056,0.0,0.0
0.0,1.410056,0.0,0.0
0.0,1.420056,0.0,0.0
0.0,1.430056,0.0,0.0
0.0,1.440056,0.0,0.0
0.0,1.450056,0.0,0.0
0.0,1.460056,0.0,0.0
0.0,1.470056,0.0,0.0
0.0,1.480056,0.0,0.0
0.0,1.490056,0.0,0.0
0.0,1.500056,0.0,0.0
0.0,1.510056,0.0,0.0
0.0,1.520056,0.0,0.0
0.0,1.530056,0.0,0.0
0.0,1.540056,0.0,0.0
0.0,1.550056,0.0,0.0
0.0,1.560056,0.0,0.0
0.0,1.570056,0.0,0.0
0.0,1.580056,0.0,0.0
0.0,1.590056,0.0,0.0
0.0,1.600056,0.0,0.0
0.0,1.610056,0.0,0.0
0.0,1.620056,0.0,0.0
0.0,1.630056,0.0,0.0
0.0,1.640056,0.0,0.0
0.0,1.650056,0.0,0.0
0.0,1.660056,0.0,0.0
0.0,1.670056,0.0,0.0
0.0,1.680056,0.0,0.0
0.0,1.690056,0.0,0.0
0.0,1.700056,0.0,0.0
0.0,1.710056,0.0,0.0
0.0,1.720056,0.0,0.0
0.0,1.730056,0.0,0.0
0.0,1.740056,0.0,0.0
0.0,1.750056,0.0,0.0
0.0,1.760056,0.0,0.0
0.0,1.770056,0.0,0.0
0.0,1.780056,0.0,0.0
0.0,1.790056,0.0,0.0
0.0,1.800056,0.0,0.0
0.0,1.810056,0.0,0.0
0.0,1.820056,0.0,0.0
0.0,1.830056,0.0,0.0
0.0,1.840056,0.0,0.0
0.0,1.850056,0.0,0.0
0.0,1.860056,0.0,0.0
0.0,1.870056,0.0,0.0
0.0,1.880056,0.0,0.0
0.0,1.890056,0.0,0.0
0.0,1.900056,0.0,0.0
0.0,1.910056,0.0,0.0
0.0,1.92006,0.0,0.0
0.0,1.930056,0.0,0.0
0.0,1.940056,0.0,0.0
0.0,1.950056,0.0,0.0
0.0,1.960056,0.0,0.0
0.0,1.970056,0.0,0.0
0.0,1.980056,0.0,0.0
0.0,1.990056,0.0,0.0
0.0,2.000056,0.0,0.0
0.0,2.010056,0.0,0.0
0.0,2.020056,0.0,0.0
0.0,2.030056,0.0,0.0
0.0,2.040056,0.0,0.0
0.0,2.050056,0.0,0.0
0.0,2.060056,0.0,0.0
0.0,2.070056,0.0,0.0
0.0,2.080056,0.0,0.0
0.0,2.090056,0.0,0.0
0.0,2.100056,0.0,0.0
0.0,2.110056,0.0,0.0
0.0,2.120056,0.0,0.0
0.0,2.130056,0.0,0.0
0.0,2.140056,0.0,0.0
0.0,2.150056,0.0,0.0
0.0,2.160056,0.0,0.0
0.0,2.170056,0.0,0.0
0.0,2.180056,0.0,0.0
0.0,2.190056,0.0,0.0
0.0,2.200056,0.0,0.0
0.0,2.210056,0.0,0.0
0.0,2.220056,0.0,0.0
0.0,2.230056,0.0,0.0
0.0,2.240056,0.0,0.0
0.0,2.250056,0.0,0.0
0.0,2.260056,0.0,0.0
0.0,2.270056,0.0,0.0
0.0,2.280056,0.0,0.0
0.0,2.290056,0.0,0.0
0.0,2.300056,0.0,0.0
0.0,2.310056,0.0,0.0
0.0,2.320056,0.0,0.0
0.0,2.330056,0.0,0.0
0.0,2.340056,0.0,0.0
0.0,2.350056,0.0,0.0
0.0,2.360056,0.0,0.0
0.0,2.370056,0.0,0.0
0.0,2.380056,0.0,0.0
0.0,2.390056,0.0,0.0
0.0,2.400056,0.0,0.0
0.0,2.410056,0.0,0.0
0.0,2.420056,0.0,0.0
0.0,2.430056,0.0,0.0
0.0,2.440056,0.0,0.0
0.0,2.450056,0.0,0.0
0.0,2.460056,0.0,0.0
0.0,2.470056,0.0,0.0
0.0,2.480056,0.0,0.0
0.0,2.490056,0.0,0.0
0.0,2.500056,0.0,0.0
0.0,2.510056,0.0,0.0
0.0,2.520056,0.0,0.0
0.0,2.530056,0.0,0.0
0.0,2.540056,0.0,0.0
0.0,2.550056,0.0,0.0
0.0,2.56006,0.0,0.0
0.0,2.570056,0.0,0.0
0.0,2.580056,0.0,0.0
0.0,2.590056,0.0,0.0
0.0,2.600056,0.0,0.0
0.0,2.610056,0.0,0.0
0.0,2.620056,0.0,0.0
0.0,2.630056,0.0,0.0
0.0,2.640056,0.0,0.0
0.0,2.650056,0.0,0.0
0.0,2.660056,0.0,0.0
0.0,2.670056,0.0,0.0
0.0,2.680056,0.0,0.0
0.0,2.690056,0.0,0.0
0.0,2.700056,0.0,0.0
0.0,2.710056,0.0,0.0
0.0,2.720056,0.0,0.0
0.0,2.730056,0.0,0.0
0.0,2.740056,0.0,0.0
0.0,2.750056,0.0,0.0
0.0,2.760056,0.0,0.0
0.0,2.770056,0.0,0.0
0.0,2.780056,0.0,0.0
0.0,2.790056,0.0,0.0
0.0,2.800056,0.0,0.0
0.0,2.810056,0.0,0.0
0.0,2.820056,0.0,0.0
0.0,2.830056,0.0,0.0
0.0,2.840056,0.0,0.0
0.0,2.850056,0.0,0.0
0.0,2.860056,0.0,0.0
0.0,2.870056,0.0,0.0
0.0,2.880056,0.0,0.0
0.0,2.890056,0.0,0.0
0.0,2.900056,0.0,0.0
0.0,2.910056,0.0,0.0
0.0,2.920056,0.0,0.0
0.0,2.930056,0.0,0.0
0.0,2.940056,0.0,0.0
0.0,2.950056,0.0,0.0
0.0,2.960056,0.0,0.0
0.0,2.970056,0.0,0.0
0.0,2.980056,0.0,0.0
0.0,2.990056,0.0,0.0
0.0,3.000056,0.0,0.0
0.0,3.010056,0.0,0.0
0.0,3.020056,0.0,0.0
0.0,3.030056,0.0,0.0
0.0,3.040056,0.0,0.0
0.0,3.050056,0.0,0.0
0.0,3.060056,0.0,0.0
0.0,3.070056,0.0,0.0
0.0,3.080056,0.0,0.0
0.0,3.090056,0.0,0.0
0.0,3.100056,0.0,0.0
0.0,3.110056,0.0,0.0
0.0,3.120056,0.0,0.0
0.0,3.130056,0.0,0.0
0.0,3.140056,0.0,0.0
0.0,3.150056,0.0,0.0
0.0,3.160056,0.0,0.0
0.0,3.170056,0.0,0.0
0.0,3.180056,0.0,0.0
0.0,3.190056,0.0,0.0
0.0,3.20006,0.0,0.0
0.0,3.210056,0.0,0.0
0.0,3.220056,0.0,0.0
0.0,3.230056,0.0,0.0
0.0,3.240056,0.0,0.0
0.0,3.250056,0.0,0.0
0.0,3.260056,0.0,0.0
0.0,3.270056,0.0,0.0
0.0,3.280056,0.0,0.0
0.0,3.290056,0.0,0.0
0.0,3.300056,0.0,0.0
0.0,3.310056,0.0,0.0
0.0,3.320056,0.0,0.0
0.0,3.330056,0.0,0.0
0.0,3.340056,0.0,0.0
0.0,3.350056,0.0,0.0
0.0,3.360056,0.0,0.0
0.0,3.370056,0.0,0.0
0.0,3.380056,0.0,0.0
0.0,3.390056,0.0,0.0
0.0,3.400056,0.0,0.0
0.0,3.410056,0.0,0.0
0.0,3.420056,0.0,0.0
0.0,3.430056,0.0,0.0
0.0,3.440056,0.0,0.0
0.0,3.450056,0.0,0.0
0.0,3.460056,0.0,0.0
0.0,3.470056,0.0,0.0
0.0,3.480056,0.0,0.0
0.0,3.490056,0.0,0.0
0.0,3.500056,0.0,0.0
0.0,3.510056,0.0,0.0
0.0,3.520056,0.0,0.0
0.0,3.530056,0.0,0.0
0.0,3.540056,0.0,0.0
0.0,3.550056,0.0,0.0
0.0,3.560056,0.0,0.0
0.0,3.570056,0.0,0.0
0.0,3.580056,0.0,0.0
0.0,3.590056,0.0,0.0
0.0,3.600056,0.0,0.0
0.0,3.610056,0.0,0.0
0.0,3.620056,0.0,0.0
0.0,3.630056,0.0,0.0
0.0,3.640056,0.0,0.0
0.0,3.650056,0.0,0.0
0.0,3.660056,0.0,0.0
0.0,3.670056,0.0,0.0
0.0,3.680056,0.0,0.0
0.0,3.690056,0.0,0.0
0.0,3.700056,0.0,0.0
0.0,3.710056,0.0,0.0
0.0,3.720056,0.0,0.0
0.0,3.730056,0.0,0.0
0.0,3.740056,0.0,0.0
0.0,3.750056,0.0,0.0
0.0,3.760056,0.0,0.0
0.0,3.770056,0.0,0.0
0.0,3.780056,0.0,0.0
0.0,3.790056,0.0,0.0
0.0,3.800056,0.0,0.0
0.0,3.810056,0.0,0.0
0.0,3.820056,0.0,0.0
0.0,3.830056,0.0,0.0
0.0,3.84006,0.0,0.0
0.0,3.850056,0.0,0.0
0.0,3.860056,0.0,0.0
0.0,3.870056,0.0,0.0
0.0,3.880056,0.0,0.0
0.0,3.890056,0.0,0.0
0.0,3.900056,0.0,0.0
0.0,3.910056,0.0,0.0
0.0,3.920056,0.0,0.0
0.0,3.930056,0.0,0.0
0.0,3.940056,0.0,0.0
0.0,3.950056,0.0,0.0
0.0,3.960056,0.0,0.0
0.0,3.970056,0.0,0.0
0.0,3.980056,0.0,0.0
0.0,3.990056,0.0,0.0
0.0,4.000056,0.0,0.0
0.0,4.010056,0.0,0.0
0.0,4.020056,0.0,0.0
0.0,4.030056,0.0,0.0
0.0,4.040056,0.0,0.0
0.0,4.050056,0.0,0.0
0.0,4.060056,0.0,0.0
0.0,4.070056,0.0,0.0
0.0,4.080056,0.0,0.0
0.0,4.090056,0.0,0.0
0.0,4.100056,0.0,0.0
0.0,4.110056,0.0,0.0
0.0,4.120056,0.0,0.0
0.0,4.130056,0.0,0.0
0.0,4.140056,0.0,0.0
0.0,4.150056,0.0,0.0
0.0,4.160056,0.0,0.0
0.0,4.170056,0.0,0.0
0.0,4.180056,0.0,0.0
0.0,4.190056,0.0,0.0
0.0,4.200056,0.0,0.0
0.0,4.210056,0.0,0.0
0.0,4.220056,0.0,0.0
0.0,4.230056,0.0,0.0
0.0,4.240056,0.0,0.0
0.0,4.250056,0.0,0.0
0.0,4.260056,0.0,0.0
0.0,4.270056,0.0,0.0
0.0,4.280056,0.0,0.0
0.0,4.290056,0.0,0.0
0.0,4.300056,0.0,0.0
0.0,4.310056,0.0,0.0
0.0,4.320056,0.0,0.0
0.0,4.330056,0.0,0.0
0.0,4.340056,0.0,0.0
0.0,4.350056,0.0,0.0
0.0,4.360056,0.0,0.0
0.0,4.370056,0.0,0.0
0.0,4.380056,0.0,0.0
0.0,4.390056,0.0,0.0
0.0,4.400056,0.0,0.0
0.0,4.410056,0.0,0.0
0.0,4.420056,0.0,0.0
0.0,4.430056,0.0,0.0
0.0,4.440056,0.0,0.0
0.0,4.450056,0.0,0.0
0.0,4.460056,0.0,0.0
0.0,4.470056,0.0,0.0
0.0,4.48006,0.0,0.0
0.0,4.490056,0.0,0.0
0.0,4.500056,0.0,0.0
0.0,4.510056,0.0,0.0
0.0,4.520056,0.0,0.0
0.0,4.530056,0.0,0.0
0.0,4.540056,0.0,0.0
0.0,4.550056,0.0,0.0
0.0,4.560056,0.0,0.0
0.0,4.570056,0.0,0.0
0.0,4.580056,0.0,0.0
0.0,4.590056,0.0,0.0
0.0,4.600056,0.0,0.0
0.0,4.610056,0.0,0.0
0.0,4.620056,0.0,0.0
0.0,4.630056,0.0,0.0
0.0,4.640056,0.0,0.0
0.0,4.650056,0.0,0.0
0.0,4.660056,0.0,0.0
0.0,4.670056,0.0,0.0
0.0,4.680056,0.0,0.0
0.0,4.690056,0.0,0.0
0.0,4.700056,0.0,0.0
0.0,4.710056,0.0,0.0
0.0,4.720056,0.0,0.0
0.0,4.730056,0.0,0.0
0.0,4.740056,0.0,0.0
0.0,4.750056,0.0,0.0
0.0,4.760056,0.0,0.0
0.0,4.770056,0.0,0.0
0.0,4.780056,0.0,0.0
0.0,4.790056,0.0,0.0
0.0,4.800056,0.0,0.0
0.0,4.810056,0.0,0.0
0.0,4.820056,0.0,0.0
0.0,4.830056,0.0,0.0
0.0,4.840056,0.0,0.0
0.0,4.850056,0.0,0.0
0.0,4.860056,0.0,0.0
0.0,4.870056,0.0,0.0
0.0,4.880056,0.0,0.0
0.0,4.890056,0.0,0.0
0.0,4.900056,0.0,0.0
0.0,4.910056,0.0,0.0
0.0,4.920056,0.0,0.0
0.0,4.930056,0.0,0.0
0.0,4.940056,0.0,0.0
0.0,4.950056,0.0,0.0
0.0,4.960056,0.0,0.0
0.0,4.970056,0.0,0.0
0.0,4.980056,0.0,0.0
0.0,4.990056,0.0,0.0
0.02618,5.000056,0.0,0.0
0.0521245,5.010076,0.0002355,0.0
0.07696950000000001,5.020084,0.0015705,0.0
0.09969349999999999,5.03008,0.005026500000000001,0.0
0.1195905,5.04008,0.0113095,0.0
0.1363455,5.049056,0.020734500000000003,0.0
0.14980200000000002,5.059056,0.033458,0.0
0.15956700000000001,5.06906,0.049873,0.0
0.16524800000000003,5.07906,0.070372,0.0
0.16660950000000002,5.088036,0.09519050000000001,0.0
0.16372950000000003,5.098036,0.12425,0.0
0.15747250000000002,5.108036,0.15668700000000002,0.0
0.14948750000000002,5.11804,0.19085200000000002,0.0
0.14150250000000003,5.128036,0.225017,0.0
0.13477450000000002,5.138036,0.25792499999999996,0.0
0.12977400000000003,5.148036,0.28910549999999996,0.0
0.12720850000000003,5.15804,0.317851,0.0
0.12754900000000002,5.168036,0.3436905,0.0
0.12977450000000001,5.17804,0.367645,0.0
0.13270650000000003,5.18804,0.390893,0.0
0.10945850000000001,5.19804,0.414141,0.0
0.08621050000000002,5.208036,0.43738900000000003,0.0
0.06398350000000001,5.216992,0.45961599999999997,0.0
0.04387750000000002,5.226984,0.47972199999999987,0.0
0.026598500000000004,5.236984,0.49700099999999997,0.0
0.012461500000000004,5.246984,0.511138,0.0
0.0016229999999999925,5.25596,0.5219765,0.0
-0.005524000000000001,5.26596,0.5291234999999999,0.0
-0.008587000000000001,5.27596,0.5321864999999999,0.0
-0.007330500000000001,5.28596,0.5309299999999999,0.0
-0.0018325000000000008,5.29596,0.5254325,0.0
0.0070424999999999975,5.30596,0.5165574999999999,0.0
0.017645499999999998,5.31596,0.5059545,0.0
0.028248499999999996,5.32596,0.4953514999999999,0.0
0.0375945,5.33596,0.4860054999999999,0.0
0.045213,5.34596,0.4783869999999999,0.0
0.05039649999999999,5.35596,0.4732034999999999,0.0
0.05267399999999999,5.36596,0.4709259999999999,0.0
0.05306649999999999,5.37596,0.47053349999999994,0.0
0.05275249999999998,5.384936,0.4708474999999999,0.0
0.05243849999999999,5.394936,0.47116149999999996,0.0
0.05235999999999999,5.404936,0.47124,0.0
0.05235999999999999,5.414936,0.47124,0.0
0.05235999999999999,5.423912,0.47124,0.0
0.05235999999999999,5.433912,0.47124,0.0
0.05235999999999999,5.443912,0.47124,0.0
0.05235999999999999,5.453912,0.47124,0.0
0.05235999999999999,5.463912,0.47124,0.0
0.05235999999999999,5.473912,0.47124,0.0
0.05235999999999999,5.483912,0.47124,0.0
0.05235999999999999,5.493912,0.47124,0.0
0.05235999999999999,5.503912,0.47124,0.0
0.05235999999999999,5.513912,0.47124,0.0
0.05235999999999999,5.523912,0.47124,0.0
0.05235999999999999,5.533912,0.47124,0.0
0.05235999999999999,5.543912,0.47124,0.0
0.05235999999999999,5.552888,0.47124,0.0
0.05235999999999999,5.562888,0.47124,0.0
0.05235999999999999,5.572888,0.47124,0.0
0.05235999999999999,5.582888,0.47124,0.0
0.05235999999999999,5.591864,0.47124,0.0
0.05235999999999999,5.601864,0.47124,0.0
0.05235999999999999,5.611864,0.47124,0.0
0.05235999999999999,5.621864,0.47124,0.0
0.05235999999999999,5.631864,0.47124,0.0
0.05235999999999999,5.641864,0.47124,0.0
0.05235999999999999,5.651864,0.47124,0.0
0.05235999999999999,5.661864,0.47124,0.0
0.05235999999999999,5.671864,0.47124,0.0
0.05235999999999999,5.681864,0.47124,0.0
0.05235999999999999,5.691864,0.47124,0.0
0.05235999999999999,5.701864,0.47124,0.0
0.05235999999999999,5.711864,0.47124,0.0
0.05235999999999999,5.72084,0.47124,0.0
0.05235999999999999,5.73084,0.47124,0.0
0.05235999999999999,5.74084,0.47124,0.0
0.05235999999999999,5.750844,0.47124,0.0
0.05235999999999999,5.76084,0.47124,0.0
0.05235999999999999,5.77084,0.47124,0.0
0.05235999999999999,5.78084,0.47124,0.0
0.05235999999999999,5.79084,0.47124,0.0
0.05235999999999999,5.80084,0.47124,0.0
0.05235999999999999,5.81084,0.47124,0.0
0.05235999999999999,5.82084,0.47124,0.0
0.05235999999999999,5.83084,0.47124,0.0
0.05235999999999999,5.84084,0.47124,0.0
0.05235999999999999,5.85084,0.47124,0.0
0.05235999999999999,5.86084,0.47124,0.0
0.05235999999999999,5.87084,0.47124,0.0
0.05235999999999999,5.88084,0.47124,0.0
0.05235999999999999,5.889816,0.47124,0.0
0.05235999999999999,5.899816,0.47124,0.0
0.05235999999999999,5.909816,0.47124,0.0
0.05235999999999999,5.919816,0.47124,0.0
0.05235999999999999,5.929816,0.47124,0.0
0.05235999999999999,5.939816,0.47124,0.0
0.05235999999999999,5.949816,0.47124,0.0
0.05235999999999999,5.959816,0.47124,0.0
0.05235999999999999,5.969816,0.47124,0.0
0.05235999999999999,5.979816,0.47124,0.0
0.05235999999999999,5.989816,0.47124,0.0
0.05235999999999999,5.999816,0.47124,0.0
0.05235999999999999,6.009816,0.47124,0.0
0.05235999999999999,6.018792,0.47124,0.0
0.05235999999999999,6.028792,0.47124,0.0
0.05235999999999999,6.038792,0.47124,0.0
0.05235999999999999,6.048792,0.47124,0.0
0.05235999999999999,6.057768,0.47124,0.0
0.05235999999999999,6.067768,0.47124,0.0
0.05235999999999999,6.077768,0.47124,0.0
0.05235999999999999,6.087768,0.47124,0.0
0.05235999999999999,6.097768,0.47124,0.0
0.05235999999999999,6.107768,0.47124,0.0
0.05235999999999999,6.117768,0.47124,0.0
0.05235999999999999,6.127768,0.47124,0.0
0.05235999999999999,6.137768,0.47124,0.0
0.05235999999999999,6.147768,0.47124,0.0
0.05235999999999999,6.157768,0.47124,0.0
0.05235999999999999,6.167768,0.47124,0.0
0.05235999999999999,6.177768,0.47124,0.0
0.05235999999999999,6.186744,0.47124,0.0
0.05235999999999999,6.196744,0.47124,0.0
0.05235999999999999,6.206744,0.47124,0.0
0.05235999999999999,6.216744,0.47124,0.0
0.05235999999999999,6.22572,0.47124,0.0
0.05235999999999999,6.23572,0.47124,0.0
0.05235999999999999,6.24572,0.47124,0.0
0.05235999999999999,6.25572,0.47124,0.0
0.05235999999999999,6.26572,0.47124,0.0
0.05235999999999999,6.27572,0.47124,0.0
0.05235999999999999,6.28572,0.47124,0.0
0.05235999999999999,6.29572,0.47124,0.0
0.05235999999999999,6.30572,0.47124,0.0
0.05235999999999999,6.31572,0.47124,0.0
0.05235999999999999,6.32572,0.47124,0.0
0.05235999999999999,6.33572,0.47124,0.0
0.05235999999999999,6.34572,0.47124,0.0
0.05235999999999999,6.354696,0.47124,0.0
0.05235999999999999,6.364696,0.47124,0.0
0.05235999999999999,6.374696,0.47124,0.0
0.05235999999999999,6.3847,0.47124,0.0
0.05235999999999999,6.394696,0.47124,0.0
0.05235999999999999,6.404696,0.47124,0.0
0.05235999999999999,6.414696,0.47124,0.0
0.05235999999999999,6.424696,0.47124,0.0
0.05235999999999999,6.434696,0.47124,0.0
0.05235999999999999,6.444696,0.47124,0.0
0.05235999999999999,6.454696,0.47124,0.0
0.05235999999999999,6.464696,0.47124,0.0
0.05235999999999999,6.474696,0.47124,0.0
0.05235999999999999,6.484696,0.47124,0.0
0.05235999999999999,6.494696,0.47124,0.0
0.05235999999999999,6.504696,0.47124,0.0
0.05235999999999999,6.514696,0.47124,0.0
0.05235999999999999,6.523672,0.47124,0.0
0.05235999999999999,6.533672,0.47124,0.0
0.05235999999999999,6.543672,0.47124,0.0
0.05235999999999999,6.553672,0.47124,0.0
0.05235999999999999,6.563672,0.47124,0.0
0.05235999999999999,6.573672,0.47124,0.0
0.05235999999999999,6.583672,0.47124,0.0
0.05235999999999999,6.593672,0.47124,0.0
0.05235999999999999,6.603672,0.47124,0.0
0.05235999999999999,6.613672,0.47124,0.0
0.05235999999999999,6.623672,0.47124,0.0
0.05235999999999999,6.633672,0.47124,0.0
0.05235999999999999,6.643672,0.47124,0.0
0.05235999999999999,6.652648,0.47124,0.0
0.05235999999999999,6.662648,0.47124,0.0
0.05235999999999999,6.672648,0.47124,0.0
0.05235999999999999,6.682648,0.47124,0.0
0.05235999999999999,6.691624,0.47124,0.0
0.05235999999999999,6.701624,0.47124,0.0
0.05235999999999999,6.711624,0.47124,0.0
0.05235999999999999,6.721624,0.47124,0.0
0.05235999999999999,6.731624,0.47124,0.0
0.05235999999999999,6.741624,0.47124,0.0
0.05235999999999999,6.751624,0.47124,0.0
0.05235999999999999,6.761624,0.47124,0.0
0.05235999999999999,6.771624,0.47124,0.0
0.05235999999999999,6.781624,0.47124,0.0
0.05235999999999999,6.791624,0.47124,0.0
0.05235999999999999,6.801624,0.47124,0.0
0.05235999999999999,6.811624,0.47124,0.0
0.05235999999999999,6.8206,0.47124,0.0
0.05235999999999999,6.8306,0.47124,0.0
0.05235999999999999,6.8406,0.47124,0.0
0.05235999999999999,6.8506,0.47124,0.0
0.05235999999999999,6.859576,0.47124,0.0
0.05235999999999999,6.869576,0.47124,0.0
0.05235999999999999,6.879576,0.47124,0.0
0.05235999999999999,6.889576,0.47124,0.0
0.05235999999999999,6.899576,0.47124,0.0
0.05235999999999999,6.909576,0.47124,0.0
0.05235999999999999,6.919576,0.47124,0.0
0.05235999999999999,6.929576,0.47124,0.0
0.05235999999999999,6.939576,0.47124,0.0
0.05235999999999999,6.949576,0.47124,0.0
0.05235999999999999,6.959576,0.47124,0.0
0.05235999999999999,6.969576,0.47124,0.0
0.05235999999999999,6.979576,0.47124,0.0
0.05235999999999999,6.988552,0.47124,0.0
0.05235999999999999,6.998552,0.47124,0.0
0.08726649999999997,7.008552,0.47124,0.0
0.12146600000000006,7.018576,0.47194699999999995,0.0
0.15362350000000013,7.02858,0.474696,0.0
0.18248250000000013,7.03858,0.4807435,0.0
0.20702200000000015,7.04858,0.49111049999999995,0.0
0.22661350000000013,7.05858,0.5064255,0.0
0.2408640000000001,7.06858,0.5270815,0.0
0.2495385000000001,7.077556,0.5533135,0.0
0.25247950000000013,7.087556,0.585279,0.0
0.24945150000000008,7.097556,0.6232135,0.0
0.24069000000000007,7.107556,0.6668815,0.0
0.22768750000000004,7.116532,0.7147905,0.0
0.21303550000000004,7.126532,0.7643490000000001,0.0
0.19901200000000002,7.136536,0.8132790000000001,0.0
0.186873,7.146536,0.8603245000000004,0.0
0.1770905,7.155508,0.9050135000000004,0.0
0.17029249999999999,7.165508,0.9467180000000003,0.0
0.16663599999999998,7.175512,0.9852810000000002,0.0
0.16541449999999994,7.185508,1.0214095,0.0
0.16576349999999995,7.195512,1.055967,0.0
0.13175599999999998,7.205512,1.0899745000000003,0.0
0.09853400000000001,7.215488,1.1231965000000004,0.0
0.06735400000000002,7.22548,1.1543765000000001,0.0
0.039472499999999994,7.23548,1.1822580000000003,0.0
0.01591049999999999,7.24548,1.2058200000000001,0.0
-0.0027035000000000075,7.25548,1.2244340000000002,0.0
-0.015976499999999998,7.26548,1.2377070000000001,0.0
-0.023673499999999997,7.27548,1.245404,0.0
-0.025636999999999993,7.284456,1.2473675000000002,0.0
-0.021631499999999998,7.294456,1.2433620000000003,0.0
-0.011892499999999993,7.304456,1.2336230000000001,0.0
0.002087500000000009,7.314456,1.2196430000000005,0.0
0.017717000000000004,7.323432,1.2040135000000003,0.0
0.032718000000000004,7.333432,1.1890125000000002,0.0
0.04583450000000001,7.343432,1.175896,0.0
0.056594500000000006,7.353432,1.165136,0.0
0.06437,7.363432,1.1573604999999998,0.0
0.069004,7.373432,1.1527264999999998,0.0
0.071203,7.383432,1.1505269999999996,0.0
0.07183149999999999,7.393432,1.1498984999999995,0.0
0.07190999999999999,7.403432,1.1498199999999998,0.0
0.07190999999999999,7.413432,1.1498199999999998,0.0
0.07190999999999999,7.423432,1.1498199999999998,0.0
0.07190999999999999,7.433432,1.1498199999999998,0.0
0.07190999999999999,7.443432,1.1498199999999998,0.0
0.07190999999999999,7.452408,1.1498199999999998,0.0
0.07190999999999999,7.462408,1.1498199999999998,0.0
0.07190999999999999,7.472408,1.1498199999999998,0.0
0.07190999999999999,7.482408,1.1498199999999998,0.0
0.07190999999999999,7.491384,1.1498199999999998,0.0
0.07190999999999999,7.501384,1.1498199999999998,0.0
0.07190999999999999,7.511384,1.1498199999999998,0.0
0.07190999999999999,7.521384,1.1498199999999998,0.0
0.07190999999999999,7.531384,1.1498199999999998,0.0
0.07190999999999999,7.541384,1.1498199999999998,0.0
0.07190999999999999,7.551384,1.1498199999999998,0.0
0.07190999999999999,7.561384,1.1498199999999998,0.0
0.07190999999999999,7.571384,1.1498199999999998,0.0
0.07190999999999999,7.581384,1.1498199999999998,0.0
0.07190999999999999,7.591384,1.1498199999999998,0.0
0.07190999999999999,7.601384,1.1498199999999998,0.0
0.07190999999999999,7.611384,1.1498199999999998,0.0
0.07190999999999999,7.62036,1.1498199999999998,0.0
0.07190999999999999,7.63036,1.1498199999999998,0.0
0.07190999999999999,7.64036,1.1498199999999998,0.0
0.07190999999999999,7.650364,1.1498199999999998,0.0
0.07190999999999999,7.66036,1.1498199999999998,0.0
0.07190999999999999,7.67036,1.1498199999999998,0.0
0.07190999999999999,7.68036,1.1498199999999998,0.0
0.07190999999999999,7.69036,1.1498199999999998,0.0
0.07190999999999999,7.70036,1.1498199999999998,0.0
0.07190999999999999,7.71036,1.1498199999999998,0.0
0.07190999999999999,7.72036,1.1498199999999998,0.0
0.07190999999999999,7.73036,1.1498199999999998,0.0
0.07190999999999999,7.74036,1.1498199999999998,0.0
0.07190999999999999,7.75036,1.1498199999999998,0.0
0.07190999999999999,7.76036,1.1498199999999998,0.0
0.07190999999999999,7.77036,1.1498199999999998,0.0
0.07190999999999999,7.78036,1.1498199999999998,0.0
0.07190999999999999,7.789336,1.1498199999999998,0.0
0.07190999999999999,7.799336,1.1498199999999998,0.0
0.07190999999999999,7.809336,1.1498199999999998,0.0
0.07190999999999999,7.819336,1.1498199999999998,0.0
0.07190999999999999,7.829336,1.1498199999999998,0.0
0.07190999999999999,7.839336,1.1498199999999998,0.0
0.07190999999999999,7.849336,1.1498199999999998,0.0
0.07190999999999999,7.859336,1.1498199999999998,0.0
0.07190999999999999,7.869336,1.1498199999999998,0.0
0.07190999999999999,7.879336,1.1498199999999998,0.0
0.07190999999999999,7.889336,1.1498199999999998,0.0
0.07190999999999999,7.899336,1.1498199999999998,0.0
0.07190999999999999,7.909336,1.1498199999999998,0.0
0.07190999999999999,7.918312,1.1498199999999998,0.0
0.07190999999999999,7.928312,1.1498199999999998,0.0
0.07190999999999999,7.938312,1.1498199999999998,0.0
0.07190999999999999,7.948312,1.1498199999999998,0.0
0.07190999999999999,7.957288,1.1498199999999998,0.0
0.07190999999999999,7.967288,1.1498199999999998,0.0
0.07190999999999999,7.977288,1.1498199999999998,0.0
0.07190999999999999,7.987288,1.1498199999999998,0.0
0.07190999999999999,7.997288,1.1498199999999998,0.0
0.07190999999999999,8.007288,1.1498199999999998,0.0
0.07190999999999999,8.017288,1.1498199999999998,0.0
0.07190999999999999,8.027288,1.1498199999999998,0.0
0.07190999999999999,8.037288,1.1498199999999998,0.0
0.07190999999999999,8.047288,1.1498199999999998,0.0
0.07190999999999999,8.057288,1.1498199999999998,0.0
0.07190999999999999,8.067288,1.1498199999999998,0.0
0.07190999999999999,8.077288,1.1498199999999998,0.0
0.07190999999999999,8.086264,1.1498199999999998,0.0
0.07190999999999999,8.096264,1.1498199999999998,0.0
0.07190999999999999,8.106264,1.1498199999999998,0.0
0.07190999999999999,8.116264,1.1498199999999998,0.0
0.07190999999999999,8.12524,1.1498199999999998,0.0
0.07190999999999999,8.13524,1.1498199999999998,0.0
0.07190999999999999,8.14524,1.1498199999999998,0.0
0.07190999999999999,8.15524,1.1498199999999998,0.0
0.07190999999999999,8.16524,1.1498199999999998,0.0
0.07190999999999999,8.17524,1.1498199999999998,0.0
0.07190999999999999,8.18524,1.1498199999999998,0.0
0.07190999999999999,8.19524,1.1498199999999998,0.0
0.07190999999999999,8.20524,1.1498199999999998,0.0
0.07190999999999999,8.21524,1.1498199999999998,0.0
0.07190999999999999,8.22524,1.1498199999999998,0.0
0.07190999999999999,8.23524,1.1498199999999998,0.0
0.07190999999999999,8.24524,1.1498199999999998,0.0
0.07190999999999999,8.254216,1.1498199999999998,0.0
0.07190999999999999,8.264216,1.1498199999999998,0.0
0.07190999999999999,8.274216,1.1498199999999998,0.0
0.07190999999999999,8.28422,1.1498199999999998,0.0
0.07190999999999999,8.294216,1.1498199999999998,0.0
0.07190999999999999,8.304216,1.1498199999999998,0.0
0.07190999999999999,8.314216,1.1498199999999998,0.0
0.07190999999999999,8.324216,1.1498199999999998,0.0
0.07190999999999999,8.334216,1.1498199999999998,0.0
0.07190999999999999,8.344216,1.1498199999999998,0.0
0.07190999999999999,8.354216,1.1498199999999998,0.0
0.07190999999999999,8.364216,1.1498199999999998,0.0
0.07190999999999999,8.374216,1.1498199999999998,0.0
0.07190999999999999,8.384216,1.1498199999999998,0.0
0.07190999999999999,8.394216,1.1498199999999998,0.0
0.07190999999999999,8.404216,1.1498199999999998,0.0
0.07190999999999999,8.414216,1.1498199999999998,0.0
0.07190999999999999,8.423192,1.1498199999999998,0.0
0.07190999999999999,8.433192,1.1498199999999998,0.0
0.07190999999999999,8.443192,1.1498199999999998,0.0
0.07190999999999999,8.453192,1.1498199999999998,0.0
0.07190999999999999,8.463192,1.1498199999999998,0.0
0.07190999999999999,8.473192,1.1498199999999998,0.0
0.07190999999999999,8.483192,1.1498199999999998,0.0
0.07190999999999999,8.493192,1.1498199999999998,0.0
0.07190999999999999,8.503192,1.1498199999999998,0.0
0.07190999999999999,8.513192,1.1498199999999998,0.0
0.07190999999999999,8.523192,1.1498199999999998,0.0
0.07190999999999999,8.533192,1.1498199999999998,0.0
0.07190999999999999,8.543192,1.1498199999999998,0.0
0.07190999999999999,8.552168,1.1498199999999998,0.0
0.07190999999999999,8.562168,1.1498199999999998,0.0
0.07190999999999999,8.572168,1.1498199999999998,0.0
0.07190999999999999,8.582168,1.1498199999999998,0.0
0.07190999999999999,8.591144,1.1498199999999998,0.0
0.07190999999999999,8.601144,1.1498199999999998,0.0
0.07190999999999999,8.611144,1.1498199999999998,0.0
0.07190999999999999,8.621144,1.1498199999999998,0.0
0.07190999999999999,8.631144,1.1498199999999998,0.0
0.07190999999999999,8.641144,1.1498199999999998,0.0
0.07190999999999999,8.651144,1.1498199999999998,0.0
0.07190999999999999,8.661144,1.1498199999999998,0.0
0.07190999999999999,8.671144,1.1498199999999998,0.0
0.07190999999999999,8.681144,1.1498199999999998,0.0
0.07190999999999999,8.691144,1.1498199999999998,0.0
0.07190999999999999,8.701144,1.1498199999999998,0.0
0.07190999999999999,8.711144,1.1498199999999998,0.0
0.07190999999999999,8.72012,1.1498199999999998,0.0
0.07190999999999999,8.73012,1.1498199999999998,0.0
0.07190999999999999,8.74012,1.1498199999999998,0.0
0.07190999999999999,8.75012,1.1498199999999998,0.0
0.07190999999999999,8.759096,1.1498199999999998,0.0
0.07190999999999999,8.769096,1.1498199999999998,0.0
0.07190999999999999,8.779096,1.1498199999999998,0.0
0.07190999999999999,8.789096,1.1498199999999998,0.0
0.07190999999999999,8.799096,1.1498199999999998,0.0
0.07190999999999999,8.809096,1.1498199999999998,0.0
0.07190999999999999,8.819096,1.1498199999999998,0.0
0.07190999999999999,8.829096,1.1498199999999998,0.0
0.07190999999999999,8.839096,1.1498199999999998,0.0
0.07190999999999999,8.849096,1.1498199999999998,0.0
0.07190999999999999,8.859096,1.1498199999999998,0.0
0.07190999999999999,8.869096,1.1498199999999998,0.0
0.07190999999999999,8.879096,1.1498199999999998,0.0
0.07190999999999999,8.888072,1.1498199999999998,0.0
0.07190999999999999,8.898072,1.1498199999999998,0.0
0.07190999999999999,8.908072,1.1498199999999998,0.0
0.07190999999999999,8.918076,1.1498199999999998,0.0
0.07190999999999999,8.928072,1.1498199999999998,0.0
0.07190999999999999,8.938072,1.1498199999999998,0.0
0.07190999999999999,8.948072,1.1498199999999998,0.0
0.07190999999999999,8.958072,1.1498199999999998,0.0
0.07190999999999999,8.968072,1.1498199999999998,0.0
0.07190999999999999,8.978072,1.1498199999999998,0.0
0.07190999999999999,8.988072,1.1498199999999998,0.0
0.07190999999999999,8.998072,1.1498199999999998,0.0
0.15479249999999994,9.008072,1.1498199999999998,0.0
0.23610449999999994,9.017228,1.1513909999999996,0.0
0.3129394999999999,9.026056,1.1574384999999996,0.0
0.38247049999999994,9.036052,1.1707904999999996,0.0
0.44163400000000047,9.046052,1.1945094999999994,0.0
0.48831000000000047,9.055024,1.2307164999999995,0.0
0.5214770000000004,9.065028,1.2804324999999996,0.0
0.5405855000000004,9.075028,1.3442069999999995,0.0
0.5457135000000003,9.085028,1.4219614999999994,0.0
0.5373330000000002,9.095028,1.5132249999999996,0.0
0.5169360000000002,9.104004,1.6165049999999999,0.0
0.4872710000000002,9.114004,1.7290524999999999,0.0
0.4517155000000001,9.124004,1.8474905000000001,0.0
0.41349,9.134004,1.9685990000000002,0.0
0.3749499999999999,9.14298,2.0900215,0.0
0.33805949999999996,9.15298,2.209795,0.0
0.30423200000000006,9.162984,2.3265050000000005,0.0
0.27441,9.172992,2.4392095000000005,0.0
0.24922200000000003,9.181956,2.5472805000000007,0.0
0.22898200000000002,9.191956,2.650403500000001,0.0
0.131043,9.20196,2.7483425,0.0
0.04009400000000002,9.21196,2.8392915,0.0
-0.04072350000000004,9.220936,2.9201090000000005,0.0
-0.10889600000000005,9.230932,2.9882815000000007,0.0
-0.16285250000000007,9.240936,3.0422385000000003,0.0
-0.20282950000000005,9.250936,3.0822150000000006,0.0
-0.22984700000000005,9.260932,3.109232500000001,0.0
-0.24461250000000004,9.270932,3.1239980000000003,0.0
-0.24767550000000005,9.280948,3.1270610000000003,0.0
-0.24013600000000002,9.290936,3.119521,0.0
-0.22364300000000004,9.300956,3.1030275,0.0
-0.19992400000000005,9.309908,3.0793085000000002,0.0
-0.17133550000000006,9.319908,3.05072,0.0
-0.14023400000000005,9.329908,3.0196180000000004,0.0
-0.10858250000000003,9.339912,2.9879665,0.0
-0.07850200000000003,9.348864,2.9578854999999997,0.0
-0.0514845,9.358856,2.930868,0.0
-0.0284725,9.368856,2.9078559999999998,0.0
-0.0100945,9.378856,2.8894775,0.0
0.0033354999999999978,9.387832,2.876047,0.0
0.011581999999999995,9.397832,2.8678005,0.0
0.014408999999999991,9.407832,2.864973,0.0
0.011581499999999993,9.417832,2.8678005,0.0
0.0034130000000000002,9.427832,2.8759685000000004,0.0
-0.008603999999999999,9.437832,2.8879850000000005,0.0
-0.022113000000000004,9.447832,2.901494,0.0
-0.0350725,9.457832,2.914453,0.0
-0.046225499999999996,9.467832,2.9256055,0.0
-0.05510049999999999,9.476808,2.9344805,0.0
-0.06106949999999999,9.486808,2.9404494999999997,0.0
-0.0639755,9.496808,2.9433554999999996,0.0
-0.0648395,9.506808,2.9442194999999995,0.0
-0.06468249999999999,9.515784,2.9440624999999994,0.0
-0.06436849999999998,9.525784,2.9437484999999994,0.0
-0.06428999999999999,9.535784,2.943669999999999,0.0
-0.06428999999999999,9.545788,2.943669999999999,0.0
-0.06428999999999999,9.555784,2.943669999999999,0.0
-0.06428999999999999,9.565784,2.943669999999999,0.0
-0.06428999999999999,9.575784,2.943669999999999,0.0
-0.06428999999999999,9.585784,2.943669999999999,0.0
-0.06428999999999999,9.595784,2.943669999999999,0.0
-0.06428999999999999,9.605784,2.943669999999999,0.0
-0.06428999999999999,9.615784,2.943669999999999,0.0
-0.06428999999999999,9.625784,2.943669999999999,0.0
-0.06428999999999999,9.635784,2.943669999999999,0.0
-0.06428999999999999,9.64476,2.943669999999999,0.0
-0.06428999999999999,9.65476,2.943669999999999,0.0
-0.06428999999999999,9.66476,2.943669999999999,0.0
-0.06428999999999999,9.67476,2.943669999999999,0.0
-0.06428999999999999,9.683736,2.943669999999999,0.0
-0.06428999999999999,9.693736,2.943669999999999,0.0
-0.06428999999999999,9.703736,2.943669999999999,0.0
-0.06428999999999999,9.713736,2.943669999999999,0.0
-0.06428999999999999,9.723736,2.943669999999999,0.0
-0.06428999999999999,9.733736,2.943669999999999,0.0
-0.06428999999999999,9.743736,2.943669999999999,0.0
-0.06428999999999999,9.753736,2.943669999999999,0.0
-0.06428999999999999,9.763736,2.943669999999999,0.0
-0.06428999999999999,9.773736,2.943669999999999,0.0
-0.06428999999999999,9.783736,2.943669999999999,0.0
-0.06428999999999999,9.793736,2.943669999999999,0.0
-0.06428999999999999,9.803736,2.943669999999999,0.0
-0.06428999999999999,9.812712,2.943669999999999,0.0
-0.06428999999999999,9.822712,2.943669999999999,0.0
-0.06428999999999999,9.832712,2.943669999999999,0.0
-0.06428999999999999,9.842712,2.943669999999999,0.0
-0.06428999999999999,9.851688,2.943669999999999,0.0
-0.06428999999999999,9.861688,2.943669999999999,0.0
-0.06428999999999999,9.871688,2.943669999999999,0.0
-0.06428999999999999,9.881688,2.943669999999999,0.0
-0.06428999999999999,9.891688,2.943669999999999,0.0
-0.06428999999999999,9.901688,2.943669999999999,0.0
-0.06428999999999999,9.911688,2.943669999999999,0.0
-0.06428999999999999,9.921688,2.943669999999999,0.0
-0.06428999999999999,9.931688,2.943669999999999,0.5236
-0.06428999999999999,9.940664,2.943669999999999,0.02618
-0.06428999999999999,9.950664,2.943669999999999,0.5236
-0.06428999999999999,9.960664,2.943669999999999,0.05236
-0.06428999999999999,9.970664,2.943669999999999,0.5236
-0.06428999999999999,9.97964,2.943669999999999,0.07854
-0.06428999999999999,9.98964,2.943669999999999,0.5236
-0.06428999999999999,9.99964,2.943669999999999,0.10472
-0.06428999999999999,10.00964,2.943669999999999,0.5236
-0.06428999999999999,10.018616,2.943669999999999,0.1309
-0.06428999999999999,10.028616,2.943669999999999,0.5236
-0.06428999999999999,10.038616,2.943669999999999,0.15708
-0.06428999999999999,10.048616,2.943669999999999,0.5236
-0.06428999999999999,10.058616,2.943669999999999,0.18326
-0.06428999999999999,10.068616,2.943669999999999,0.5236
-0.06428999999999999,10.078616,2.943669999999999,0.20944
-0.06428999999999999,10.088616,2.943669999999999,0.5236
-0.06428999999999999,10.098616,2.943669999999999,0.23562
-0.06428999999999999,10.107592,2.943669999999999,0.5236
-0.06428999999999999,10.117592,2.943669999999999,0.2618
-0.06428999999999999,10.127592,2.943669999999999,0.5236
-0.06428999999999999,10.137592,2.943669999999999,0.28798
-0.06428999999999999,10.146568,2.943669999999999,0.5236
-0.06428999999999999,10.156568,2.943669999999999,0.31416
-0.06428999999999999,10.166568,2.943669999999999,0.5236
-0.06428999999999999,10.176572,2.943669999999999,0.34034000000000003
-0.06428999999999999,10.186568,2.943669999999999,0.5236
-0.06428999999999999,10.196568,2.943669999999999,0.36652
-0.06428999999999999,10.206568,2.943669999999999,0.5236
-0.06428999999999999,10.216568,2.943669999999999,0.39270000000000005
-0.06428999999999999,10.226568,2.943669999999999,0.5236
-0.06428999999999999,10.235544,2.943669999999999,0.41888
-0.06428999999999999,10.245544,2.943669999999999,0.5236
-0.06428999999999999,10.255544,2.943669999999999,0.44506
-0.06428999999999999,10.265544,2.943669999999999,0.5236
-0.06428999999999999,10.27452,2.943669999999999,0.47124
-0.06428999999999999,10.28452,2.943669999999999,0.5236
-0.06428999999999999,10.29452,2.943669999999999,0.49742
-0.06428999999999999,10.30452,2.943669999999999,0.5236
-0.06428999999999999,10.313496,2.943669999999999,0.5236
-0.06428999999999999,10.323496,2.943669999999999,0.5236
-0.06428999999999999,10.333496,2.943669999999999,0.5236
-0.06428999999999999,10.343496,2.943669999999999,0.5236
-0.06428999999999999,10.353496,2.943669999999999,0.5236
-0.06428999999999999,10.363496,2.943669999999999,0.5236
-0.06428999999999999,10.373496,2.943669999999999,0.5236
-0.06428999999999999,10.383496,2.943669999999999,0.5236
-0.06428999999999999,10.393496,2.943669999999999,0.5236
-0.06428999999999999,10.402472,2.943669999999999,0.5236
-0.06428999999999999,10.412472,2.943669999999999,0.5236
-0.06428999999999999,10.422472,2.943669999999999,0.5236
-0.06428999999999999,10.432472,2.943669999999999,0.5236
-0.06428999999999999,10.441448,2.943669999999999,0.5236
-0.06428999999999999,10.451448,2.943669999999999,0.5236
-0.06428999999999999,10.461448,2.943669999999999,0.5236
-0.06428999999999999,10.471448,2.943669999999999,0.5236
-0.06428999999999999,10.480424,2.943669999999999,0.5236
-0.06428999999999999,10.490424,2.943669999999999,0.5236
-0.06428999999999999,10.500424,2.943669999999999,0.5236
-0.06428999999999999,10.510424,2.943669999999999,0.5236
-0.06428999999999999,10.520424,2.943669999999999,0.5236
-0.06428999999999999,10.530424,2.943669999999999,0.5236
-0.06428999999999999,10.540424,2.943669999999999,0.5236
-0.06428999999999999,10.550424,2.943669999999999,0.5236
-0.06428999999999999,10.560424,2.943669999999999,0.5236
-0.06428999999999999,10.5694,2.943669999999999,0.5236
-0.06428999999999999,10.5794,2.943669999999999,0.5236
-0.06428999999999999,10.5894,2.943669999999999,0.5236
-0.06428999999999999,10.5994,2.943669999999999,0.5236
-0.06428999999999999,10.608376,2.943669999999999,0.5236
-0.06428999999999999,10.618376,2.943669999999999,0.5236
-0.06428999999999999,10.628376,2.943669999999999,0.5236
-0.06428999999999999,10.638376,2.943669999999999,0.5236
-0.06428999999999999,10.647352,2.943669999999999,0.5236
-0.06428999999999999,10.657352,2.943669999999999,0.5236
-0.06428999999999999,10.667352,2.943669999999999,0.5236
-0.06428999999999999,10.677352,2.943669999999999,0.5236
-0.06428999999999999,10.687352,2.943669999999999,0.5236
-0.06428999999999999,10.697352,2.943669999999999,0.5236
-0.06428999999999999,10.707352,2.943669999999999,0.5236
-0.06428999999999999,10.717352,2.943669999999999,0.5236
-0.06428999999999999,10.727352,2.943669999999999,0.5236
-0.06428999999999999,10.736328,2.943669999999999,0.5236
-0.06428999999999999,10.746328,2.943669999999999,0.5236
-0.06428999999999999,10.756328,2.943669999999999,0.5236
-0.06428999999999999,10.766328,2.943669999999999,0.5236
-0.06428999999999999,10.775304,2.943669999999999,0.5236
-0.06428999999999999,10.785304,2.943669999999999,0.5236
-0.06428999999999999,10.795304,2.943669999999999,0.5236
-0.06428999999999999,10.805308,2.943669999999999,0.5236
-0.06428999999999999,10.815304,2.943669999999999,0.5236
-0.06428999999999999,10.825304,2.943669999999999,0.5236
-0.06428999999999999,10.835304,2.943669999999999,0.5236
-0.06428999999999999,10.845304,2.943669999999999,0.5236
-0.06428999999999999,10.855304,2.943669999999999,0.5236
-0.06428999999999999,10.86428,2.943669999999999,0.5236
-0.06428999999999999,10.87428,2.943669999999999,0.5236
-0.06428999999999999,10.88428,2.943669999999999,0.5236
-0.06428999999999999,10.89428,2.943669999999999,0.5236
-0.06428999999999999,10.903256,2.943669999999999,0.5236
-0.06428999999999999,10.913256,2.943669999999999,0.5236
-0.06428999999999999,10.923256,2.943669999999999,0.5236
-0.06428999999999999,10.933256,2.943669999999999,0.5236
-0.06428999999999999,10.942232,2.943669999999999,0.5236
-0.06428999999999999,10.952232,2.943669999999999,0.5236
-0.06428999999999999,10.962232,2.943669999999999,0.5236
-0.06428999999999999,10.972232,2.943669999999999,0.5236
-0.06428999999999999,10.982232,2.943669999999999,0.5236
-0.06428999999999999,10.992232,2.943669999999999,0.5236
-0.12099250000000004,11.002232,2.943669999999999,0.5236
-0.1767525000000001,11.012256,2.9427274999999993,0.5236
-0.22944949999999986,11.022264,2.938721999999999,0.5236
-0.27633449999999987,11.031236,2.9289044999999994,0.5236
-0.3156014999999999,11.041236,2.9114684999999993,0.5236
-0.34607199999999994,11.051236,2.8852364999999995,0.5236
-0.36656749999999994,11.061236,2.8490294999999994,0.5236
-0.37685299999999994,11.070212,2.8026124999999995,0.5236
-0.377007,11.080212,2.7460639999999996,0.5236
-0.367893,11.090212,2.6802474999999997,0.5236
-0.351789,11.100212,2.6074409999999997,0.5236
-0.3315225,11.109192,2.530472,0.5236
-0.30968550000000006,11.119188,2.4519320000000002,0.5236
-0.2884765,11.1292,2.3740205,0.5236
-0.26923100000000005,11.139188,2.2980725000000004,0.5236
-0.252342,11.149188,2.2244805000000003,0.5236
-0.238123,11.158164,2.1535590000000004,0.5236
-0.22704550000000007,11.168164,2.085779,0.5236
-0.21958100000000003,11.178164,2.0216120000000006,0.5236
-0.21580799999999997,11.188164,1.9611365000000003,0.5236
-0.15823850000000006,11.19714,1.9035670000000005,0.5236
-0.103575,11.20714,1.8489035000000003,0.5236
-0.052917000000000006,11.21714,1.7982455000000002,0.5236
-0.007678000000000004,11.22714,1.7530065000000001,0.5236
0.03151349999999999,11.236116,1.7138155,0.5236
0.06363649999999998,11.24612,1.6816924999999998,0.5236
0.0869625,11.25612,1.6583664999999996,0.5236
0.10047149999999999,11.26612,1.6448574999999999,0.5236
0.10376999999999999,11.275072,1.6415584999999997,0.5236
0.0978005,11.285064,1.6475274999999998,0.5236
0.084841,11.295064,1.6604864999999998,0.5236
0.067719,11.305064,1.6776079999999998,0.5236
0.0490265,11.315064,1.6963005,0.5236
0.030962000000000007,11.325064,1.7143645,0.5236
0.014860999999999994,11.335064,1.730465,0.5236
0.0011164999999999999,11.345064,1.7442095000000002,0.5236
-0.009958,11.355064,1.7552835000000002,0.5236
-0.017891000000000004,11.36404,1.763216,0.5236
-0.02221100000000001,11.37404,1.7675355000000001,0.5236
-0.022839500000000006,11.38404,1.7681635,0.5236
-0.020562000000000007,11.39404,1.7658855,0.5236
-0.016321000000000006,11.403016,1.7616440000000002,0.5236
-0.011137500000000002,11.413016,1.7564600000000004,0.5236
-0.006347000000000002,11.423016,1.7516690000000001,0.5236
-0.003127,11.43302,1.7484485000000003,0.5236
-0.0016349999999999997,11.443016,1.7469560000000002,0.5236
-0.0013209999999999995,11.453016,1.7466415000000002,0.5236
-0.0013999999999999993,11.463016,1.7467200000000003,0.5236
-0.0013999999999999993,11.473016,1.7467200000000003,0.5236
-0.0013999999999999993,11.483016,1.7467200000000003,0.5236
-0.0013999999999999993,11.493016,1.7467200000000003,0.5236
-0.0013999999999999993,11.503016,1.7467200000000003,0.5236
-0.0013999999999999993,11.513016,1.7467200000000003,0.5236
-0.0013999999999999993,11.523016,1.7467200000000003,0.5236
-0.0013999999999999993,11.531992,1.7467200000000003,0.5236
-0.0013999999999999993,11.541992,1.7467200000000003,0.5236
-0.0013999999999999993,11.551992,1.7467200000000003,0.5236
-0.0013999999999999993,11.561992,1.7467200000000003,0.5236
-0.0013999999999999993,11.570968,1.7467200000000003,0.5236
-0.0013999999999999993,11.580968,1.7467200000000003,0.5236
-0.0013999999999999993,11.590968,1.7467200000000003,0.5236
-0.0013999999999999993,11.600968,1.7467200000000003,0.5236
-0.0013999999999999993,11.610968,1.7467200000000003,0.5236
-0.0013999999999999993,11.620968,1.7467200000000003,0.5236
-0.0013999999999999993,11.630968,1.7467200000000003,0.5236
-0.0013999999999999993,11.640968,1.7467200000000003,0.5236
-0.0013999999999999993,11.650968,1.7467200000000003,0.5236
-0.0013999999999999993,11.660968,1.7467200000000003,0.5236
-0.0013999999999999993,11.670968,1.7467200000000003,0.5236
-0.0013999999999999993,11.680968,1.7467200000000003,0.5236
-0.0013999999999999993,11.690968,1.7467200000000003,0.5236
-0.0013999999999999993,11.699944,1.7467200000000003,0.5236
-0.0013999999999999993,11.709944,1.7467200000000003,0.5236
-0.0013999999999999993,11.719944,1.7467200000000003,0.5236
-0.0013999999999999993,11.729944,1.7467200000000003,0.5236
-0.0013999999999999993,11.73892,1.7467200000000003,0.5236
-0.0013999999999999993,11.74892,1.7467200000000003,0.5236
-0.0013999999999999993,11.75892,1.7467200000000003,0.5236
-0.0013999999999999993,11.76892,1.7467200000000003,0.5236
-0.0013999999999999993,11.77892,1.7467200000000003,0.5236
-0.0013999999999999993,11.78892,1.7467200000000003,0.5236
-0.0013999999999999993,11.79892,1.7467200000000003,0.5236
-0.0013999999999999993,11.80892,1.7467200000000003,0.5236
-0.0013999999999999993,11.81892,1.7467200000000003,0.5236
-0.0013999999999999993,11.827896,1.7467200000000003,0.5236
-0.0013999999999999993,11.837896,1.7467200000000003,0.5236
-0.0013999999999999993,11.847896,1.7467200000000003,0.5236
-0.0013999999999999993,11.857896,1.7467200000000003,0.5236
-0.0013999999999999993,11.866872,1.7467200000000003,0.5236
-0.0013999999999999993,11.876872,1.7467200000000003,0.5236
-0.0013999999999999993,11.886872,1.7467200000000003,0.5236
-0.0013999999999999993,11.896872,1.7467200000000003,0.5236
-0.0013999999999999993,11.905848,1.7467200000000003,0.5236
-0.0013999999999999993,11.915848,1.7467200000000003,0.5236
-0.0013999999999999993,11.925848,1.7467200000000003,0.5236
-0.0013999999999999993,11.935848,1.7467200000000003,0.5236
-0.0013999999999999993,11.945848,1.7467200000000003,0.5236
-0.0013999999999999993,11.955848,1.7467200000000003,0.5236
-0.0013999999999999993,11.965848,1.7467200000000003,0.5236
-0.0013999999999999993,11.975848,1.7467200000000003,0.5236
-0.0013999999999999993,11.985848,1.7467200000000003,0.5236
-0.0013999999999999993,11.994824,1.7467200000000003,0.5236
-0.0013999999999999993,12.004824,1.7467200000000003,0.5236
-0.0013999999999999993,12.014824,1.7467200000000003,0.5236
-0.0013999999999999993,12.024824,1.7467200000000003,0.5236
-0.0013999999999999993,12.0338,1.7467200000000003,0.5236
-0.0013999999999999993,12.0438,1.7467200000000003,0.5236
-0.0013999999999999993,12.0538,1.7467200000000003,0.5236
-0.0013999999999999993,12.063804,1.7467200000000003,0.5236
-0.0013999999999999993,12.0738,1.7467200000000003,0.5236
-0.0013999999999999993,12.0838,1.7467200000000003,0.5236
-0.0013999999999999993,12.0938,1.7467200000000003,0.5236
-0.0013999999999999993,12.1038,1.7467200000000003,0.5236
-0.0013999999999999993,12.1138,1.7467200000000003,0.5236
-0.0013999999999999993,12.1238,1.7467200000000003,0.5236
-0.0013999999999999993,12.1338,1.7467200000000003,0.5236
-0.0013999999999999993,12.1438,1.7467200000000003,0.5236
-0.0013999999999999993,12.1538,1.7467200000000003,0.5236
-0.0013999999999999993,12.162776,1.7467200000000003,0.5236
-0.0013999999999999993,12.172776,1.7467200000000003,0.5236
-0.0013999999999999993,12.182776,1.7467200000000003,0.5236
-0.0013999999999999993,12.192776,1.7467200000000003,0.5236
-0.0013999999999999993,12.201752,1.7467200000000003,0.5236
-0.0013999999999999993,12.211752,1.7467200000000003,0.5236
-0.0013999999999999993,12.221752,1.7467200000000003,0.5236
-0.0013999999999999993,12.231752,1.7467200000000003,0.5236
-0.0013999999999999993,12.241752,1.7467200000000003,0.5236
-0.0013999999999999993,12.251752,1.7467200000000003,0.5236
-0.0013999999999999993,12.261752,1.7467200000000003,0.5236
-0.0013999999999999993,12.271752,1.7467200000000003,0.5236
-0.0013999999999999993,12.281752,1.7467200000000003,0.5236
-0.0013999999999999993,12.291752,1.7467200000000003,0.5236
-0.0013999999999999993,12.301752,1.7467200000000003,0.5236
-0.0013999999999999993,12.311752,1.7467200000000003,0.5236
-0.0013999999999999993,12.321752,1.7467200000000003,0.5236
-0.0013999999999999993,12.330728,1.7467200000000003,0.5236
-0.0013999999999999993,12.340728,1.7467200000000003,0.5236
-0.0013999999999999993,12.350728,1.7467200000000003,0.5236
-0.0013999999999999993,12.360728,1.7467200000000003,0.5236
-0.0013999999999999993,12.369704,1.7467200000000003,0.5236
-0.0013999999999999993,12.379704,1.7467200000000003,0.5236
-0.0013999999999999993,12.389704,1.7467200000000003,0.5236
-0.0013999999999999993,12.399704,1.7467200000000003,0.5236
-0.0013999999999999993,12.409704,1.7467200000000003,0.5236
-0.0013999999999999993,12.419704,1.7467200000000003,0.5236
-0.0013999999999999993,12.429704,1.7467200000000003,0.5236
-0.0013999999999999993,12.439704,1.7467200000000003,0.5236
-0.0013999999999999993,12.449704,1.7467200000000003,0.5236
-0.0013999999999999993,12.45868,1.7467200000000003,0.5236
-0.0013999999999999993,12.46868,1.7467200000000003,0.5236
-0.0013999999999999993,12.47868,1.7467200000000003,0.5236
-0.0013999999999999993,12.48868,1.7467200000000003,0.5236
-0.0013999999999999993,12.497656,1.7467200000000003,0.5236
-0.0013999999999999993,12.507656,1.7467200000000003,0.5236
-0.0013999999999999993,12.517656,1.7467200000000003,0.5236
-0.0013999999999999993,12.527656,1.7467200000000003,0.5236
-0.0013999999999999993,12.536632,1.7467200000000003,0.5236
-0.0013999999999999993,12.546632,1.7467200000000003,0.5236
-0.0013999999999999993,12.556632,1.7467200000000003,0.5236
-0.0013999999999999993,12.566632,1.7467200000000003,0.5236
-0.0013999999999999993,12.576632,1.7467200000000003,0.5236
-0.0013999999999999993,12.586632,1.7467200000000003,0.5236
-0.0013999999999999993,12.596632,1.7467200000000003,0.5236
-0.0013999999999999993,12.606632,1.7467200000000003,0.5236
-0.0013999999999999993,12.616632,1.7467200000000003,0.5236
-0.0013999999999999993,12.625608,1.7467200000000003,0.5236
-0.0013999999999999993,12.635608,1.7467200000000003,0.5236
-0.0013999999999999993,12.645608,1.7467200000000003,0.5236
-0.0013999999999999993,12.655608,1.7467200000000003,0.5236
-0.0013999999999999993,12.664584,1.7467200000000003,0.5236
-0.0013999999999999993,12.674584,1.7467200000000003,0.5236
-0.0013999999999999993,12.684584,1.7467200000000003,0.5236
-0.0013999999999999993,12.694588,1.7467200000000003,0.5236
-0.0013999999999999993,12.704584,1.7467200000000003,0.5236
-0.0013999999999999993,12.714584,1.7467200000000003,0.5236
-0.0013999999999999993,12.724584,1.7467200000000003,0.5236
-0.0013999999999999993,12.734584,1.7467200000000003,0.5236
-0.0013999999999999993,12.744584,1.7467200000000003,0.5236
-0.0013999999999999993,12.754584,1.7467200000000003,0.5236
-0.0013999999999999993,12.764584,1.7467200000000003,0.5236
-0.0013999999999999993,12.774584,1.7467200000000003,0.5236
-0.0013999999999999993,12.784584,1.7467200000000003,0.5236
-0.0013999999999999993,12.79356,1.7467200000000003,0.5236
-0.0013999999999999993,12.80356,1.7467200000000003,0.5236
-0.0013999999999999993,12.81356,1.7467200000000003,0.5236
-0.0013999999999999993,12.82356,1.7467200000000003,0.5236
-0.0013999999999999993,12.832536,1.7467200000000003,0.5236
-0.0013999999999999993,12.842536,1.7467200000000003,0.5236
-0.0013999999999999993,12.852536,1.7467200000000003,0.5236
-0.0013999999999999993,12.862536,1.7467200000000003,0.5236
-0.0013999999999999993,12.872536,1.7467200000000003,0.5236
-0.0013999999999999993,12.882536,1.7467200000000003,0.5236
-0.0013999999999999993,12.892536,1.7467200000000003,0.5236
-0.0013999999999999993,12.902536,1.7467200000000003,0.5236
-0.0013999999999999993,12.912536,1.7467200000000003,0.5236
-0.0013999999999999993,12.922536,1.7467200000000003,0.5236
-0.0013999999999999993,12.932536,1.7467200000000003,0.5236
-0.0013999999999999993,12.942536,1.7467200000000003,0.5236
-0.0013999999999999993,12.952536,1.7467200000000003,0.5236
-0.0013999999999999993,12.961512,1.7467200000000003,0.5236
-0.0013999999999999993,12.971512,1.7467200000000003,0.5236
-0.0013999999999999993,12.981512,1.7467200000000003,0.5236
-0.0013999999999999993,12.991512,1.7467200000000003,0.5236
0.1818600000000001,13.000488,1.7467200000000003,0.5236
0.3634704999999999,13.010508,1.7483695000000006,0.5236
0.5384049999999999,13.020516,1.7566950000000003,0.5236
0.7027365,13.030544,1.7756235000000005,0.5236
0.8547375000000001,13.039492,1.8068825000000004,0.5236
0.9920515000000002,13.048468,1.8528285000000004,0.5236
1.1127150000000003,13.058468,1.9154250000000006,0.5236
1.2152360000000002,13.068468,1.9961640000000003,0.5236
1.2986715000000002,13.078468,2.0959885000000003,0.5236
1.3623935000000005,13.087444,2.2155265,0.5236
1.4060095000000001,13.097444,2.3551705,0.5236
1.429755,13.107444,2.5146849999999996,0.5236
1.433944,13.117448,2.693756,0.5236
1.4205400000000001,13.12642,2.8904199999999998,0.5236
1.393863,13.13642,3.100357,0.5236
1.3579965000000003,13.14642,3.3194835000000005,0.5236
1.3166325,13.156424,3.5441075,0.5236
1.273462,13.1654,3.7705380000000006,0.5236
1.2314695000000002,13.174372,3.9957905000000005,0.5236
1.192776,13.184372,4.2177445,0.5236
0.975613,13.194376,4.4349075000000004,0.5236
0.7660685000000002,13.204376,4.644452,0.5236
0.5695620000000001,13.213348,4.8409585,0.5236
0.3900200000000001,13.223348,5.020500500000001,0.5236
0.22964150000000005,13.233348,5.180879000000001,0.5236
0.09109700000000005,13.243348,5.319423500000001,0.5236
-0.024434999999999943,13.252328,5.434955500000001,0.5236
-0.11726899999999996,13.262328,5.527790000000001,0.5236
-0.18881849999999997,13.272328,5.599339500000001,0.5236
-0.24081149999999996,13.282324,5.651333000000001,0.5236
-0.274348,13.291296,5.684869500000002,0.5236
-0.2903705,13.3013,5.700892000000002,0.5236
-0.289821,13.3113,5.700342500000002,0.5236
-0.27458449999999995,13.321304,5.685106000000002,0.5236
-0.247881,13.331296,5.658402500000001,0.5236
-0.21300899999999998,13.3413,5.623530500000001,0.5236
-0.17311100000000001,13.35128,5.583632500000002,0.5236
-0.1314065,13.361272,5.541928000000002,0.5236
-0.09088000000000002,13.371272,5.501401500000002,0.5236
-0.053652500000000006,13.381272,5.464173500000001,0.5236
-0.021215500000000012,13.391272,5.431736500000001,0.5236
0.0052525,13.401272,5.405268500000002,0.5236
0.025358499999999996,13.411272,5.385162500000002,0.5236
0.039103,13.420248,5.371418,0.5236
0.04601449999999999,13.430248,5.364506500000001,0.5236
0.04577899999999999,13.440248,5.364742,0.5236
0.039181499999999994,13.450248,5.3713394999999995,0.5236
0.0280285,13.459224,5.382491999999999,0.5236
0.014676499999999999,13.469224,5.3958439999999985,0.5236
0.0014814999999999967,13.479224,5.409038499999998,0.5236
-0.010063999999999998,13.489224,5.420583999999998,0.5236
-0.019253000000000006,13.499224,5.429772999999997,0.5236
-0.02545750000000001,13.509224,5.435977499999997,0.5236
-0.028756000000000004,13.519224,5.439275999999998,0.5236
-0.030248500000000008,13.529224,5.440768499999997,0.5236
-0.030720000000000004,13.539224,5.441239999999997,0.5236
-0.030720000000000004,13.5482,5.441239999999997,0.5236
-0.030720000000000004,13.5582,5.441239999999997,0.5236
-0.030720000000000004,13.5682,5.441239999999997,0.5236
-0.030720000000000004,13.5782,5.441239999999997,0.5236
-0.030720000000000004,13.587176,5.441239999999997,0.5236
-0.030720000000000004,13.597176,5.441239999999997,0.5236
-0.030720000000000004,13.607176,5.441239999999997,0.5236
-0.030720000000000004,13.617176,5.441239999999997,0.5236
-0.030720000000000004,13.626152,5.441239999999997,0.5236
-0.030720000000000004,13.636152,5.441239999999997,0.5236
-0.030720000000000004,13.646152,5.441239999999997,0.5236
-0.030720000000000004,13.656152,5.441239999999997,0.5236
-0.030720000000000004,13.666152,5.441239999999997,0.5236
-0.030720000000000004,13.676152,5.441239999999997,0.5236
-0.030720000000000004,13.686152,5.441239999999997,0.5236
-0.030720000000000004,13.696152,5.441239999999997,0.5236
-0.030720000000000004,13.706152,5.441239999999997,0.5236
-0.030720000000000004,13.715128,5.441239999999997,0.5236
-0.030720000000000004,13.725128,5.441239999999997,0.5236
-0.030720000000000004,13.735128,5.441239999999997,0.5236
-0.030720000000000004,13.745128,5.441239999999997,0.5236
-0.030720000000000004,13.754104,5.441239999999997,0.5236
-0.030720000000000004,13.764104,5.441239999999997,0.5236
-0.030720000000000004,13.774104,5.441239999999997,0.5236
-0.030720000000000004,13.784104,5.441239999999997,0.5236
-0.030720000000000004,13.79308,5.441239999999997,0.5236
-0.030720000000000004,13.80308,5.441239999999997,0.5236
-0.030720000000000004,13.81308,5.441239999999997,0.5236
-0.030720000000000004,13.82308,5.441239999999997,0.5236
-0.030720000000000004,13.83308,5.441239999999997,0.5236
-0.030720000000000004,13.84308,5.441239999999997,0.5236
-0.030720000000000004,13.85308,5.441239999999997,0.5236
-0.030720000000000004,13.86308,5.441239999999997,0.5236
-0.030720000000000004,13.87308,5.441239999999997,0.5236
-0.030720000000000004,13.882056,5.441239999999997,0.5236
-0.030720000000000004,13.892056,5.441239999999997,0.5236
-0.030720000000000004,13.902056,5.441239999999997,0.5236
-0.030720000000000004,13.912056,5.441239999999997,0.5236
-0.030720000000000004,13.921032,5.441239999999997,1.22173
-0.030720000000000004,13.931032,5.441239999999997,0.5585065
-0.030720000000000004,13.941032,5.441239999999997,1.22173
-0.030720000000000004,13.951036,5.441239999999997,0.5934130000000001
-0.030720000000000004,13.961032,5.441239999999997,1.22173
-0.030720000000000004,13.971032,5.441239999999997,0.6283195
-0.030720000000000004,13.981032,5.441239999999997,1.22173
-0.030720000000000004,13.991032,5.441239999999997,0.6632260000000001
-0.030720000000000004,14.001032,5.441239999999997,1.22173
-0.030720000000000004,14.011032,5.441239999999997,0.6981325
-0.030720000000000004,14.021032,5.441239999999997,1.22173
-0.030720000000000004,14.031032,5.441239999999997,0.7330390000000001
-0.030720000000000004,14.041032,5.441239999999997,1.22173
-0.030720000000000004,14.050008,5.441239999999997,0.7679455000000001
-0.030720000000000004,14.060008,5.441239999999997,1.22173
-0.030720000000000004,14.070008,5.441239999999997,0.8028520000000001
-0.030720000000000004,14.080008,5.441239999999997,1.22173
-0.030720000000000004,14.088984,5.441239999999997,0.8377585000000001
-0.030720000000000004,14.098984,5.441239999999997,1.22173
-0.030720000000000004,14.108984,5.441239999999997,0.872665
-0.030720000000000004,14.118984,5.441239999999997,1.22173
-0.030720000000000004,14.128984,5.441239999999997,0.9075714999999998
-0.030720000000000004,14.138984,5.441239999999997,1.22173
-0.030720000000000004,14.148984,5.441239999999997,0.9424779999999997
-0.030720000000000004,14.158984,5.441239999999997,1.22173
-0.030720000000000004,14.168984,5.441239999999997,0.9773844999999999
-0.030720000000000004,14.17796,5.441239999999997,1.22173
-0.030720000000000004,14.18796,5.441239999999997,1.012291
-0.030720000000000004,14.19796,5.441239999999997,1.22173
-0.030720000000000004,14.20796,5.441239999999997,1.0471975
-0.030720000000000004,14.216936,5.441239999999997,1.22173
-0.030720000000000004,14.226936,5.441239999999997,1.0821040000000002
-0.030720000000000004,14.236936,5.441239999999997,1.22173
-0.030720000000000004,14.246936,5.441239999999997,1.1170105000000004
-0.030720000000000004,14.255912,5.441239999999997,1.22173
-0.030720000000000004,14.265912,5.441239999999997,1.1519170000000005
-0.030720000000000004,14.275912,5.441239999999997,1.22173
-0.030720000000000004,14.285912,5.441239999999997,1.1868235000000007
-0.030720000000000004,14.295912,5.441239999999997,1.22173
-0.030720000000000004,14.305912,5.441239999999997,1.2217300000000006
-0.030720000000000004,14.315912,5.441239999999997,1.22173
-0.030720000000000004,14.325912,5.441239999999997,1.2217300000000006
-0.030720000000000004,14.335912,5.441239999999997,1.22173
-0.030720000000000004,14.344888,5.441239999999997,1.2217300000000006
-0.030720000000000004,14.354888,5.441239999999997,1.22173
-0.030720000000000004,14.364888,5.441239999999997,1.2217300000000006
-0.030720000000000004,14.374888,5.441239999999997,1.22173
-0.030720000000000004,14.383864,5.441239999999997,1.2217300000000006
-0.030720000000000004,14.393864,5.441239999999997,1.22173
-0.030720000000000004,14.403864,5.441239999999997,1.2217300000000006
-0.030720000000000004,14.413864,5.441239999999997,1.22173
-0.030720000000000004,14.42284,5.441239999999997,1.2217300000000006
-0.030720000000000004,14.43284,5.441239999999997,1.22173
-0.030720000000000004,14.44284,5.441239999999997,1.2217300000000006
-0.030720000000000004,14.45284,5.441239999999997,1.22173
-0.030720000000000004,14.46284,5.441239999999997,1.2217300000000006
-0.030720000000000004,14.47284,5.441239999999997,1.22173
-0.030720000000000004,14.48284,5.441239999999997,1.2217300000000006
-0.030720000000000004,14.49284,5.441239999999997,1.22173
-0.030720000000000004,14.50284,5.441239999999997,1.2217300000000006
-0.030720000000000004,14.511816,5.441239999999997,1.22173
-0.030720000000000004,14.521816,5.441239999999997,1.2217300000000006
-0.030720000000000004,14.531816,5.441239999999997,1.22173
-0.030720000000000004,14.541816,5.441239999999997,1.2217300000000006
-0.030720000000000004,14.550792,5.441239999999997,1.22173
-0.030720000000000004,14.560792,5.441239999999997,1.2217300000000006
-0.030720000000000004,14.570792,5.441239999999997,1.22173
-0.030720000000000004,14.580796,5.441239999999997,1.2217300000000006
-0.030720000000000004,14.590792,5.441239999999997,1.22173
-0.030720000000000004,14.600792,5.441239999999997,1.2217300000000006
-0.030720000000000004,14.610792,5.441239999999997,1.22173
-0.030720000000000004,14.620792,5.441239999999997,1.2217300000000006
-0.030720000000000004,14.630792,5.441239999999997,1.22173
-0.030720000000000004,14.640792,5.441239999999997,1.2217300000000006
-0.030720000000000004,14.650792,5.441239999999997,1.22173
-0.030720000000000004,14.660792,5.441239999999997,1.2217300000000006
-0.030720000000000004,14.670792,5.441239999999997,1.22173
-0.030720000000000004,14.679768,5.441239999999997,1.2217300000000006
-0.030720000000000004,14.689768,5.441239999999997,1.22173
-0.030720000000000004,14.699768,5.441239999999997,1.2217300000000006
-0.030720000000000004,14.709768,5.441239999999997,1.22173
-0.030720000000000004,14.718744,5.441239999999997,1.2217300000000006
-0.030720000000000004,14.728744,5.441239999999997,1.22173
-0.030720000000000004,14.738744,5.441239999999997,1.2217300000000006
-0.030720000000000004,14.748744,5.441239999999997,1.22173
-0.030720000000000004,14.758744,5.441239999999997,1.2217300000000006
-0.030720000000000004,14.768744,5.441239999999997,1.22173
-0.030720000000000004,14.778744,5.441239999999997,1.2217300000000006
-0.030720000000000004,14.788744,5.441239999999997,1.22173
-0.030720000000000004,14.798744,5.441239999999997,1.2217300000000006
-0.030720000000000004,14.80772,5.441239999999997,1.22173
-0.030720000000000004,14.81772,5.441239999999997,1.2217300000000006
-0.030720000000000004,14.82772,5.441239999999997,1.22173
-0.030720000000000004,14.83772,5.441239999999997,1.2217300000000006
-0.030720000000000004,14.846696,5.441239999999997,1.22173
-0.030720000000000004,14.856696,5.441239999999997,1.2217300000000006
-0.030720000000000004,14.866696,5.441239999999997,1.22173
-0.030720000000000004,14.876696,5.441239999999997,1.2217300000000006
-0.030720000000000004,14.885672,5.441239999999997,1.22173
-0.030720000000000004,14.895672,5.441239999999997,1.2217300000000006
-0.030720000000000004,14.905672,5.441239999999997,1.22173
-0.030720000000000004,14.915672,5.441239999999997,1.2217300000000006
-0.030720000000000004,14.925672,5.441239999999997,1.22173
-0.030720000000000004,14.935672,5.441239999999997,1.2217300000000006
-0.030720000000000004,14.945672,5.441239999999997,1.22173
-0.030720000000000004,14.955672,5.441239999999997,1.2217300000000006
-0.030720000000000004,14.965672,5.441239999999997,1.22173
-0.030720000000000004,14.974648,5.441239999999997,1.2217300000000006
-0.030720000000000004,14.984648,5.441239999999997,1.22173
-0.030720000000000004,14.994648,5.441239999999997,1.2217300000000006
-0.10053300000000004,15.004648,5.441239999999997,1.22173
-0.16893250000000004,15.013644,5.439825999999997,1.2217300000000006
-0.23238399999999992,15.023652,5.433463999999998,1.22173
-0.288688,15.033788,5.419954999999998,1.2217300000000006
-0.33619550000000004,15.042648,5.397649499999999,1.22173
-0.3727075,15.051608,5.364348499999999,1.2217300000000006
-0.3975955,15.060584,5.319423499999999,1.22173
-0.41086,15.070584,5.262874500000001,1.2217300000000006
-0.4126575,15.080584,5.194858999999999,1.22173
-0.4037735,15.09058,5.116161999999999,1.2217300000000006
-0.38664300000000007,15.099556,5.0292185,1.22173
-0.3644075,15.109556,4.9371694999999995,1.2217300000000006
-0.33981550000000005,15.119556,4.842764500000001,1.22173
-0.31538050000000006,15.129556,4.7485165,1.2217300000000006
-0.2926735,15.138532,4.6559965,1.22173
-0.27255850000000004,15.148536,4.566068500000001,1.2217300000000006
-0.25527099999999997,15.158536,4.478967500000001,1.22173
-0.240968,15.168532,4.394851500000001,1.2217300000000006
-0.23019900000000001,15.177508,4.3142695,1.22173
-0.223357,15.187508,4.2376145,1.2217300000000006
-0.151022,15.197508,4.165279000000001,1.22173
-0.0843415,15.207512,4.098599,1.2217300000000006
-0.02598599999999999,15.217508,4.040244,1.22173
0.023572500000000014,15.226484,3.9906855,1.2217300000000006
0.06464850000000003,15.236484,3.9496094999999998,1.22173
0.09630000000000001,15.24648,3.9179579999999996,1.2217300000000006
0.11844800000000003,15.25648,3.8958099999999996,1.22173
0.1310145,15.265456,3.8832439999999995,1.2217300000000006
0.13352750000000002,15.27546,3.8807304999999994,1.22173
0.126066,15.28546,3.8881919999999996,1.2217300000000006
0.11051500000000002,15.295464,3.9037424999999994,1.22173
0.0897805,15.304416,3.9244775,1.2217300000000006
0.0666895,15.314408,3.9475685,1.22173
0.043755500000000024,15.324408,3.9705025000000003,1.2217300000000006
0.0225495,15.334408,3.9917085,1.22173
0.003935500000000001,15.343384,4.0103225,1.2217300000000006
-0.011851,15.353384,4.0261095000000005,1.22173
-0.024653,15.363384,4.0389115,1.2217300000000006
-0.033921,15.373384,4.048179500000001,1.22173
-0.039262000000000005,15.383384,4.0535205,1.2217300000000006
-0.040283000000000006,15.393384,4.0545420000000005,1.22173
-0.037063000000000006,15.403384,4.051322000000002,1.2217300000000006
-0.030466000000000007,15.413384,4.0447250000000015,1.22173
-0.022219500000000003,15.423384,4.036478500000001,1.2217300000000006
-0.014287000000000003,15.43236,4.028546000000001,1.22173
-0.007925500000000004,15.44236,4.022184500000002,1.2217300000000006
-0.0036845000000000046,15.45236,4.017943500000001,1.22173
-0.0014854999999999996,15.46236,4.015744500000002,1.2217300000000006
-0.0006999999999999997,15.471336,4.014959500000002,1.22173
-0.0006214999999999998,15.481336,4.014881000000002,1.2217300000000006
-0.0006999999999999997,15.491336,4.014960000000001,1.22173
-0.0006999999999999997,15.501336,4.014960000000001,1.2217300000000006
-0.0006999999999999997,15.510312,4.014960000000001,1.22173
-0.0006999999999999997,15.520312,4.014960000000001,1.2217300000000006
-0.0006999999999999997,15.530312,4.014960000000001,1.22173
-0.0006999999999999997,15.540312,4.014960000000001,1.2217300000000006
-0.0006999999999999997,15.550312,4.014960000000001,1.22173
-0.0006999999999999997,15.560312,4.014960000000001,1.2217300000000006
-0.0006999999999999997,15.570312,4.014960000000001,1.22173
-0.0006999999999999997,15.580312,4.014960000000001,1.2217300000000006
-0.0006999999999999997,15.590312,4.014960000000001,1.22173
-0.0006999999999999997,15.599288,4.014960000000001,1.2217300000000006
-0.0006999999999999997,15.609288,4.014960000000001,1.22173
-0.0006999999999999997,15.619288,4.014960000000001,1.2217300000000006
-0.0006999999999999997,15.629288,4.014960000000001,1.22173
-0.0006999999999999997,15.638264,4.014960000000001,1.2217300000000006
-0.0006999999999999997,15.648264,4.014960000000001,1.22173
-0.0006999999999999997,15.658264,4.014960000000001,1.2217300000000006
-0.0006999999999999997,15.668264,4.014960000000001,1.22173
-0.0006999999999999997,15.67724,4.014960000000001,1.2217300000000006
-0.0006999999999999997,15.68724,4.014960000000001,1.22173
-0.0006999999999999997,15.69724,4.014960000000001,1.2217300000000006
-0.0006999999999999997,15.70724,4.014960000000001,1.22173
-0.0006999999999999997,15.71724,4.014960000000001,1.2217300000000006
-0.0006999999999999997,15.72724,4.014960000000001,1.22173
-0.0006999999999999997,15.73724,4.014960000000001,1.2217300000000006
-0.0006999999999999997,15.74724,4.014960000000001,1.22173
-0.0006999999999999997,15.75724,4.014960000000001,1.2217300000000006
-0.0006999999999999997,15.766216,4.014960000000001,1.22173
-0.0006999999999999997,15.776216,4.014960000000001,1.2217300000000006
-0.0006999999999999997,15.786216,4.014960000000001,1.22173
-0.0006999999999999997,15.796216,4.014960000000001,1.2217300000000006
-0.0006999999999999997,15.805192,4.014960000000001,1.22173
-0.0006999999999999997,15.815192,4.014960000000001,1.2217300000000006
-0.0006999999999999997,15.825192,4.014960000000001,1.22173
-0.0006999999999999997,15.835196,4.014960000000001,1.2217300000000006
-0.0006999999999999997,15.845192,4.014960000000001,1.22173
-0.0006999999999999997,15.855192,4.014960000000001,1.2217300000000006
-0.0006999999999999997,15.865192,4.014960000000001,1.22173
-0.0006999999999999997,15.875192,4.014960000000001,1.2217300000000006
-0.0006999999999999997,15.885192,4.014960000000001,1.22173
-0.0006999999999999997,15.895192,4.014960000000001,1.2217300000000006
-0.0006999999999999997,15.905192,4.014960000000001,1.22173
-0.0006999999999999997,15.915192,4.014960000000001,1.2217300000000006
-0.0006999999999999997,15.925192,4.014960000000001,1.22173
-0.0006999999999999997,15.934168,4.014960000000001,1.2217300000000006
-0.0006999999999999997,15.944168,4.014960000000001,1.22173
-0.0006999999999999997,15.954168,4.014960000000001,1.2217300000000006
-0.0006999999999999997,15.964168,4.014960000000001,1.22173
-0.0006999999999999997,15.973144,4.014960000000001,1.2217300000000006
-0.0006999999999999997,15.983144,4.014960000000001,1.22173
-0.0006999999999999997,15.993144,4.014960000000001,1.2217300000000006
-0.0006999999999999997,16.003144,4.014960000000001,1.22173
-0.0006999999999999997,16.013144,4.014960000000001,1.2217300000000006
-0.0006999999999999997,16.023144,4.014960000000001,1.22173
-0.0006999999999999997,16.033144,4.014960000000001,1.2217300000000006
-0.0006999999999999997,16.043144,4.014960000000001,1.22173
-0.0006999999999999997,16.053144,4.014960000000001,1.2217300000000006
-0.0006999999999999997,16.06212,4.014960000000001,1.22173
-0.0006999999999999997,16.07212,4.014960000000001,1.2217300000000006
-0.0006999999999999997,16.08212,4.014960000000001,1.22173
-0.0006999999999999997,16.09212,4.014960000000001,1.2217300000000006
-0.0006999999999999997,16.101096,4.014960000000001,1.22173
-0.0006999999999999997,16.111096,4.014960000000001,1.2217300000000006
-0.0006999999999999997,16.121096,4.014960000000001,1.22173
-0.0006999999999999997,16.131096,4.014960000000001,1.2217300000000006
-0.0006999999999999997,16.140072,4.014960000000001,1.22173
-0.0006999999999999997,16.150072,4.014960000000001,1.2217300000000006
-0.0006999999999999997,16.160072,4.014960000000001,1.22173
-0.0006999999999999997,16.170072,4.014960000000001,1.2217300000000006
-0.0006999999999999997,16.180072,4.014960000000001,1.22173
-0.0006999999999999997,16.190072,4.014960000000001,1.2217300000000006
-0.0006999999999999997,16.200072,4.014960000000001,1.22173
-0.0006999999999999997,16.210072,4.014960000000001,1.2217300000000006
-0.0006999999999999997,16.220072,4.014960000000001,1.22173
-0.0006999999999999997,16.229048,4.014960000000001,1.2217300000000006
-0.0006999999999999997,16.239048,4.014960000000001,1.22173
-0.0006999999999999997,16.249048,4.014960000000001,1.2217300000000006
-0.0006999999999999997,16.259048,4.014960000000001,1.22173
-0.0006999999999999997,16.268024,4.014960000000001,1.2217300000000006
-0.0006999999999999997,16.278024,4.014960000000001,1.22173
-0.0006999999999999997,16.288024,4.014960000000001,1.2217300000000006
-0.0006999999999999997,16.298024,4.014960000000001,1.22173
-0.0006999999999999997,16.307,4.014960000000001,1.2217300000000006
-0.0006999999999999997,16.317,4.014960000000001,1.22173
-0.0006999999999999997,16.327,4.014960000000001,1.2217300000000006
-0.0006999999999999997,16.337,4.014960000000001,1.22173
-0.0006999999999999997,16.347,4.014960000000001,1.2217300000000006
-0.0006999999999999997,16.357,4.014960000000001,1.22173
-0.0006999999999999997,16.367,4.014960000000001,1.2217300000000006
-0.0006999999999999997,16.377,4.014960000000001,1.22173
-0.0006999999999999997,16.387,4.014960000000001,1.2217300000000006
-0.0006999999999999997,16.395976,4.014960000000001,1.22173
-0.0006999999999999997,16.405976,4.014960000000001,1.2217300000000006
-0.0006999999999999997,16.415976,4.014960000000001,1.22173
-0.0006999999999999997,16.425976,4.014960000000001,1.2217300000000006
-0.0006999999999999997,16.434952,4.014960000000001,1.22173
-0.0006999999999999997,16.444952,4.014960000000001,1.2217300000000006
-0.0006999999999999997,16.454952,4.014960000000001,1.22173
-0.0006999999999999997,16.464956,4.014960000000001,1.2217300000000006
-0.0006999999999999997,16.474952,4.014960000000001,1.22173
-0.0006999999999999997,16.484952,4.014960000000001,1.2217300000000006
-0.0006999999999999997,16.494952,4.014960000000001,1.22173
-0.0006999999999999997,16.504952,4.014960000000001,1.2217300000000006
-0.0006999999999999997,16.514952,4.014960000000001,1.22173
-0.0006999999999999997,16.524952,4.014960000000001,1.2217300000000006
-0.0006999999999999997,16.534952,4.014960000000001,1.22173
-0.0006999999999999997,16.544952,4.014960000000001,1.2217300000000006
-0.0006999999999999997,16.554952,4.014960000000001,1.22173
-0.0006999999999999997,16.563928,4.014960000000001,1.2217300000000006
-0.0006999999999999997,16.573928,4.014960000000001,1.22173
-0.0006999999999999997,16.583928,4.014960000000001,1.2217300000000006
-0.0006999999999999997,16.593928,4.014960000000001,1.22173
-0.0006999999999999997,16.602904,4.014960000000001,1.2217300000000006
-0.0006999999999999997,16.612904,4.014960000000001,1.22173
-0.0006999999999999997,16.622904,4.014960000000001,1.2217300000000006
-0.0006999999999999997,16.632904,4.014960000000001,1.22173
-0.0006999999999999997,16.642904,4.014960000000001,1.2217300000000006
-0.0006999999999999997,16.652904,4.014960000000001,1.22173
-0.0006999999999999997,16.662904,4.014960000000001,1.2217300000000006
-0.0006999999999999997,16.672904,4.014960000000001,1.22173
-0.0006999999999999997,16.682904,4.014960000000001,1.2217300000000006
-0.0006999999999999997,16.69188,4.014960000000001,1.22173
-0.0006999999999999997,16.70188,4.014960000000001,1.2217300000000006
-0.0006999999999999997,16.71188,4.014960000000001,1.22173
-0.0006999999999999997,16.72188,4.014960000000001,1.2217300000000006
-0.0006999999999999997,16.730856,4.014960000000001,1.22173
-0.0006999999999999997,16.740856,4.014960000000001,1.2217300000000006
-0.0006999999999999997,16.750856,4.014960000000001,1.22173
-0.0006999999999999997,16.760856,4.014960000000001,1.2217300000000006
-0.0006999999999999997,16.769832,4.014960000000001,1.22173
-0.0006999999999999997,16.779832,4.014960000000001,1.2217300000000006
-0.0006999999999999997,16.789832,4.014960000000001,1.22173
-0.0006999999999999997,16.799832,4.014960000000001,1.2217300000000006
-0.0006999999999999997,16.809832,4.014960000000001,1.22173
-0.0006999999999999997,16.819832,4.014960000000001,1.2217300000000006
-0.0006999999999999997,16.829832,4.014960000000001,1.22173
-0.0006999999999999997,16.839832,4.014960000000001,1.2217300000000006
-0.0006999999999999997,16.849832,4.014960000000001,1.22173
-0.0006999999999999997,16.858808,4.014960000000001,1.2217300000000006
-0.0006999999999999997,16.868808,4.014960000000001,1.22173
-0.0006999999999999997,16.878808,4.014960000000001,1.2217300000000006
-0.0006999999999999997,16.888808,4.014960000000001,1.22173
-0.0006999999999999997,16.897784,4.014960000000001,1.2217300000000006
-0.0006999999999999997,16.907784,4.014960000000001,1.22173
-0.0006999999999999997,16.917784,4.014960000000001,1.2217300000000006
-0.0006999999999999997,16.927784,4.014960000000001,1.22173
-0.0006999999999999997,16.93676,4.014960000000001,1.2217300000000006
-0.0006999999999999997,16.94676,4.014960000000001,1.22173
-0.0006999999999999997,16.95676,4.014960000000001,1.2217300000000006
-0.0006999999999999997,16.96676,4.014960000000001,1.22173
-0.0006999999999999997,16.97676,4.014960000000001,1.2217300000000006
-0.0006999999999999997,16.98676,4.014960000000001,1.22173
-0.0006999999999999997,16.99676,4.014960000000001,1.2217300000000006
-0.16214300000000004,17.00676,4.014960000000001,1.22173
-0.32162250000000003,17.016784,4.012996500000002,1.2217300000000006
-0.47466150000000024,17.025784,4.004592500000001,1.22173
-0.6173335000000002,17.03578,3.9858210000000014,1.2217300000000006
-0.7474390000000002,17.045764,3.9544835000000016,1.22173
-0.8627005000000003,17.055768,3.9083020000000013,1.2217300000000006
-0.9605260000000002,17.064756,3.8446845000000014,1.22173
-1.0392665,17.07474,3.7619820000000015,1.2217300000000006
-1.0979795,17.08474,3.6592515000000017,1.22173
-1.1363504999999994,17.09474,3.536179500000001,1.2217300000000006
-1.1546939999999994,17.10474,3.393079500000001,1.22173
-1.1536379999999995,17.11474,3.2305805000000007,1.2217300000000006
-1.1353814999999996,17.124736,3.050881000000001,1.22173
-1.1039305000000004,17.134736,2.857987000000001,1.2217300000000006
-1.0633690000000002,17.144736,2.655982500000001,1.22173
-1.0176240000000003,17.153712,2.448794000000001,1.2217300000000006
-0.9709365000000002,17.163716,2.2406630000000005,1.22173
-0.9269190000000003,17.173716,2.0352025000000005,1.2217300000000006
-0.8876925000000002,17.183716,1.8345330000000004,1.22173
-0.8543565000000003,17.192688,1.6397540000000004,1.2217300000000006
-0.6662535000000003,17.202688,1.4516510000000002,1.22173
-0.4871040000000002,17.212688,1.2725015000000004,1.2217300000000006
-0.3213065000000001,17.222692,1.1067040000000004,1.22173
-0.1727875000000001,17.231668,0.9581855000000004,1.2217300000000006
-0.043746499999999994,17.241668,0.8291444999999998,1.22173
0.06401000000000003,17.251668,0.7213875000000001,1.2217300000000006
0.1493825,17.261668,0.6360144999999999,1.22173
0.213,17.271672,0.5723969999999999,1.2217300000000006
0.25619699999999995,17.281668,0.5292004999999999,1.22173
0.28007299999999996,17.291668,0.5053245,1.2217300000000006
0.28557099999999996,17.301672,0.499827,1.22173
0.2737899999999999,17.311668,0.5116080000000001,1.2217300000000006
0.24747899999999998,17.320648,0.537919,1.22173
0.21127200000000002,17.330644,0.574126,1.2217300000000006
0.1694105,17.340644,0.6159875000000001,1.22173
0.1250355,17.350644,0.6603625000000001,1.2217300000000006
0.081446,17.359624,0.7039525000000001,1.22173
0.04146899999999998,17.369624,0.7439295000000001,1.2217300000000006
0.006518499999999986,17.3796,0.7788795000000002,1.22173
-0.022541500000000006,17.389592,0.8079390000000002,1.2217300000000006
-0.0449255,17.398568,0.8303225000000003,1.22173
-0.0603195,17.408568,0.8457160000000002,1.2217300000000006
-0.06880199999999999,17.418568,0.8541980000000001,1.22173
-0.07037299999999998,17.428568,0.8557685000000002,1.2217300000000006
-0.06503249999999998,17.438568,0.8504275000000002,1.22173
-0.053251499999999986,17.448568,0.8386465000000002,1.2217300000000006
-0.03652249999999999,17.458568,0.8219175000000001,1.22173
-0.017123500000000003,17.468568,0.8025180000000001,1.2217300000000006
0.0026685000000000016,17.478568,0.7827255000000002,1.22173
0.021439500000000007,17.487544,0.7639540000000001,1.2217300000000006
0.03856100000000001,17.497544,0.7468320000000002,1.22173
0.053562,17.507544,0.7318305000000002,1.2217300000000006
0.06589250000000002,17.517544,0.7194995000000002,1.22173
0.07492450000000002,17.52652,0.7104670000000002,1.2217300000000006
0.08050050000000003,17.53652,0.7048905000000003,1.22173
0.08340650000000004,17.54652,0.7019845000000003,1.2217300000000006
0.08458450000000005,17.55652,0.7008060000000004,1.22173
0.08482000000000006,17.565496,0.7005700000000004,1.2217300000000006
0.08482000000000006,17.575496,0.7005700000000004,1.22173
0.08482000000000006,17.585496,0.7005700000000004,1.2217300000000006
0.08482000000000006,17.595496,0.7005700000000004,1.22173
0.08482000000000006,17.605496,0.7005700000000004,1.2217300000000006
0.08482000000000006,17.615496,0.7005700000000004,1.22173
0.08482000000000006,17.625496,0.7005700000000004,1.2217300000000006
0.08482000000000006,17.635496,0.7005700000000004,1.22173
0.08482000000000006,17.645496,0.7005700000000004,1.2217300000000006
0.08482000000000006,17.654472,0.7005700000000004,1.22173
0.08482000000000006,17.664472,0.7005700000000004,1.2217300000000006
0.08482000000000006,17.674472,0.7005700000000004,1.22173
0.08482000000000006,17.684472,0.7005700000000004,1.2217300000000006
0.08482000000000006,17.693448,0.7005700000000004,1.22173
0.08482000000000006,17.703448,0.7005700000000004,1.2217300000000006
0.08482000000000006,17.713448,0.7005700000000004,1.22173
0.08482000000000006,17.723452,0.7005700000000004,1.2217300000000006
0.08482000000000006,17.733448,0.7005700000000004,1.22173
0.08482000000000006,17.743448,0.7005700000000004,1.2217300000000006
0.08482000000000006,17.753448,0.7005700000000004,1.22173
0.08482000000000006,17.763448,0.7005700000000004,1.2217300000000006
0.08482000000000006,17.773448,0.7005700000000004,1.22173
0.08482000000000006,17.783448,0.7005700000000004,1.2217300000000006
0.08482000000000006,17.793448,0.7005700000000004,1.22173
0.08482000000000006,17.803448,0.7005700000000004,1.2217300000000006
0.08482000000000006,17.813448,0.7005700000000004,1.22173
0.08482000000000006,17.822424,0.7005700000000004,1.2217300000000006
0.08482000000000006,17.832424,0.7005700000000004,1.22173
0.08482000000000006,17.842424,0.7005700000000004,1.2217300000000006
0.08482000000000006,17.852424,0.7005700000000004,1.22173
0.08482000000000006,17.8614,0.7005700000000004,1.2217300000000006
0.08482000000000006,17.8714,0.7005700000000004,1.22173
0.08482000000000006,17.8814,0.7005700000000004,1.2217300000000006
0.08482000000000006,17.8914,0.7005700000000004,2.87939
0.08482000000000006,17.9014,0.7005700000000004,1.3046130000000007
0.08482000000000006,17.9114,0.7005700000000004,2.87939
0.08482000000000006,17.9214,0.7005700000000004,1.3874960000000005
0.08482000000000006,17.9314,0.7005700000000004,2.87939
0.08482000000000006,17.9414,0.7005700000000004,1.4703790000000005
0.08482000000000006,17.9514,0.7005700000000004,2.87939
0.08482000000000006,17.9614,0.7005700000000004,1.5532620000000006
0.08482000000000006,17.9714,0.7005700000000004,2.87939
0.08482000000000006,17.9814,0.7005700000000004,1.6361450000000006
0.08482000000000006,17.990376,0.7005700000000004,2.87939
0.08482000000000006,18.000376,0.7005700000000004,1.7190280000000007
0.08482000000000006,18.010376,0.7005700000000004,2.87939
0.08482000000000006,18.020376,0.7005700000000004,1.8019110000000005
0.08482000000000006,18.029352,0.7005700000000004,2.87939
0.08482000000000006,18.039352,0.7005700000000004,1.8847940000000005
0.08482000000000006,18.049352,0.7005700000000004,2.87939
0.08482000000000006,18.059352,0.7005700000000004,1.9676770000000006
0.08482000000000006,18.069352,0.7005700000000004,2.87939
0.08482000000000006,18.079352,0.7005700000000004,2.0505600000000004
0.08482000000000006,18.089352,0.7005700000000004,2.87939
0.08482000000000006,18.099352,0.7005700000000004,2.1334430000000006
0.08482000000000006,18.109352,0.7005700000000004,2.87939
0.08482000000000006,18.118328,0.7005700000000004,2.2163260000000005
0.08482000000000006,18.128328,0.7005700000000004,2.87939
0.08482000000000006,18.138328,0.7005700000000004,2.2992090000000007
0.08482000000000006,18.148328,0.7005700000000004,2.87939
0.08482000000000006,18.157304,0.7005700000000004,2.3820920000000005
0.08482000000000006,18.167304,0.7005700000000004,2.87939
0.08482000000000006,18.177304,0.7005700000000004,2.464975000000001
0.08482000000000006,18.187304,0.7005700000000004,2.87939
0.08482000000000006,18.19628,0.7005700000000004,2.5478580000000006
0.08482000000000006,18.20628,0.7005700000000004,2.87939
0.08482000000000006,18.21628,0.7005700000000004,2.6307410000000004
0.08482000000000006,18.22628,0.7005700000000004,2.87939
0.08482000000000006,18.23628,0.7005700000000004,2.7136240000000007
0.08482000000000006,18.24628,0.7005700000000004,2.87939
0.08482000000000006,18.25628,0.7005700000000004,2.7965070000000005
0.08482000000000006,18.26628,0.7005700000000004,2.87939
0.08482000000000006,18.27628,0.7005700000000004,2.879390000000001
0.08482000000000006,18.285256,0.7005700000000004,2.87939
0.08482000000000006,18.295256,0.7005700000000004,2.879390000000001
0.08482000000000006,18.305256,0.7005700000000004,2.87939
0.08482000000000006,18.315256,0.7005700000000004,2.879390000000001
0.08482000000000006,18.324232,0.7005700000000004,2.87939
0.08482000000000006,18.334232,0.7005700000000004,2.879390000000001
0.08482000000000006,18.344232,0.7005700000000004,2.87939
0.08482000000000006,18.354236,0.7005700000000004,2.879390000000001
0.08482000000000006,18.364232,0.7005700000000004,2.87939
0.08482000000000006,18.374232,0.7005700000000004,2.879390000000001
0.08482000000000006,18.384232,0.7005700000000004,2.87939
0.08482000000000006,18.394232,0.7005700000000004,2.879390000000001
0.08482000000000006,18.404232,0.7005700000000004,2.87939
0.08482000000000006,18.414232,0.7005700000000004,2.879390000000001
0.08482000000000006,18.424232,0.7005700000000004,2.87939
0.08482000000000006,18.434232,0.7005700000000004,2.879390000000001
0.08482000000000006,18.444232,0.7005700000000004,2.87939
0.08482000000000006,18.453208,0.7005700000000004,2.879390000000001
0.08482000000000006,18.463208,0.7005700000000004,2.87939
0.08482000000000006,18.473208,0.7005700000000004,2.879390000000001
0.08482000000000006,18.483208,0.7005700000000004,2.87939
0.08482000000000006,18.492184,0.7005700000000004,2.879390000000001
0.08482000000000006,18.502184,0.7005700000000004,2.87939
0.08482000000000006,18.512184,0.7005700000000004,2.879390000000001
0.08482000000000006,18.522184,0.7005700000000004,2.87939
0.08482000000000006,18.532184,0.7005700000000004,2.879390000000001
0.08482000000000006,18.542184,0.7005700000000004,2.87939
0.08482000000000006,18.552184,0.7005700000000004,2.879390000000001
0.08482000000000006,18.562184,0.7005700000000004,2.87939
0.08482000000000006,18.572184,0.7005700000000004,2.879390000000001
0.08482000000000006,18.582184,0.7005700000000004,2.87939
0.08482000000000006,18.592184,0.7005700000000004,2.879390000000001
0.08482000000000006,18.602184,0.7005700000000004,2.87939
0.08482000000000006,18.612184,0.7005700000000004,2.879390000000001
0.08482000000000006,18.62116,0.7005700000000004,2.87939
0.08482000000000006,18.63116,0.7005700000000004,2.879390000000001
0.08482000000000006,18.64116,0.7005700000000004,2.87939
0.08482000000000006,18.65116,0.7005700000000004,2.879390000000001
0.08482000000000006,18.660136,0.7005700000000004,2.87939
0.08482000000000006,18.670136,0.7005700000000004,2.879390000000001
0.08482000000000006,18.680136,0.7005700000000004,2.87939
0.08482000000000006,18.690136,0.7005700000000004,2.879390000000001
0.08482000000000006,18.700136,0.7005700000000004,2.87939
0.08482000000000006,18.710136,0.7005700000000004,2.879390000000001
0.08482000000000006,18.720136,0.7005700000000004,2.87939
0.08482000000000006,18.730136,0.7005700000000004,2.879390000000001
0.08482000000000006,18.740136,0.7005700000000004,2.87939
0.08482000000000006,18.749112,0.7005700000000004,2.879390000000001
0.08482000000000006,18.759112,0.7005700000000004,2.87939
0.08482000000000006,18.769112,0.7005700000000004,2.879390000000001
0.08482000000000006,18.779112,0.7005700000000004,2.87939
0.08482000000000006,18.788088,0.7005700000000004,2.879390000000001
0.08482000000000006,18.798088,0.7005700000000004,2.87939
0.08482000000000006,18.808088,0.7005700000000004,2.879390000000001
0.08482000000000006,18.818088,0.7005700000000004,2.87939
0.08482000000000006,18.827064,0.7005700000000004,2.879390000000001
0.08482000000000006,18.837064,0.7005700000000004,2.87939
0.08482000000000006,18.847064,0.7005700000000004,2.879390000000001
0.08482000000000006,18.857064,0.7005700000000004,2.87939
0.08482000000000006,18.867064,0.7005700000000004,2.879390000000001
0.08482000000000006,18.877064,0.7005700000000004,2.87939
0.08482000000000006,18.887064,0.7005700000000004,2.879390000000001
0.08482000000000006,18.897064,0.7005700000000004,2.87939
0.08482000000000006,18.907064,0.7005700000000004,2.879390000000001
0.08482000000000006,18.91604,0.7005700000000004,2.87939
0.08482000000000006,18.92604,0.7005700000000004,2.879390000000001
0.08482000000000006,18.93604,0.7005700000000004,2.87939
0.08482000000000006,18.94604,0.7005700000000004,2.879390000000001
0.08482000000000006,18.955016,0.7005700000000004,2.87939
0.08482000000000006,18.965016,0.7005700000000004,2.879390000000001
0.08482000000000006,18.975016,0.7005700000000004,2.87939
0.08482000000000006,18.98502,0.7005700000000004,2.879390000000001
0.08482000000000006,18.995016,0.7005700000000004,2.87939
0.1764500000000001,19.005016,0.7005700000000004,2.879390000000001
0.2661949999999998,19.015036,0.7024550000000004,2.87939
0.3499709999999998,19.025048,0.7103090000000004,2.879390000000001
0.42408650000000003,19.035044,0.7278235000000004,2.87939
0.48610700000000046,19.044016,0.7574330000000004,2.879390000000001
0.5343830000000004,19.054016,0.8007870000000005,2.87939
0.5677365000000004,19.064016,0.8590640000000003,2.879390000000001
0.5859315000000004,19.074016,0.9324990000000002,2.87939
0.5891255000000003,19.082996,1.020935,2.879390000000001
0.5776325000000003,19.092996,1.1240579999999996,2.87939
0.5530235000000002,19.102996,1.2402969999999998,2.879390000000001
0.5182830000000002,19.112996,1.3666679999999998,2.87939
0.47686650000000014,19.121972,1.4997144999999996,2.879390000000001
0.43238700000000013,19.131972,1.635824,2.87939
0.38798599999999994,19.141972,1.7718549999999997,2.879390000000001
0.34594099999999994,19.15198,1.90553,2.87939
0.307666,19.161972,2.035435,2.879390000000001
0.27402499999999996,19.170952,2.1607060000000002,2.87939
0.245646,19.180952,2.2807150000000003,2.879390000000001
0.222765,19.190952,2.3952265,2.87939
0.1139875,19.200952,2.5040045000000006,2.879390000000001
0.013221000000000047,19.209924,2.6047715,2.87939
-0.075372,19.219928,2.6933645000000004,2.879390000000001
-0.148728,19.229928,2.7667210000000004,2.87939
-0.205591,19.239932,2.8235840000000003,2.879390000000001
-0.24643150000000003,19.2489,2.864425,2.87939
-0.27242849999999996,19.258896,2.8904215000000004,2.879390000000001
-0.2845235,19.2689,2.9025165000000004,2.87939
-0.2836595,19.2789,2.9016525000000004,2.879390000000001
-0.270779,19.28788,2.8887720000000003,2.87939
-0.24768849999999998,19.297876,2.8656815000000004,2.879390000000001
-0.21745099999999998,19.307876,2.8354435000000002,2.87939
-0.1830505,19.31788,2.8010435000000005,2.879390000000001
-0.14715799999999998,19.327876,2.7651510000000004,2.87939
-0.111815,19.336832,2.7298085000000003,2.879390000000001
-0.07882800000000001,19.346824,2.696822,2.87939
-0.049610999999999995,19.356824,2.6676055,2.879390000000001
-0.025028,19.366824,2.643023,2.87939
-0.005706999999999998,19.3758,2.6237025000000003,2.879390000000001
0.008115999999999996,19.3858,2.6098795,2.87939
0.01620550000000001,19.3958,2.60179,2.879390000000001
0.018169000000000008,19.4058,2.5998265000000003,2.87939
0.013928000000000003,19.414776,2.604068,2.879390000000001
0.004110500000000011,19.424776,2.6138855000000003,2.87939
-0.010104999999999998,19.434776,2.6281015,2.879390000000001
-0.026598499999999997,19.444776,2.6445950000000003,2.87939
-0.043012999999999996,19.453752,2.66101,2.879390000000001
-0.058171,19.463752,2.6761685,2.87939
-0.07128700000000003,19.473752,2.689285,2.879390000000001
-0.08173250000000004,19.483752,2.699731,2.87939
-0.08927200000000002,19.493752,2.707271,2.879390000000001
-0.09382700000000005,19.503752,2.7118265,2.87939
-0.09586900000000004,19.513752,2.7138685000000002,2.879390000000001
-0.09634000000000004,19.523752,2.71434,2.87939
-0.09634000000000004,19.533752,2.71434,2.879390000000001
-0.09634000000000004,19.542728,2.71434,2.87939
-0.09634000000000004,19.552728,2.71434,2.879390000000001
-0.09634000000000004,19.562728,2.71434,2.87939
-0.09634000000000004,19.572728,2.71434,2.879390000000001
-0.09634000000000004,19.581704,2.71434,2.87939
-0.09634000000000004,19.591704,2.71434,2.879390000000001
-0.09634000000000004,19.601704,2.71434,2.87939
-0.09634000000000004,19.611708,2.71434,2.879390000000001
-0.09634000000000004,19.621704,2.71434,2.87939
-0.09634000000000004,19.631704,2.71434,2.879390000000001
-0.09634000000000004,19.641704,2.71434,2.87939
-0.09634000000000004,19.651704,2.71434,2.879390000000001
-0.09634000000000004,19.661704,2.71434,2.87939
-0.09634000000000004,19.67068,2.71434,2.879390000000001
-0.09634000000000004,19.68068,2.71434,2.87939
-0.09634000000000004,19.69068,2.71434,2.879390000000001
-0.09634000000000004,19.70068,2.71434,2.87939
-0.09634000000000004,19.709656,2.71434,2.879390000000001
-0.09634000000000004,19.719656,2.71434,2.87939
-0.09634000000000004,19.729656,2.71434,2.879390000000001
-0.09634000000000004,19.739656,2.71434,2.87939
-0.09634000000000004,19.748632,2.71434,2.879390000000001
-0.09634000000000004,19.758632,2.71434,2.87939
-0.09634000000000004,19.768632,2.71434,2.879390000000001
-0.09634000000000004,19.778632,2.71434,2.87939
-0.09634000000000004,19.788632,2.71434,2.879390000000001
-0.09634000000000004,19.798632,2.71434,2.87939
-0.09634000000000004,19.808632,2.71434,2.879390000000001
-0.09634000000000004,19.818632,2.71434,2.87939
-0.09634000000000004,19.828632,2.71434,2.879390000000001
-0.09634000000000004,19.837608,2.71434,2.87939
-0.09634000000000004,19.847608,2.71434,2.879390000000001
-0.09634000000000004,19.857608,2.71434,2.87939
-0.09634000000000004,19.867608,2.71434,2.879390000000001
-0.09634000000000004,19.876584,2.71434,2.87939
-0.09634000000000004,19.886584,2.71434,2.879390000000001
-0.09634000000000004,19.896584,2.71434,2.8793
-0.09634000000000004,19.906584,2.71434,2.8793855000000006
-0.09634000000000004,19.91556,2.71434,2.8793
-0.09634000000000004,19.92556,2.71434,2.8793810000000004
-0.09634000000000004,19.93556,2.71434,2.8793
-0.09634000000000004,19.94556,2.71434,2.8793765000000007
-0.09634000000000004,19.95556,2.71434,2.8793
-0.09634000000000004,19.96556,2.71434,2.8793720000000005
-0.09634000000000004,19.97556,2.71434,2.8793
-0.09634000000000004,19.98556,2.71434,2.8793675000000007
-0.09634000000000004,19.99556,2.71434,2.8793
-0.09634000000000004,20.004536,2.71434,2.8793630000000006
-0.09634000000000004,20.014536,2.71434,2.8793
-0.09634000000000004,20.024536,2.71434,2.8793585000000004
-0.09634000000000004,20.034536,2.71434,2.8793
-0.09634000000000004,20.043512,2.71434,2.8793540000000006
-0.09634000000000004,20.053512,2.71434,2.8793
-0.09634000000000004,20.063512,2.71434,2.8793495000000005
-0.09634000000000004,20.073512,2.71434,2.8793
-0.09634000000000004,20.082488,2.71434,2.8793450000000007
-0.09634000000000004,20.092488,2.71434,2.8793
-0.09634000000000004,20.102488,2.71434,2.8793405000000005
-0.09634000000000004,20.112488,2.71434,2.8793
-0.09634000000000004,20.122488,2.71434,2.8793360000000003
-0.09634000000000004,20.132488,2.71434,2.8793
-0.09634000000000004,20.142488,2.71434,2.8793315000000006
-0.09634000000000004,20.152488,2.71434,2.8793
-0.09634000000000004,20.162488,2.71434,2.8793270000000004
-0.09634000000000004,20.171464,2.71434,2.8793
-0.09634000000000004,20.181464,2.71434,2.8793225000000007
-0.09634000000000004,20.191464,2.71434,2.8793
-0.09634000000000004,20.201464,2.71434,2.8793180000000005
-0.09634000000000004,20.21044,2.71434,2.8793
-0.09634000000000004,20.22044,2.71434,2.8793135000000003
-0.09634000000000004,20.23044,2.71434,2.8793
-0.09634000000000004,20.240444,2.71434,2.8793090000000006
-0.09634000000000004,20.25044,2.71434,2.8793
-0.09634000000000004,20.26044,2.71434,2.8793045000000004
-0.09634000000000004,20.27044,2.71434,2.8793
-0.09634000000000004,20.28044,2.71434,2.8793000000000006
-0.09634000000000004,20.29044,2.71434,2.8793
-0.09634000000000004,20.299416,2.71434,2.8793000000000006
-0.09634000000000004,20.309416,2.71434,2.8793
-0.09634000000000004,20.319416,2.71434,2.8793000000000006
-0.09634000000000004,20.329416,2.71434,2.8793
-0.09634000000000004,20.338392,2.71434,2.8793000000000006
-0.09634000000000004,20.348392,2.71434,2.8793
-0.09634000000000004,20.358392,2.71434,2.8793000000000006
-0.09634000000000004,20.368392,2.71434,2.8793
-0.09634000000000004,20.377368,2.71434,2.8793000000000006
-0.09634000000000004,20.387368,2.71434,2.8793
-0.09634000000000004,20.397368,2.71434,2.8793000000000006
-0.09634000000000004,20.407368,2.71434,2.8793
-0.09634000000000004,20.417368,2.71434,2.8793000000000006
-0.09634000000000004,20.427368,2.71434,2.8793
-0.09634000000000004,20.437368,2.71434,2.8793000000000006
-0.09634000000000004,20.447368,2.71434,2.8793
-0.09634000000000004,20.457368,2.71434,2.8793000000000006
-0.09634000000000004,20.466344,2.71434,2.8793
-0.09634000000000004,20.476344,2.71434,2.8793000000000006
-0.09634000000000004,20.486344,2.71434,2.8793
-0.09634000000000004,20.496344,2.71434,2.8793000000000006
-0.09634000000000004,20.50532,2.71434,2.8793
-0.09634000000000004,20.51532,2.71434,2.8793000000000006
-0.09634000000000004,20.52532,2.71434,2.8793
-0.09634000000000004,20.53532,2.71434,2.8793000000000006
-0.09634000000000004,20.544296,2.71434,2.8793
-0.09634000000000004,20.554296,2.71434,2.8793000000000006
-0.09634000000000004,20.564296,2.71434,2.8793
-0.09634000000000004,20.574296,2.71434,2.8793000000000006
-0.09634000000000004,20.584296,2.71434,2.8793
-0.09634000000000004,20.594296,2.71434,2.8793000000000006
-0.09634000000000004,20.604296,2.71434,2.8793
-0.09634000000000004,20.614296,2.71434,2.8793000000000006
-0.09634000000000004,20.624296,2.71434,2.8793
-0.09634000000000004,20.633272,2.71434,2.8793000000000006
-0.09634000000000004,20.643272,2.71434,2.8793
-0.09634000000000004,20.653272,2.71434,2.8793000000000006
-0.09634000000000004,20.663272,2.71434,2.8793
-0.09634000000000004,20.672248,2.71434,2.8793000000000006
-0.09634000000000004,20.682248,2.71434,2.8793
-0.09634000000000004,20.692248,2.71434,2.8793000000000006
-0.09634000000000004,20.702248,2.71434,2.8793
-0.09634000000000004,20.711224,2.71434,2.8793000000000006
-0.09634000000000004,20.721224,2.71434,2.8793
-0.09634000000000004,20.731224,2.71434,2.8793000000000006
-0.09634000000000004,20.741224,2.71434,2.8793
-0.09634000000000004,20.751224,2.71434,2.8793000000000006
-0.09634000000000004,20.761224,2.71434,2.8793
-0.09634000000000004,20.771224,2.71434,2.8793000000000006
-0.09634000000000004,20.781224,2.71434,2.8793
-0.09634000000000004,20.791224,2.71434,2.8793000000000006
-0.09634000000000004,20.8002,2.71434,2.8793
-0.09634000000000004,20.8102,2.71434,2.8793000000000006
-0.09634000000000004,20.8202,2.71434,2.8793
-0.09634000000000004,20.8302,2.71434,2.8793000000000006
-0.09634000000000004,20.839176,2.71434,2.8793
-0.09634000000000004,20.849176,2.71434,2.8793000000000006
-0.09634000000000004,20.859176,2.71434,2.8793
-0.09634000000000004,20.86918,2.71434,2.8793000000000006
-0.09634000000000004,20.879176,2.71434,2.8793
-0.09634000000000004,20.889176,2.71434,2.8793000000000006
-0.09634000000000004,20.899176,2.71434,2.8793
-0.09634000000000004,20.909176,2.71434,2.8793000000000006
-0.09634000000000004,20.919176,2.71434,2.8793
-0.09634000000000004,20.928152,2.71434,2.8793000000000006
-0.09634000000000004,20.938152,2.71434,2.8793
-0.09634000000000004,20.948152,2.71434,2.8793000000000006
-0.09634000000000004,20.958152,2.71434,2.8793
-0.09634000000000004,20.967128,2.71434,2.8793000000000006
-0.09634000000000004,20.977128,2.71434,2.8793
-0.09634000000000004,20.987128,2.71434,2.8793000000000006
-0.09634000000000004,20.997128,2.71434,2.8793
0.00837949999999999,21.006104,2.71434,2.8793000000000006
0.11144999999999994,21.016208,2.7159890000000004,2.8793
0.2088655000000002,21.026132,2.7232930000000004,2.8793000000000006
0.29646350000000016,21.036148,2.7404145,2.8793
0.37188800000000016,21.046132,2.7697095000000003,2.8793000000000006
0.43348950000000014,21.055116,2.8128275000000005,2.8793
0.4796970000000001,21.065108,2.8713395000000004,2.8793000000000006
0.510275,21.075108,2.9454810000000005,2.8793
0.5255380000000001,21.085116,3.0349375000000003,2.8793000000000006
0.5257210000000001,21.094084,3.1394740000000003,2.8793
0.5122385,21.104084,3.257676000000001,2.8793000000000006
0.4880745,21.114084,3.3865595,2.8793
0.456999,21.124084,3.5223545000000005,2.8793000000000006
0.42270300000000005,21.13306,3.661369500000001,2.8793
0.38825,21.14306,3.800542,2.8793000000000006
0.355839,21.15306,3.937672,2.8793
0.3269624999999999,21.16306,4.071268,2.8793000000000006
0.3028769999999999,21.17204,4.200073000000001,2.8793
0.2844464999999999,21.18204,4.3232230000000005,2.8793000000000006
0.27214199999999994,21.192036,4.440247,2.8793
0.16140100000000002,21.202036,4.550987999999999,2.8793000000000006
0.05867099999999999,21.212036,4.6537180000000005,2.8793
-0.03267100000000002,21.221016,4.7450595,2.8793000000000006
-0.10956150000000003,21.231016,4.82195,2.8793
-0.17145100000000002,21.241012,4.8838395000000006,2.8793000000000006
-0.21912500000000001,21.251012,4.9315135,2.8793
-0.25273999999999996,21.259988,4.9651285000000005,2.8793000000000006
-0.2727675,21.269984,4.985156,2.8793
-0.2799150000000001,21.279996,4.9923035,2.8793000000000006
-0.27488850000000004,21.289988,4.987277,2.8793
-0.2582385,21.29896,4.970627,2.8793000000000006
-0.231771,21.308964,4.944158999999999,2.8793
-0.1986275,21.318968,4.9110154999999995,2.8793000000000006
-0.16218500000000002,21.328944,4.8745734999999994,2.8793
-0.1255855,21.337912,4.837973999999999,2.8793000000000006
-0.091028,21.347912,4.803417,2.8793
-0.06000499999999999,21.357912,4.772393999999999,2.8793000000000006
-0.03377299999999999,21.367912,4.746162,2.8793
-0.013196000000000012,21.377912,4.725585,2.8793000000000006
0.0012549999999999979,21.387912,4.7111339999999995,2.8793
0.009422999999999999,21.397912,4.702965999999999,2.8793000000000006
0.011228999999999996,21.407912,4.70116,2.8793
0.007301999999999998,21.417912,4.705087499999999,2.8793000000000006
-0.0012590000000000047,21.426888,4.7136485,2.8793
-0.012647500000000004,21.436888,4.7250369999999995,2.8793000000000006
-0.0244285,21.446888,4.736817999999999,2.8793
-0.034874499999999996,21.456888,4.7472639999999995,2.8793000000000006
-0.0432785,21.465864,4.755667999999999,2.8793
-0.04924749999999999,21.475864,4.7616369999999995,2.8793000000000006
-0.052310499999999996,21.485864,4.7646999999999995,2.8793
-0.05333149999999999,21.495868,4.765720999999999,2.8793000000000006
-0.05348849999999999,21.505864,4.7658784999999995,2.8793
-0.053409999999999985,21.515864,4.7658,2.8793000000000006
-0.053409999999999985,21.525864,4.7658,2.8793
-0.053409999999999985,21.535864,4.7658,2.8793000000000006
-0.053409999999999985,21.545864,4.7658,2.8793
-0.053409999999999985,21.55484,4.7658,2.8793000000000006
-0.053409999999999985,21.56484,4.7658,2.8793
-0.053409999999999985,21.57484,4.7658,2.8793000000000006
-0.053409999999999985,21.58484,4.7658,2.8793
-0.053409999999999985,21.593816,4.7658,2.8793000000000006
-0.053409999999999985,21.603816,4.7658,2.8793
-0.053409999999999985,21.613816,4.7658,2.8793000000000006
-0.053409999999999985,21.623816,4.7658,2.8793
-0.053409999999999985,21.632792,4.7658,2.8793000000000006
-0.053409999999999985,21.642792,4.7658,2.8793
-0.053409999999999985,21.652792,4.7658,2.8793000000000006
-0.053409999999999985,21.662792,4.7658,2.8793
-0.053409999999999985,21.672792,4.7658,2.8793000000000006
-0.053409999999999985,21.682792,4.7658,2.8793
-0.053409999999999985,21.692792,4.7658,2.8793000000000006
-0.053409999999999985,21.702792,4.7658,2.8793
-0.053409999999999985,21.712792,4.7658,2.8793000000000006
-0.053409999999999985,21.721768,4.7658,2.8793
-0.053409999999999985,21.731768,4.7658,2.8793000000000006
-0.053409999999999985,21.741768,4.7658,2.8793
-0.053409999999999985,21.751768,4.7658,2.8793000000000006
-0.053409999999999985,21.760744,4.7658,2.8793
-0.053409999999999985,21.770744,4.7658,2.8793000000000006
-0.053409999999999985,21.780744,4.7658,2.8793
-0.053409999999999985,21.790744,4.7658,2.8793000000000006
-0.053409999999999985,21.79972,4.7658,2.8793
-0.053409999999999985,21.80972,4.7658,2.8793000000000006
-0.053409999999999985,21.81972,4.7658,2.8793
-0.053409999999999985,21.82972,4.7658,2.8793000000000006
-0.053409999999999985,21.83972,4.7658,2.8793
-0.053409999999999985,21.84972,4.7658,2.8793000000000006
-0.053409999999999985,21.85972,4.7658,2.8793
-0.053409999999999985,21.86972,4.7658,2.8793000000000006
-0.053409999999999985,21.87972,4.7658,1.7453
-0.053409999999999985,21.888696,4.7658,2.8226000000000004
-0.053409999999999985,21.898696,4.7658,1.7453
-0.053409999999999985,21.908696,4.7658,2.7659000000000002
-0.053409999999999985,21.918696,4.7658,1.7453
-0.053409999999999985,21.927672,4.7658,2.7092000000000005
-0.053409999999999985,21.937672,4.7658,1.7453
-0.053409999999999985,21.947672,4.7658,2.6525000000000003
-0.053409999999999985,21.957672,4.7658,1.7453
-0.053409999999999985,21.966648,4.7658,2.5958000000000006
-0.053409999999999985,21.976648,4.7658,1.7453
-0.053409999999999985,21.986648,4.7658,2.5391000000000004
-0.053409999999999985,21.996648,4.7658,1.7453
-0.053409999999999985,22.006648,4.7658,2.4824
-0.053409999999999985,22.016648,4.7658,1.7453
-0.053409999999999985,22.026648,4.7658,2.4257000000000004
-0.053409999999999985,22.036648,4.7658,1.7453
-0.053409999999999985,22.046648,4.7658,2.369
-0.053409999999999985,22.055624,4.7658,1.74533
-0.053409999999999985,22.065624,4.7658,2.3123015000000002
-0.053409999999999985,22.075624,4.7658,1.74533
-0.053409999999999985,22.085624,4.7658,2.2556030000000002
-0.053409999999999985,22.0946,4.7658,1.74533
-0.053409999999999985,22.1046,4.7658,2.1989045000000007
-0.053409999999999985,22.1146,4.7658,1.74533
-0.053409999999999985,22.124604,4.7658,2.1422060000000007
-0.053409999999999985,22.1346,4.7658,1.74533
-0.053409999999999985,22.1446,4.7658,2.0855075000000007
-0.053409999999999985,22.1546,4.7658,1.74533
-0.053409999999999985,22.1646,4.7658,2.0288090000000008
-0.053409999999999985,22.1746,4.7658,1.74533
-0.053409999999999985,22.183576,4.7658,1.9721105000000005
-0.053409999999999985,22.193576,4.7658,1.74533
-0.053409999999999985,22.203576,4.7658,1.9154120000000008
-0.053409999999999985,22.213576,4.7658,1.74533
-0.053409999999999985,22.222552,4.7658,1.8587135000000004
-0.053409999999999985,22.232552,4.7658,1.74533
-0.053409999999999985,22.242552,4.7658,1.8020150000000006
-0.053409999999999985,22.252552,4.7658,1.74533
-0.053409999999999985,22.261528,4.7658,1.7453165000000004
-0.053409999999999985,22.271528,4.7658,1.7453
-0.053409999999999985,22.281528,4.7658,1.7453165000000004
-0.053409999999999985,22.291528,4.7658,1.7453
-0.053409999999999985,22.301528,4.7658,1.7453165000000004
-0.053409999999999985,22.311528,4.7658,1.7453
-0.053409999999999985,22.321528,4.7658,1.7453165000000004
-0.053409999999999985,22.331528,4.7658,1.7453
-0.053409999999999985,22.341528,4.7658,1.7453165000000004
-0.053409999999999985,22.350504,4.7658,1.7453
-0.053409999999999985,22.360504,4.7658,1.7453165000000004
-0.053409999999999985,22.370504,4.7658,1.7453
-0.053409999999999985,22.380504,4.7658,1.7453165000000004
-0.053409999999999985,22.38948,4.7658,1.7453
-0.053409999999999985,22.39948,4.7658,1.7453165000000004
-0.053409999999999985,22.40948,4.7658,1.74533
-0.053409999999999985,22.41948,4.7658,1.7453180000000001
-0.053409999999999985,22.428456,4.7658,1.7453
-0.053409999999999985,22.438456,4.7658,1.7453180000000001
-0.053409999999999985,22.448456,4.7658,1.7453
-0.053409999999999985,22.458456,4.7658,1.7453165000000004
-0.053409999999999985,22.468456,4.7658,1.7453
-0.053409999999999985,22.478456,4.7658,1.7453150000000002
-0.053409999999999985,22.488456,4.7658,1.7453
-0.053409999999999985,22.498456,4.7658,1.7453135
-0.053409999999999985,22.508456,4.7658,1.7453
-0.053409999999999985,22.517432,4.7658,1.745312
-0.053409999999999985,22.527432,4.7658,1.7453
-0.053409999999999985,22.537432,4.7658,1.7453105000000002
-0.053409999999999985,22.547432,4.7658,1.7453
-0.053409999999999985,22.556408,4.7658,1.745309
-0.053409999999999985,22.566408,4.7658,1.7453
-0.053409999999999985,22.576408,4.7658,1.7453075
-0.053409999999999985,22.586408,4.7658,1.7453
-0.053409999999999985,22.595384,4.7658,1.7453060000000002
-0.053409999999999985,22.605384,4.7658,1.7453
-0.053409999999999985,22.615384,4.7658,1.7453045
-0.053409999999999985,22.625384,4.7658,1.7453
-0.053409999999999985,22.635384,4.7658,1.7453030000000003
-0.053409999999999985,22.645384,4.7658,1.7453
-0.053409999999999985,22.655384,4.7658,1.7453015
-0.053409999999999985,22.665384,4.7658,1.7453
-0.053409999999999985,22.675384,4.7658,1.7453015
-0.053409999999999985,22.68436,4.7658,1.7453
-0.053409999999999985,22.69436,4.7658,1.7453015
-0.053409999999999985,22.70436,4.7658,1.7453
-0.053409999999999985,22.71436,4.7658,1.7453015
-0.053409999999999985,22.723336,4.7658,1.7453
-0.053409999999999985,22.733336,4.7658,1.7453015
-0.053409999999999985,22.743336,4.7658,1.7453
-0.053409999999999985,22.75334,4.7658,1.7453015
-0.053409999999999985,22.763336,4.7658,1.7453
-0.053409999999999985,22.773336,4.7658,1.7453015
-0.053409999999999985,22.783336,4.7658,1.7453
-0.053409999999999985,22.793336,4.7658,1.7453015
-0.053409999999999985,22.803336,4.7658,1.7453
-0.053409999999999985,22.812312,4.7658,1.7453
-0.053409999999999985,22.822312,4.7658,1.7453
-0.053409999999999985,22.832312,4.7658,1.7453
-0.053409999999999985,22.842312,4.7658,1.7453
-0.053409999999999985,22.851288,4.7658,1.7453
-0.053409999999999985,22.861288,4.7658,1.7453
-0.053409999999999985,22.871288,4.7658,1.7453
-0.053409999999999985,22.881288,4.7658,1.7453
-0.053409999999999985,22.890264,4.7658,1.7453
-0.053409999999999985,22.900264,4.7658,1.7453
-0.053409999999999985,22.910264,4.7658,1.7453
-0.053409999999999985,22.920264,4.7658,1.7453
-0.053409999999999985,22.930264,4.7658,1.7453
-0.053409999999999985,22.940264,4.7658,1.7453
-0.053409999999999985,22.950264,4.7658,1.7453
-0.053409999999999985,22.960264,4.7658,1.7453
-0.053409999999999985,22.970264,4.7658,1.7453
-0.053409999999999985,22.97924,4.7658,1.7453
-0.053409999999999985,22.98924,4.7658,1.7453
-0.053409999999999985,22.99924,4.7658,1.7453
-0.2715760000000002,23.00924,4.7658,1.7453
-0.4877784999999998,23.01824,4.763836499999999,1.7453
-0.6978549999999999,23.028244,4.7557465,1.7453
-0.8979569999999999,23.038264,4.7376819999999995,1.7453
-1.085021,23.048244,4.70658,1.7453
-1.2568485,23.05722,4.6602415,1.7453
-1.4121825000000001,23.066196,4.5974094999999995,1.7453
-1.549217,23.076196,4.516277499999999,1.7453
-1.666538,23.086196,4.415431999999999,1.7453
-1.7635955,23.0962,4.2943235,1.7453
-1.8397614999999998,23.105172,4.1523235,1.7453
-1.8948004999999999,23.115188,3.9891959999999993,1.7453
-1.9285550000000002,23.125172,3.8047845,1.7453
-1.9414179999999999,23.135172,3.5994810000000004,1.7453
-1.9340175,23.144144,3.3739145,1.7453
-1.9083960000000002,23.154144,3.1301265000000007,1.7453
-1.868873,23.164148,2.872437,1.7453
-1.8200035,23.174144,2.6054015000000006,1.7453
-1.7661860000000003,23.183124,2.3334180000000004,1.7453
-1.7116615000000004,23.193124,2.0607275000000005,1.7453
-1.4414845000000003,23.203124,1.7905505000000006,1.7453
-1.1781405000000003,23.213124,1.5272065000000001,1.7453
-0.9274415000000001,23.222112,1.2765075000000001,1.7453
-0.694492,23.231072,1.0435585,1.7453
-0.483063,23.241072,0.8321295,1.7453
-0.29527450000000005,23.251076,0.6443405000000002,1.7453
-0.13238300000000006,23.261072,0.481449,1.7453
0.003883499999999962,23.270048,0.3451825,1.7453
0.1128185,23.280048,0.236248,1.7453
0.1955995,23.290052,0.15346700000000002,1.7453
0.2543475,23.300052,0.09471900000000003,1.7453
0.29149700000000006,23.309032,0.05756950000000001,1.7453
0.30854000000000004,23.319032,0.040526,1.7453
0.3067335,23.329028,0.042332499999999995,1.7453
0.28709850000000003,23.339028,0.06196750000000002,1.7453
0.25199150000000003,23.348008,0.09707500000000002,1.7453
0.20612450000000002,23.358004,0.14294250000000003,1.7453
0.15452350000000004,23.368004,0.19454300000000002,1.7453
0.10205900000000001,23.378004,0.24700750000000002,1.7453
0.05297150000000002,23.388004,0.296095,1.7453
0.00961750000000001,23.398004,0.33944900000000006,1.7453
-0.027217499999999985,23.408004,0.376284,1.7453
-0.05792649999999999,23.418,0.40699300000000005,1.7453
-0.082824,23.428,0.43189000000000005,1.7453
-0.10159499999999999,23.43698,0.45066100000000003,1.7453
-0.11416100000000001,23.44698,0.4632275,1.7453
-0.11981599999999999,23.45698,0.468882,1.7453
-0.1177735,23.466984,0.46684000000000003,1.7453
-0.10819200000000001,23.47596,0.45725800000000005,1.7453
-0.09264099999999999,23.485936,0.441707,1.7453
-0.07394849999999999,23.495928,0.42301449999999996,1.7453
-0.05478450000000001,23.505928,0.40385100000000007,1.7453
-0.03679849999999999,23.514904,0.38586550000000003,1.7453
-0.020854499999999998,23.524904,0.3699220000000001,1.7453
-0.0073455000000000065,23.534904,0.3564130000000001,1.7453
0.0034144999999999983,23.544904,0.3456530000000001,1.7453
0.011033,23.554904,0.33803450000000007,1.7453
0.015039000000000004,23.564904,0.33402900000000013,1.7453
0.0149605,23.574904,0.3341075000000001,1.7453
0.010798000000000002,23.584904,0.33827000000000007,1.7453
0.0034154999999999993,23.594904,0.34565250000000014,1.7453
-0.005616500000000001,23.60388,0.3546845000000001,1.7453
-0.014255500000000003,23.61388,0.36332400000000015,1.7453
-0.020931,23.62388,0.3700000000000001,1.7453
-0.0252505,23.63388,0.37431950000000014,1.7453
-0.027371000000000003,23.642856,0.3764400000000001,1.7453
-0.027998999999999996,23.652856,0.37706850000000014,1.7453
-0.027998999999999996,23.662856,0.37706850000000014,1.7453
-0.02792,23.672856,0.37699000000000016,1.7453
-0.02792,23.681832,0.37699000000000016,1.7453
-0.02792,23.691832,0.37699000000000016,1.7453
-0.02792,23.701832,0.37699000000000016,1.7453
-0.02792,23.711832,0.37699000000000016,1.7453
-0.02792,23.721832,0.37699000000000016,1.7453
-0.02792,23.731832,0.37699000000000016,1.7453
-0.02792,23.741832,0.37699000000000016,1.7453
-0.02792,23.751832,0.37699000000000016,1.7453
-0.02792,23.761832,0.37699000000000016,1.7453
-0.02792,23.770808,0.37699000000000016,1.7453
-0.02792,23.780808,0.37699000000000016,1.7453
-0.02792,23.790808,0.37699000000000016,1.7453
-0.02792,23.800808,0.37699000000000016,1.7453
-0.02792,23.809784,0.37699000000000016,1.7453
-0.02792,23.819784,0.37699000000000016,1.7453
-0.02792,23.829784,0.37699000000000016,1.7453
-0.02792,23.839784,0.37699000000000016,1.7453
-0.02792,23.84876,0.37699000000000016,1.7453
-0.02792,23.85876,0.37699000000000016,1.7453
-0.02792,23.86876,0.37699000000000016,1.7453
-0.02792,23.87876,0.37699000000000016,1.7453
-0.02792,23.88876,0.37699000000000016,1.7453
-0.02792,23.89876,0.37699000000000016,1.7453
-0.02792,23.90876,0.37699000000000016,1.7453
-0.02792,23.91876,0.37699000000000016,1.7453
-0.02792,23.92876,0.37699000000000016,1.7453
-0.02792,23.937736,0.37699000000000016,1.7453
-0.02792,23.947736,0.37699000000000016,1.7453
-0.02792,23.957736,0.37699000000000016,1.7453
-0.02792,23.967736,0.37699000000000016,1.7453
-0.02792,23.976712,0.37699000000000016,1.7453
-0.02792,23.986712,0.37699000000000016,1.7453
-0.02792,23.996712,0.37699000000000016,1.7453
-0.02792,24.006716,0.37699000000000016,1.7453
