0.0,0.010056,0.0,0.0
0.0,0.020056,0.0,0.0
0.0,0.030056,0.0,0.0
0.0,0.040056,0.0,0.0
0.0,0.050056,0.0,0.0
0.0,0.060056,0.0,0.0
0.0,0.070056,0.0,0.0
0.0,0.080056,0.0,0.0
0.0,0.090056,0.0,0.0
0.0,0.100056,0.0,0.0
0.0,0.110056,0.0,0.0
0.0,0.120056,0.0,0.0
0.0,0.130056,0.0,0.0
0.0,0.140056,0.0,0.0
0.0,0.150056,0.0,0.0
0.0,0.160056,0.0,0.0
0.0,0.170056,0.0,0.0
0.0,0.180056,0.0,0.0
0.0,0.190056,0.0,0.0
0.0,0.200056,0.0,0.0
0.0,0.210056,0.0,0.0
0.0,0.220056,0.0,0.0
0.0,0.230056,0.0,0.0
0.0,0.240056,0.0,0.0
0.0,0.250056,0.0,0.0
0.0,0.260056,0.0,0.0
0.0,0.270056,0.0,0.0
0.0,0.280056,0.0,0.0
0.0,0.290056,0.0,0.0
0.0,0.300056,0.0,0.0
0.0,0.310056,0.0,0.0
0.0,0.320056,0.0,0.0
0.0,0.330056,0.0,0.0
0.0,0.340056,0.0,0.0
0.0,0.350056,0.0,0.0
0.0,0.360056,0.0,0.0
0.0,0.370056,0.0,0.0
0.0,0.380056,0.0,0.0
0.0,0.390056,0.0,0.0
0.0,0.400056,0.0,0.0
0.0,0.410056,0.0,0.0
0.0,0.420056,0.0,0.0
0.0,0.430056,0.0,0.0
0.0,0.440056,0.0,0.0
0.0,0.450056,0.0,0.0
0.0,0.460056,0.0,0.0
0.0,0.470056,0.0,0.0
0.0,0.480056,0.0,0.0
0.0,0.490056,0.0,0.0
0.0,0.500056,0.0,0.0
0.0,0.510056,0.0,0.0
0.0,0.520056,0.0,0.0
0.0,0.530056,0.0,0.0
0.0,0.540056,0.0,0.0
0.0,0.550056,0.0,0.0
0.0,0.560056,0.0,0.0
0.0,0.570056,0.0,0.0
0.0,0.580056,0.0,0.0
0.0,0.590056,0.0,0.0
0.0,0.600056,0.0,0.0
0.0,0.610056,0.0,0.0
0.0,0.620056,0.0,0.0
0.0,0.630056,0.0,0.0
0.0,0.64006,0.0,0.0
0.0,0.650056,0.0,0.0
0.0,0.660056,0.0,0.0
0.0,0.670056,0.0,0.0
0.0,0.680056,0.0,0.0
0.0,0.690056,0.0,0.0
0.0,0.700056,0.0,0.0
0.0,0.710056,0.0,0.0
0.0,0.720056,0.0,0.0
0.0,0.730056,0.0,0.0
0.0,0.740056,0.0,0.0
0.0,0.750056,0.0,0.0
0.0,0.760056,0.0,0.0
0.0,0.770056,0.0,0.0
0.0,0.780056,0.0,0.0
0.0,0.790056,0.0,0.0
0.0,0.800056,0.0,0.0
0.0,0.810056,0.0,0.0
0.0,0.820056,0.0,0.0
0.0,0.830056,0.0,0.0
0.0,0.840056,0.0,0.0
0.0,0.850056,0.0,0.0
0.0,0.860056,0.0,0.0
0.0,0.870056,0.0,0.0
0.0,0.880056,0.0,0.0
0.0,0.890056,0.0,0.0
0.0,0.900056,0.0,0.0
0.0,0.910056,0.0,0.0
0.0,0.920056,0.0,0.0
0.0,0.930056,0.0,0.0
0.0,0.940056,0.0,0.0
0.0,0.950056,0.0,0.0
0.0,0.960056,0.0,0.0
0.0,0.970056,0.0,0.0
0.0,0.980056,0.0,0.0
0.0,0.990056,0.0,0.0
0.0,1.000056,0.0,0.0
0.0,1.010056,0.0,0.0
0.0,1.020056,0.0,0.0
0.0,1.030056,0.0,0.0
0.0,1.040056,0.0,0.0
0.0,1.050056,0.0,0.0
0.0,1.060056,0.0,0.0
0.0,1.070056,0.0,0.0
0.0,1.080056,0.0,0.0
0.0,1.090056,0.0,0.0
0.0,1.100056,0.0,0.0
0.0,1.110056,0.0,0.0
0.0,1.120056,0.0,0.0
0.0,1.130056,0.0,0.0
0.0,1.140056,0.0,0.0
0.0,1.150056,0.0,0.0
0.0,1.160056,0.0,0.0
0.0,1.170056,0.0,0.0
0.0,1.180056,0.0,0.0
0.0,1.190056,0.0,0.0
0.0,1.200056,0.0,0.0
0.0,1.210056,0.0,0.0
0.0,1.220056,0.0,0.0
0.0,1.230056,0.0,0.0
0.0,1.240056,0.0,0.0
0.0,1.250056,0.0,0.0
0.0,1.260056,0.0,0.0
0.0,1.270056,0.0,0.0
0.0,1.28006,0.0,0.0
0.0,1.290056,0.0,0.0
0.0,1.300056,0.0,0.0
0.0,1.310056,0.0,0.0
0.0,1.320056,0.0,0.0
0.0,1.330056,0.0,0.0
0.0,1.340056,0.0,0.0
0.0,1.350056,0.0,0.0
0.0,1.360056,0.0,0.0
0.0,1.370056,0.0,0.0
0.0,1.380056,0.0,0.0
0.0,1.390056,0.0,0.0
0.0,1.400056,0.0,0.0
0.0,1.410056,0.0,0.0
0.0,1.420056,0.0,0.0
0.0,1.430056,0.0,0.0
0.0,1.440056,0.0,0.0
0.0,1.450056,0.0,0.0
0.0,1.460056,0.0,0.0
0.0,1.470056,0.0,0.0
0.0,1.480056,0.0,0.0
0.0,1.490056,0.0,0.0
0.0,1.500056,0.0,0.0
0.0,1.510056,0.0,0.0
0.0,1.520056,0.0,0.0
0.0,1.530056,0.0,0.0
0.0,1.540056,0.0,0.0
0.0,1.550056,0.0,0.0
0.0,1.560056,0.0,0.0
0.0,1.570056,0.0,0.0
0.0,1.580056,0.0,0.0
0.0,1.590056,0.0,0.0
0.0,1.600056,0.0,0.0
0.0,1.610056,0.0,0.0
0.0,1.620056,0.0,0.0
0.0,1.630056,0.0,0.0
0.0,1.640056,0.0,0.0
0.0,1.650056,0.0,0.0
0.0,1.660056,0.0,0.0
0.0,1.670056,0.0,0.0
0.0,1.680056,0.0,0.0
0.0,1.690056,0.0,0.0
0.0,1.700056,0.0,0.0
0.0,1.710056,0.0,0.0
0.0,1.720056,0.0,0.0
0.0,1.730056,0.0,0.0
0.0,1.740056,0.0,0.0
0.0,1.750056,0.0,0.0
0.0,1.760056,0.0,0.0
0.0,1.770056,0.0,0.0
0.0,1.780056,0.0,0.0
0.0,1.790056,0.0,0.0
0.0,1.800056,0.0,0.0
0.0,1.810056,0.0,0.0
0.0,1.820056,0.0,0.0
0.0,1.830056,0.0,0.0
0.0,1.840056,0.0,0.0
0.0,1.850056,0.0,0.0
0.0,1.860056,0.0,0.0
0.0,1.870056,0.0,0.0
0.0,1.880056,0.0,0.0
0.0,1.890056,0.0,0.0
0.0,1.900056,0.0,0.0
0.0,1.910056,0.0,0.0
0.0,1.92006,0.0,0.0
0.0,1.930056,0.0,0.0
0.0,1.940056,0.0,0.0
0.0,1.950056,0.0,0.0
0.0,1.960056,0.0,0.0
0.0,1.970056,0.0,0.0
0.0,1.980056,0.0,0.0
0.0,1.990056,0.0,0.0
0.0,2.000056,0.0,0.0
0.0,2.010056,0.0,0.0
0.0,2.020056,0.0,0.0
0.0,2.030056,0.0,0.0
0.0,2.040056,0.0,0.0
0.0,2.050056,0.0,0.0
0.0,2.060056,0.0,0.0
0.0,2.070056,0.0,0.0
0.0,2.080056,0.0,0.0
0.0,2.090056,0.0,0.0
0.0,2.100056,0.0,0.0
0.0,2.110056,0.0,0.0
0.0,2.120056,0.0,0.0
0.0,2.130056,0.0,0.0
0.0,2.140056,0.0,0.0
0.0,2.150056,0.0,0.0
0.0,2.160056,0.0,0.0
0.0,2.170056,0.0,0.0
0.0,2.180056,0.0,0.0
0.0,2.190056,0.0,0.0
0.0,2.200056,0.0,0.0
0.0,2.210056,0.0,0.0
0.0,2.220056,0.0,0.0
0.0,2.230056,0.0,0.0
0.0,2.240056,0.0,0.0
0.0,2.250056,0.0,0.0
0.0,2.260056,0.0,0.0
0.0,2.270056,0.0,0.0
0.0,2.280056,0.0,0.0
0.0,2.290056,0.0,0.0
0.0,2.300056,0.0,0.0
0.0,2.310056,0.0,0.0
0.0,2.320056,0.0,0.0
0.0,2.330056,0.0,0.0
0.0,2.340056,0.0,0.0
0.0,2.350056,0.0,0.0
0.0,2.360056,0.0,0.0
0.0,2.370056,0.0,0.0
0.0,2.380056,0.0,0.0
0.0,2.390056,0.0,0.0
0.0,2.400056,0.0,0.0
0.0,2.410056,0.0,0.0
0.0,2.420056,0.0,0.0
0.0,2.430056,0.0,0.0
0.0,2.440056,0.0,0.0
0.0,2.450056,0.0,0.0
0.0,2.460056,0.0,0.0
0.0,2.470056,0.0,0.0
0.0,2.480056,0.0,0.0
0.0,2.490056,0.0,0.0
0.0,2.500056,0.0,0.0
0.0,2.510056,0.0,0.0
0.0,2.520056,0.0,0.0
0.0,2.530056,0.0,0.0
0.0,2.540056,0.0,0.0
0.0,2.550056,0.0,0.0
0.0,2.56006,0.0,0.0
0.0,2.570056,0.0,0.0
0.0,2.580056,0.0,0.0
0.0,2.590056,0.0,0.0
0.0,2.600056,0.0,0.0
0.0,2.610056,0.0,0.0
0.0,2.620056,0.0,0.0
0.0,2.630056,0.0,0.0
0.0,2.640056,0.0,0.0
0.0,2.650056,0.0,0.0
0.0,2.660056,0.0,0.0
0.0,2.670056,0.0,0.0
0.0,2.680056,0.0,0.0
0.0,2.690056,0.0,0.0
0.0,2.700056,0.0,0.0
0.0,2.710056,0.0,0.0
0.0,2.720056,0.0,0.0
0.0,2.730056,0.0,0.0
0.0,2.740056,0.0,0.0
0.0,2.750056,0.0,0.0
0.0,2.760056,0.0,0.0
0.0,2.770056,0.0,0.0
0.0,2.780056,0.0,0.0
0.0,2.790056,0.0,0.0
0.0,2.800056,0.0,0.0
0.0,2.810056,0.0,0.0
0.0,2.820056,0.0,0.0
0.0,2.830056,0.0,0.0
0.0,2.840056,0.0,0.0
0.0,2.850056,0.0,0.0
0.0,2.860056,0.0,0.0
0.0,2.870056,0.0,0.0
0.0,2.880056,0.0,0.0
0.0,2.890056,0.0,0.0
0.0,2.900056,0.0,0.0
0.0,2.910056,0.0,0.0
0.0,2.920056,0.0,0.0
0.0,2.930056,0.0,0.0
0.0,2.940056,0.0,0.0
0.0,2.950056,0.0,0.0
0.0,2.960056,0.0,0.0
0.0,2.970056,0.0,0.0
0.0,2.980056,0.0,0.0
0.0,2.990056,0.0,0.0
0.0,3.000056,0.0,0.0
0.0,3.010056,0.0,0.0
0.0,3.020056,0.0,0.0
0.0,3.030056,0.0,0.0
0.0,3.040056,0.0,0.0
0.0,3.050056,0.0,0.0
0.0,3.060056,0.0,0.0
0.0,3.070056,0.0,0.0
0.0,3.080056,0.0,0.0
0.0,3.090056,0.0,0.0
0.0,3.100056,0.0,0.0
0.0,3.110056,0.0,0.0
0.0,3.120056,0.0,0.0
0.0,3.130056,0.0,0.0
0.0,3.140056,0.0,0.0
0.0,3.150056,0.0,0.0
0.0,3.160056,0.0,0.0
0.0,3.170056,0.0,0.0
0.0,3.180056,0.0,0.0
0.0,3.190056,0.0,0.0
0.0,3.20006,0.0,0.0
0.0,3.210056,0.0,0.0
0.0,3.220056,0.0,0.0
0.0,3.230056,0.0,0.0
0.0,3.240056,0.0,0.0
0.0,3.250056,0.0,0.0
0.0,3.260056,0.0,0.0
0.0,3.270056,0.0,0.0
0.0,3.280056,0.0,0.0
0.0,3.290056,0.0,0.0
0.0,3.300056,0.0,0.0
0.0,3.310056,0.0,0.0
0.0,3.320056,0.0,0.0
0.0,3.330056,0.0,0.0
0.0,3.340056,0.0,0.0
0.0,3.350056,0.0,0.0
0.0,3.360056,0.0,0.0
0.0,3.370056,0.0,0.0
0.0,3.380056,0.0,0.0
0.0,3.390056,0.0,0.0
0.0,3.400056,0.0,0.0
0.0,3.410056,0.0,0.0
0.0,3.420056,0.0,0.0
0.0,3.430056,0.0,0.0
0.0,3.440056,0.0,0.0
0.0,3.450056,0.0,0.0
0.0,3.460056,0.0,0.0
0.0,3.470056,0.0,0.0
0.0,3.480056,0.0,0.0
0.0,3.490056,0.0,0.0
0.0,3.500056,0.0,0.0
0.0,3.510056,0.0,0.0
0.0,3.520056,0.0,0.0
0.0,3.530056,0.0,0.0
0.0,3.540056,0.0,0.0
0.0,3.550056,0.0,0.0
0.0,3.560056,0.0,0.0
0.0,3.570056,0.0,0.0
0.0,3.580056,0.0,0.0
0.0,3.590056,0.0,0.0
0.0,3.600056,0.0,0.0
0.0,3.610056,0.0,0.0
0.0,3.620056,0.0,0.0
0.0,3.630056,0.0,0.0
0.0,3.640056,0.0,0.0
0.0,3.650056,0.0,0.0
0.0,3.660056,0.0,0.0
0.0,3.670056,0.0,0.0
0.0,3.680056,0.0,0.0
0.0,3.690056,0.0,0.0
0.0,3.700056,0.0,0.0
0.0,3.710056,0.0,0.0
0.0,3.720056,0.0,0.0
0.0,3.730056,0.0,0.0
0.0,3.740056,0.0,0.0
0.0,3.750056,0.0,0.0
0.0,3.760056,0.0,0.0
0.0,3.770056,0.0,0.0
0.0,3.780056,0.0,0.0
0.0,3.790056,0.0,0.0
0.0,3.800056,0.0,0.0
0.0,3.810056,0.0,0.0
0.0,3.820056,0.0,0.0
0.0,3.830056,0.0,0.0
0.0,3.84006,0.0,0.0
0.0,3.850056,0.0,0.0
0.0,3.860056,0.0,0.0
0.0,3.870056,0.0,0.0
0.0,3.880056,0.0,0.0
0.0,3.890056,0.0,0.0
0.0,3.900056,0.0,0.0
0.0,3.910056,0.0,0.0
0.0,3.920056,0.0,0.0
0.0,3.930056,0.0,0.0
0.0,3.940056,0.0,0.0
0.0,3.950056,0.0,0.0
0.0,3.960056,0.0,0.0
0.0,3.970056,0.0,0.0
0.0,3.980056,0.0,0.0
0.0,3.990056,0.0,0.0
0.0,4.000056,0.0,0.0
0.0,4.010056,0.0,0.0
0.0,4.020056,0.0,0.0
0.0,4.030056,0.0,0.0
0.0,4.040056,0.0,0.0
0.0,4.050056,0.0,0.0
0.0,4.060056,0.0,0.0
0.0,4.070056,0.0,0.0
0.0,4.080056,0.0,0.0
0.0,4.090056,0.0,0.0
0.0,4.100056,0.0,0.0
0.0,4.110056,0.0,0.0
0.0,4.120056,0.0,0.0
0.0,4.130056,0.0,0.0
0.0,4.140056,0.0,0.0
0.0,4.150056,0.0,0.0
0.0,4.160056,0.0,0.0
0.0,4.170056,0.0,0.0
0.0,4.180056,0.0,0.0
0.0,4.190056,0.0,0.0
0.0,4.200056,0.0,0.0
0.0,4.210056,0.0,0.0
0.0,4.220056,0.0,0.0
0.0,4.230056,0.0,0.0
0.0,4.240056,0.0,0.0
0.0,4.250056,0.0,0.0
0.0,4.260056,0.0,0.0
0.0,4.270056,0.0,0.0
0.0,4.280056,0.0,0.0
0.0,4.290056,0.0,0.0
0.0,4.300056,0.0,0.0
0.0,4.310056,0.0,0.0
0.0,4.320056,0.0,0.0
0.0,4.330056,0.0,0.0
0.0,4.340056,0.0,0.0
0.0,4.350056,0.0,0.0
0.0,4.360056,0.0,0.0
0.0,4.370056,0.0,0.0
0.0,4.380056,0.0,0.0
0.0,4.390056,0.0,0.0
0.0,4.400056,0.0,0.0
0.0,4.410056,0.0,0.0
0.0,4.420056,0.0,0.0
0.0,4.430056,0.0,0.0
0.0,4.440056,0.0,0.0
0.0,4.450056,0.0,0.0
0.0,4.460056,0.0,0.0
0.0,4.470056,0.0,0.0
0.0,4.48006,0.0,0.0
0.0,4.490056,0.0,0.0
0.0,4.500056,0.0,0.0
0.0,4.510056,0.0,0.0
0.0,4.520056,0.0,0.0
0.0,4.530056,0.0,0.0
0.0,4.540056,0.0,0.0
0.0,4.550056,0.0,0.0
0.0,4.560056,0.0,0.0
0.0,4.570056,0.0,0.0
0.0,4.580056,0.0,0.0
0.0,4.590056,0.0,0.0
0.0,4.600056,0.0,0.0
0.0,4.610056,0.0,0.0
0.0,4.620056,0.0,0.0
0.0,4.630056,0.0,0.0
0.0,4.640056,0.0,0.0
0.0,4.650056,0.0,0.0
0.0,4.660056,0.0,0.0
0.0,4.670056,0.0,0.0
0.0,4.680056,0.0,0.0
0.0,4.690056,0.0,0.0
0.0,4.700056,0.0,0.0
0.0,4.710056,0.0,0.0
0.0,4.720056,0.0,0.0
0.0,4.730056,0.0,0.0
0.0,4.740056,0.0,0.0
0.0,4.750056,0.0,0.0
0.0,4.760056,0.0,0.0
0.0,4.770056,0.0,0.0
0.0,4.780056,0.0,0.0
0.0,4.790056,0.0,0.0
0.0,4.800056,0.0,0.0
0.0,4.810056,0.0,0.0
0.0,4.820056,0.0,0.0
0.0,4.830056,0.0,0.0
0.0,4.840056,0.0,0.0
0.0,4.850056,0.0,0.0
0.0,4.860056,0.0,0.0
0.0,4.870056,0.0,0.0
0.0,4.880056,0.0,0.0
0.0,4.890056,0.0,0.0
0.0,4.900056,0.0,0.0
0.0,4.910056,0.0,0.0
0.0,4.920056,0.0,0.0
0.0,4.930056,0.0,0.0
0.0,4.940056,0.0,0.0
0.0,4.950056,0.0,0.0
0.0,4.960056,0.0,0.0
0.0,4.970056,0.0,0.0
0.0,4.980056,0.0,0.0
0.0,4.990056,0.0,0.0
0.02618,5.000056,0.0,0.0
0.0521245,5.010076,0.0002355,0.0
0.077048,5.02008,0.001492,0.0
0.1002435,5.030088,0.0044765000000000004,0.0
0.1213185,5.04008,0.0095815,0.0
0.13948750000000001,5.04906,0.0175925,0.0
0.154122,5.059056,0.029137999999999997,0.0
0.16498650000000004,5.06906,0.04445350000000001,0.0
0.17168850000000002,5.079056,0.06393150000000002,0.0
0.17383550000000003,5.088032,0.0879645,0.0
0.17150550000000003,5.098036,0.1164745,0.0
0.16556250000000003,5.108036,0.1485975,0.0
0.15742050000000002,5.11804,0.1829195,0.0
0.14912150000000002,5.12804,0.21739850000000002,0.0
0.14247200000000002,5.138036,0.250228,0.0
0.13817850000000004,5.148048,0.2807015,0.0
0.13624100000000003,5.158036,0.308819,0.0
0.13595300000000005,5.168036,0.33528700000000006,0.0
0.13660750000000005,5.178036,0.36081250000000004,0.0
0.13765450000000004,5.188016,0.38594500000000004,0.0
0.11252150000000004,5.198008,0.41107750000000004,0.0
0.08762400000000001,5.208008,0.43597450000000004,0.0
0.0637475,5.218008,0.45985049999999994,0.0
0.041599,5.228008,0.4819985000000001,0.0
0.021570999999999996,5.238008,0.5020260000000001,0.0
0.004449000000000004,5.248008,0.5191475000000001,0.0
-0.009138499999999997,5.256984,0.5327345,0.0
-0.018956,5.266984,0.5425515000000001,0.0
-0.024610999999999997,5.276984,0.5482060000000001,0.0
-0.025711,5.286984,0.5493055,0.0
-0.022334000000000003,5.296984,0.545928,0.0
-0.015343999999999997,5.306984,0.5389375000000002,0.0
-0.006154999999999997,5.316984,0.529748,0.0
0.0031910000000000037,5.326984,0.5204015000000001,0.0
0.010887500000000007,5.336984,0.5127045000000001,0.0
0.016228000000000006,5.346984,0.5073635,0.0
0.019212500000000007,5.356984,0.5043785,0.0
0.02054750000000001,5.366984,0.5030429999999999,0.0
0.02094000000000001,5.376984,0.5026499999999999,0.0
0.02094000000000001,5.38596,0.5026499999999999,0.0
0.02094000000000001,5.39596,0.5026499999999999,0.0
0.02094000000000001,5.40596,0.5026499999999999,0.0
0.02094000000000001,5.41596,0.5026499999999999,0.0
0.02094000000000001,5.424936,0.5026499999999999,0.0
0.02094000000000001,5.434936,0.5026499999999999,0.0
0.02094000000000001,5.444936,0.5026499999999999,0.0
0.02094000000000001,5.454936,0.5026499999999999,0.0
0.02094000000000001,5.464936,0.5026499999999999,0.0
0.02094000000000001,5.474936,0.5026499999999999,0.0
0.02094000000000001,5.484936,0.5026499999999999,0.0
0.02094000000000001,5.494936,0.5026499999999999,0.0
0.02094000000000001,5.504936,0.5026499999999999,0.0
0.02094000000000001,5.514936,0.5026499999999999,0.0
0.02094000000000001,5.524936,0.5026499999999999,0.0
0.02094000000000001,5.534936,0.5026499999999999,0.0
0.02094000000000001,5.544936,0.5026499999999999,0.0
0.02094000000000001,5.553912,0.5026499999999999,0.0
0.02094000000000001,5.563912,0.5026499999999999,0.0
0.02094000000000001,5.573912,0.5026499999999999,0.0
0.02094000000000001,5.583912,0.5026499999999999,0.0
0.02094000000000001,5.592888,0.5026499999999999,0.0
0.02094000000000001,5.602888,0.5026499999999999,0.0
0.02094000000000001,5.612888,0.5026499999999999,0.0
0.02094000000000001,5.622888,0.5026499999999999,0.0
0.02094000000000001,5.632888,0.5026499999999999,0.0
0.02094000000000001,5.642888,0.5026499999999999,0.0
0.02094000000000001,5.652888,0.5026499999999999,0.0
0.02094000000000001,5.662888,0.5026499999999999,0.0
0.02094000000000001,5.672888,0.5026499999999999,0.0
0.02094000000000001,5.682888,0.5026499999999999,0.0
0.02094000000000001,5.692888,0.5026499999999999,0.0
0.02094000000000001,5.702888,0.5026499999999999,0.0
0.02094000000000001,5.712888,0.5026499999999999,0.0
0.02094000000000001,5.721864,0.5026499999999999,0.0
0.02094000000000001,5.731864,0.5026499999999999,0.0
0.02094000000000001,5.741864,0.5026499999999999,0.0
0.02094000000000001,5.751868,0.5026499999999999,0.0
0.02094000000000001,5.761864,0.5026499999999999,0.0
0.02094000000000001,5.771864,0.5026499999999999,0.0
0.02094000000000001,5.781864,0.5026499999999999,0.0
0.02094000000000001,5.791864,0.5026499999999999,0.0
0.02094000000000001,5.801864,0.5026499999999999,0.0
0.02094000000000001,5.811864,0.5026499999999999,0.0
0.02094000000000001,5.821864,0.5026499999999999,0.0
0.02094000000000001,5.831864,0.5026499999999999,0.0
0.02094000000000001,5.841864,0.5026499999999999,0.0
0.02094000000000001,5.851864,0.5026499999999999,0.0
0.02094000000000001,5.861864,0.5026499999999999,0.0
0.02094000000000001,5.871864,0.5026499999999999,0.0
0.02094000000000001,5.881864,0.5026499999999999,0.0
0.02094000000000001,5.89084,0.5026499999999999,0.0
0.02094000000000001,5.90084,0.5026499999999999,0.0
0.02094000000000001,5.91084,0.5026499999999999,0.0
0.02094000000000001,5.92084,0.5026499999999999,0.0
0.02094000000000001,5.93084,0.5026499999999999,0.0
0.02094000000000001,5.94084,0.5026499999999999,0.0
0.02094000000000001,5.95084,0.5026499999999999,0.0
0.02094000000000001,5.96084,0.5026499999999999,0.0
0.02094000000000001,5.97084,0.5026499999999999,0.0
0.02094000000000001,5.98084,0.5026499999999999,0.0
0.02094000000000001,5.99084,0.5026499999999999,0.0
0.02094000000000001,6.00084,0.5026499999999999,0.0
0.02094000000000001,6.01084,0.5026499999999999,0.0
0.02094000000000001,6.019816,0.5026499999999999,0.0
0.02094000000000001,6.029816,0.5026499999999999,0.0
0.02094000000000001,6.039816,0.5026499999999999,0.0
0.02094000000000001,6.049816,0.5026499999999999,0.0
0.02094000000000001,6.058792,0.5026499999999999,0.0
0.02094000000000001,6.068792,0.5026499999999999,0.0
0.02094000000000001,6.078792,0.5026499999999999,0.0
0.02094000000000001,6.088792,0.5026499999999999,0.0
0.02094000000000001,6.098792,0.5026499999999999,0.0
0.02094000000000001,6.108792,0.5026499999999999,0.0
0.02094000000000001,6.118792,0.5026499999999999,0.0
0.02094000000000001,6.128792,0.5026499999999999,0.0
0.02094000000000001,6.138792,0.5026499999999999,0.0
0.02094000000000001,6.148792,0.5026499999999999,0.0
0.02094000000000001,6.158792,0.5026499999999999,0.0
0.02094000000000001,6.168792,0.5026499999999999,0.0
0.02094000000000001,6.178792,0.5026499999999999,0.0
0.02094000000000001,6.187768,0.5026499999999999,0.0
0.02094000000000001,6.197768,0.5026499999999999,0.0
0.02094000000000001,6.207768,0.5026499999999999,0.0
0.02094000000000001,6.217768,0.5026499999999999,0.0
0.02094000000000001,6.226744,0.5026499999999999,0.0
0.02094000000000001,6.236744,0.5026499999999999,0.0
0.02094000000000001,6.246744,0.5026499999999999,0.0
0.02094000000000001,6.256744,0.5026499999999999,0.0
0.02094000000000001,6.266744,0.5026499999999999,0.0
0.02094000000000001,6.276744,0.5026499999999999,0.0
0.02094000000000001,6.286744,0.5026499999999999,0.0
0.02094000000000001,6.296744,0.5026499999999999,0.0
0.02094000000000001,6.306744,0.5026499999999999,0.0
0.02094000000000001,6.316744,0.5026499999999999,0.0
0.02094000000000001,6.326744,0.5026499999999999,0.0
0.02094000000000001,6.336744,0.5026499999999999,0.0
0.02094000000000001,6.346744,0.5026499999999999,0.0
0.02094000000000001,6.35572,0.5026499999999999,0.0
0.02094000000000001,6.36572,0.5026499999999999,0.0
0.02094000000000001,6.37572,0.5026499999999999,0.0
0.02094000000000001,6.385724,0.5026499999999999,0.0
0.02094000000000001,6.39572,0.5026499999999999,0.0
0.02094000000000001,6.40572,0.5026499999999999,0.0
0.02094000000000001,6.41572,0.5026499999999999,0.0
0.02094000000000001,6.42572,0.5026499999999999,0.0
0.02094000000000001,6.43572,0.5026499999999999,0.0
0.02094000000000001,6.44572,0.5026499999999999,0.0
0.02094000000000001,6.45572,0.5026499999999999,0.0
0.02094000000000001,6.46572,0.5026499999999999,0.0
0.02094000000000001,6.47572,0.5026499999999999,0.0
0.02094000000000001,6.48572,0.5026499999999999,0.0
0.02094000000000001,6.49572,0.5026499999999999,0.0
0.02094000000000001,6.50572,0.5026499999999999,0.0
0.02094000000000001,6.51572,0.5026499999999999,0.0
0.02094000000000001,6.524696,0.5026499999999999,0.0
0.02094000000000001,6.534696,0.5026499999999999,0.0
0.02094000000000001,6.544696,0.5026499999999999,0.0
0.02094000000000001,6.554696,0.5026499999999999,0.0
0.02094000000000001,6.564696,0.5026499999999999,0.0
0.02094000000000001,6.574696,0.5026499999999999,0.0
0.02094000000000001,6.584696,0.5026499999999999,0.0
0.02094000000000001,6.594696,0.5026499999999999,0.0
0.02094000000000001,6.604696,0.5026499999999999,0.0
0.02094000000000001,6.614696,0.5026499999999999,0.0
0.02094000000000001,6.624696,0.5026499999999999,0.0
0.02094000000000001,6.634696,0.5026499999999999,0.0
0.02094000000000001,6.644696,0.5026499999999999,0.0
0.02094000000000001,6.653672,0.5026499999999999,0.0
0.02094000000000001,6.663672,0.5026499999999999,0.0
0.02094000000000001,6.673672,0.5026499999999999,0.0
0.02094000000000001,6.683672,0.5026499999999999,0.0
0.02094000000000001,6.692648,0.5026499999999999,0.0
0.02094000000000001,6.702648,0.5026499999999999,0.0
0.02094000000000001,6.712648,0.5026499999999999,0.0
0.02094000000000001,6.722648,0.5026499999999999,0.0
0.02094000000000001,6.732648,0.5026499999999999,0.0
0.02094000000000001,6.742648,0.5026499999999999,0.0
0.02094000000000001,6.752648,0.5026499999999999,0.0
0.02094000000000001,6.762648,0.5026499999999999,0.0
0.02094000000000001,6.772648,0.5026499999999999,0.0
0.02094000000000001,6.782648,0.5026499999999999,0.0
0.02094000000000001,6.792648,0.5026499999999999,0.0
0.02094000000000001,6.802648,0.5026499999999999,0.0
0.02094000000000001,6.812648,0.5026499999999999,0.0
0.02094000000000001,6.821624,0.5026499999999999,0.0
0.02094000000000001,6.831624,0.5026499999999999,0.0
0.02094000000000001,6.841624,0.5026499999999999,0.0
0.02094000000000001,6.851624,0.5026499999999999,0.0
0.02094000000000001,6.8606,0.5026499999999999,0.0
0.02094000000000001,6.8706,0.5026499999999999,0.0
0.02094000000000001,6.8806,0.5026499999999999,0.0
0.02094000000000001,6.8906,0.5026499999999999,0.0
0.02094000000000001,6.9006,0.5026499999999999,0.0
0.02094000000000001,6.9106,0.5026499999999999,0.0
0.02094000000000001,6.9206,0.5026499999999999,0.0
0.02094000000000001,6.9306,0.5026499999999999,0.0
0.02094000000000001,6.9406,0.5026499999999999,0.0
0.02094000000000001,6.9506,0.5026499999999999,0.0
0.02094000000000001,6.9606,0.5026499999999999,0.0
0.02094000000000001,6.9706,0.5026499999999999,0.0
0.02094000000000001,6.9806,0.5026499999999999,0.0
0.02094000000000001,6.989576,0.5026499999999999,0.0
0.02094000000000001,6.999576,0.5026499999999999,0.0
0.05584699999999997,7.009576,0.5026499999999999,0.0
0.09028249999999999,7.0196,0.5031215,0.0
0.12275449999999999,7.029604,0.5055565,0.0
0.151928,7.039604,0.51129,0.0
0.176939,7.049612,0.5211865,0.0
0.1970805,7.059604,0.5359519999999999,0.0
0.21195950000000027,7.069604,0.5559799999999998,0.0
0.22118400000000024,7.079604,0.5816629999999997,0.0
0.2244390000000002,7.089604,0.6133149999999997,0.0
0.22196100000000019,7.099604,0.6506999999999996,0.0
0.21492750000000016,7.109604,0.6926404999999998,0.0
0.2051450000000001,7.118584,0.7373299999999997,0.0
0.194577,7.128584,0.7828049999999998,0.0
0.18495150000000002,7.13858,0.8273374999999998,0.0
0.1775255,7.148584,0.8696704999999998,0.0
0.17308400000000002,7.157556,0.9090189999999998,0.0
0.17147,7.167556,0.9455404999999999,0.0
0.17205500000000004,7.177556,0.9798625,0.0
0.17421050000000002,7.18756,1.012614,0.0
0.17691600000000005,7.197536,1.0448155000000001,0.0
0.14463600000000004,7.207552,1.0770955000000002,0.0
0.11274899999999999,7.217536,1.1089825000000002,0.0
0.0828255,7.227528,1.1389060000000002,0.0
0.05620049999999999,7.237528,1.165531,0.0
0.033738,7.247528,1.187993,0.0
0.016145,7.257528,1.2055860000000003,0.0
0.0038145000000000063,7.267528,1.2179165000000003,0.0
-0.0028614999999999925,7.277528,1.2245920000000001,0.0
-0.0035679999999999913,7.286504,1.2252985,0.0
0.0014585000000000093,7.296504,1.220272,0.0
0.01104050000000001,7.306504,1.21069,0.0
0.023371500000000007,7.316504,1.1983590000000002,0.0
0.03648800000000001,7.32548,1.1852425,0.0
0.048662000000000004,7.33548,1.1730685,0.0
0.05863650000000001,7.34548,1.1630939999999999,0.0
0.0656265,7.35548,1.1561039999999998,0.0
0.06978899999999999,7.36548,1.1519409999999997,0.0
0.07175249999999998,7.37548,1.1499774999999997,0.0
0.07214549999999999,7.38548,1.1495844999999996,0.0
0.0719885,7.39548,1.1497414999999997,0.0
0.07190999999999999,7.40548,1.1498199999999998,0.0
0.07190999999999999,7.41548,1.1498199999999998,0.0
0.07190999999999999,7.42548,1.1498199999999998,0.0
0.07190999999999999,7.43548,1.1498199999999998,0.0
0.07190999999999999,7.44548,1.1498199999999998,0.0
0.07190999999999999,7.454456,1.1498199999999998,0.0
0.07190999999999999,7.464456,1.1498199999999998,0.0
0.07190999999999999,7.474456,1.1498199999999998,0.0
0.07190999999999999,7.484456,1.1498199999999998,0.0
0.07190999999999999,7.493432,1.1498199999999998,0.0
0.07190999999999999,7.503432,1.1498199999999998,0.0
0.07190999999999999,7.513432,1.1498199999999998,0.0
0.07190999999999999,7.523432,1.1498199999999998,0.0
0.07190999999999999,7.533432,1.1498199999999998,0.0
0.07190999999999999,7.543432,1.1498199999999998,0.0
0.07190999999999999,7.553432,1.1498199999999998,0.0
0.07190999999999999,7.563432,1.1498199999999998,0.0
0.07190999999999999,7.573432,1.1498199999999998,0.0
0.07190999999999999,7.583432,1.1498199999999998,0.0
0.07190999999999999,7.593432,1.1498199999999998,0.0
0.07190999999999999,7.603432,1.1498199999999998,0.0
0.07190999999999999,7.613432,1.1498199999999998,0.0
0.07190999999999999,7.622408,1.1498199999999998,0.0
0.07190999999999999,7.632408,1.1498199999999998,0.0
0.07190999999999999,7.642408,1.1498199999999998,0.0
0.07190999999999999,7.652412,1.1498199999999998,0.0
0.07190999999999999,7.662408,1.1498199999999998,0.0
0.07190999999999999,7.672408,1.1498199999999998,0.0
0.07190999999999999,7.682408,1.1498199999999998,0.0
0.07190999999999999,7.692408,1.1498199999999998,0.0
0.07190999999999999,7.702408,1.1498199999999998,0.0
0.07190999999999999,7.712408,1.1498199999999998,0.0
0.07190999999999999,7.722408,1.1498199999999998,0.0
0.07190999999999999,7.732408,1.1498199999999998,0.0
0.07190999999999999,7.742408,1.1498199999999998,0.0
0.07190999999999999,7.752408,1.1498199999999998,0.0
0.07190999999999999,7.762408,1.1498199999999998,0.0
0.07190999999999999,7.772408,1.1498199999999998,0.0
0.07190999999999999,7.782408,1.1498199999999998,0.0
0.07190999999999999,7.791384,1.1498199999999998,0.0
0.07190999999999999,7.801384,1.1498199999999998,0.0
0.07190999999999999,7.811384,1.1498199999999998,0.0
0.07190999999999999,7.821384,1.1498199999999998,0.0
0.07190999999999999,7.831384,1.1498199999999998,0.0
0.07190999999999999,7.841384,1.1498199999999998,0.0
0.07190999999999999,7.851384,1.1498199999999998,0.0
0.07190999999999999,7.861384,1.1498199999999998,0.0
0.07190999999999999,7.871384,1.1498199999999998,0.0
0.07190999999999999,7.881384,1.1498199999999998,0.0
0.07190999999999999,7.891384,1.1498199999999998,0.0
0.07190999999999999,7.901384,1.1498199999999998,0.0
0.07190999999999999,7.911384,1.1498199999999998,0.0
0.07190999999999999,7.92036,1.1498199999999998,0.0
0.07190999999999999,7.93036,1.1498199999999998,0.0
0.07190999999999999,7.94036,1.1498199999999998,0.0
0.07190999999999999,7.95036,1.1498199999999998,0.0
0.07190999999999999,7.959336,1.1498199999999998,0.0
0.07190999999999999,7.969336,1.1498199999999998,0.0
0.07190999999999999,7.979336,1.1498199999999998,0.0
0.07190999999999999,7.989336,1.1498199999999998,0.0
0.07190999999999999,7.999336,1.1498199999999998,0.0
0.07190999999999999,8.009336,1.1498199999999998,0.0
0.07190999999999999,8.019336,1.1498199999999998,0.0
0.07190999999999999,8.029336,1.1498199999999998,0.0
0.07190999999999999,8.039336,1.1498199999999998,0.0
0.07190999999999999,8.049336,1.1498199999999998,0.0
0.07190999999999999,8.059336,1.1498199999999998,0.0
0.07190999999999999,8.069336,1.1498199999999998,0.0
0.07190999999999999,8.079336,1.1498199999999998,0.0
0.07190999999999999,8.088312,1.1498199999999998,0.0
0.07190999999999999,8.098312,1.1498199999999998,0.0
0.07190999999999999,8.108312,1.1498199999999998,0.0
0.07190999999999999,8.118312,1.1498199999999998,0.0
0.07190999999999999,8.127288,1.1498199999999998,0.0
0.07190999999999999,8.137288,1.1498199999999998,0.0
0.07190999999999999,8.147288,1.1498199999999998,0.0
0.07190999999999999,8.157288,1.1498199999999998,0.0
0.07190999999999999,8.167288,1.1498199999999998,0.0
0.07190999999999999,8.177288,1.1498199999999998,0.0
0.07190999999999999,8.187288,1.1498199999999998,0.0
0.07190999999999999,8.197288,1.1498199999999998,0.0
0.07190999999999999,8.207288,1.1498199999999998,0.0
0.07190999999999999,8.217288,1.1498199999999998,0.0
0.07190999999999999,8.227288,1.1498199999999998,0.0
0.07190999999999999,8.237288,1.1498199999999998,0.0
0.07190999999999999,8.247288,1.1498199999999998,0.0
0.07190999999999999,8.256264,1.1498199999999998,0.0
0.07190999999999999,8.266264,1.1498199999999998,0.0
0.07190999999999999,8.276264,1.1498199999999998,0.0
0.07190999999999999,8.286268,1.1498199999999998,0.0
0.07190999999999999,8.296264,1.1498199999999998,0.0
0.07190999999999999,8.306264,1.1498199999999998,0.0
0.07190999999999999,8.316264,1.1498199999999998,0.0
0.07190999999999999,8.326264,1.1498199999999998,0.0
0.07190999999999999,8.336264,1.1498199999999998,0.0
0.07190999999999999,8.346264,1.1498199999999998,0.0
0.07190999999999999,8.356264,1.1498199999999998,0.0
0.07190999999999999,8.366264,1.1498199999999998,0.0
0.07190999999999999,8.376264,1.1498199999999998,0.0
0.07190999999999999,8.386264,1.1498199999999998,0.0
0.07190999999999999,8.396264,1.1498199999999998,0.0
0.07190999999999999,8.406264,1.1498199999999998,0.0
0.07190999999999999,8.416264,1.1498199999999998,0.0
0.07190999999999999,8.42524,1.1498199999999998,0.0
0.07190999999999999,8.43524,1.1498199999999998,0.0
0.07190999999999999,8.44524,1.1498199999999998,0.0
0.07190999999999999,8.45524,1.1498199999999998,0.0
0.07190999999999999,8.46524,1.1498199999999998,0.0
0.07190999999999999,8.47524,1.1498199999999998,0.0
0.07190999999999999,8.48524,1.1498199999999998,0.0
0.07190999999999999,8.49524,1.1498199999999998,0.0
0.07190999999999999,8.50524,1.1498199999999998,0.0
0.07190999999999999,8.51524,1.1498199999999998,0.0
0.07190999999999999,8.52524,1.1498199999999998,0.0
0.07190999999999999,8.53524,1.1498199999999998,0.0
0.07190999999999999,8.54524,1.1498199999999998,0.0
0.07190999999999999,8.554216,1.1498199999999998,0.0
0.07190999999999999,8.564216,1.1498199999999998,0.0
0.07190999999999999,8.574216,1.1498199999999998,0.0
0.07190999999999999,8.584216,1.1498199999999998,0.0
0.07190999999999999,8.593192,1.1498199999999998,0.0
0.07190999999999999,8.603192,1.1498199999999998,0.0
0.07190999999999999,8.613192,1.1498199999999998,0.0
0.07190999999999999,8.623192,1.1498199999999998,0.0
0.07190999999999999,8.633192,1.1498199999999998,0.0
0.07190999999999999,8.643192,1.1498199999999998,0.0
0.07190999999999999,8.653192,1.1498199999999998,0.0
0.07190999999999999,8.663192,1.1498199999999998,0.0
0.07190999999999999,8.673192,1.1498199999999998,0.0
0.07190999999999999,8.683192,1.1498199999999998,0.0
0.07190999999999999,8.693192,1.1498199999999998,0.0
0.07190999999999999,8.703192,1.1498199999999998,0.0
0.07190999999999999,8.713192,1.1498199999999998,0.0
0.07190999999999999,8.722168,1.1498199999999998,0.0
0.07190999999999999,8.732168,1.1498199999999998,0.0
0.07190999999999999,8.742168,1.1498199999999998,0.0
0.07190999999999999,8.752168,1.1498199999999998,0.0
0.07190999999999999,8.761144,1.1498199999999998,0.0
0.07190999999999999,8.771144,1.1498199999999998,0.0
0.07190999999999999,8.781144,1.1498199999999998,0.0
0.07190999999999999,8.791144,1.1498199999999998,0.0
0.07190999999999999,8.801144,1.1498199999999998,0.0
0.07190999999999999,8.811144,1.1498199999999998,0.0
0.07190999999999999,8.821144,1.1498199999999998,0.0
0.07190999999999999,8.831144,1.1498199999999998,0.0
0.07190999999999999,8.841144,1.1498199999999998,0.0
0.07190999999999999,8.851144,1.1498199999999998,0.0
0.07190999999999999,8.861144,1.1498199999999998,0.0
0.07190999999999999,8.871144,1.1498199999999998,0.0
0.07190999999999999,8.881144,1.1498199999999998,0.0
0.07190999999999999,8.89012,1.1498199999999998,0.0
0.07190999999999999,8.90012,1.1498199999999998,0.0
0.07190999999999999,8.91012,1.1498199999999998,0.0
0.07190999999999999,8.920124,1.1498199999999998,0.0
0.07190999999999999,8.93012,1.1498199999999998,0.0
0.07190999999999999,8.94012,1.1498199999999998,0.0
0.07190999999999999,8.95012,1.1498199999999998,0.0
0.07190999999999999,8.96012,1.1498199999999998,0.0
0.07190999999999999,8.97012,1.1498199999999998,0.0
0.07190999999999999,8.98012,1.1498199999999998,0.0
0.07190999999999999,8.99012,1.1498199999999998,0.0
0.15479249999999994,9.00012,1.1498199999999998,0.0
0.23696849999999997,9.010144,1.1505269999999996,0.0
0.31474599999999997,9.019132,1.1556319999999995,0.0
0.3839625,9.029124,1.1692979999999995,0.0
0.4417125000000005,9.03912,1.1944309999999998,0.0
0.48579650000000046,9.049124,1.2332299999999998,0.0
0.5153505000000005,9.0581,1.2865584999999997,0.0
0.5299820000000004,9.0681,1.3548094999999998,0.0
0.5299265000000004,9.0781,1.4377474999999997,0.0
0.5166765000000003,9.0881,1.5338804999999998,0.0
0.4931375000000003,9.0981,1.640302,0.0
0.46284400000000026,9.107076,1.7534779999999999,0.0
0.42909500000000017,9.117076,1.8701100000000002,0.0
0.39440349999999996,9.12708,1.9876845,0.0
0.360576,9.137076,2.104395,0.0
0.3287905,9.146056,2.2190635000000003,0.0
0.2999895,9.156056,2.3307475,0.0
0.27488,9.166052,2.4387399999999997,0.0
0.2540115,9.176052,2.542491,0.0
0.23785550000000005,9.185028,2.64153,0.0
0.1438435000000001,9.195048,2.7355424999999993,0.0
0.05580000000000005,9.205032,2.8235855,0.0
-0.022661000000000004,9.215028,2.902047,0.0
-0.08831999999999998,9.224008,2.9677065,0.0
-0.140078,9.234004,3.0194639999999997,0.0
-0.17769849999999998,9.244004,3.0570844999999998,0.0
-0.20188850000000003,9.254004,3.0812749999999998,0.0
-0.213198,9.264008,3.0925849999999997,0.0
-0.21233400000000002,9.272984,3.0917209999999997,0.0
-0.20086750000000003,9.282984,3.080254,0.0
-0.18123250000000002,9.292984,3.0606189999999995,0.0
-0.1560995,9.30298,3.035486,0.0
-0.1279035,9.311932,3.0072899999999994,0.0
-0.09876499999999999,9.321928,2.9781514999999996,0.0
-0.0704905,9.331928,2.949877,0.0
-0.044258,9.341928,2.9236445,0.0
-0.02101,9.350904,2.9003965,0.0
-0.0014535000000000101,9.360904,2.88084,0.0
0.013861999999999998,9.370904,2.865525,0.0
0.024465,9.380904,2.854922,0.0
0.0300415,9.38988,2.8493455,0.0
0.030356,9.39988,2.8490315,0.0
0.025486500000000002,9.40988,2.853901,0.0
0.016376,9.41988,2.8630115000000003,0.0
0.004831000000000002,9.42988,2.8745570000000003,0.0
-0.007185499999999999,9.43988,2.8865735000000003,0.0
-0.018102500000000004,9.44988,2.8974905,0.0
-0.026977500000000005,9.45988,2.9063655,0.0
-0.03333900000000001,9.46988,2.9127275000000004,0.0
-0.03710850000000001,9.478856,2.9164975,0.0
-0.03875750000000001,9.488856,2.9181470000000003,0.0
-0.03915000000000001,9.498856,2.91854,0.0
-0.03915000000000001,9.508856,2.91854,0.0
-0.03915000000000001,9.517832,2.91854,0.0
-0.03915000000000001,9.527832,2.91854,0.0
-0.03915000000000001,9.537832,2.91854,0.0
-0.03915000000000001,9.547836,2.91854,0.0
-0.03915000000000001,9.557832,2.91854,0.0
-0.03915000000000001,9.567832,2.91854,0.0
-0.03915000000000001,9.577832,2.91854,0.0
-0.03915000000000001,9.587832,2.91854,0.0
-0.03915000000000001,9.597832,2.91854,0.0
-0.03915000000000001,9.607832,2.91854,0.0
-0.03915000000000001,9.617832,2.91854,0.0
-0.03915000000000001,9.627832,2.91854,0.0
-0.03915000000000001,9.637832,2.91854,0.0
-0.03915000000000001,9.646808,2.91854,0.0
-0.03915000000000001,9.656808,2.91854,0.0
-0.03915000000000001,9.666808,2.91854,0.0
-0.03915000000000001,9.676808,2.91854,0.0
-0.03915000000000001,9.685784,2.91854,0.0
-0.03915000000000001,9.695784,2.91854,0.0
-0.03915000000000001,9.705784,2.91854,0.0
-0.03915000000000001,9.715784,2.91854,0.0
-0.03915000000000001,9.725784,2.91854,0.0
-0.03915000000000001,9.735784,2.91854,0.0
-0.03915000000000001,9.745784,2.91854,0.0
-0.03915000000000001,9.755784,2.91854,0.0
-0.03915000000000001,9.765784,2.91854,0.0
-0.03915000000000001,9.775784,2.91854,0.0
-0.03915000000000001,9.785784,2.91854,0.0
-0.03915000000000001,9.795784,2.91854,0.0
-0.03915000000000001,9.805784,2.91854,0.0
-0.03915000000000001,9.81476,2.91854,0.0
-0.03915000000000001,9.82476,2.91854,0.0
-0.03915000000000001,9.83476,2.91854,0.0
-0.03915000000000001,9.84476,2.91854,0.0
-0.03915000000000001,9.853736,2.91854,0.0
-0.03915000000000001,9.863736,2.91854,0.0
-0.03915000000000001,9.873736,2.91854,0.0
-0.03915000000000001,9.883736,2.91854,0.0
-0.03915000000000001,9.893736,2.91854,0.0
-0.03915000000000001,9.903736,2.91854,0.0
-0.03915000000000001,9.913736,2.91854,0.0
-0.03915000000000001,9.923736,2.91854,0.0
-0.03915000000000001,9.933736,2.91854,0.5236
-0.03915000000000001,9.942712,2.91854,0.02618
-0.03915000000000001,9.952712,2.91854,0.5236
-0.03915000000000001,9.962712,2.91854,0.05236
-0.03915000000000001,9.972712,2.91854,0.5236
-0.03915000000000001,9.981688,2.91854,0.07854
-0.03915000000000001,9.991688,2.91854,0.5236
-0.03915000000000001,10.001688,2.91854,0.10472
-0.03915000000000001,10.011688,2.91854,0.5236
-0.03915000000000001,10.020664,2.91854,0.1309
-0.03915000000000001,10.030664,2.91854,0.5236
-0.03915000000000001,10.040664,2.91854,0.15708
-0.03915000000000001,10.050664,2.91854,0.5236
-0.03915000000000001,10.060664,2.91854,0.18326
-0.03915000000000001,10.070664,2.91854,0.5236
-0.03915000000000001,10.080664,2.91854,0.20944
-0.03915000000000001,10.090664,2.91854,0.5236
-0.03915000000000001,10.100664,2.91854,0.23562
-0.03915000000000001,10.10964,2.91854,0.5236
-0.03915000000000001,10.11964,2.91854,0.2618
-0.03915000000000001,10.12964,2.91854,0.5236
-0.03915000000000001,10.13964,2.91854,0.28798
-0.03915000000000001,10.148616,2.91854,0.5236
-0.03915000000000001,10.158616,2.91854,0.31416
-0.03915000000000001,10.168616,2.91854,0.5236
-0.03915000000000001,10.17862,2.91854,0.34034000000000003
-0.03915000000000001,10.188616,2.91854,0.5236
-0.03915000000000001,10.198616,2.91854,0.36652
-0.03915000000000001,10.208616,2.91854,0.5236
-0.03915000000000001,10.218616,2.91854,0.39270000000000005
-0.03915000000000001,10.228616,2.91854,0.5236
-0.03915000000000001,10.237592,2.91854,0.41888
-0.03915000000000001,10.247592,2.91854,0.5236
-0.03915000000000001,10.257592,2.91854,0.44506
-0.03915000000000001,10.267592,2.91854,0.5236
-0.03915000000000001,10.276568,2.91854,0.47124
-0.03915000000000001,10.286568,2.91854,0.5236
-0.03915000000000001,10.296568,2.91854,0.49742
-0.03915000000000001,10.306568,2.91854,0.5236
-0.03915000000000001,10.315544,2.91854,0.5236
-0.03915000000000001,10.325544,2.91854,0.5236
-0.03915000000000001,10.335544,2.91854,0.5236
-0.03915000000000001,10.345544,2.91854,0.5236
-0.03915000000000001,10.355544,2.91854,0.5236
-0.03915000000000001,10.365544,2.91854,0.5236
-0.03915000000000001,10.375544,2.91854,0.5236
-0.03915000000000001,10.385544,2.91854,0.5236
-0.03915000000000001,10.395544,2.91854,0.5236
-0.03915000000000001,10.40452,2.91854,0.5236
-0.03915000000000001,10.41452,2.91854,0.5236
-0.03915000000000001,10.42452,2.91854,0.5236
-0.03915000000000001,10.43452,2.91854,0.5236
-0.03915000000000001,10.443496,2.91854,0.5236
-0.03915000000000001,10.453496,2.91854,0.5236
-0.03915000000000001,10.463496,2.91854,0.5236
-0.03915000000000001,10.473496,2.91854,0.5236
-0.03915000000000001,10.482472,2.91854,0.5236
-0.03915000000000001,10.492472,2.91854,0.5236
-0.03915000000000001,10.502472,2.91854,0.5236
-0.03915000000000001,10.512472,2.91854,0.5236
-0.03915000000000001,10.522472,2.91854,0.5236
-0.03915000000000001,10.532472,2.91854,0.5236
-0.03915000000000001,10.542472,2.91854,0.5236
-0.03915000000000001,10.552472,2.91854,0.5236
-0.03915000000000001,10.562472,2.91854,0.5236
-0.03915000000000001,10.571448,2.91854,0.5236
-0.03915000000000001,10.581448,2.91854,0.5236
-0.03915000000000001,10.591448,2.91854,0.5236
-0.03915000000000001,10.601448,2.91854,0.5236
-0.03915000000000001,10.610424,2.91854,0.5236
-0.03915000000000001,10.620424,2.91854,0.5236
-0.03915000000000001,10.630424,2.91854,0.5236
-0.03915000000000001,10.640424,2.91854,0.5236
-0.03915000000000001,10.6494,2.91854,0.5236
-0.03915000000000001,10.6594,2.91854,0.5236
-0.03915000000000001,10.6694,2.91854,0.5236
-0.03915000000000001,10.6794,2.91854,0.5236
-0.03915000000000001,10.6894,2.91854,0.5236
-0.03915000000000001,10.6994,2.91854,0.5236
-0.03915000000000001,10.7094,2.91854,0.5236
-0.03915000000000001,10.7194,2.91854,0.5236
-0.03915000000000001,10.7294,2.91854,0.5236
-0.03915000000000001,10.738376,2.91854,0.5236
-0.03915000000000001,10.748376,2.91854,0.5236
-0.03915000000000001,10.758376,2.91854,0.5236
-0.03915000000000001,10.768376,2.91854,0.5236
-0.03915000000000001,10.777352,2.91854,0.5236
-0.03915000000000001,10.787352,2.91854,0.5236
-0.03915000000000001,10.797352,2.91854,0.5236
-0.03915000000000001,10.807356,2.91854,0.5236
-0.03915000000000001,10.817352,2.91854,0.5236
-0.03915000000000001,10.827352,2.91854,0.5236
-0.03915000000000001,10.837352,2.91854,0.5236
-0.03915000000000001,10.847352,2.91854,0.5236
-0.03915000000000001,10.857352,2.91854,0.5236
-0.03915000000000001,10.866328,2.91854,0.5236
-0.03915000000000001,10.876328,2.91854,0.5236
-0.03915000000000001,10.886328,2.91854,0.5236
-0.03915000000000001,10.896328,2.91854,0.5236
-0.03915000000000001,10.905304,2.91854,0.5236
-0.03915000000000001,10.915304,2.91854,0.5236
-0.03915000000000001,10.925304,2.91854,0.5236
-0.03915000000000001,10.935304,2.91854,0.5236
-0.03915000000000001,10.94428,2.91854,0.5236
-0.03915000000000001,10.95428,2.91854,0.5236
-0.03915000000000001,10.96428,2.91854,0.5236
-0.03915000000000001,10.97428,2.91854,0.5236
-0.03915000000000001,10.98428,2.91854,0.5236
-0.03915000000000001,10.99428,2.91854,0.5236
-0.09585300000000002,11.00428,2.91854,0.5236
-0.1512209999999999,11.014304,2.9172045000000004,0.5236
-0.20305449999999997,11.024312,2.9123350000000006,0.5236
-0.24915450000000014,11.033284,2.901732,0.5236
-0.28732200000000013,11.043284,2.8831965000000004,0.5236
-0.31614350000000013,11.053284,2.855315,0.5236
-0.3350690000000001,11.063284,2.8175375000000003,0.5236
-0.3438625000000001,11.07226,2.769628,0.5236
-0.3423675000000001,11.08226,2.71143,0.5236
-0.3314475000000001,11.09226,2.643807,0.5236
-0.3134590000000001,11.10226,2.5691154999999997,0.5236
-0.29130800000000007,11.11124,2.4902614999999995,0.5236
-0.2675075,11.121236,2.4097579999999996,0.5236
-0.24409999999999996,11.131236,2.3296474999999996,0.5236
-0.22218449999999998,11.14124,2.2510289999999995,0.5236
-0.20262549999999996,11.15124,2.1747669999999992,0.5236
-0.18612949999999998,11.160212,2.1015679999999994,0.5236
-0.17293200000000006,11.170212,2.0316674999999997,0.5236
-0.16358300000000003,11.180212,1.9656154999999995,0.5236
-0.15855350000000007,11.190212,1.9038829999999998,0.5236
-0.10106250000000001,11.199188,1.8463920000000003,0.5236
-0.04828350000000003,11.209192,1.7936135000000002,0.5236
-0.001159500000000005,11.219188,1.7464895,0.5236
0.039524,11.229188,1.7058060000000002,0.5236
0.07321749999999999,11.238164,1.6721125000000001,0.5236
0.099764,11.248168,1.6455660000000003,0.5236
0.11861349999999998,11.258168,1.626716,0.5236
0.1289805,11.268164,1.616349,0.5236
0.13007999999999997,11.27714,1.6152495,0.5236
0.1219115,11.28714,1.623418,0.5236
0.10659600000000001,11.29712,1.6387335,0.5236
0.087118,11.307112,1.6582115,0.5236
0.0659905,11.317112,1.679339,0.5236
0.045256000000000005,11.327112,1.7000735,0.5236
0.02601349999999999,11.337112,1.719316,0.5236
0.009127500000000002,11.347112,1.7362020000000002,0.5236
-0.004695500000000001,11.357112,1.7500250000000002,0.5236
-0.015220000000000004,11.366088,1.7605495000000002,0.5236
-0.021896000000000002,11.376088,1.7672255000000001,0.5236
-0.0242525,11.386088,1.7695820000000002,0.5236
-0.022367500000000005,11.396088,1.767697,0.5236
-0.017105500000000003,11.405064,1.7624350000000004,0.5236
-0.009723000000000004,11.415064,1.7550525000000006,0.5236
-0.0016334999999999995,11.425064,1.7469630000000003,0.5236
0.0055135,11.435068,1.7398160000000005,0.5236
0.010461499999999999,11.445064,1.7348680000000005,0.5236
0.013210499999999998,11.455064,1.7321195000000007,0.5236
0.014309999999999998,11.465064,1.7310200000000007,0.5236
0.014388499999999997,11.475064,1.7309415000000006,0.5236
0.014309999999999996,11.485064,1.7310200000000007,0.5236
0.014309999999999996,11.495064,1.7310200000000007,0.5236
0.014309999999999996,11.505064,1.7310200000000007,0.5236
0.014309999999999996,11.515064,1.7310200000000007,0.5236
0.014309999999999996,11.525064,1.7310200000000007,0.5236
0.014309999999999996,11.53404,1.7310200000000007,0.5236
0.014309999999999996,11.54404,1.7310200000000007,0.5236
0.014309999999999996,11.55404,1.7310200000000007,0.5236
0.014309999999999996,11.56404,1.7310200000000007,0.5236
0.014309999999999996,11.573016,1.7310200000000007,0.5236
0.014309999999999996,11.583016,1.7310200000000007,0.5236
0.014309999999999996,11.593016,1.7310200000000007,0.5236
0.014309999999999996,11.603016,1.7310200000000007,0.5236
0.014309999999999996,11.613016,1.7310200000000007,0.5236
0.014309999999999996,11.623016,1.7310200000000007,0.5236
0.014309999999999996,11.633016,1.7310200000000007,0.5236
0.014309999999999996,11.643016,1.7310200000000007,0.5236
0.014309999999999996,11.653016,1.7310200000000007,0.5236
0.014309999999999996,11.663016,1.7310200000000007,0.5236
0.014309999999999996,11.673016,1.7310200000000007,0.5236
0.014309999999999996,11.683016,1.7310200000000007,0.5236
0.014309999999999996,11.693016,1.7310200000000007,0.5236
0.014309999999999996,11.701992,1.7310200000000007,0.5236
0.014309999999999996,11.711992,1.7310200000000007,0.5236
0.014309999999999996,11.721992,1.7310200000000007,0.5236
0.014309999999999996,11.731992,1.7310200000000007,0.5236
0.014309999999999996,11.740968,1.7310200000000007,0.5236
0.014309999999999996,11.750968,1.7310200000000007,0.5236
0.014309999999999996,11.760968,1.7310200000000007,0.5236
0.014309999999999996,11.770968,1.7310200000000007,0.5236
0.014309999999999996,11.780968,1.7310200000000007,0.5236
0.014309999999999996,11.790968,1.7310200000000007,0.5236
0.014309999999999996,11.800968,1.7310200000000007,0.5236
0.014309999999999996,11.810968,1.7310200000000007,0.5236
0.014309999999999996,11.820968,1.7310200000000007,0.5236
0.014309999999999996,11.830968,1.7310200000000007,0.5236
0.014309999999999996,11.840968,1.7310200000000007,0.5236
0.014309999999999996,11.850968,1.7310200000000007,0.5236
0.014309999999999996,11.860968,1.7310200000000007,0.5236
0.014309999999999996,11.869944,1.7310200000000007,0.5236
0.014309999999999996,11.879944,1.7310200000000007,0.5236
0.014309999999999996,11.889944,1.7310200000000007,0.5236
0.014309999999999996,11.899944,1.7310200000000007,0.5236
0.014309999999999996,11.90892,1.7310200000000007,0.5236
0.014309999999999996,11.91892,1.7310200000000007,0.5236
0.014309999999999996,11.92892,1.7310200000000007,0.5236
0.014309999999999996,11.93892,1.7310200000000007,0.5236
0.014309999999999996,11.94892,1.7310200000000007,0.5236
0.014309999999999996,11.95892,1.7310200000000007,0.5236
0.014309999999999996,11.96892,1.7310200000000007,0.5236
0.014309999999999996,11.97892,1.7310200000000007,0.5236
0.014309999999999996,11.98892,1.7310200000000007,0.5236
0.014309999999999996,11.997896,1.7310200000000007,0.5236
0.014309999999999996,12.007896,1.7310200000000007,0.5236
0.014309999999999996,12.017896,1.7310200000000007,0.5236
0.014309999999999996,12.027896,1.7310200000000007,0.5236
0.014309999999999996,12.036872,1.7310200000000007,0.5236
0.014309999999999996,12.046872,1.7310200000000007,0.5236
0.014309999999999996,12.056872,1.7310200000000007,0.5236
0.014309999999999996,12.066876,1.7310200000000007,0.5236
0.014309999999999996,12.076872,1.7310200000000007,0.5236
0.014309999999999996,12.086872,1.7310200000000007,0.5236
0.014309999999999996,12.096872,1.7310200000000007,0.5236
0.014309999999999996,12.106872,1.7310200000000007,0.5236
0.014309999999999996,12.116872,1.7310200000000007,0.5236
0.014309999999999996,12.126872,1.7310200000000007,0.5236
0.014309999999999996,12.136872,1.7310200000000007,0.5236
0.014309999999999996,12.146872,1.7310200000000007,0.5236
0.014309999999999996,12.156872,1.7310200000000007,0.5236
0.014309999999999996,12.165848,1.7310200000000007,0.5236
0.014309999999999996,12.175848,1.7310200000000007,0.5236
0.014309999999999996,12.185848,1.7310200000000007,0.5236
0.014309999999999996,12.195848,1.7310200000000007,0.5236
0.014309999999999996,12.204824,1.7310200000000007,0.5236
0.014309999999999996,12.214824,1.7310200000000007,0.5236
0.014309999999999996,12.224824,1.7310200000000007,0.5236
0.014309999999999996,12.234824,1.7310200000000007,0.5236
0.014309999999999996,12.244824,1.7310200000000007,0.5236
0.014309999999999996,12.254824,1.7310200000000007,0.5236
0.014309999999999996,12.264824,1.7310200000000007,0.5236
0.014309999999999996,12.274824,1.7310200000000007,0.5236
0.014309999999999996,12.284824,1.7310200000000007,0.5236
0.014309999999999996,12.294824,1.7310200000000007,0.5236
0.014309999999999996,12.304824,1.7310200000000007,0.5236
0.014309999999999996,12.314824,1.7310200000000007,0.5236
0.014309999999999996,12.324824,1.7310200000000007,0.5236
0.014309999999999996,12.3338,1.7310200000000007,0.5236
0.014309999999999996,12.3438,1.7310200000000007,0.5236
0.014309999999999996,12.3538,1.7310200000000007,0.5236
0.014309999999999996,12.3638,1.7310200000000007,0.5236
0.014309999999999996,12.372776,1.7310200000000007,0.5236
0.014309999999999996,12.382776,1.7310200000000007,0.5236
0.014309999999999996,12.392776,1.7310200000000007,0.5236
0.014309999999999996,12.402776,1.7310200000000007,0.5236
0.014309999999999996,12.412776,1.7310200000000007,0.5236
0.014309999999999996,12.422776,1.7310200000000007,0.5236
0.014309999999999996,12.432776,1.7310200000000007,0.5236
0.014309999999999996,12.442776,1.7310200000000007,0.5236
0.014309999999999996,12.452776,1.7310200000000007,0.5236
0.014309999999999996,12.462776,1.7310200000000007,0.5236
0.014309999999999996,12.472776,1.7310200000000007,0.5236
0.014309999999999996,12.482776,1.7310200000000007,0.5236
0.014309999999999996,12.492776,1.7310200000000007,0.5236
0.014309999999999996,12.501752,1.7310200000000007,0.5236
0.014309999999999996,12.511752,1.7310200000000007,0.5236
0.014309999999999996,12.521752,1.7310200000000007,0.5236
0.014309999999999996,12.531752,1.7310200000000007,0.5236
0.014309999999999996,12.540728,1.7310200000000007,0.5236
0.014309999999999996,12.550728,1.7310200000000007,0.5236
0.014309999999999996,12.560728,1.7310200000000007,0.5236
0.014309999999999996,12.570728,1.7310200000000007,0.5236
0.014309999999999996,12.580728,1.7310200000000007,0.5236
0.014309999999999996,12.590728,1.7310200000000007,0.5236
0.014309999999999996,12.600728,1.7310200000000007,0.5236
0.014309999999999996,12.610728,1.7310200000000007,0.5236
0.014309999999999996,12.620728,1.7310200000000007,0.5236
0.014309999999999996,12.629704,1.7310200000000007,0.5236
0.014309999999999996,12.639704,1.7310200000000007,0.5236
0.014309999999999996,12.649704,1.7310200000000007,0.5236
0.014309999999999996,12.659704,1.7310200000000007,0.5236
0.014309999999999996,12.66868,1.7310200000000007,0.5236
0.014309999999999996,12.67868,1.7310200000000007,0.5236
0.014309999999999996,12.68868,1.7310200000000007,0.5236
0.014309999999999996,12.698684,1.7310200000000007,0.5236
0.014309999999999996,12.70868,1.7310200000000007,0.5236
0.014309999999999996,12.71868,1.7310200000000007,0.5236
0.014309999999999996,12.72868,1.7310200000000007,0.5236
0.014309999999999996,12.73868,1.7310200000000007,0.5236
0.014309999999999996,12.74868,1.7310200000000007,0.5236
0.014309999999999996,12.75868,1.7310200000000007,0.5236
0.014309999999999996,12.76868,1.7310200000000007,0.5236
0.014309999999999996,12.77868,1.7310200000000007,0.5236
0.014309999999999996,12.78868,1.7310200000000007,0.5236
0.014309999999999996,12.797656,1.7310200000000007,0.5236
0.014309999999999996,12.807656,1.7310200000000007,0.5236
0.014309999999999996,12.817656,1.7310200000000007,0.5236
0.014309999999999996,12.827656,1.7310200000000007,0.5236
0.014309999999999996,12.836632,1.7310200000000007,0.5236
0.014309999999999996,12.846632,1.7310200000000007,0.5236
0.014309999999999996,12.856632,1.7310200000000007,0.5236
0.014309999999999996,12.866632,1.7310200000000007,0.5236
0.014309999999999996,12.876632,1.7310200000000007,0.5236
0.014309999999999996,12.886632,1.7310200000000007,0.5236
0.014309999999999996,12.896632,1.7310200000000007,0.5236
0.014309999999999996,12.906632,1.7310200000000007,0.5236
0.014309999999999996,12.916632,1.7310200000000007,0.5236
0.014309999999999996,12.926632,1.7310200000000007,0.5236
0.014309999999999996,12.936632,1.7310200000000007,0.5236
0.014309999999999996,12.946632,1.7310200000000007,0.5236
0.014309999999999996,12.956632,1.7310200000000007,0.5236
0.014309999999999996,12.965608,1.7310200000000007,0.5236
0.014309999999999996,12.975608,1.7310200000000007,0.5236
0.014309999999999996,12.985608,1.7310200000000007,0.5236
0.014309999999999996,12.995608,1.7310200000000007,0.5236
0.19756950000000004,13.004584,1.7310200000000007,0.5236
0.37870850000000006,13.014604,1.7331405000000009,0.5236
0.5528575,13.024612,1.7422510000000007,0.5236
0.716325,13.034612,1.7620430000000007,0.5236
0.8662839999999996,13.044612,1.7953435000000006,0.5236
1.0002989999999998,13.053588,1.8445880000000008,0.5236
1.116564,13.063588,1.9115825000000006,0.5236
1.21343,13.073588,1.9979760000000004,0.5236
1.2897185000000002,13.083588,2.1049470000000006,0.5236
1.3446440000000002,13.092564,2.2332810000000003,0.5236
1.3783640000000001,13.102572,2.3828205000000002,0.5236
1.3910350000000002,13.11258,2.5534090000000003,0.5236
1.3831285000000002,13.122564,2.7445750000000007,0.5236
1.3565300000000002,13.13154,2.954433,0.5236
1.3148515,13.14154,3.179371,0.5236
1.5767295000000003,13.151544,3.1007525000000005,0.5236
1.8301250000000004,13.161536,3.0306165000000003,0.5236
2.0734675000000005,13.170512,2.9705335,0.5236
2.3033015,13.1795,2.923959,0.5236
2.5166420000000005,13.189488,2.893878,0.5236
2.5288945000000003,13.199488,2.8816255,0.5236
2.5242605000000005,13.209492,2.8862595,0.5236
2.5060395,13.21848,2.9044805,0.5236
2.4771370000000004,13.228468,2.933383,0.5236
2.4401445000000006,13.238468,2.9703755,0.5236
2.3968695000000007,13.248468,3.0136505,0.5236
2.3486465000000005,13.257444,3.061874,0.5236
2.2971245000000002,13.267444,3.1133965000000003,0.5236
2.2438745,13.277452,3.1666465,0.5236
2.1905460000000003,13.287444,3.2199750000000003,0.5236
2.1395735000000005,13.29642,3.2709475,0.5236
2.09512,13.30642,3.315401,0.5236
2.0610340000000003,13.31642,3.349487,0.5236
2.3543015,13.326428,3.0562195,0.5236
2.659036,13.336416,2.751485,0.5236
2.6535379999999997,13.346416,2.756983,0.5236
2.645527,13.356416,2.7649939999999997,0.5236
2.6333535,13.366416,2.7771675,0.5236
2.6184304999999997,13.376416,2.7920904999999996,0.5236
2.6020155,13.3854,2.8085054999999994,0.5236
2.583637,13.395392,2.8268839999999997,0.5236
2.5632955,13.405404,2.8472254999999995,0.5236
2.5420895000000003,13.415396,2.8684315,0.5236
2.520334,13.424372,2.890187,0.5236
2.497793,13.434372,2.9127279999999995,0.5236
2.474702,13.444372,2.935819,0.5236
2.451454,13.454372,2.9590665,0.5236
2.4285200000000002,13.463348,2.9819999999999998,0.5236
2.4063715000000006,13.473348,3.0041485,0.5236
2.3867365000000005,13.483348,3.0237835000000004,0.5236
2.3713425000000004,13.493348,3.0391775,0.5236
2.3603470000000004,13.503348,3.050173,0.5236
2.668066000000001,13.512332,2.7424540000000004,0.5236
2.663825000000001,13.52232,2.7466955000000004,0.5236
2.6567565000000006,13.53232,2.7537640000000003,0.5236
2.6452115000000007,13.54232,2.7653090000000002,0.5236
2.629896500000001,13.5513,2.780624000000001,0.5236
2.611439500000001,13.561296,2.799081,0.5236
2.5905480000000005,13.571308,2.8199725000000004,0.5236
2.5676930000000007,13.581308,2.8428275000000003,0.5236
2.5438955000000005,13.590276,2.8666250000000004,0.5236
2.5195480000000003,13.600276,2.8909725000000006,0.5236
2.4945725000000003,13.610276,2.9159480000000007,0.5236
2.4690470000000007,13.62028,2.9414735000000007,0.5236
2.4431290000000008,13.629268,2.9673915000000006,0.5236
2.417211000000001,13.639252,2.9933095000000005,0.5236
2.3918425000000005,13.649252,3.0186780000000004,0.5236
2.3674165000000005,13.659252,3.0431040000000005,0.5236
2.3457395000000005,13.669252,3.0647810000000004,0.5236
2.3286180000000005,13.678228,3.0819025000000004,0.5236
2.6302110000000005,13.688236,2.7803095000000004,0.5236
2.9347100000000004,13.698224,2.4758105,0.5236
2.9218295000000003,13.708228,2.488691,0.5236
2.8992885000000004,13.7172,2.5112315000000005,0.5236
2.8673230000000007,13.7272,2.543197,0.5236
2.8281315,13.737204,2.5823885000000004,0.5236
2.783678,13.747212,2.626842,0.5236
2.7363185000000003,13.75618,2.6742015000000006,0.5236
2.6866815000000006,13.766196,2.7238385000000003,0.5236
2.6350025000000006,13.77618,2.7755175000000003,0.5236
2.5816740000000005,13.786192,2.8288460000000004,0.5236
2.5271675000000005,13.795168,2.8833525000000004,0.5236
2.4718755000000003,13.804144,2.9386445000000005,0.5236
2.416348,13.814132,2.9941720000000007,0.5236
2.361527,13.824132,3.0489930000000003,0.5236
2.3083555,13.83414,3.1021645,0.5236
2.258326,13.843108,3.1521945000000002,0.5236
2.5285035,13.853112,2.8820175,0.5236
2.804807,13.863108,2.605714,0.5236
3.0815814999999995,13.873104,2.3289394999999997,0.5236
3.0377565,13.882092,2.3727644999999997,0.5236
2.982857,13.89208,2.427664,0.5236
2.9170404999999997,13.90208,2.4934805,0.5236
2.843527,13.912084,2.566994,0.5236
2.7645945,13.92106,2.6459265,1.22173
2.6819704999999994,13.931072,2.7285505,0.5585065
2.5968335,13.94106,2.813688,1.22173
2.5092614999999996,13.95106,2.9012599999999997,0.5934130000000001
2.4198045,13.96106,2.9907169999999996,1.22173
2.3295619999999997,13.97004,3.0809594999999996,0.6283195
2.2395555,13.980036,3.170966,1.22173
2.1511194999999996,13.990036,3.259402000000001,0.6632260000000001
2.066532,14.000036,3.343989500000001,1.22173
2.303722,14.00902,3.1067995,0.6981325
2.5503375,14.019008,2.8601845000000004,1.22173
2.8041780000000003,14.029008,2.606344,0.7330390000000001
3.060689,14.039008,2.3498325,1.22173
2.9999775,14.048072,2.4105435000000006,0.7679455000000001
2.9320405000000003,14.057984,2.4784805000000008,1.22173
2.8572705000000003,14.067988,2.5532505000000008,0.8028520000000001
2.7776310000000004,14.077988,2.6328900000000006,1.22173
2.6941435000000005,14.086976,2.716377500000001,0.8377585000000001
2.6078285,14.096964,2.802692500000001,1.22173
2.5193145,14.106964,2.891207000000001,0.872665
2.4291505000000004,14.116968,2.981371000000001,1.22173
2.3383585,14.126964,3.0721630000000015,0.9075714999999998
2.2479590000000003,14.13594,3.162562000000001,1.22173
2.1589735,14.14594,3.251547500000001,0.9424779999999997
2.073758,14.155956,3.336763,1.22173
2.310163,14.165948,3.100358000000001,0.9773844999999999
2.5559925000000003,14.174912,2.8545285000000007,1.22173
2.809048,14.184916,2.601473000000001,1.012291
3.0643025,14.194912,2.3462185000000004,1.22173
3.002099,14.204912,2.4084220000000003,1.0471975
2.933141,14.213892,2.4773795,1.22173
2.8579,14.223892,2.5526205000000006,1.0821040000000002
2.778182,14.233892,2.6323385000000004,1.22173
2.69493,14.243892,2.715591,1.1170105000000004
2.6090074999999997,14.252868,2.8015135000000004,1.22173
2.5208854999999994,14.26288,2.8896355000000002,1.1519170000000005
2.4311929999999995,14.272868,2.9793280000000006,1.22173
2.341029,14.282868,3.0694920000000003,1.1868235000000007
2.2513364999999994,14.29288,3.1591845000000003,1.22173
2.1632144999999996,14.301848,3.247306,1.2217300000000006
2.0789414999999996,14.311844,3.331579,1.22173
2.3161319999999996,14.321852,3.0943885000000004,1.2217300000000006
2.5630609999999994,14.33184,2.8474595000000003,1.22173
2.8183939999999996,14.340816,2.592126500000001,1.2217300000000006
3.0769469999999997,14.350824,2.3335735,1.22173
3.0182775,14.360816,2.392243,1.2217300000000006
2.9529324999999997,14.370816,2.457588,1.22173
2.8812254999999998,14.379792,2.5292950000000007,1.2217300000000006
2.8049635,14.389796,2.6055570000000006,1.22173
2.7251670000000003,14.399796,2.685353500000001,1.2217300000000006
2.6423075000000003,14.409812,2.768213000000001,1.22173
2.5567775000000004,14.418772,2.853743000000001,1.2217300000000006
2.4692055,14.428772,2.9413150000000003,1.22173
2.380848,14.438772,3.0296720000000006,1.2217300000000006
2.292962,14.448772,3.1175580000000007,1.22173
2.2067255000000006,14.458772,3.2037945000000003,1.2217300000000006
2.1239445,14.467748,3.2865755,1.22173
2.0482325,14.47776,3.3622875000000003,1.2217300000000006
2.2979890000000003,14.487756,3.112531,1.22173
2.5605480000000003,14.497744,2.849972,1.2217300000000006
2.8317460000000003,14.50672,2.578774,1.22173
2.7901985000000002,14.51672,2.6203215,1.2217300000000006
2.7447240000000006,14.526724,2.6657960000000003,1.22173
2.6938305000000007,14.536724,2.7166895,1.2217300000000006
2.6390885,14.5457,2.7714315000000003,1.22173
2.5821475,14.5557,2.8283725000000004,1.2217300000000006
2.5232425000000003,14.5657,2.8872775,1.22173
2.4626885,14.5757,2.9478315000000004,1.2217300000000006
2.4010344999999997,14.5857,3.0094855000000003,1.22173
2.3384384999999996,14.594676,3.0720815000000004,1.2217300000000006
2.2755279999999996,14.604684,3.1349920000000004,1.22173
2.2133244999999997,14.614676,3.1971955000000003,1.2217300000000006
2.1528489999999993,14.624676,3.257671,1.22173
2.096065,14.633668,3.3144550000000006,1.2217300000000006
2.046899,14.643652,3.363621,1.22173
2.3235949999999996,14.65366,3.0869250000000004,1.2217300000000006
2.6120719999999995,14.663648,2.7984480000000005,1.22173
2.9054179999999996,14.672624,2.5051020000000004,1.2217300000000006
2.8811495,14.682624,2.5293705,1.22173
2.8483979999999995,14.692624,2.5621220000000005,1.2217300000000006
2.8074789999999994,14.702624,2.6030415000000002,1.22173
2.7616899999999998,14.711612,2.6488305000000003,1.2217300000000006
2.7118175,14.721604,2.698703,1.22173
2.6586459999999996,14.731604,2.7518745000000004,1.2217300000000006
2.6032754999999996,14.741604,2.8072450000000004,1.22173
2.5460984999999994,14.751604,2.8644220000000002,1.2217300000000006
2.487508,14.76058,2.9230125000000005,1.22173
2.4278174999999997,14.770592,2.982703,1.2217300000000006
2.3678129999999995,14.780596,3.0427075,1.22173
2.308751,14.79058,3.1017695,1.2217300000000006
2.2513384999999997,14.799568,3.1591820000000004,1.22173
2.196832,14.809556,3.2136885,1.2217300000000006
2.4629250000000003,14.819564,2.9475955000000003,1.22173
2.7364005000000002,14.829552,2.6741200000000003,1.2217300000000006
3.011447,14.838536,2.3990735000000005,1.22173
2.965894,14.848528,2.4446265000000005,1.2217300000000006
2.910131,14.858528,2.5003900000000003,1.22173
2.8458070000000006,14.868532,2.5647140000000004,1.2217300000000006
2.7751995000000007,14.877508,2.6353215000000008,1.22173
2.700194,14.887512,2.7103270000000004,1.2217300000000006
2.6217325000000002,14.89752,2.7887880000000003,1.22173
2.539737,14.907508,2.8707835000000004,1.2217300000000006
2.4554635000000005,14.917512,2.955057,1.22173
2.3698550000000003,14.926484,3.0406655000000002,1.2217300000000006
2.2833825,14.936484,3.1271380000000004,1.22173
2.1971459999999996,14.946484,3.2133745000000005,1.2217300000000006
2.112637,14.956484,3.2978834999999997,1.22173
2.0320555000000002,14.96546,3.3784650000000003,1.2217300000000006
2.2732514999999998,14.975468,3.1372690000000008,1.22173
2.5242649999999998,14.985456,2.8862555000000008,1.2217300000000006
2.7830535000000003,14.995468,2.627467000000001,1.22173
2.975328,15.004432,2.365379500000001,1.2217300000000006
2.850223,15.014432,2.420671500000001,1.22173
2.7171855000000007,15.024432,2.4838960000000005,1.2217300000000006
2.5762940000000008,15.034436,2.5549745,1.22173
2.429747500000001,15.043412,2.631708,1.2217300000000006
2.2791165000000007,15.053412,2.712525,1.22173
2.1257370000000004,15.063412,2.7960915,1.2217300000000006
1.971572,15.073412,2.8804429999999996,1.22173
1.8183500000000004,15.083412,2.963852,1.2217300000000006
1.6685835000000002,15.092388,3.0438055,1.22173
1.5261215,15.102388,3.1164544999999997,1.2217300000000006
1.3960685000000002,15.112392,3.1766945,1.22173
1.2837655000000001,15.122388,3.2191845000000003,1.2217300000000006
1.1936105,15.131364,3.2395265,1.22173
1.129138,15.141364,3.234186,1.2217300000000006
1.0923904999999998,15.151364,3.2011205,1.22173
1.0830529999999998,15.161364,3.1406449999999997,1.2217300000000006
0.7842180000000001,15.170344,3.3696670000000006,1.22173
0.5076879999999999,15.18036,3.576384000000001,1.2217300000000006
0.25479850000000004,15.19034,3.7594600000000007,1.22173
0.09779749999999998,15.200344,3.9164610000000004,1.2217300000000006
-0.031872000000000046,15.21034,4.0461305,1.22173
-0.13507350000000004,15.22034,4.149332,1.2217300000000006
-0.21377050000000006,15.230344,4.228029000000001,1.22173
-0.2695340000000001,15.240344,4.283792500000001,1.2217300000000006
-0.30385550000000006,15.25034,4.318114500000001,1.22173
-0.3176785000000001,15.259316,4.331937500000001,1.2217300000000006
-0.31225900000000006,15.26932,4.326518500000001,1.22173
-0.28924700000000003,15.279316,4.3035065,1.2217300000000006
-0.25099800000000005,15.289316,4.265257500000001,1.22173
-0.20151800000000006,15.298292,4.215777500000001,1.2217300000000006
-0.14606900000000003,15.308292,4.160328000000001,1.22173
-0.08975600000000002,15.318292,4.104015,1.2217300000000006
-0.036270500000000004,15.328292,4.050529000000001,1.22173
0.011167499999999992,15.337264,4.003091,1.2217300000000006
0.050672999999999996,15.347268,3.9635855000000006,1.22173
0.08232450000000001,15.357268,3.9319340000000014,1.2217300000000006
0.10620049999999999,15.367264,3.9080580000000005,1.22173
0.12214400000000002,15.377264,3.892114000000001,1.2217300000000006
0.13007700000000003,15.38624,3.8841815000000004,1.22173
0.12976300000000002,15.39624,3.8844955000000008,1.2217300000000006
0.1211235,15.406248,3.893134500000001,1.22173
0.1058085,15.416224,3.9084495000000006,1.2217300000000006
0.08672350000000001,15.425192,3.9275345,1.22173
0.06638200000000001,15.435192,3.9478760000000004,1.2217300000000006
0.046590000000000006,15.445192,3.9676680000000006,1.22173
0.028290499999999996,15.455192,3.9859675000000006,1.2217300000000006
0.012111499999999997,15.464168,4.002146500000001,1.22173
-0.0012400000000000015,15.474168,4.015498,1.2217300000000006
-0.011214499999999997,15.484168,4.0254725,1.22173
-0.017340500000000002,15.494168,4.0315985,1.2217300000000006
-0.019146499999999997,15.503144,4.033405000000001,1.22173
-0.016632999999999995,15.513144,4.0308915,1.2217300000000006
-0.010663499999999996,15.523144,4.024922500000001,1.22173
-0.002180999999999999,15.533144,4.01644,1.2217300000000006
0.007558000000000002,15.543144,4.0067010000000005,1.22173
0.016826000000000004,15.553144,3.9974330000000005,1.2217300000000006
0.02436600000000001,15.563144,3.9898930000000004,1.22173
0.029628500000000002,15.573144,3.9846310000000003,1.2217300000000006
0.032612999999999996,15.583144,3.9816465,1.22173
0.0337125,15.59212,3.980547,1.2217300000000006
0.03387,15.60212,3.98039,1.22173
0.03387,15.61212,3.98039,1.2217300000000006
0.03387,15.62212,3.98039,1.22173
0.03387,15.631096,3.98039,1.2217300000000006
0.03387,15.641096,3.98039,1.22173
0.03387,15.651096,3.98039,1.2217300000000006
0.03387,15.661096,3.98039,1.22173
0.03387,15.670072,3.98039,1.2217300000000006
0.03387,15.680072,3.98039,1.22173
0.03387,15.690072,3.98039,1.2217300000000006
0.03387,15.700072,3.98039,1.22173
0.03387,15.710072,3.98039,1.2217300000000006
0.03387,15.720072,3.98039,1.22173
0.03387,15.730072,3.98039,1.2217300000000006
0.03387,15.740072,3.98039,1.22173
0.03387,15.750072,3.98039,1.2217300000000006
0.03387,15.759048,3.98039,1.22173
0.03387,15.769048,3.98039,1.2217300000000006
0.03387,15.779048,3.98039,1.22173
0.03387,15.789048,3.98039,1.2217300000000006
0.03387,15.798024,3.98039,1.22173
0.03387,15.808024,3.98039,1.2217300000000006
0.03387,15.818024,3.98039,1.22173
0.03387,15.828028,3.98039,1.2217300000000006
0.03387,15.838024,3.98039,1.22173
0.03387,15.848024,3.98039,1.2217300000000006
0.03387,15.858024,3.98039,1.22173
0.03387,15.868024,3.98039,1.2217300000000006
0.03387,15.878024,3.98039,1.22173
0.03387,15.888024,3.98039,1.2217300000000006
0.03387,15.898024,3.98039,1.22173
0.03387,15.908024,3.98039,1.2217300000000006
0.03387,15.918024,3.98039,1.22173
0.03387,15.927,3.98039,1.2217300000000006
0.03387,15.937,3.98039,1.22173
0.03387,15.947,3.98039,1.2217300000000006
0.03387,15.957,3.98039,1.22173
0.03387,15.965976,3.98039,1.2217300000000006
0.03387,15.975976,3.98039,1.22173
0.03387,15.985976,3.98039,1.2217300000000006
0.03387,15.995976,3.98039,1.22173
0.03387,16.005976,3.98039,1.2217300000000006
0.03387,16.015976,3.98039,1.22173
0.03387,16.025976,3.98039,1.2217300000000006
0.03387,16.035976,3.98039,1.22173
0.03387,16.045976,3.98039,1.2217300000000006
0.03387,16.054952,3.98039,1.22173
0.03387,16.064952,3.98039,1.2217300000000006
0.03387,16.074952,3.98039,1.22173
0.03387,16.084952,3.98039,1.2217300000000006
0.03387,16.093928,3.98039,1.22173
0.03387,16.103928,3.98039,1.2217300000000006
0.03387,16.113928,3.98039,1.22173
0.03387,16.123928,3.98039,1.2217300000000006
0.03387,16.132904,3.98039,1.22173
0.03387,16.142904,3.98039,1.2217300000000006
0.03387,16.152904,3.98039,1.22173
0.03387,16.162904,3.98039,1.2217300000000006
0.03387,16.172904,3.98039,1.22173
0.03387,16.182904,3.98039,1.2217300000000006
0.03387,16.192904,3.98039,1.22173
0.03387,16.202904,3.98039,1.2217300000000006
0.03387,16.212904,3.98039,1.22173
0.03387,16.22188,3.98039,1.2217300000000006
0.03387,16.23188,3.98039,1.22173
0.03387,16.24188,3.98039,1.2217300000000006
0.03387,16.25188,3.98039,1.22173
0.03387,16.260856,3.98039,1.2217300000000006
0.03387,16.270856,3.98039,1.22173
0.03387,16.280856,3.98039,1.2217300000000006
0.03387,16.290856,3.98039,1.22173
0.03387,16.299832,3.98039,1.2217300000000006
0.03387,16.309832,3.98039,1.22173
0.03387,16.319832,3.98039,1.2217300000000006
0.03387,16.329832,3.98039,1.22173
0.03387,16.339832,3.98039,1.2217300000000006
0.03387,16.349832,3.98039,1.22173
0.03387,16.359832,3.98039,1.2217300000000006
0.03387,16.369832,3.98039,1.22173
0.03387,16.379832,3.98039,1.2217300000000006
0.03387,16.388808,3.98039,1.22173
0.03387,16.398808,3.98039,1.2217300000000006
0.03387,16.408808,3.98039,1.22173
0.03387,16.418808,3.98039,1.2217300000000006
0.03387,16.427784,3.98039,1.22173
0.03387,16.437784,3.98039,1.2217300000000006
0.03387,16.447784,3.98039,1.22173
0.03387,16.457788,3.98039,1.2217300000000006
0.03387,16.467784,3.98039,1.22173
0.03387,16.477784,3.98039,1.2217300000000006
0.03387,16.487784,3.98039,1.22173
0.03387,16.497784,3.98039,1.2217300000000006
0.03387,16.507784,3.98039,1.22173
0.03387,16.517784,3.98039,1.2217300000000006
0.03387,16.527784,3.98039,1.22173
0.03387,16.537784,3.98039,1.2217300000000006
0.03387,16.547784,3.98039,1.22173
0.03387,16.55676,3.98039,1.2217300000000006
0.03387,16.56676,3.98039,1.22173
0.03387,16.57676,3.98039,1.2217300000000006
0.03387,16.58676,3.98039,1.22173
0.03387,16.595736,3.98039,1.2217300000000006
0.03387,16.605736,3.98039,1.22173
0.03387,16.615736,3.98039,1.2217300000000006
0.03387,16.625736,3.98039,1.22173
0.03387,16.635736,3.98039,1.2217300000000006
0.03387,16.645736,3.98039,1.22173
0.03387,16.655736,3.98039,1.2217300000000006
0.03387,16.665736,3.98039,1.22173
0.03387,16.675736,3.98039,1.2217300000000006
0.03387,16.684712,3.98039,1.22173
0.03387,16.694712,3.98039,1.2217300000000006
0.03387,16.704712,3.98039,1.22173
0.03387,16.714712,3.98039,1.2217300000000006
0.03387,16.723688,3.98039,1.22173
0.03387,16.733688,3.98039,1.2217300000000006
0.03387,16.743688,3.98039,1.22173
0.03387,16.753688,3.98039,1.2217300000000006
0.03387,16.762664,3.98039,1.22173
0.03387,16.772664,3.98039,1.2217300000000006
0.03387,16.782664,3.98039,1.22173
0.03387,16.792664,3.98039,1.2217300000000006
0.03387,16.802664,3.98039,1.22173
0.03387,16.812664,3.98039,1.2217300000000006
0.03387,16.822664,3.98039,1.22173
0.03387,16.832664,3.98039,1.2217300000000006
0.03387,16.842664,3.98039,1.22173
0.03387,16.85164,3.98039,1.2217300000000006
0.03387,16.86164,3.98039,1.22173
0.03387,16.87164,3.98039,1.2217300000000006
0.03387,16.88164,3.98039,1.22173
0.03387,16.890616,3.98039,1.2217300000000006
0.03387,16.900616,3.98039,1.22173
0.03387,16.910616,3.98039,1.2217300000000006
0.03387,16.920616,3.98039,1.22173
0.03387,16.929592,3.98039,1.2217300000000006
0.03387,16.939592,3.98039,1.22173
0.03387,16.949592,3.98039,1.2217300000000006
0.03387,16.959592,3.98039,1.22173
0.03387,16.969592,3.98039,1.2217300000000006
0.03387,16.979592,3.98039,1.22173
0.03387,16.989592,3.98039,1.2217300000000006
0.03387,16.999592,3.98039,1.22173
-0.12757300000000002,17.009592,3.98039,1.2217300000000006
-0.28736700000000015,17.018592,3.9787405000000002,1.22173
-0.44111299999999976,17.028596,3.9710435,1.2217300000000006
-0.5840209999999998,17.038596,3.9525080000000004,1.22173
-0.7132629999999999,17.048608,3.9203064999999997,1.2217300000000006
-0.8266399999999998,17.057572,3.87224,1.22173
-0.9219524999999997,17.067776,3.8061095,1.2217300000000006
-0.9980229999999999,17.07758,3.7207364999999997,1.22173
-1.0537515,17.087572,3.6150219999999997,1.2217300000000006
-1.0884315,17.096552,3.4882589999999993,1.22173
-1.1022984999999998,17.106564,3.3406824999999998,1.2217300000000006
-1.096059,17.116548,3.173,1.22173
-1.0715985,17.126548,2.9870965,1.2217300000000006
-1.0325294999999999,17.136548,2.7865845,1.22173
-0.9831719999999999,17.14552,2.5757835,1.2217300000000006
-0.928709,17.15552,2.3598774999999996,1.22173
-0.8741675,17.1656,2.143893,1.2217300000000006
-0.8230035,17.175524,1.9312859999999998,1.22173
-0.77773,17.1845,1.7245689999999998,1.2217300000000006
-0.7403105000000001,17.1945,1.5257059999999998,1.22173
-0.5507155,17.204496,1.3361109999999998,1.2217300000000006
-0.3725084999999999,17.214496,1.1579045,1.22173
-0.2103240000000001,17.223472,0.99572,1.2217300000000006
-0.0691875,17.233488,0.854584,1.22173
0.049014999999999996,17.243472,0.736382,1.2217300000000006
0.14428400000000005,17.253476,0.6411135,1.22173
0.217483,17.263476,0.5679145,1.2217300000000006
0.270262,17.27348,0.515136,1.22173
0.303327,17.28348,0.48207050000000007,1.2217300000000006
0.3172285,17.29348,0.4681685,1.22173
0.31275200000000003,17.30348,0.4726455,1.2217300000000006
0.29099650000000005,17.312452,0.494401,1.22173
0.25439700000000004,17.322452,0.5310005,1.2217300000000006
0.20711600000000005,17.332452,0.5782815,1.22173
0.1540235,17.342452,0.6313745000000001,1.2217300000000006
0.10022350000000002,17.351428,0.6851745,1.22173
0.04980100000000001,17.361428,0.7355970000000001,1.2217300000000006
0.004326500000000022,17.371428,0.7810715000000001,1.22173
-0.035728499999999976,17.381428,0.8211270000000002,1.2217300000000006
-0.06973599999999998,17.390404,0.8551350000000002,1.22173
-0.09683199999999997,17.400404,0.882231,1.2217300000000006
-0.11646699999999999,17.410404,0.901866,1.22173
-0.12816950000000002,17.420404,0.9135684999999999,1.2217300000000006
-0.13084,17.430408,0.9162389999999999,1.22173
-0.1243995,17.440408,0.9097985,1.2217300000000006
-0.11081199999999998,17.450384,0.896211,1.22173
-0.09321899999999998,17.460376,0.878618,1.2217300000000006
-0.074448,17.470376,0.8598469999999999,1.22173
-0.05630500000000001,17.479352,0.8417045000000001,1.2217300000000006
-0.040047000000000006,17.489352,0.825447,1.22173
-0.026224000000000004,17.499352,0.811624,1.2217300000000006
-0.0152285,17.509352,0.8006285000000001,1.22173
-0.0076100000000000004,17.518328,0.79301,1.2217300000000006
-0.0039185000000000044,17.528328,0.7893184999999999,1.22173
-0.004704000000000003,17.538328,0.7901039999999999,1.2217300000000006
-0.009887500000000006,17.548328,0.7952874999999997,1.22173
-0.018527000000000005,17.557304,0.8039269999999997,1.2217300000000006
-0.02873700000000001,17.567304,0.8141369999999997,1.22173
-0.03847600000000001,17.577304,0.8238759999999998,1.2217300000000006
-0.04640850000000002,17.587304,0.8318084999999997,1.22173
-0.05198500000000002,17.597304,0.8373849999999998,1.2217300000000006
-0.05528350000000001,17.607304,0.8406834999999998,1.22173
-0.056540000000000014,17.617304,0.8419399999999997,1.2217300000000006
-0.056618500000000016,17.627304,0.8420184999999997,1.22173
-0.056540000000000014,17.637304,0.8419399999999997,1.2217300000000006
-0.056540000000000014,17.64628,0.8419399999999997,1.22173
-0.056540000000000014,17.65628,0.8419399999999997,1.2217300000000006
-0.056540000000000014,17.66628,0.8419399999999997,1.22173
-0.056540000000000014,17.67628,0.8419399999999997,1.2217300000000006
-0.056540000000000014,17.685256,0.8419399999999997,1.22173
-0.056540000000000014,17.695256,0.8419399999999997,1.2217300000000006
-0.056540000000000014,17.705256,0.8419399999999997,1.22173
-0.056540000000000014,17.71526,0.8419399999999997,1.2217300000000006
-0.056540000000000014,17.725256,0.8419399999999997,1.22173
-0.056540000000000014,17.735256,0.8419399999999997,1.2217300000000006
-0.056540000000000014,17.745256,0.8419399999999997,1.22173
-0.056540000000000014,17.755256,0.8419399999999997,1.2217300000000006
-0.056540000000000014,17.765256,0.8419399999999997,1.22173
-0.056540000000000014,17.775256,0.8419399999999997,1.2217300000000006
-0.056540000000000014,17.785256,0.8419399999999997,1.22173
-0.056540000000000014,17.795256,0.8419399999999997,1.2217300000000006
-0.056540000000000014,17.805256,0.8419399999999997,1.22173
-0.056540000000000014,17.814232,0.8419399999999997,1.2217300000000006
-0.056540000000000014,17.824232,0.8419399999999997,1.22173
-0.056540000000000014,17.834232,0.8419399999999997,1.2217300000000006
-0.056540000000000014,17.844232,0.8419399999999997,1.22173
-0.056540000000000014,17.853208,0.8419399999999997,1.2217300000000006
-0.056540000000000014,17.863208,0.8419399999999997,2.87939
-0.056540000000000014,17.873208,0.8419399999999997,1.3046130000000007
-0.056540000000000014,17.883208,0.8419399999999997,2.87939
-0.056540000000000014,17.893208,0.8419399999999997,1.3874960000000007
-0.056540000000000014,17.903208,0.8419399999999997,2.87939
-0.056540000000000014,17.913208,0.8419399999999997,1.4703790000000008
-0.056540000000000014,17.923208,0.8419399999999997,2.87939
-0.056540000000000014,17.933208,0.8419399999999997,1.5532620000000008
-0.056540000000000014,17.942184,0.8419399999999997,2.87939
-0.056540000000000014,17.952184,0.8419399999999997,1.6361450000000006
-0.056540000000000014,17.962184,0.8419399999999997,2.87939
-0.056540000000000014,17.972184,0.8419399999999997,1.7190280000000007
-0.056540000000000014,17.98116,0.8419399999999997,2.87939
-0.056540000000000014,17.99116,0.8419399999999997,1.8019110000000005
-0.056540000000000014,18.00116,0.8419399999999997,2.87939
-0.056540000000000014,18.01116,0.8419399999999997,1.8847940000000005
-0.056540000000000014,18.020136,0.8419399999999997,2.87939
-0.056540000000000014,18.030136,0.8419399999999997,1.9676770000000006
-0.056540000000000014,18.040136,0.8419399999999997,2.87939
-0.056540000000000014,18.050136,0.8419399999999997,2.0505600000000004
-0.056540000000000014,18.060136,0.8419399999999997,2.87939
-0.056540000000000014,18.070136,0.8419399999999997,2.1334430000000006
-0.056540000000000014,18.080136,0.8419399999999997,2.87939
-0.056540000000000014,18.090136,0.8419399999999997,2.2163260000000005
-0.056540000000000014,18.100136,0.8419399999999997,2.87939
-0.056540000000000014,18.109112,0.8419399999999997,2.2992090000000007
-0.056540000000000014,18.119112,0.8419399999999997,2.87939
-0.056540000000000014,18.129112,0.8419399999999997,2.3820920000000005
-0.056540000000000014,18.139112,0.8419399999999997,2.87939
-0.056540000000000014,18.148088,0.8419399999999997,2.464975000000001
-0.056540000000000014,18.158088,0.8419399999999997,2.87939
-0.056540000000000014,18.168088,0.8419399999999997,2.5478580000000006
-0.056540000000000014,18.178088,0.8419399999999997,2.87939
-0.056540000000000014,18.187064,0.8419399999999997,2.6307410000000004
-0.056540000000000014,18.197064,0.8419399999999997,2.87939
-0.056540000000000014,18.207064,0.8419399999999997,2.7136240000000007
-0.056540000000000014,18.217064,0.8419399999999997,2.87939
-0.056540000000000014,18.227064,0.8419399999999997,2.7965070000000005
-0.056540000000000014,18.237064,0.8419399999999997,2.87939
-0.056540000000000014,18.247064,0.8419399999999997,2.879390000000001
-0.056540000000000014,18.257064,0.8419399999999997,2.87939
-0.056540000000000014,18.267064,0.8419399999999997,2.879390000000001
-0.056540000000000014,18.27604,0.8419399999999997,2.87939
-0.056540000000000014,18.28604,0.8419399999999997,2.879390000000001
-0.056540000000000014,18.29604,0.8419399999999997,2.87939
-0.056540000000000014,18.30604,0.8419399999999997,2.879390000000001
-0.056540000000000014,18.315016,0.8419399999999997,2.87939
-0.056540000000000014,18.325016,0.8419399999999997,2.879390000000001
-0.056540000000000014,18.335016,0.8419399999999997,2.87939
-0.056540000000000014,18.34502,0.8419399999999997,2.879390000000001
-0.056540000000000014,18.355016,0.8419399999999997,2.87939
-0.056540000000000014,18.365016,0.8419399999999997,2.879390000000001
-0.056540000000000014,18.375016,0.8419399999999997,2.87939
-0.056540000000000014,18.385016,0.8419399999999997,2.879390000000001
-0.056540000000000014,18.395016,0.8419399999999997,2.87939
-0.056540000000000014,18.405016,0.8419399999999997,2.879390000000001
-0.056540000000000014,18.415016,0.8419399999999997,2.87939
-0.056540000000000014,18.425016,0.8419399999999997,2.879390000000001
-0.056540000000000014,18.435016,0.8419399999999997,2.87939
-0.056540000000000014,18.443992,0.8419399999999997,2.879390000000001
-0.056540000000000014,18.453992,0.8419399999999997,2.87939
-0.056540000000000014,18.463992,0.8419399999999997,2.879390000000001
-0.056540000000000014,18.473992,0.8419399999999997,2.87939
-0.056540000000000014,18.482968,0.8419399999999997,2.879390000000001
-0.056540000000000014,18.492968,0.8419399999999997,2.87939
-0.056540000000000014,18.502968,0.8419399999999997,2.879390000000001
-0.056540000000000014,18.512968,0.8419399999999997,2.87939
-0.056540000000000014,18.522968,0.8419399999999997,2.879390000000001
-0.056540000000000014,18.532968,0.8419399999999997,2.87939
-0.056540000000000014,18.542968,0.8419399999999997,2.879390000000001
-0.056540000000000014,18.552968,0.8419399999999997,2.87939
-0.056540000000000014,18.562968,0.8419399999999997,2.879390000000001
-0.056540000000000014,18.571944,0.8419399999999997,2.87939
-0.056540000000000014,18.581944,0.8419399999999997,2.879390000000001
-0.056540000000000014,18.591944,0.8419399999999997,2.87939
-0.056540000000000014,18.601944,0.8419399999999997,2.879390000000001
-0.056540000000000014,18.61092,0.8419399999999997,2.87939
-0.056540000000000014,18.62092,0.8419399999999997,2.879390000000001
-0.056540000000000014,18.63092,0.8419399999999997,2.87939
-0.056540000000000014,18.64092,0.8419399999999997,2.879390000000001
-0.056540000000000014,18.649896,0.8419399999999997,2.87939
-0.056540000000000014,18.659896,0.8419399999999997,2.879390000000001
-0.056540000000000014,18.669896,0.8419399999999997,2.87939
-0.056540000000000014,18.679896,0.8419399999999997,2.879390000000001
-0.056540000000000014,18.689896,0.8419399999999997,2.87939
-0.056540000000000014,18.699896,0.8419399999999997,2.879390000000001
-0.056540000000000014,18.709896,0.8419399999999997,2.87939
-0.056540000000000014,18.719896,0.8419399999999997,2.879390000000001
-0.056540000000000014,18.729896,0.8419399999999997,2.87939
-0.056540000000000014,18.738872,0.8419399999999997,2.879390000000001
-0.056540000000000014,18.748872,0.8419399999999997,2.87939
-0.056540000000000014,18.758872,0.8419399999999997,2.879390000000001
-0.056540000000000014,18.768872,0.8419399999999997,2.87939
-0.056540000000000014,18.777848,0.8419399999999997,2.879390000000001
-0.056540000000000014,18.787848,0.8419399999999997,2.87939
-0.056540000000000014,18.797848,0.8419399999999997,2.879390000000001
-0.056540000000000014,18.807848,0.8419399999999997,2.87939
-0.056540000000000014,18.816824,0.8419399999999997,2.879390000000001
-0.056540000000000014,18.826824,0.8419399999999997,2.87939
-0.056540000000000014,18.836824,0.8419399999999997,2.879390000000001
-0.056540000000000014,18.846824,0.8419399999999997,2.87939
-0.056540000000000014,18.856824,0.8419399999999997,2.879390000000001
-0.056540000000000014,18.866824,0.8419399999999997,2.87939
-0.056540000000000014,18.876824,0.8419399999999997,2.879390000000001
-0.056540000000000014,18.886824,0.8419399999999997,2.87939
-0.056540000000000014,18.896824,0.8419399999999997,2.879390000000001
-0.056540000000000014,18.9058,0.8419399999999997,2.87939
-0.056540000000000014,18.9158,0.8419399999999997,2.879390000000001
-0.056540000000000014,18.9258,0.8419399999999997,2.87939
-0.056540000000000014,18.9358,0.8419399999999997,2.879390000000001
-0.056540000000000014,18.944776,0.8419399999999997,2.87939
-0.056540000000000014,18.954776,0.8419399999999997,2.879390000000001
-0.056540000000000014,18.964776,0.8419399999999997,2.87939
-0.056540000000000014,18.97478,0.8419399999999997,2.879390000000001
-0.056540000000000014,18.984776,0.8419399999999997,2.87939
-0.056540000000000014,18.994776,0.8419399999999997,2.879390000000001
0.03508949999999996,19.004776,0.8419399999999997,2.87939
0.12491299999999997,19.014796,0.8437464999999998,2.879390000000001
0.2092385,19.024844,0.8510504999999999,2.87939
0.284375,19.03378,0.8675439999999996,2.879390000000001
0.347495,19.04378,0.8960539999999999,2.87939
0.396792,19.053776,0.9383869999999999,2.879390000000001
0.431166,19.063776,0.9956425,2.87939
0.450539,19.072756,1.0678990000000004,2.879390000000001
0.455382,19.082752,1.1546855000000005,2.87939
0.446952,19.092768,1.2547450000000004,2.879390000000001
0.42815450000000005,19.102756,1.3651720000000003,2.87939
0.40244550000000007,19.111732,1.4825105000000003,2.879390000000001
0.37312400000000007,19.121736,1.6034620000000002,2.87939
0.3431740000000001,19.131736,1.7250415000000001,2.879390000000001
0.31471650000000007,19.141732,1.845129,2.87939
0.2890075000000001,19.151732,1.9624675,2.879390000000001
0.26691150000000013,19.160708,2.076193,2.87939
0.2492140000000001,19.170708,2.1855205,2.879390000000001
0.2363860000000001,19.180712,2.2899785,2.87939
0.22866300000000006,19.190708,2.3893315000000004,2.879390000000001
0.13472950000000003,19.199688,2.4832650000000003,2.87939
0.04833550000000003,19.209688,2.5696585000000005,2.879390000000001
-0.026983999999999994,19.219688,2.6449785000000006,2.87939
-0.08903050000000005,19.229688,2.7070250000000002,2.879390000000001
-0.13741100000000003,19.238664,2.7554055,2.87939
-0.17251850000000002,19.24866,2.7905125,2.879390000000001
-0.19466650000000005,19.25866,2.8126605000000002,2.87939
-0.20432700000000004,19.268664,2.8223210000000005,2.879390000000001
-0.20236350000000003,19.277636,2.8203575,2.87939
-0.19019,19.28764,2.8081840000000002,2.879390000000001
-0.1699265,19.29764,2.7879205000000002,2.87939
-0.1437725,19.307636,2.7617665000000002,2.879390000000001
-0.11424150000000002,19.317616,2.7322355000000003,2.87939
-0.08400350000000001,19.327632,2.701998,2.879390000000001
-0.055179500000000006,19.337616,2.673174,2.87939
-0.029103999999999998,19.347608,2.647099,2.879390000000001
-0.006641499999999998,19.357608,2.624637,2.87939
0.011422500000000004,19.366584,2.6065729999999996,2.879390000000001
0.024617,19.376584,2.5933784999999996,2.87939
0.032706500000000006,19.386584,2.5852889999999995,2.879390000000001
0.03537700000000001,19.396584,2.5826189999999993,2.87939
0.032314,19.40556,2.5856824999999994,2.879390000000001
0.0236745,19.41556,2.5943219999999996,2.87939
0.010951000000000002,19.42556,2.6070455,2.879390000000001
-0.0034219999999999962,19.43556,2.6214184999999994,2.87939
-0.017244999999999993,19.444536,2.635242,2.879390000000001
-0.02910449999999999,19.454536,2.647102,2.87939
-0.0384505,19.464536,2.6564484999999998,2.879390000000001
-0.0448905,19.474536,2.662889,2.87939
-0.04826749999999999,19.484536,2.6662664999999994,2.879390000000001
-0.049366999999999994,19.494536,2.6673664999999995,2.87939
-0.04944549999999999,19.504536,2.6674454999999995,2.879390000000001
-0.049288499999999985,19.514536,2.6672884999999993,2.87939
-0.04920999999999998,19.524536,2.667209999999999,2.879390000000001
-0.04920999999999998,19.533512,2.667209999999999,2.87939
-0.04920999999999998,19.543512,2.667209999999999,2.879390000000001
-0.04920999999999998,19.553512,2.667209999999999,2.87939
-0.04920999999999998,19.563512,2.667209999999999,2.879390000000001
-0.04920999999999998,19.572488,2.667209999999999,2.87939
-0.04920999999999998,19.582488,2.667209999999999,2.879390000000001
-0.04920999999999998,19.592488,2.667209999999999,2.87939
-0.04920999999999998,19.602492,2.667209999999999,2.879390000000001
-0.04920999999999998,19.612488,2.667209999999999,2.87939
-0.04920999999999998,19.622488,2.667209999999999,2.879390000000001
-0.04920999999999998,19.632488,2.667209999999999,2.87939
-0.04920999999999998,19.642488,2.667209999999999,2.879390000000001
-0.04920999999999998,19.652488,2.667209999999999,2.87939
-0.04920999999999998,19.661464,2.667209999999999,2.879390000000001
-0.04920999999999998,19.671464,2.667209999999999,2.87939
-0.04920999999999998,19.681464,2.667209999999999,2.879390000000001
-0.04920999999999998,19.691464,2.667209999999999,2.87939
-0.04920999999999998,19.70044,2.667209999999999,2.879390000000001
-0.04920999999999998,19.71044,2.667209999999999,2.87939
-0.04920999999999998,19.72044,2.667209999999999,2.879390000000001
-0.04920999999999998,19.73044,2.667209999999999,2.87939
-0.04920999999999998,19.739416,2.667209999999999,2.879390000000001
-0.04920999999999998,19.749416,2.667209999999999,2.87939
-0.04920999999999998,19.759416,2.667209999999999,2.879390000000001
-0.04920999999999998,19.769416,2.667209999999999,2.87939
-0.04920999999999998,19.779416,2.667209999999999,2.879390000000001
-0.04920999999999998,19.789416,2.667209999999999,2.87939
-0.04920999999999998,19.799416,2.667209999999999,2.879390000000001
-0.04920999999999998,19.809416,2.667209999999999,2.87939
-0.04920999999999998,19.819416,2.667209999999999,2.879390000000001
-0.04920999999999998,19.828392,2.667209999999999,2.87939
-0.04920999999999998,19.838392,2.667209999999999,2.879390000000001
-0.04920999999999998,19.848392,2.667209999999999,2.87939
-0.04920999999999998,19.858392,2.667209999999999,2.879390000000001
-0.04920999999999998,19.867368,2.667209999999999,2.8793
-0.04920999999999998,19.877368,2.667209999999999,2.8793855000000006
-0.04920999999999998,19.887368,2.667209999999999,2.8793
-0.04920999999999998,19.897368,2.667209999999999,2.8793810000000004
-0.04920999999999998,19.906344,2.667209999999999,2.8793
-0.04920999999999998,19.916344,2.667209999999999,2.8793765000000007
-0.04920999999999998,19.926344,2.667209999999999,2.8793
-0.04920999999999998,19.936344,2.667209999999999,2.8793720000000005
-0.04920999999999998,19.946344,2.667209999999999,2.8793
-0.04920999999999998,19.956344,2.667209999999999,2.8793675000000007
-0.04920999999999998,19.966344,2.667209999999999,2.8793
-0.04920999999999998,19.976344,2.667209999999999,2.8793630000000006
-0.04920999999999998,19.986344,2.667209999999999,2.8793
-0.04920999999999998,19.99532,2.667209999999999,2.8793585000000004
-0.04920999999999998,20.00532,2.667209999999999,2.8793
-0.04920999999999998,20.01532,2.667209999999999,2.8793540000000006
-0.04920999999999998,20.02532,2.667209999999999,2.8793
-0.04920999999999998,20.034296,2.667209999999999,2.8793495000000005
-0.04920999999999998,20.044296,2.667209999999999,2.8793
-0.04920999999999998,20.054296,2.667209999999999,2.8793450000000007
-0.04920999999999998,20.064296,2.667209999999999,2.8793
-0.04920999999999998,20.073272,2.667209999999999,2.8793405000000005
-0.04920999999999998,20.083272,2.667209999999999,2.8793
-0.04920999999999998,20.093272,2.667209999999999,2.8793360000000003
-0.04920999999999998,20.103272,2.667209999999999,2.8793
-0.04920999999999998,20.113272,2.667209999999999,2.8793315000000006
-0.04920999999999998,20.123272,2.667209999999999,2.8793
-0.04920999999999998,20.133272,2.667209999999999,2.8793270000000004
-0.04920999999999998,20.143272,2.667209999999999,2.8793
-0.04920999999999998,20.153272,2.667209999999999,2.8793225000000007
-0.04920999999999998,20.162248,2.667209999999999,2.8793
-0.04920999999999998,20.172248,2.667209999999999,2.8793180000000005
-0.04920999999999998,20.182248,2.667209999999999,2.8793
-0.04920999999999998,20.192248,2.667209999999999,2.8793135000000003
-0.04920999999999998,20.201224,2.667209999999999,2.8793
-0.04920999999999998,20.211224,2.667209999999999,2.8793090000000006
-0.04920999999999998,20.221224,2.667209999999999,2.8793
-0.04920999999999998,20.231228,2.667209999999999,2.8793045000000004
-0.04920999999999998,20.241224,2.667209999999999,2.8793
-0.04920999999999998,20.251224,2.667209999999999,2.8793000000000006
-0.04920999999999998,20.261224,2.667209999999999,2.8793
-0.04920999999999998,20.271224,2.667209999999999,2.8793000000000006
-0.04920999999999998,20.281224,2.667209999999999,2.8793
-0.04920999999999998,20.2902,2.667209999999999,2.8793000000000006
-0.04920999999999998,20.3002,2.667209999999999,2.8793
-0.04920999999999998,20.3102,2.667209999999999,2.8793000000000006
-0.04920999999999998,20.3202,2.667209999999999,2.8793
-0.04920999999999998,20.329176,2.667209999999999,2.8793000000000006
-0.04920999999999998,20.339176,2.667209999999999,2.8793
-0.04920999999999998,20.349176,2.667209999999999,2.8793000000000006
-0.04920999999999998,20.359176,2.667209999999999,2.8793
-0.04920999999999998,20.368152,2.667209999999999,2.8793000000000006
-0.04920999999999998,20.378152,2.667209999999999,2.8793
-0.04920999999999998,20.388152,2.667209999999999,2.8793000000000006
-0.04920999999999998,20.398152,2.667209999999999,2.8793
-0.04920999999999998,20.408152,2.667209999999999,2.8793000000000006
-0.04920999999999998,20.418152,2.667209999999999,2.8793
-0.04920999999999998,20.428152,2.667209999999999,2.8793000000000006
-0.04920999999999998,20.438152,2.667209999999999,2.8793
-0.04920999999999998,20.448152,2.667209999999999,2.8793000000000006
-0.04920999999999998,20.457128,2.667209999999999,2.8793
-0.04920999999999998,20.467128,2.667209999999999,2.8793000000000006
-0.04920999999999998,20.477128,2.667209999999999,2.8793
-0.04920999999999998,20.487128,2.667209999999999,2.8793000000000006
-0.04920999999999998,20.496104,2.667209999999999,2.8793
-0.04920999999999998,20.506104,2.667209999999999,2.8793000000000006
-0.04920999999999998,20.516104,2.667209999999999,2.8793
-0.04920999999999998,20.526104,2.667209999999999,2.8793000000000006
-0.04920999999999998,20.53508,2.667209999999999,2.8793
-0.04920999999999998,20.54508,2.667209999999999,2.8793000000000006
-0.04920999999999998,20.55508,2.667209999999999,2.8793
-0.04920999999999998,20.56508,2.667209999999999,2.8793000000000006
-0.04920999999999998,20.57508,2.667209999999999,2.8793
-0.04920999999999998,20.58508,2.667209999999999,2.8793000000000006
-0.04920999999999998,20.59508,2.667209999999999,2.8793
-0.04920999999999998,20.60508,2.667209999999999,2.8793000000000006
-0.04920999999999998,20.61508,2.667209999999999,2.8793
-0.04920999999999998,20.624056,2.667209999999999,2.8793000000000006
-0.04920999999999998,20.634056,2.667209999999999,2.8793
-0.04920999999999998,20.644056,2.667209999999999,2.8793000000000006
-0.04920999999999998,20.654056,2.667209999999999,2.8793
-0.04920999999999998,20.663032,2.667209999999999,2.8793000000000006
-0.04920999999999998,20.673032,2.667209999999999,2.8793
-0.04920999999999998,20.683032,2.667209999999999,2.8793000000000006
-0.04920999999999998,20.693032,2.667209999999999,2.8793
-0.04920999999999998,20.702008,2.667209999999999,2.8793000000000006
-0.04920999999999998,20.712008,2.667209999999999,2.8793
-0.04920999999999998,20.722008,2.667209999999999,2.8793000000000006
-0.04920999999999998,20.732008,2.667209999999999,2.8793
-0.04920999999999998,20.742008,2.667209999999999,2.8793000000000006
-0.04920999999999998,20.752008,2.667209999999999,2.8793
-0.04920999999999998,20.762008,2.667209999999999,2.8793000000000006
-0.04920999999999998,20.772008,2.667209999999999,2.8793
-0.04920999999999998,20.782008,2.667209999999999,2.8793000000000006
-0.04920999999999998,20.790984,2.667209999999999,2.8793
-0.04920999999999998,20.800984,2.667209999999999,2.8793000000000006
-0.04920999999999998,20.810984,2.667209999999999,2.8793
-0.04920999999999998,20.820984,2.667209999999999,2.8793000000000006
-0.04920999999999998,20.82996,2.667209999999999,2.8793
-0.04920999999999998,20.83996,2.667209999999999,2.8793000000000006
-0.04920999999999998,20.84996,2.667209999999999,2.8793
-0.04920999999999998,20.859964,2.667209999999999,2.8793000000000006
-0.04920999999999998,20.86996,2.667209999999999,2.8793
-0.04920999999999998,20.87996,2.667209999999999,2.8793000000000006
-0.04920999999999998,20.88996,2.667209999999999,2.8793
-0.04920999999999998,20.89996,2.667209999999999,2.8793000000000006
-0.04920999999999998,20.90996,2.667209999999999,2.8793
-0.04920999999999998,20.918936,2.667209999999999,2.8793000000000006
-0.04920999999999998,20.928936,2.667209999999999,2.8793
-0.04920999999999998,20.938936,2.667209999999999,2.8793000000000006
-0.04920999999999998,20.948936,2.667209999999999,2.8793
-0.04920999999999998,20.957912,2.667209999999999,2.8793000000000006
-0.04920999999999998,20.967912,2.667209999999999,2.8793
-0.04920999999999998,20.977912,2.667209999999999,2.8793000000000006
-0.04920999999999998,20.987912,2.667209999999999,2.8793
-0.04920999999999998,20.996888,2.667209999999999,2.8793000000000006
0.05550950000000004,21.006888,2.667209999999999,2.8793
0.15795150000000002,21.016912,2.669487499999999,2.8793000000000006
0.25403199999999976,21.027092,2.6781264999999994,2.8793
0.3399804999999998,21.035892,2.696897499999999,2.8793000000000006
0.41194899999999984,21.044868,2.7296484999999993,2.8793
0.46758149999999987,21.054868,2.7787354999999994,2.8793000000000006
0.5064059999999999,21.064868,2.8446299999999995,2.8793
0.528423,21.074868,2.927332,2.8793000000000006
0.5338685,21.083848,3.0266059999999997,2.8793
0.524627,21.093844,3.140567,2.8793000000000006
0.5039969999999999,21.103844,3.2659165000000003,2.8793
0.4755915,21.113848,3.3990415,2.8793000000000006
0.44286650000000005,21.12282,3.536486,2.8793
0.40896350000000004,21.13282,3.6751085000000003,2.8793000000000006
0.37663100000000016,21.14282,3.8121605000000005,2.8793
0.34744050000000004,21.15282,3.9460705000000007,2.8793000000000006
0.322491,21.1618,4.075739500000001,2.8793
0.302725,21.1718,4.2002250000000005,2.8793000000000006
0.28853549999999994,21.1818,4.319134000000001,2.8793
0.280158,21.1918,4.432231000000001,2.8793000000000006
0.17287299999999997,21.2018,4.539516000000002,2.8793
0.07367700000000003,21.210776,4.638711500000001,2.8793000000000006
-0.01334550000000001,21.220776,4.725734000000002,2.8793
-0.0858375,21.230776,4.798226000000001,2.8793000000000006
-0.14238599999999998,21.240772,4.854774500000001,2.8793
-0.18275550000000002,21.249744,4.895144000000001,2.8793000000000006
-0.2079665,21.259744,4.920355500000001,2.8793
-0.21872599999999998,21.269744,4.9311155000000015,2.8793000000000006
-0.2157415,21.27976,4.928131000000001,2.8793
-0.2014475,21.288724,4.913837000000001,2.8793000000000006
-0.1792205,21.298724,4.891610000000001,2.8793
-0.15188849999999998,21.308724,4.8642780000000005,2.8793000000000006
-0.12196499999999999,21.318724,4.8343545,2.8793
-0.0914915,21.327704,4.8038810000000005,2.8793000000000006
-0.06164599999999998,21.3377,4.774035499999999,2.8793
-0.03297900000000001,21.347696,4.7453685,2.8793000000000006
-0.006432500000000009,21.357696,4.718821999999999,2.8793
0.016737,21.367696,4.6956525,2.8793000000000006
0.035351,21.376676,4.6770385,2.8793
0.048310000000000006,21.38668,4.6640795,2.8793000000000006
0.0553785,21.396656,4.657011,2.8793
0.0566355,21.406648,4.6557545,2.8793000000000006
0.0520805,21.415624,4.660309499999999,2.8793
0.043127,21.425624,4.669263,2.8793000000000006
0.03221,21.435624,4.680179999999999,2.8793
0.021449999999999997,21.445624,4.69094,2.8793000000000006
0.012339499999999996,21.4546,4.7000505,2.8793
0.005584999999999996,21.4646,4.706805,2.8793000000000006
0.0016579999999999963,21.4746,4.710731999999999,2.8793
0.0011084999999999964,21.484604,4.711281499999999,2.8793000000000006
0.004014499999999996,21.4946,4.708375499999999,2.8793
0.009590999999999997,21.5046,4.702798999999999,2.8793000000000006
0.016895499999999997,21.5146,4.695494499999999,2.8793
0.024828,21.5246,4.687561999999999,2.8793000000000006
0.031818000000000006,21.5346,4.680571999999998,2.8793
0.036844500000000016,21.5446,4.675545499999998,2.8793000000000006
0.039750500000000015,21.5546,4.672639499999998,2.8793
0.040850000000000025,21.5646,4.671539999999999,2.8793000000000006
0.040928500000000013,21.5746,4.671461499999999,2.8793
0.040850000000000025,21.583576,4.671539999999999,2.8793000000000006
0.040850000000000025,21.593576,4.671539999999999,2.8793
0.040850000000000025,21.603576,4.671539999999999,2.8793000000000006
0.040850000000000025,21.613576,4.671539999999999,2.8793
0.040850000000000025,21.622552,4.671539999999999,2.8793000000000006
0.040850000000000025,21.632552,4.671539999999999,2.8793
0.040850000000000025,21.642552,4.671539999999999,2.8793000000000006
0.040850000000000025,21.652552,4.671539999999999,2.8793
0.040850000000000025,21.662552,4.671539999999999,2.8793000000000006
0.040850000000000025,21.672552,4.671539999999999,2.8793
0.040850000000000025,21.682552,4.671539999999999,2.8793000000000006
0.040850000000000025,21.692552,4.671539999999999,2.8793
0.040850000000000025,21.702552,4.671539999999999,2.8793000000000006
0.040850000000000025,21.711528,4.671539999999999,2.8793
0.040850000000000025,21.721528,4.671539999999999,2.8793000000000006
0.040850000000000025,21.731528,4.671539999999999,2.8793
0.040850000000000025,21.741528,4.671539999999999,2.8793000000000006
0.040850000000000025,21.750504,4.671539999999999,2.8793
0.040850000000000025,21.760504,4.671539999999999,2.8793000000000006
0.040850000000000025,21.770504,4.671539999999999,2.8793
0.040850000000000025,21.780504,4.671539999999999,2.8793000000000006
0.040850000000000025,21.78948,4.671539999999999,2.8793
0.040850000000000025,21.79948,4.671539999999999,2.8793000000000006
0.040850000000000025,21.80948,4.671539999999999,2.8793
0.040850000000000025,21.81948,4.671539999999999,2.8793000000000006
0.040850000000000025,21.82948,4.671539999999999,2.8793
0.040850000000000025,21.83948,4.671539999999999,2.8793000000000006
0.040850000000000025,21.84948,4.671539999999999,2.8793
0.040850000000000025,21.85948,4.671539999999999,2.8793000000000006
0.040850000000000025,21.86948,4.671539999999999,1.7453
0.040850000000000025,21.878456,4.671539999999999,2.8226000000000004
0.040850000000000025,21.888456,4.671539999999999,1.7453
0.040850000000000025,21.898456,4.671539999999999,2.7659000000000002
0.040850000000000025,21.908456,4.671539999999999,1.7453
0.040850000000000025,21.917432,4.671539999999999,2.7092000000000005
0.040850000000000025,21.927432,4.671539999999999,1.7453
0.040850000000000025,21.937432,4.671539999999999,2.6525000000000003
0.040850000000000025,21.947432,4.671539999999999,1.7453
0.040850000000000025,21.956408,4.671539999999999,2.5958000000000006
0.040850000000000025,21.966408,4.671539999999999,1.7453
0.040850000000000025,21.976408,4.671539999999999,2.5391000000000004
0.040850000000000025,21.986408,4.671539999999999,1.7453
0.040850000000000025,21.996408,4.671539999999999,2.4824
0.040850000000000025,22.006408,4.671539999999999,1.7453
0.040850000000000025,22.016408,4.671539999999999,2.4257000000000004
0.040850000000000025,22.026408,4.671539999999999,1.7453
0.040850000000000025,22.036408,4.671539999999999,2.369
0.040850000000000025,22.045384,4.671539999999999,1.74533
0.040850000000000025,22.055384,4.671539999999999,2.3123015000000002
0.040850000000000025,22.065384,4.671539999999999,1.74533
0.040850000000000025,22.075384,4.671539999999999,2.2556030000000002
0.040850000000000025,22.08436,4.671539999999999,1.74533
0.040850000000000025,22.09436,4.671539999999999,2.1989045000000007
0.040850000000000025,22.10436,4.671539999999999,1.74533
0.040850000000000025,22.114364,4.671539999999999,2.1422060000000007
0.040850000000000025,22.12436,4.671539999999999,1.74533
0.040850000000000025,22.13436,4.671539999999999,2.0855075000000007
0.040850000000000025,22.14436,4.671539999999999,1.74533
0.040850000000000025,22.15436,4.671539999999999,2.0288090000000008
0.040850000000000025,22.16436,4.671539999999999,1.74533
0.040850000000000025,22.17436,4.671539999999999,1.9721105000000005
0.040850000000000025,22.18436,4.671539999999999,1.74533
0.040850000000000025,22.19436,4.671539999999999,1.9154120000000008
0.040850000000000025,22.20436,4.671539999999999,1.74533
0.040850000000000025,22.213336,4.671539999999999,1.8587135000000004
0.040850000000000025,22.223336,4.671539999999999,1.74533
0.040850000000000025,22.233336,4.671539999999999,1.8020150000000006
0.040850000000000025,22.243336,4.671539999999999,1.74533
0.040850000000000025,22.252312,4.671539999999999,1.7453165000000004
0.040850000000000025,22.262312,4.671539999999999,1.7453
0.040850000000000025,22.272312,4.671539999999999,1.7453165000000004
0.040850000000000025,22.282312,4.671539999999999,1.7453
0.040850000000000025,22.292312,4.671539999999999,1.7453165000000004
0.040850000000000025,22.302312,4.671539999999999,1.7453
0.040850000000000025,22.312312,4.671539999999999,1.7453165000000004
0.040850000000000025,22.322312,4.671539999999999,1.7453
0.040850000000000025,22.332312,4.671539999999999,1.7453165000000004
0.040850000000000025,22.341288,4.671539999999999,1.7453
0.040850000000000025,22.351288,4.671539999999999,1.7453165000000004
0.040850000000000025,22.361288,4.671539999999999,1.7453
0.040850000000000025,22.371288,4.671539999999999,1.7453165000000004
0.040850000000000025,22.380264,4.671539999999999,1.7453
0.040850000000000025,22.390264,4.671539999999999,1.7453165000000004
0.040850000000000025,22.400264,4.671539999999999,1.7453
0.040850000000000025,22.410264,4.671539999999999,1.7453165000000004
0.040850000000000025,22.41924,4.671539999999999,1.74533
0.040850000000000025,22.42924,4.671539999999999,1.7453180000000001
0.040850000000000025,22.43924,4.671539999999999,1.74533
0.040850000000000025,22.44924,4.671539999999999,1.7453180000000001
0.040850000000000025,22.45924,4.671539999999999,1.74533
0.040850000000000025,22.46924,4.671539999999999,1.7453180000000001
0.040850000000000025,22.47924,4.671539999999999,1.74533
0.040850000000000025,22.48924,4.671539999999999,1.7453180000000001
0.040850000000000025,22.49924,4.671539999999999,1.74533
0.040850000000000025,22.508216,4.671539999999999,1.7453180000000001
0.040850000000000025,22.518216,4.671539999999999,1.74533
0.040850000000000025,22.528216,4.671539999999999,1.7453180000000001
0.040850000000000025,22.538216,4.671539999999999,1.74533
0.040850000000000025,22.547192,4.671539999999999,1.7453180000000001
0.040850000000000025,22.557192,4.671539999999999,1.74533
0.040850000000000025,22.567192,4.671539999999999,1.7453180000000001
0.040850000000000025,22.577192,4.671539999999999,1.74533
0.040850000000000025,22.586168,4.671539999999999,1.7453180000000001
0.040850000000000025,22.596168,4.671539999999999,1.74533
0.040850000000000025,22.606168,4.671539999999999,1.7453180000000001
0.040850000000000025,22.616168,4.671539999999999,1.74533
0.040850000000000025,22.626168,4.671539999999999,1.7453180000000001
0.040850000000000025,22.636168,4.671539999999999,1.74533
0.040850000000000025,22.646168,4.671539999999999,1.7453180000000001
0.040850000000000025,22.656168,4.671539999999999,1.74533
0.040850000000000025,22.666168,4.671539999999999,1.7453195000000001
0.040850000000000025,22.675144,4.671539999999999,1.74533
0.040850000000000025,22.685144,4.671539999999999,1.745321
0.040850000000000025,22.695144,4.671539999999999,1.74533
0.040850000000000025,22.705144,4.671539999999999,1.7453225
0.040850000000000025,22.71412,4.671539999999999,1.74533
0.040850000000000025,22.72412,4.671539999999999,1.7453239999999999
0.040850000000000025,22.73412,4.671539999999999,1.74533
0.040850000000000025,22.744124,4.671539999999999,1.7453254999999999
0.040850000000000025,22.75412,4.671539999999999,1.74533
0.040850000000000025,22.76412,4.671539999999999,1.7453269999999996
0.040850000000000025,22.77412,4.671539999999999,1.74533
0.040850000000000025,22.78412,4.671539999999999,1.7453284999999998
0.040850000000000025,22.79412,4.671539999999999,1.74533
0.040850000000000025,22.80412,4.671539999999999,1.7453299999999996
0.040850000000000025,22.81412,4.671539999999999,1.74533
0.040850000000000025,22.82412,4.671539999999999,1.7453299999999996
0.040850000000000025,22.83412,4.671539999999999,1.74533
0.040850000000000025,22.843096,4.671539999999999,1.7453299999999996
0.040850000000000025,22.853096,4.671539999999999,1.74533
0.040850000000000025,22.863096,4.671539999999999,1.7453299999999996
0.040850000000000025,22.873096,4.671539999999999,1.74533
0.040850000000000025,22.882072,4.671539999999999,1.7453299999999996
0.040850000000000025,22.892072,4.671539999999999,1.74533
0.040850000000000025,22.902072,4.671539999999999,1.7453299999999996
0.040850000000000025,22.912072,4.671539999999999,1.74533
0.040850000000000025,22.922072,4.671539999999999,1.7453299999999996
0.040850000000000025,22.932072,4.671539999999999,1.74533
0.040850000000000025,22.942072,4.671539999999999,1.7453299999999996
0.040850000000000025,22.952072,4.671539999999999,1.74533
0.040850000000000025,22.962072,4.671539999999999,1.7453299999999996
0.040850000000000025,22.971048,4.671539999999999,1.74533
0.040850000000000025,22.981048,4.671539999999999,1.7453299999999996
0.040850000000000025,22.991048,4.671539999999999,1.74533
-0.1773165000000001,23.001048,4.671539999999999,1.7453299999999996
-0.39351949999999986,23.010048,4.669576499999998,1.74533
-0.6036744999999998,23.020052,4.661565499999997,1.7453299999999996
-0.8036195000000004,23.030052,4.643344499999998,1.74533
-0.9902915000000002,23.040052,4.611849999999999,1.7453299999999996
-1.1612555,23.049028,4.564647499999999,1.74533
-1.313841,23.058004,4.499066999999999,1.7453299999999996
-1.446242,23.068004,4.4133015,1.74533
-1.557751,23.078004,4.3066445,1.7453299999999996
-1.6479759999999999,23.088004,4.1787030000000005,1.74533
-1.7165239999999997,23.09698,4.029084500000001,1.7453299999999996
-1.7632379999999999,23.10698,3.8576319999999997,1.74533
-1.7882749999999998,23.116984,3.6645025000000007,1.7453299999999996
-1.792263,23.126984,3.4503244999999994,1.74533
-1.7777945,23.135956,3.2176895000000005,1.7453299999999996
-1.7493454999999998,23.145964,2.9710745,1.74533
-1.7111580000000002,23.155956,2.7147205000000003,1.7453299999999996
-1.6671585000000002,23.165956,2.4525545,1.74533
-1.6214310000000003,23.174932,2.188661,1.7453299999999996
-1.5776670000000002,23.184932,1.9267310000000002,1.74533
-1.3202920000000002,23.194944,1.6693560000000003,1.7453299999999996
-1.0710849999999998,23.204932,1.420149,1.74533
-0.8351515000000002,23.213912,1.1842155,1.7453299999999996
-0.6171250000000001,23.223904,0.966189,1.74533
-0.42030400000000007,23.23392,0.7693685000000001,1.7453299999999996
-0.24720200000000006,23.243908,0.596267,1.74533
-0.09986150000000002,23.253904,0.448926,1.7453299999999996
0.021482499999999974,23.262884,0.32758200000000004,1.74533
0.11824349999999997,23.272884,0.230821,1.7453299999999996
0.19230649999999996,23.282884,0.15675800000000004,1.74533
0.24524249999999995,23.292884,0.10382250000000003,1.7453299999999996
0.27822949999999996,23.30186,0.070836,1.74533
0.2920525,23.31186,0.05701300000000001,1.7453299999999996
0.288047,23.32186,0.061018500000000024,1.74533
0.26935449999999994,23.33186,0.07971100000000003,1.7453299999999996
0.24029449999999997,23.340836,0.108771,1.74533
0.2043235,23.350836,0.14474250000000002,1.7453299999999996
0.16450400000000004,23.360836,0.18456250000000002,1.74533
0.12350600000000003,23.37084,0.22556000000000004,1.7453299999999996
0.08313650000000006,23.380836,0.265929,1.74533
0.045202,23.390836,0.30386400000000013,1.7453299999999996
0.0113515,23.400836,0.33771500000000004,1.74533
-0.0170015,23.410836,0.36606800000000006,1.7453299999999996
-0.038678500000000005,23.42084,0.38774500000000006,1.74533
-0.052737000000000006,23.429792,0.40180350000000004,1.7453299999999996
-0.058784499999999996,23.439784,0.40785099999999996,1.74533
-0.057449,23.449784,0.406516,1.7453299999999996
-0.0503015,23.459784,0.39936900000000003,1.74533
-0.039463000000000005,23.46876,0.3885305,1.7453299999999996
-0.027210500000000006,23.47876,0.37627849999999996,1.74533
-0.015508000000000001,23.48876,0.36457599999999996,1.7453299999999996
-0.005690500000000001,23.49876,0.3547584999999999,1.74533
0.0016140000000000078,23.507736,0.34745449999999994,1.7453299999999996
0.005698000000000009,23.517736,0.3433704999999999,1.74533
0.006012500000000009,23.527736,0.34305649999999993,1.7453299999999996
0.00271400000000001,23.537736,0.3463549999999999,1.74533
-0.003411999999999997,23.547736,0.35248099999999993,1.7453299999999996
-0.011501499999999996,23.557736,0.3605704999999999,1.74533
-0.020140499999999992,23.567736,0.3692099999999999,1.7453299999999996
-0.027444499999999997,23.577736,0.3765144999999999,1.74533
-0.032628000000000004,23.587736,0.3816979999999999,1.7453299999999996
-0.035691,23.597736,0.3847609999999999,1.74533
-0.037026,23.607736,0.38609599999999994,1.7453299999999996
-0.037340000000000005,23.617736,0.3864099999999999,1.74533
-0.037340000000000005,23.627736,0.3864099999999999,1.7453299999999996
-0.037340000000000005,23.636712,0.3864099999999999,1.74533
-0.037340000000000005,23.646712,0.3864099999999999,1.7453299999999996
-0.037340000000000005,23.656712,0.3864099999999999,1.74533
-0.037340000000000005,23.666712,0.3864099999999999,1.7453299999999996
-0.037340000000000005,23.675688,0.3864099999999999,1.74533
-0.037340000000000005,23.685688,0.3864099999999999,1.7453299999999996
-0.037340000000000005,23.695688,0.3864099999999999,1.74533
-0.037340000000000005,23.705688,0.3864099999999999,1.7453299999999996
-0.037340000000000005,23.715688,0.3864099999999999,1.74533
-0.037340000000000005,23.725688,0.3864099999999999,1.7453299999999996
-0.037340000000000005,23.735688,0.3864099999999999,1.74533
-0.037340000000000005,23.745688,0.3864099999999999,1.7453299999999996
-0.037340000000000005,23.755688,0.3864099999999999,1.74533
-0.037340000000000005,23.764664,0.3864099999999999,1.7453299999999996
-0.037340000000000005,23.774664,0.3864099999999999,1.74533
-0.037340000000000005,23.784664,0.3864099999999999,1.7453299999999996
-0.037340000000000005,23.794664,0.3864099999999999,1.74533
-0.037340000000000005,23.80364,0.3864099999999999,1.7453299999999996
-0.037340000000000005,23.81364,0.3864099999999999,1.74533
-0.037340000000000005,23.82364,0.3864099999999999,1.7453299999999996
-0.037340000000000005,23.83364,0.3864099999999999,1.74533
-0.037340000000000005,23.842616,0.3864099999999999,1.7453299999999996
-0.037340000000000005,23.852616,0.3864099999999999,1.74533
-0.037340000000000005,23.862616,0.3864099999999999,1.7453299999999996
-0.037340000000000005,23.872616,0.3864099999999999,1.74533
-0.037340000000000005,23.882616,0.3864099999999999,1.7453299999999996
-0.037340000000000005,23.892616,0.3864099999999999,1.74533
-0.037340000000000005,23.902616,0.3864099999999999,1.7453299999999996
-0.037340000000000005,23.912616,0.3864099999999999,1.74533
-0.037340000000000005,23.922616,0.3864099999999999,1.7453299999999996
-0.037340000000000005,23.931592,0.3864099999999999,1.74533
-0.037340000000000005,23.941592,0.3864099999999999,1.7453299999999996
-0.037340000000000005,23.951592,0.3864099999999999,1.74533
-0.037340000000000005,23.961592,0.3864099999999999,1.7453299999999996
-0.037340000000000005,23.970568,0.3864099999999999,1.74533
-0.037340000000000005,23.980568,0.3864099999999999,1.7453299999999996
-0.037340000000000005,23.990568,0.3864099999999999,1.74533
-0.037340000000000005,24.000572,0.3864099999999999,1.7453299999999996
