0.0,0.010056,0.0,0.0
0.0,0.020056,0.0,0.0
0.0,0.030056,0.0,0.0
0.0,0.040056,0.0,0.0
0.0,0.050056,0.0,0.0
0.0,0.060056,0.0,0.0
0.0,0.070056,0.0,0.0
0.0,0.080056,0.0,0.0
0.0,0.090056,0.0,0.0
0.0,0.100056,0.0,0.0
0.0,0.110056,0.0,0.0
0.0,0.120056,0.0,0.0
0.0,0.130056,0.0,0.0
0.0,0.140056,0.0,0.0
0.0,0.150056,0.0,0.0
0.0,0.160056,0.0,0.0
0.0,0.170056,0.0,0.0
0.0,0.180056,0.0,0.0
0.0,0.190056,0.0,0.0
0.0,0.200056,0.0,0.0
0.0,0.210056,0.0,0.0
0.0,0.220056,0.0,0.0
0.0,0.230056,0.0,0.0
0.0,0.240056,0.0,0.0
0.0,0.250056,0.0,0.0
0.0,0.260056,0.0,0.0
0.0,0.270056,0.0,0.0
0.0,0.280056,0.0,0.0
0.0,0.290056,0.0,0.0
0.0,0.300056,0.0,0.0
0.0,0.310056,0.0,0.0
0.0,0.320056,0.0,0.0
0.0,0.330056,0.0,0.0
0.0,0.340056,0.0,0.0
0.0,0.350056,0.0,0.0
0.0,0.360056,0.0,0.0
0.0,0.370056,0.0,0.0
0.0,0.380056,0.0,0.0
0.0,0.390056,0.0,0.0
0.0,0.400056,0.0,0.0
0.0,0.410056,0.0,0.0
0.0,0.420056,0.0,0.0
0.0,0.430056,0.0,0.0
0.0,0.440056,0.0,0.0
0.0,0.450056,0.0,0.0
0.0,0.460056,0.0,0.0
0.0,0.470056,0.0,0.0
0.0,0.480056,0.0,0.0
0.0,0.490056,0.0,0.0
0.0,0.500056,0.0,0.0
0.0,0.510056,0.0,0.0
0.0,0.520056,0.0,0.0
0.0,0.530056,0.0,0.0
0.0,0.540056,0.0,0.0
0.0,0.550056,0.0,0.0
0.0,0.560056,0.0,0.0
0.0,0.570056,0.0,0.0
0.0,0.580056,0.0,0.0
0.0,0.590056,0.0,0.0
0.0,0.600056,0.0,0.0
0.0,0.610056,0.0,0.0
0.0,0.620056,0.0,0.0
0.0,0.630056,0.0,0.0
0.0,0.64006,0.0,0.0
0.0,0.650056,0.0,0.0
0.0,0.660056,0.0,0.0
0.0,0.670056,0.0,0.0
0.0,0.680056,0.0,0.0
0.0,0.690056,0.0,0.0
0.0,0.700056,0.0,0.0
0.0,0.710056,0.0,0.0
0.0,0.720056,0.0,0.0
0.0,0.730056,0.0,0.0
0.0,0.740056,0.0,0.0
0.0,0.750056,0.0,0.0
0.0,0.760056,0.0,0.0
0.0,0.770056,0.0,0.0
0.0,0.780056,0.0,0.0
0.0,0.790056,0.0,0.0
0.0,0.800056,0.0,0.0
0.0,0.810056,0.0,0.0
0.0,0.820056,0.0,0.0
0.0,0.830056,0.0,0.0
0.0,0.840056,0.0,0.0
0.0,0.850056,0.0,0.0
0.0,0.860056,0.0,0.0
0.0,0.870056,0.0,0.0
0.0,0.880056,0.0,0.0
0.0,0.890056,0.0,0.0
0.0,0.900056,0.0,0.0
0.0,0.910056,0.0,0.0
0.0,0.920056,0.0,0.0
0.0,0.930056,0.0,0.0
0.0,0.940056,0.0,0.0
0.0,0.950056,0.0,0.0
0.0,0.960056,0.0,0.0
0.0,0.970056,0.0,0.0
0.0,0.980056,0.0,0.0
0.0,0.990056,0.0,0.0
0.0,1.000056,0.0,0.0
0.0,1.010056,0.0,0.0
0.0,1.020056,0.0,0.0
0.0,1.030056,0.0,0.0
0.0,1.040056,0.0,0.0
0.0,1.050056,0.0,0.0
0.0,1.060056,0.0,0.0
0.0,1.070056,0.0,0.0
0.0,1.080056,0.0,0.0
0.0,1.090056,0.0,0.0
0.0,1.100056,0.0,0.0
0.0,1.110056,0.0,0.0
0.0,1.120056,0.0,0.0
0.0,1.130056,0.0,0.0
0.0,1.140056,0.0,0.0
0.0,1.150056,0.0,0.0
0.0,1.160056,0.0,0.0
0.0,1.170056,0.0,0.0
0.0,1.180056,0.0,0.0
0.0,1.190056,0.0,0.0
0.0,1.200056,0.0,0.0
0.0,1.210056,0.0,0.0
0.0,1.220056,0.0,0.0
0.0,1.230056,0.0,0.0
0.0,1.240056,0.0,0.0
0.0,1.250056,0.0,0.0
0.0,1.260056,0.0,0.0
0.0,1.270056,0.0,0.0
0.0,1.28006,0.0,0.0
0.0,1.290056,0.0,0.0
0.0,1.300056,0.0,0.0
0.0,1.310056,0.0,0.0
0.0,1.320056,0.0,0.0
0.0,1.330056,0.0,0.0
0.0,1.340056,0.0,0.0
0.0,1.350056,0.0,0.0
0.0,1.360056,0.0,0.0
0.0,1.370056,0.0,0.0
0.0,1.380056,0.0,0.0
0.0,1.390056,0.0,0.0
0.0,1.400056,0.0,0.0
0.0,1.410056,0.0,0.0
0.0,1.420056,0.0,0.0
0.0,1.430056,0.0,0.0
0.0,1.440056,0.0,0.0
0.0,1.450056,0.0,0.0
0.0,1.460056,0.0,0.0
0.0,1.470056,0.0,0.0
0.0,1.480056,0.0,0.0
0.0,1.490056,0.0,0.0
0.0,1.500056,0.0,0.0
0.0,1.510056,0.0,0.0
0.0,1.520056,0.0,0.0
0.0,1.530056,0.0,0.0
0.0,1.540056,0.0,0.0
0.0,1.550056,0.0,0.0
0.0,1.560056,0.0,0.0
0.0,1.570056,0.0,0.0
0.0,1.580056,0.0,0.0
0.0,1.590056,0.0,0.0
0.0,1.600056,0.0,0.0
0.0,1.610056,0.0,0.0
0.0,1.620056,0.0,0.0
0.0,1.630056,0.0,0.0
0.0,1.640056,0.0,0.0
0.0,1.650056,0.0,0.0
0.0,1.660056,0.0,0.0
0.0,1.670056,0.0,0.0
0.0,1.680056,0.0,0.0
0.0,1.690056,0.0,0.0
0.0,1.700056,0.0,0.0
0.0,1.710056,0.0,0.0
0.0,1.720056,0.0,0.0
0.0,1.730056,0.0,0.0
0.0,1.740056,0.0,0.0
0.0,1.750056,0.0,0.0
0.0,1.760056,0.0,0.0
0.0,1.770056,0.0,0.0
0.0,1.780056,0.0,0.0
0.0,1.790056,0.0,0.0
0.0,1.800056,0.0,0.0
0.0,1.810056,0.0,0.0
0.0,1.820056,0.0,0.0
0.0,1.830056,0.0,0.0
0.0,1.840056,0.0,0.0
0.0,1.850056,0.0,0.0
0.0,1.860056,0.0,0.0
0.0,1.870056,0.0,0.0
0.0,1.880056,0.0,0.0
0.0,1.890056,0.0,0.0
0.0,1.900056,0.0,0.0
0.0,1.910056,0.0,0.0
0.0,1.92006,0.0,0.0
0.0,1.930056,0.0,0.0
0.0,1.940056,0.0,0.0
0.0,1.950056,0.0,0.0
0.0,1.960056,0.0,0.0
0.0,1.970056,0.0,0.0
0.0,1.980056,0.0,0.0
0.0,1.990056,0.0,0.0
0.0,2.000056,0.0,0.0
0.0,2.010056,0.0,0.0
0.0,2.020056,0.0,0.0
0.0,2.030056,0.0,0.0
0.0,2.040056,0.0,0.0
0.0,2.050056,0.0,0.0
0.0,2.060056,0.0,0.0
0.0,2.070056,0.0,0.0
0.0,2.080056,0.0,0.0
0.0,2.090056,0.0,0.0
0.0,2.100056,0.0,0.0
0.0,2.110056,0.0,0.0
0.0,2.120056,0.0,0.0
0.0,2.130056,0.0,0.0
0.0,2.140056,0.0,0.0
0.0,2.150056,0.0,0.0
0.0,2.160056,0.0,0.0
0.0,2.170056,0.0,0.0
0.0,2.180056,0.0,0.0
0.0,2.190056,0.0,0.0
0.0,2.200056,0.0,0.0
0.0,2.210056,0.0,0.0
0.0,2.220056,0.0,0.0
0.0,2.230056,0.0,0.0
0.0,2.240056,0.0,0.0
0.0,2.250056,0.0,0.0
0.0,2.260056,0.0,0.0
0.0,2.270056,0.0,0.0
0.0,2.280056,0.0,0.0
0.0,2.290056,0.0,0.0
0.0,2.300056,0.0,0.0
0.0,2.310056,0.0,0.0
0.0,2.320056,0.0,0.0
0.0,2.330056,0.0,0.0
0.0,2.340056,0.0,0.0
0.0,2.350056,0.0,0.0
0.0,2.360056,0.0,0.0
0.0,2.370056,0.0,0.0
0.0,2.380056,0.0,0.0
0.0,2.390056,0.0,0.0
0.0,2.400056,0.0,0.0
0.0,2.410056,0.0,0.0
0.0,2.420056,0.0,0.0
0.0,2.430056,0.0,0.0
0.0,2.440056,0.0,0.0
0.0,2.450056,0.0,0.0
0.0,2.460056,0.0,0.0
0.0,2.470056,0.0,0.0
0.0,2.480056,0.0,0.0
0.0,2.490056,0.0,0.0
0.0,2.500056,0.0,0.0
0.0,2.510056,0.0,0.0
0.0,2.520056,0.0,0.0
0.0,2.530056,0.0,0.0
0.0,2.540056,0.0,0.0
0.0,2.550056,0.0,0.0
0.0,2.56006,0.0,0.0
0.0,2.570056,0.0,0.0
0.0,2.580056,0.0,0.0
0.0,2.590056,0.0,0.0
0.0,2.600056,0.0,0.0
0.0,2.610056,0.0,0.0
0.0,2.620056,0.0,0.0
0.0,2.630056,0.0,0.0
0.0,2.640056,0.0,0.0
0.0,2.650056,0.0,0.0
0.0,2.660056,0.0,0.0
0.0,2.670056,0.0,0.0
0.0,2.680056,0.0,0.0
0.0,2.690056,0.0,0.0
0.0,2.700056,0.0,0.0
0.0,2.710056,0.0,0.0
0.0,2.720056,0.0,0.0
0.0,2.730056,0.0,0.0
0.0,2.740056,0.0,0.0
0.0,2.750056,0.0,0.0
0.0,2.760056,0.0,0.0
0.0,2.770056,0.0,0.0
0.0,2.780056,0.0,0.0
0.0,2.790056,0.0,0.0
0.0,2.800056,0.0,0.0
0.0,2.810056,0.0,0.0
0.0,2.820056,0.0,0.0
0.0,2.830056,0.0,0.0
0.0,2.840056,0.0,0.0
0.0,2.850056,0.0,0.0
0.0,2.860056,0.0,0.0
0.0,2.870056,0.0,0.0
0.0,2.880056,0.0,0.0
0.0,2.890056,0.0,0.0
0.0,2.900056,0.0,0.0
0.0,2.910056,0.0,0.0
0.0,2.920056,0.0,0.0
0.0,2.930056,0.0,0.0
0.0,2.940056,0.0,0.0
0.0,2.950056,0.0,0.0
0.0,2.960056,0.0,0.0
0.0,2.970056,0.0,0.0
0.0,2.980056,0.0,0.0
0.0,2.990056,0.0,0.0
0.0,3.000056,0.0,0.0
0.0,3.010056,0.0,0.0
0.0,3.020056,0.0,0.0
0.0,3.030056,0.0,0.0
0.0,3.040056,0.0,0.0
0.0,3.050056,0.0,0.0
0.0,3.060056,0.0,0.0
0.0,3.070056,0.0,0.0
0.0,3.080056,0.0,0.0
0.0,3.090056,0.0,0.0
0.0,3.100056,0.0,0.0
0.0,3.110056,0.0,0.0
0.0,3.120056,0.0,0.0
0.0,3.130056,0.0,0.0
0.0,3.140056,0.0,0.0
0.0,3.150056,0.0,0.0
0.0,3.160056,0.0,0.0
0.0,3.170056,0.0,0.0
0.0,3.180056,0.0,0.0
0.0,3.190056,0.0,0.0
0.0,3.20006,0.0,0.0
0.0,3.210056,0.0,0.0
0.0,3.220056,0.0,0.0
0.0,3.230056,0.0,0.0
0.0,3.240056,0.0,0.0
0.0,3.250056,0.0,0.0
0.0,3.260056,0.0,0.0
0.0,3.270056,0.0,0.0
0.0,3.280056,0.0,0.0
0.0,3.290056,0.0,0.0
0.0,3.300056,0.0,0.0
0.0,3.310056,0.0,0.0
0.0,3.320056,0.0,0.0
0.0,3.330056,0.0,0.0
0.0,3.340056,0.0,0.0
0.0,3.350056,0.0,0.0
0.0,3.360056,0.0,0.0
0.0,3.370056,0.0,0.0
0.0,3.380056,0.0,0.0
0.0,3.390056,0.0,0.0
0.0,3.400056,0.0,0.0
0.0,3.410056,0.0,0.0
0.0,3.420056,0.0,0.0
0.0,3.430056,0.0,0.0
0.0,3.440056,0.0,0.0
0.0,3.450056,0.0,0.0
0.0,3.460056,0.0,0.0
0.0,3.470056,0.0,0.0
0.0,3.480056,0.0,0.0
0.0,3.490056,0.0,0.0
0.0,3.500056,0.0,0.0
0.0,3.510056,0.0,0.0
0.0,3.520056,0.0,0.0
0.0,3.530056,0.0,0.0
0.0,3.540056,0.0,0.0
0.0,3.550056,0.0,0.0
0.0,3.560056,0.0,0.0
0.0,3.570056,0.0,0.0
0.0,3.580056,0.0,0.0
0.0,3.590056,0.0,0.0
0.0,3.600056,0.0,0.0
0.0,3.610056,0.0,0.0
0.0,3.620056,0.0,0.0
0.0,3.630056,0.0,0.0
0.0,3.640056,0.0,0.0
0.0,3.650056,0.0,0.0
0.0,3.660056,0.0,0.0
0.0,3.670056,0.0,0.0
0.0,3.680056,0.0,0.0
0.0,3.690056,0.0,0.0
0.0,3.700056,0.0,0.0
0.0,3.710056,0.0,0.0
0.0,3.720056,0.0,0.0
0.0,3.730056,0.0,0.0
0.0,3.740056,0.0,0.0
0.0,3.750056,0.0,0.0
0.0,3.760056,0.0,0.0
0.0,3.770056,0.0,0.0
0.0,3.780056,0.0,0.0
0.0,3.790056,0.0,0.0
0.0,3.800056,0.0,0.0
0.0,3.810056,0.0,0.0
0.0,3.820056,0.0,0.0
0.0,3.830056,0.0,0.0
0.0,3.84006,0.0,0.0
0.0,3.850056,0.0,0.0
0.0,3.860056,0.0,0.0
0.0,3.870056,0.0,0.0
0.0,3.880056,0.0,0.0
0.0,3.890056,0.0,0.0
0.0,3.900056,0.0,0.0
0.0,3.910056,0.0,0.0
0.0,3.920056,0.0,0.0
0.0,3.930056,0.0,0.0
0.0,3.940056,0.0,0.0
0.0,3.950056,0.0,0.0
0.0,3.960056,0.0,0.0
0.0,3.970056,0.0,0.0
0.0,3.980056,0.0,0.0
0.0,3.990056,0.0,0.0
0.0,4.000056,0.0,0.0
0.0,4.010056,0.0,0.0
0.0,4.020056,0.0,0.0
0.0,4.030056,0.0,0.0
0.0,4.040056,0.0,0.0
0.0,4.050056,0.0,0.0
0.0,4.060056,0.0,0.0
0.0,4.070056,0.0,0.0
0.0,4.080056,0.0,0.0
0.0,4.090056,0.0,0.0
0.0,4.100056,0.0,0.0
0.0,4.110056,0.0,0.0
0.0,4.120056,0.0,0.0
0.0,4.130056,0.0,0.0
0.0,4.140056,0.0,0.0
0.0,4.150056,0.0,0.0
0.0,4.160056,0.0,0.0
0.0,4.170056,0.0,0.0
0.0,4.180056,0.0,0.0
0.0,4.190056,0.0,0.0
0.0,4.200056,0.0,0.0
0.0,4.210056,0.0,0.0
0.0,4.220056,0.0,0.0
0.0,4.230056,0.0,0.0
0.0,4.240056,0.0,0.0
0.0,4.250056,0.0,0.0
0.0,4.260056,0.0,0.0
0.0,4.270056,0.0,0.0
0.0,4.280056,0.0,0.0
0.0,4.290056,0.0,0.0
0.0,4.300056,0.0,0.0
0.0,4.310056,0.0,0.0
0.0,4.320056,0.0,0.0
0.0,4.330056,0.0,0.0
0.0,4.340056,0.0,0.0
0.0,4.350056,0.0,0.0
0.0,4.360056,0.0,0.0
0.0,4.370056,0.0,0.0
0.0,4.380056,0.0,0.0
0.0,4.390056,0.0,0.0
0.0,4.400056,0.0,0.0
0.0,4.410056,0.0,0.0
0.0,4.420056,0.0,0.0
0.0,4.430056,0.0,0.0
0.0,4.440056,0.0,0.0
0.0,4.450056,0.0,0.0
0.0,4.460056,0.0,0.0
0.0,4.470056,0.0,0.0
0.0,4.48006,0.0,0.0
0.0,4.490056,0.0,0.0
0.0,4.500056,0.0,0.0
0.0,4.510056,0.0,0.0
0.0,4.520056,0.0,0.0
0.0,4.530056,0.0,0.0
0.0,4.540056,0.0,0.0
0.0,4.550056,0.0,0.0
0.0,4.560056,0.0,0.0
0.0,4.570056,0.0,0.0
0.0,4.580056,0.0,0.0
0.0,4.590056,0.0,0.0
0.0,4.600056,0.0,0.0
0.0,4.610056,0.0,0.0
0.0,4.620056,0.0,0.0
0.0,4.630056,0.0,0.0
0.0,4.640056,0.0,0.0
0.0,4.650056,0.0,0.0
0.0,4.660056,0.0,0.0
0.0,4.670056,0.0,0.0
0.0,4.680056,0.0,0.0
0.0,4.690056,0.0,0.0
0.0,4.700056,0.0,0.0
0.0,4.710056,0.0,0.0
0.0,4.720056,0.0,0.0
0.0,4.730056,0.0,0.0
0.0,4.740056,0.0,0.0
0.0,4.750056,0.0,0.0
0.0,4.760056,0.0,0.0
0.0,4.770056,0.0,0.0
0.0,4.780056,0.0,0.0
0.0,4.790056,0.0,0.0
0.0,4.800056,0.0,0.0
0.0,4.810056,0.0,0.0
0.0,4.820056,0.0,0.0
0.0,4.830056,0.0,0.0
0.0,4.840056,0.0,0.0
0.0,4.850056,0.0,0.0
0.0,4.860056,0.0,0.0
0.0,4.870056,0.0,0.0
0.0,4.880056,0.0,0.0
0.0,4.890056,0.0,0.0
0.0,4.900056,0.0,0.0
0.0,4.910056,0.0,0.0
0.0,4.920056,0.0,0.0
0.0,4.930056,0.0,0.0
0.0,4.940056,0.0,0.0
0.0,4.950056,0.0,0.0
0.0,4.960056,0.0,0.0
0.0,4.970056,0.0,0.0
0.0,4.980056,0.0,0.0
0.0,4.990056,0.0,0.0
0.02618,5.000056,0.0,0.0
0.051888500000000004,5.010076,0.000471,0.0
0.07673350000000001,5.02008,0.001806,0.0
0.1011855,5.03006,0.003534,0.0
0.1256375,5.040056,0.005262,0.0
0.15008950000000001,5.050056,0.0069900000000000006,0.0
0.17454150000000002,5.060056,0.008718000000000002,0.0
0.19899350000000005,5.070056,0.010446000000000002,0.0
0.22344550000000002,5.080056,0.012174000000000003,0.0
0.24789750000000002,5.089032,0.013902000000000001,0.0
0.2723495,5.099032,0.01563,0.0
0.29680150000000005,5.109032,0.017358,0.0
0.3212535000000001,5.119036,0.019086,0.0
0.34570550000000005,5.129032,0.020814,0.0
0.3701575000000001,5.139032,0.022541999999999996,0.0
0.39460950000000006,5.149032,0.024269999999999996,0.0
0.41906150000000003,5.159032,0.025997999999999993,0.0
0.4435135000000001,5.169032,0.027725999999999997,0.0
0.46796550000000003,5.179032,0.029453999999999998,0.0
0.4924175,5.189032,0.031182,0.0
0.4906895,5.199032,0.03291,0.0
0.48943299999999995,5.209032,0.034167,0.0
0.48904,5.218008,0.03456,0.0
0.48904,5.228008,0.03456,0.0
0.48904,5.238008,0.03456,0.0
0.48904,5.248008,0.03456,0.0
0.48904,5.256984,0.03456,0.0
0.48904,5.266984,0.03456,0.0
0.48904,5.276984,0.03456,0.0
0.48904,5.286984,0.03456,0.0
0.48904,5.296984,0.03456,0.0
0.48904,5.306984,0.03456,0.0
0.48904,5.316984,0.03456,0.0
0.48904,5.326984,0.03456,0.0
0.48904,5.336984,0.03456,0.0
0.48904,5.346984,0.03456,0.0
0.48904,5.356984,0.03456,0.0
0.48904,5.366984,0.03456,0.0
0.48904,5.376984,0.03456,0.0
0.48904,5.38596,0.03456,0.0
0.48904,5.39596,0.03456,0.0
0.48904,5.40596,0.03456,0.0
0.48904,5.41596,0.03456,0.0
0.48904,5.424936,0.03456,0.0
0.48904,5.434936,0.03456,0.0
0.48904,5.444936,0.03456,0.0
0.48904,5.454936,0.03456,0.0
0.48904,5.464936,0.03456,0.0
0.48904,5.474936,0.03456,0.0
0.48904,5.484936,0.03456,0.0
0.48904,5.494936,0.03456,0.0
0.48904,5.504936,0.03456,0.0
0.48904,5.514936,0.03456,0.0
0.48904,5.524936,0.03456,0.0
0.48904,5.534936,0.03456,0.0
0.48904,5.544936,0.03456,0.0
0.48904,5.553912,0.03456,0.0
0.48904,5.563912,0.03456,0.0
0.48904,5.573912,0.03456,0.0
0.48904,5.583912,0.03456,0.0
0.48904,5.592888,0.03456,0.0
0.48904,5.602888,0.03456,0.0
0.48904,5.612888,0.03456,0.0
0.48904,5.622888,0.03456,0.0
0.48904,5.632888,0.03456,0.0
0.48904,5.642888,0.03456,0.0
0.48904,5.652888,0.03456,0.0
0.48904,5.662888,0.03456,0.0
0.48904,5.672888,0.03456,0.0
0.48904,5.682888,0.03456,0.0
0.48904,5.692888,0.03456,0.0
0.48904,5.702888,0.03456,0.0
0.48904,5.712888,0.03456,0.0
0.48904,5.721864,0.03456,0.0
0.48904,5.731864,0.03456,0.0
0.48904,5.741864,0.03456,0.0
0.48904,5.751868,0.03456,0.0
0.48904,5.761864,0.03456,0.0
0.48904,5.771864,0.03456,0.0
0.48904,5.781864,0.03456,0.0
0.48904,5.791864,0.03456,0.0
0.48904,5.801864,0.03456,0.0
0.48904,5.811864,0.03456,0.0
0.48904,5.821864,0.03456,0.0
0.48904,5.831864,0.03456,0.0
0.48904,5.841864,0.03456,0.0
0.48904,5.85084,0.03456,0.0
0.48904,5.86084,0.03456,0.0
0.48904,5.87084,0.03456,0.0
0.48904,5.88084,0.03456,0.0
0.48904,5.889816,0.03456,0.0
0.48904,5.899816,0.03456,0.0
0.48904,5.909816,0.03456,0.0
0.48904,5.919816,0.03456,0.0
0.48904,5.929816,0.03456,0.0
0.48904,5.939816,0.03456,0.0
0.48904,5.949816,0.03456,0.0
0.48904,5.959816,0.03456,0.0
0.48904,5.969816,0.03456,0.0
0.48904,5.979816,0.03456,0.0
0.48904,5.989816,0.03456,0.0
0.48904,5.999816,0.03456,0.0
0.48904,6.009816,0.03456,0.0
0.48904,6.018792,0.03456,0.0
0.48904,6.028792,0.03456,0.0
0.48904,6.038792,0.03456,0.0
0.48904,6.048792,0.03456,0.0
0.48904,6.057768,0.03456,0.0
0.48904,6.067768,0.03456,0.0
0.48904,6.077768,0.03456,0.0
0.48904,6.087768,0.03456,0.0
0.48904,6.097768,0.03456,0.0
0.48904,6.107768,0.03456,0.0
0.48904,6.117768,0.03456,0.0
0.48904,6.127768,0.03456,0.0
0.48904,6.137768,0.03456,0.0
0.48904,6.147768,0.03456,0.0
0.48904,6.157768,0.03456,0.0
0.48904,6.167768,0.03456,0.0
0.48904,6.177768,0.03456,0.0
0.48904,6.186744,0.03456,0.0
0.48904,6.196744,0.03456,0.0
0.48904,6.206744,0.03456,0.0
0.48904,6.216744,0.03456,0.0
0.48904,6.22572,0.03456,0.0
0.48904,6.23572,0.03456,0.0
0.48904,6.24572,0.03456,0.0
0.48904,6.25572,0.03456,0.0
0.48904,6.26572,0.03456,0.0
0.48904,6.27572,0.03456,0.0
0.48904,6.28572,0.03456,0.0
0.48904,6.29572,0.03456,0.0
0.48904,6.30572,0.03456,0.0
0.48904,6.31572,0.03456,0.0
0.48904,6.32572,0.03456,0.0
0.48904,6.33572,0.03456,0.0
0.48904,6.34572,0.03456,0.0
0.48904,6.354696,0.03456,0.0
0.48904,6.364696,0.03456,0.0
0.48904,6.374696,0.03456,0.0
0.48904,6.3847,0.03456,0.0
0.48904,6.394696,0.03456,0.0
0.48904,6.404696,0.03456,0.0
0.48904,6.414696,0.03456,0.0
0.48904,6.424696,0.03456,0.0
0.48904,6.434696,0.03456,0.0
0.48904,6.444696,0.03456,0.0
0.48904,6.454696,0.03456,0.0
0.48904,6.464696,0.03456,0.0
0.48904,6.474696,0.03456,0.0
0.48904,6.483672,0.03456,0.0
0.48904,6.493672,0.03456,0.0
0.48904,6.503672,0.03456,0.0
0.48904,6.513672,0.03456,0.0
0.48904,6.522648,0.03456,0.0
0.48904,6.532648,0.03456,0.0
0.48904,6.542648,0.03456,0.0
0.48904,6.552648,0.03456,0.0
0.48904,6.562648,0.03456,0.0
0.48904,6.572648,0.03456,0.0
0.48904,6.582648,0.03456,0.0
0.48904,6.592648,0.03456,0.0
0.48904,6.602648,0.03456,0.0
0.48904,6.612648,0.03456,0.0
0.48904,6.622648,0.03456,0.0
0.48904,6.632648,0.03456,0.0
0.48904,6.642648,0.03456,0.0
0.48904,6.651624,0.03456,0.0
0.48904,6.661624,0.03456,0.0
0.48904,6.671624,0.03456,0.0
0.48904,6.681624,0.03456,0.0
0.48904,6.6906,0.03456,0.0
0.48904,6.7006,0.03456,0.0
0.48904,6.7106,0.03456,0.0
0.48904,6.7206,0.03456,0.0
0.48904,6.7306,0.03456,0.0
0.48904,6.7406,0.03456,0.0
0.48904,6.7506,0.03456,0.0
0.48904,6.7606,0.03456,0.0
0.48904,6.7706,0.03456,0.0
0.48904,6.7806,0.03456,0.0
0.48904,6.7906,0.03456,0.0
0.48904,6.8006,0.03456,0.0
0.48904,6.8106,0.03456,0.0
0.48904,6.819576,0.03456,0.0
0.48904,6.829576,0.03456,0.0
0.48904,6.839576,0.03456,0.0
0.48904,6.849576,0.03456,0.0
0.48904,6.858552,0.03456,0.0
0.48904,6.868552,0.03456,0.0
0.48904,6.878552,0.03456,0.0
0.48904,6.888552,0.03456,0.0
0.48904,6.898552,0.03456,0.0
0.48904,6.908552,0.03456,0.0
0.48904,6.918552,0.03456,0.0
0.48904,6.928552,0.03456,0.0
0.48904,6.938552,0.03456,0.0
0.48904,6.948552,0.03456,0.0
0.48904,6.958552,0.03456,0.0
0.48904,6.968552,0.03456,0.0
0.48904,6.978552,0.03456,0.0
0.48904,6.987528,0.03456,0.0
0.48904,6.997528,0.03456,0.0
0.5239464999999999,7.007528,0.03456,0.0
0.5585389999999999,7.017552,0.03487400000000001,0.0
0.5922674999999998,7.027556,0.03605200000000001,0.0
0.6253674999999997,7.037556,0.03785850000000001,0.0
0.6584674999999997,7.04756,0.03966500000000001,0.0
0.6916464999999996,7.057536,0.04139300000000001,0.0
0.7248254999999997,7.067528,0.04312100000000002,0.0
0.7580044999999997,7.077528,0.04484900000000002,0.0
0.7911834999999998,7.087528,0.046577000000000014,0.0
0.8243624999999999,7.097528,0.048305000000000015,0.0
0.8575415,7.107528,0.05003300000000001,0.0
0.8907205,7.117528,0.051760999999999995,0.0
0.9238995,7.127528,0.05348899999999999,0.0
0.9570784999999999,7.137528,0.055216999999999974,0.0
0.9902574999999999,7.147528,0.05694499999999998,0.0
1.0234364999999999,7.156504,0.05867299999999999,0.0
1.0566155,7.166504,0.060400999999999996,0.0
1.0897944999999998,7.176504,0.062129000000000004,0.0
1.1229735,7.186504,0.06385700000000001,0.0
1.1561525,7.196504,0.065585,0.0
1.1544249999999998,7.206504,0.067313,0.0
1.1530114999999999,7.216504,0.06872700000000001,0.0
1.1524619999999999,7.226504,0.06927700000000002,0.0
1.1525409999999998,7.236504,0.06919850000000001,0.0
1.1526199999999998,7.246504,0.06912,0.0
1.1526199999999998,7.256504,0.06912,0.0
1.1526199999999998,7.266504,0.06912,0.0
1.1526199999999998,7.276504,0.06912,0.0
1.1526199999999998,7.28548,0.06912,0.0
1.1526199999999998,7.29548,0.06912,0.0
1.1526199999999998,7.30548,0.06912,0.0
1.1526199999999998,7.31548,0.06912,0.0
1.1526199999999998,7.324456,0.06912,0.0
1.1526199999999998,7.334456,0.06912,0.0
1.1526199999999998,7.344456,0.06912,0.0
1.1526199999999998,7.354456,0.06912,0.0
1.1526199999999998,7.364456,0.06912,0.0
1.1526199999999998,7.374456,0.06912,0.0
1.1526199999999998,7.384456,0.06912,0.0
1.1526199999999998,7.394456,0.06912,0.0
1.1526199999999998,7.404456,0.06912,0.0
1.1526199999999998,7.414456,0.06912,0.0
1.1526199999999998,7.424456,0.06912,0.0
1.1526199999999998,7.434456,0.06912,0.0
1.1526199999999998,7.444456,0.06912,0.0
1.1526199999999998,7.453432,0.06912,0.0
1.1526199999999998,7.463432,0.06912,0.0
1.1526199999999998,7.473432,0.06912,0.0
1.1526199999999998,7.483432,0.06912,0.0
1.1526199999999998,7.492408,0.06912,0.0
1.1526199999999998,7.502408,0.06912,0.0
1.1526199999999998,7.512408,0.06912,0.0
1.1526199999999998,7.522408,0.06912,0.0
1.1526199999999998,7.532408,0.06912,0.0
1.1526199999999998,7.542408,0.06912,0.0
1.1526199999999998,7.552408,0.06912,0.0
1.1526199999999998,7.562408,0.06912,0.0
1.1526199999999998,7.572408,0.06912,0.0
1.1526199999999998,7.582408,0.06912,0.0
1.1526199999999998,7.592408,0.06912,0.0
1.1526199999999998,7.602408,0.06912,0.0
1.1526199999999998,7.612408,0.06912,0.0
1.1526199999999998,7.621384,0.06912,0.0
1.1526199999999998,7.631384,0.06912,0.0
1.1526199999999998,7.641384,0.06912,0.0
1.1526199999999998,7.651388,0.06912,0.0
1.1526199999999998,7.661384,0.06912,0.0
1.1526199999999998,7.671384,0.06912,0.0
1.1526199999999998,7.681384,0.06912,0.0
1.1526199999999998,7.691384,0.06912,0.0
1.1526199999999998,7.701384,0.06912,0.0
1.1526199999999998,7.711384,0.06912,0.0
1.1526199999999998,7.721384,0.06912,0.0
1.1526199999999998,7.731384,0.06912,0.0
1.1526199999999998,7.741384,0.06912,0.0
1.1526199999999998,7.751384,0.06912,0.0
1.1526199999999998,7.761384,0.06912,0.0
1.1526199999999998,7.771384,0.06912,0.0
1.1526199999999998,7.781384,0.06912,0.0
1.1526199999999998,7.79036,0.06912,0.0
1.1526199999999998,7.80036,0.06912,0.0
1.1526199999999998,7.81036,0.06912,0.0
1.1526199999999998,7.82036,0.06912,0.0
1.1526199999999998,7.83036,0.06912,0.0
1.1526199999999998,7.84036,0.06912,0.0
1.1526199999999998,7.85036,0.06912,0.0
1.1526199999999998,7.86036,0.06912,0.0
1.1526199999999998,7.87036,0.06912,0.0
1.1526199999999998,7.88036,0.06912,0.0
1.1526199999999998,7.89036,0.06912,0.0
1.1526199999999998,7.90036,0.06912,0.0
1.1526199999999998,7.91036,0.06912,0.0
1.1526199999999998,7.919336,0.06912,0.0
1.1526199999999998,7.929336,0.06912,0.0
1.1526199999999998,7.939336,0.06912,0.0
1.1526199999999998,7.949336,0.06912,0.0
1.1526199999999998,7.958312,0.06912,0.0
1.1526199999999998,7.968312,0.06912,0.0
1.1526199999999998,7.978312,0.06912,0.0
1.1526199999999998,7.988312,0.06912,0.0
1.1526199999999998,7.998312,0.06912,0.0
1.1526199999999998,8.008312,0.06912,0.0
1.1526199999999998,8.018312,0.06912,0.0
1.1526199999999998,8.028312,0.06912,0.0
1.1526199999999998,8.038312,0.06912,0.0
1.1526199999999998,8.048312,0.06912,0.0
1.1526199999999998,8.058312,0.06912,0.0
1.1526199999999998,8.068312,0.06912,0.0
1.1526199999999998,8.078312,0.06912,0.0
1.1526199999999998,8.087288,0.06912,0.0
1.1526199999999998,8.097288,0.06912,0.0
1.1526199999999998,8.107288,0.06912,0.0
1.1526199999999998,8.117288,0.06912,0.0
1.1526199999999998,8.126264,0.06912,0.0
1.1526199999999998,8.136264,0.06912,0.0
1.1526199999999998,8.146264,0.06912,0.0
1.1526199999999998,8.156264,0.06912,0.0
1.1526199999999998,8.166264,0.06912,0.0
1.1526199999999998,8.176264,0.06912,0.0
1.1526199999999998,8.186264,0.06912,0.0
1.1526199999999998,8.196264,0.06912,0.0
1.1526199999999998,8.206264,0.06912,0.0
1.1526199999999998,8.216264,0.06912,0.0
1.1526199999999998,8.226264,0.06912,0.0
1.1526199999999998,8.236264,0.06912,0.0
1.1526199999999998,8.246264,0.06912,0.0
1.1526199999999998,8.25524,0.06912,0.0
1.1526199999999998,8.26524,0.06912,0.0
1.1526199999999998,8.27524,0.06912,0.0
1.1526199999999998,8.285244,0.06912,0.0
1.1526199999999998,8.29524,0.06912,0.0
1.1526199999999998,8.30524,0.06912,0.0
1.1526199999999998,8.31524,0.06912,0.0
1.1526199999999998,8.32524,0.06912,0.0
1.1526199999999998,8.33524,0.06912,0.0
1.1526199999999998,8.34524,0.06912,0.0
1.1526199999999998,8.35524,0.06912,0.0
1.1526199999999998,8.36524,0.06912,0.0
1.1526199999999998,8.37524,0.06912,0.0
1.1526199999999998,8.38524,0.06912,0.0
1.1526199999999998,8.39524,0.06912,0.0
1.1526199999999998,8.40524,0.06912,0.0
1.1526199999999998,8.41524,0.06912,0.0
1.1526199999999998,8.424216,0.06912,0.0
1.1526199999999998,8.434216,0.06912,0.0
1.1526199999999998,8.444216,0.06912,0.0
1.1526199999999998,8.454216,0.06912,0.0
1.1526199999999998,8.464216,0.06912,0.0
1.1526199999999998,8.474216,0.06912,0.0
1.1526199999999998,8.484216,0.06912,0.0
1.1526199999999998,8.494216,0.06912,0.0
1.1526199999999998,8.504216,0.06912,0.0
1.1526199999999998,8.514216,0.06912,0.0
1.1526199999999998,8.524216,0.06912,0.0
1.1526199999999998,8.534216,0.06912,0.0
1.1526199999999998,8.544216,0.06912,0.0
1.1526199999999998,8.553192,0.06912,0.0
1.1526199999999998,8.563192,0.06912,0.0
1.1526199999999998,8.573192,0.06912,0.0
1.1526199999999998,8.583192,0.06912,0.0
1.1526199999999998,8.592168,0.06912,0.0
1.1526199999999998,8.602168,0.06912,0.0
1.1526199999999998,8.612168,0.06912,0.0
1.1526199999999998,8.622168,0.06912,0.0
1.1526199999999998,8.632168,0.06912,0.0
1.1526199999999998,8.642168,0.06912,0.0
1.1526199999999998,8.652168,0.06912,0.0
1.1526199999999998,8.662168,0.06912,0.0
1.1526199999999998,8.672168,0.06912,0.0
1.1526199999999998,8.682168,0.06912,0.0
1.1526199999999998,8.692168,0.06912,0.0
1.1526199999999998,8.702168,0.06912,0.0
1.1526199999999998,8.712168,0.06912,0.0
1.1526199999999998,8.721144,0.06912,0.0
1.1526199999999998,8.731144,0.06912,0.0
1.1526199999999998,8.741144,0.06912,0.0
1.1526199999999998,8.751144,0.06912,0.0
1.1526199999999998,8.76012,0.06912,0.0
1.1526199999999998,8.77012,0.06912,0.0
1.1526199999999998,8.78012,0.06912,0.0
1.1526199999999998,8.79012,0.06912,0.0
1.1526199999999998,8.80012,0.06912,0.0
1.1526199999999998,8.81012,0.06912,0.0
1.1526199999999998,8.82012,0.06912,0.0
1.1526199999999998,8.83012,0.06912,0.0
1.1526199999999998,8.84012,0.06912,0.0
1.1526199999999998,8.85012,0.06912,0.0
1.1526199999999998,8.86012,0.06912,0.0
1.1526199999999998,8.87012,0.06912,0.0
1.1526199999999998,8.88012,0.06912,0.0
1.1526199999999998,8.889096,0.06912,0.0
1.1526199999999998,8.899096,0.06912,0.0
1.1526199999999998,8.909096,0.06912,0.0
1.1526199999999998,8.9191,0.06912,0.0
1.1526199999999998,8.929096,0.06912,0.0
1.1526199999999998,8.939096,0.06912,0.0
1.1526199999999998,8.949096,0.06912,0.0
1.1526199999999998,8.959096,0.06912,0.0
1.1526199999999998,8.969096,0.06912,0.0
1.1526199999999998,8.979096,0.06912,0.0
1.1526199999999998,8.989096,0.06912,0.0
1.1526199999999998,8.999096,0.06912,0.0
1.2355025,9.009096,0.06912,0.0
1.3174424999999998,9.018092,0.070062,0.0
1.3964764999999995,9.0281,0.07391000000000002,0.0
1.4714264999999995,9.038096,0.08184250000000004,0.0
1.5418209999999994,9.0481,0.09433000000000004,0.0
1.6072674999999994,9.057076,0.11176549999999999,0.0
1.6679229999999994,9.067076,0.13399199999999994,0.0
1.7246514999999996,9.077076,0.16014549999999994,0.0
1.7787099999999996,9.087076,0.18896949999999996,0.0
1.8306479999999994,9.097076,0.21991399999999994,0.0
1.8802294999999996,9.106068,0.25321449999999995,0.0
1.9267479999999997,9.11606,0.28957799999999995,0.0
1.9701249999999995,9.126052,0.3290835,0.0
2.0109884999999994,9.136052,0.371102,0.0
2.0501245,9.145028,0.4148485,0.0
2.088161,9.155028,0.4596945,0.0
2.1247835,9.165028,0.505954,0.0
2.1591284999999996,9.175048,0.5544915,0.0
2.1908030000000003,9.184008,0.6056990000000001,0.0
2.2205139999999997,9.194008,0.6588700000000002,0.0
2.1664784999999998,9.204008,0.7129050000000001,0.0
2.1127575,9.214004,0.7666265000000001,0.0
2.060607,9.222984,0.8187770000000003,0.0
2.0108915,9.23298,0.8684925000000002,0.0
1.9647105,9.24298,0.9146740000000002,0.0
1.9233200000000001,9.25298,0.9560645000000001,0.0
1.8864850000000002,9.26298,0.9928995,0.0
1.8526345000000004,9.27298,1.02675,0.0
1.8201975000000001,9.282984,1.059187,0.0
1.7890955000000002,9.292984,1.0902885000000002,0.0
1.7602715,9.30298,1.1191125,0.0
1.7343535,9.311956,1.1450310000000001,0.0
1.7107130000000002,9.321956,1.1686715,0.0
1.6884080000000001,9.33196,1.190977,0.0
1.6672020000000005,9.34196,1.2121825,0.0
1.6470955000000005,9.350932,1.2322885,0.0
1.628246,9.360932,1.2511379999999999,0.0
1.6110455000000004,9.370932,1.268338,0.0
1.5960445000000005,9.380936,1.2833394999999999,0.0
1.5829285000000004,9.389888,1.2964559999999998,0.0
1.5706765000000003,9.39988,1.3087085,0.0
1.5587385000000002,9.4099,1.3206465,0.0
1.5475075,9.419908,1.331878,0.0
1.53769,9.429908,1.3416955000000002,0.0
1.5290505,9.439908,1.350335,0.0
1.5203330000000002,9.449908,1.359053,0.0
1.5112225000000004,9.459908,1.3681640000000002,0.0
1.5028190000000003,9.469908,1.3765680000000002,0.0
1.4957505000000002,9.478864,1.3836365,0.0
1.4894675000000004,9.488856,1.38992,0.0
1.4832630000000002,9.498856,1.396125,0.0
1.4772155000000002,9.508856,1.4021725,0.0
1.4720320000000002,9.517832,1.407356,0.0
1.4680265000000003,9.527832,1.4113615000000002,0.0
1.4646495000000002,9.537832,1.4147390000000002,0.0
1.4612725000000002,9.547836,1.4181165000000002,0.0
1.4580525000000002,9.557832,1.4213370000000003,0.0
1.4554610000000001,9.567832,1.4239290000000002,0.0
1.4533405000000001,9.577832,1.4260495000000004,0.0
1.4512985,9.587832,1.4280915000000003,0.0
1.4492565000000004,9.597832,1.4301335000000002,0.0
1.4475285000000004,9.607832,1.4318615000000001,0.0
1.4464290000000004,9.617832,1.4329610000000004,0.0
1.4455650000000004,9.627832,1.4338250000000003,0.0
1.4445440000000005,9.637832,1.4348460000000003,0.0
1.4437585000000004,9.646808,1.4356315000000004,0.0
1.4436015000000006,9.656808,1.4357885000000001,0.0
1.4436800000000005,9.666808,1.4357100000000003,0.0
1.4436800000000005,9.676808,1.4357100000000003,0.0
1.4436800000000005,9.685784,1.4357100000000003,0.0
1.4436800000000005,9.695784,1.4357100000000003,0.0
1.4436800000000005,9.705784,1.4357100000000003,0.0
1.4436800000000005,9.715784,1.4357100000000003,0.0
1.4436800000000005,9.725784,1.4357100000000003,0.0
1.4436800000000005,9.735784,1.4357100000000003,0.0
1.4436800000000005,9.745784,1.4357100000000003,0.0
1.4436800000000005,9.755784,1.4357100000000003,0.0
1.4436800000000005,9.765784,1.4357100000000003,0.0
1.4436800000000005,9.775784,1.4357100000000003,0.0
1.4436800000000005,9.785784,1.4357100000000003,0.0
1.4436800000000005,9.795784,1.4357100000000003,0.0
1.4436800000000005,9.805784,1.4357100000000003,0.0
1.4436800000000005,9.81476,1.4357100000000003,0.0
1.4436800000000005,9.82476,1.4357100000000003,0.0
1.4436800000000005,9.83476,1.4357100000000003,0.0
1.4436800000000005,9.84476,1.4357100000000003,0.0
1.4436800000000005,9.853736,1.4357100000000003,0.0
1.4436800000000005,9.863736,1.4357100000000003,0.0
1.4436800000000005,9.873736,1.4357100000000003,0.0
1.4436800000000005,9.883736,1.4357100000000003,0.0
1.4436800000000005,9.893736,1.4357100000000003,0.0
1.4436800000000005,9.903736,1.4357100000000003,0.0
1.4436800000000005,9.913736,1.4357100000000003,0.0
1.4436800000000005,9.923736,1.4357100000000003,0.0
1.4436800000000005,9.933736,1.4357100000000003,0.5236
1.4436800000000005,9.943736,1.4357100000000003,0.02618
1.4436800000000005,9.953736,1.4357100000000003,0.5236
1.4436800000000005,9.963736,1.4357100000000003,0.05236
1.4436800000000005,9.973736,1.4357100000000003,0.5236
1.4436800000000005,9.982712,1.4357100000000003,0.07854
1.4436800000000005,9.992712,1.4357100000000003,0.5236
1.4436800000000005,10.002712,1.4357100000000003,0.10472
1.4436800000000005,10.012712,1.4357100000000003,0.5236
1.4436800000000005,10.021688,1.4357100000000003,0.1309
1.4436800000000005,10.031688,1.4357100000000003,0.5236
1.4436800000000005,10.041688,1.4357100000000003,0.15708
1.4436800000000005,10.051688,1.4357100000000003,0.5236
1.4436800000000005,10.061688,1.4357100000000003,0.18326
1.4436800000000005,10.071688,1.4357100000000003,0.5236
1.4436800000000005,10.081688,1.4357100000000003,0.20944
1.4436800000000005,10.091688,1.4357100000000003,0.5236
1.4436800000000005,10.101688,1.4357100000000003,0.23562
1.4436800000000005,10.110664,1.4357100000000003,0.5236
1.4436800000000005,10.120664,1.4357100000000003,0.2618
1.4436800000000005,10.130664,1.4357100000000003,0.5236
1.4436800000000005,10.140664,1.4357100000000003,0.28798
1.4436800000000005,10.14964,1.4357100000000003,0.5236
1.4436800000000005,10.15964,1.4357100000000003,0.31416
1.4436800000000005,10.16964,1.4357100000000003,0.5236
1.4436800000000005,10.179644,1.4357100000000003,0.34034000000000003
1.4436800000000005,10.18964,1.4357100000000003,0.5236
1.4436800000000005,10.19964,1.4357100000000003,0.36652
1.4436800000000005,10.20964,1.4357100000000003,0.5236
1.4436800000000005,10.21964,1.4357100000000003,0.39270000000000005
1.4436800000000005,10.22964,1.4357100000000003,0.5236
1.4436800000000005,10.23964,1.4357100000000003,0.41888
1.4436800000000005,10.24964,1.4357100000000003,0.5236
1.4436800000000005,10.25964,1.4357100000000003,0.44506
1.4436800000000005,10.26964,1.4357100000000003,0.5236
1.4436800000000005,10.278616,1.4357100000000003,0.47124
1.4436800000000005,10.288616,1.4357100000000003,0.5236
1.4436800000000005,10.298616,1.4357100000000003,0.49742
1.4436800000000005,10.308616,1.4357100000000003,0.5236
1.4436800000000005,10.317592,1.4357100000000003,0.5236
1.4436800000000005,10.327592,1.4357100000000003,0.5236
1.4436800000000005,10.337592,1.4357100000000003,0.5236
1.4436800000000005,10.347592,1.4357100000000003,0.5236
1.4436800000000005,10.357592,1.4357100000000003,0.5236
1.4436800000000005,10.367592,1.4357100000000003,0.5236
1.4436800000000005,10.377592,1.4357100000000003,0.5236
1.4436800000000005,10.387592,1.4357100000000003,0.5236
1.4436800000000005,10.397592,1.4357100000000003,0.5236
1.4436800000000005,10.406568,1.4357100000000003,0.5236
1.4436800000000005,10.416568,1.4357100000000003,0.5236
1.4436800000000005,10.426568,1.4357100000000003,0.5236
1.4436800000000005,10.436568,1.4357100000000003,0.5236
1.4436800000000005,10.445544,1.4357100000000003,0.5236
1.4436800000000005,10.455544,1.4357100000000003,0.5236
1.4436800000000005,10.465544,1.4357100000000003,0.5236
1.4436800000000005,10.475544,1.4357100000000003,0.5236
1.4436800000000005,10.48452,1.4357100000000003,0.5236
1.4436800000000005,10.49452,1.4357100000000003,0.5236
1.4436800000000005,10.50452,1.4357100000000003,0.5236
1.4436800000000005,10.51452,1.4357100000000003,0.5236
1.4436800000000005,10.52452,1.4357100000000003,0.5236
1.4436800000000005,10.53452,1.4357100000000003,0.5236
1.4436800000000005,10.54452,1.4357100000000003,0.5236
1.4436800000000005,10.55452,1.4357100000000003,0.5236
1.4436800000000005,10.56452,1.4357100000000003,0.5236
1.4436800000000005,10.573496,1.4357100000000003,0.5236
1.4436800000000005,10.583496,1.4357100000000003,0.5236
1.4436800000000005,10.593496,1.4357100000000003,0.5236
1.4436800000000005,10.603496,1.4357100000000003,0.5236
1.4436800000000005,10.612472,1.4357100000000003,0.5236
1.4436800000000005,10.622472,1.4357100000000003,0.5236
1.4436800000000005,10.632472,1.4357100000000003,0.5236
1.4436800000000005,10.642472,1.4357100000000003,0.5236
1.4436800000000005,10.651448,1.4357100000000003,0.5236
1.4436800000000005,10.661448,1.4357100000000003,0.5236
1.4436800000000005,10.671448,1.4357100000000003,0.5236
1.4436800000000005,10.681448,1.4357100000000003,0.5236
1.4436800000000005,10.691448,1.4357100000000003,0.5236
1.4436800000000005,10.701448,1.4357100000000003,0.5236
1.4436800000000005,10.711448,1.4357100000000003,0.5236
1.4436800000000005,10.721448,1.4357100000000003,0.5236
1.4436800000000005,10.731448,1.4357100000000003,0.5236
1.4436800000000005,10.740424,1.4357100000000003,0.5236
1.4436800000000005,10.750424,1.4357100000000003,0.5236
1.4436800000000005,10.760424,1.4357100000000003,0.5236
1.4436800000000005,10.770424,1.4357100000000003,0.5236
1.4436800000000005,10.7794,1.4357100000000003,0.5236
1.4436800000000005,10.7894,1.4357100000000003,0.5236
1.4436800000000005,10.7994,1.4357100000000003,0.5236
1.4436800000000005,10.809404,1.4357100000000003,0.5236
1.4436800000000005,10.8194,1.4357100000000003,0.5236
1.4436800000000005,10.8294,1.4357100000000003,0.5236
1.4436800000000005,10.8394,1.4357100000000003,0.5236
1.4436800000000005,10.8494,1.4357100000000003,0.5236
1.4436800000000005,10.8594,1.4357100000000003,0.5236
1.4436800000000005,10.8694,1.4357100000000003,0.5236
1.4436800000000005,10.8794,1.4357100000000003,0.5236
1.4436800000000005,10.8894,1.4357100000000003,0.5236
1.4436800000000005,10.8994,1.4357100000000003,0.5236
1.4436800000000005,10.908376,1.4357100000000003,0.5236
1.4436800000000005,10.918376,1.4357100000000003,0.5236
1.4436800000000005,10.928376,1.4357100000000003,0.5236
1.4436800000000005,10.938376,1.4357100000000003,0.5236
1.4436800000000005,10.947352,1.4357100000000003,0.5236
1.4436800000000005,10.957352,1.4357100000000003,0.5236
1.4436800000000005,10.967352,1.4357100000000003,0.5236
1.4436800000000005,10.977352,1.4357100000000003,0.5236
1.4436800000000005,10.987352,1.4357100000000003,0.5236
1.4436800000000005,10.997352,1.4357100000000003,0.5236
1.3869770000000006,11.007352,1.4357100000000003,0.5236
1.3297245000000004,11.017376,1.4362595000000002,0.5236
1.2711365000000003,11.027384,1.4381445000000002,0.5236
1.2114490000000004,11.036356,1.441129,0.5236
1.1515260000000003,11.046356,1.444349,0.5236
1.0916815000000004,11.056336,1.4474905,0.5236
1.0318370000000003,11.066328,1.450632,0.5236
0.9719925000000004,11.075304,1.4537734999999998,0.5236
0.9121480000000004,11.085304,1.4569149999999997,0.5236
0.8523035000000004,11.095304,1.4600564999999996,0.5236
0.7924590000000005,11.105304,1.4631979999999996,0.5236
0.7326145000000004,11.11428,1.4663394999999995,0.5236
0.6727700000000004,11.12428,1.4694809999999994,0.5236
0.6129255000000005,11.13428,1.4726224999999995,0.5236
0.5530810000000004,11.14428,1.4757639999999994,0.5236
0.4932365000000003,11.15428,1.4789054999999995,0.5236
0.433392,11.16428,1.4820469999999994,0.5236
0.3735474999999999,11.17428,1.4851884999999994,0.5236
0.313703,11.18428,1.4883299999999995,0.5236
0.2538585,11.19428,1.4914714999999994,0.5236
0.25071699999999997,11.203256,1.4946129999999993,0.5236
0.24812499999999998,11.213256,1.4972049999999992,0.5236
0.24686849999999994,11.223256,1.4984614999999994,0.5236
0.24671149999999994,11.233256,1.4986184999999994,0.5236
0.24678999999999995,11.242232,1.4985399999999993,0.5236
0.24678999999999995,11.252232,1.4985399999999993,0.5236
0.24678999999999995,11.262232,1.4985399999999993,0.5236
0.24678999999999995,11.272232,1.4985399999999993,0.5236
0.24678999999999995,11.281208,1.4985399999999993,0.5236
0.24678999999999995,11.291208,1.4985399999999993,0.5236
0.24678999999999995,11.301208,1.4985399999999993,0.5236
0.24678999999999995,11.311208,1.4985399999999993,0.5236
0.24678999999999995,11.321208,1.4985399999999993,0.5236
0.24678999999999995,11.331208,1.4985399999999993,0.5236
0.24678999999999995,11.341208,1.4985399999999993,0.5236
0.24678999999999995,11.351208,1.4985399999999993,0.5236
0.24678999999999995,11.361208,1.4985399999999993,0.5236
0.24678999999999995,11.370184,1.4985399999999993,0.5236
0.24678999999999995,11.380184,1.4985399999999993,0.5236
0.24678999999999995,11.390184,1.4985399999999993,0.5236
0.24678999999999995,11.400184,1.4985399999999993,0.5236
0.24678999999999995,11.40916,1.4985399999999993,0.5236
0.24678999999999995,11.41916,1.4985399999999993,0.5236
0.24678999999999995,11.42916,1.4985399999999993,0.5236
0.24678999999999995,11.439164,1.4985399999999993,0.5236
0.24678999999999995,11.44916,1.4985399999999993,0.5236
0.24678999999999995,11.45916,1.4985399999999993,0.5236
0.24678999999999995,11.46916,1.4985399999999993,0.5236
0.24678999999999995,11.47916,1.4985399999999993,0.5236
0.24678999999999995,11.48916,1.4985399999999993,0.5236
0.24678999999999995,11.49916,1.4985399999999993,0.5236
0.24678999999999995,11.50916,1.4985399999999993,0.5236
0.24678999999999995,11.51916,1.4985399999999993,0.5236
0.24678999999999995,11.52916,1.4985399999999993,0.5236
0.24678999999999995,11.538136,1.4985399999999993,0.5236
0.24678999999999995,11.548136,1.4985399999999993,0.5236
0.24678999999999995,11.558136,1.4985399999999993,0.5236
0.24678999999999995,11.568136,1.4985399999999993,0.5236
0.24678999999999995,11.577112,1.4985399999999993,0.5236
0.24678999999999995,11.587112,1.4985399999999993,0.5236
0.24678999999999995,11.597112,1.4985399999999993,0.5236
0.24678999999999995,11.607112,1.4985399999999993,0.5236
0.24678999999999995,11.617112,1.4985399999999993,0.5236
0.24678999999999995,11.627112,1.4985399999999993,0.5236
0.24678999999999995,11.637112,1.4985399999999993,0.5236
0.24678999999999995,11.647112,1.4985399999999993,0.5236
0.24678999999999995,11.657112,1.4985399999999993,0.5236
0.24678999999999995,11.667112,1.4985399999999993,0.5236
0.24678999999999995,11.677112,1.4985399999999993,0.5236
0.24678999999999995,11.687112,1.4985399999999993,0.5236
0.24678999999999995,11.697112,1.4985399999999993,0.5236
0.24678999999999995,11.706088,1.4985399999999993,0.5236
0.24678999999999995,11.716088,1.4985399999999993,0.5236
0.24678999999999995,11.726088,1.4985399999999993,0.5236
0.24678999999999995,11.736088,1.4985399999999993,0.5236
0.24678999999999995,11.745064,1.4985399999999993,0.5236
0.24678999999999995,11.755064,1.4985399999999993,0.5236
0.24678999999999995,11.765064,1.4985399999999993,0.5236
0.24678999999999995,11.775064,1.4985399999999993,0.5236
0.24678999999999995,11.785064,1.4985399999999993,0.5236
0.24678999999999995,11.795064,1.4985399999999993,0.5236
0.24678999999999995,11.805064,1.4985399999999993,0.5236
0.24678999999999995,11.815064,1.4985399999999993,0.5236
0.24678999999999995,11.825064,1.4985399999999993,0.5236
0.24678999999999995,11.83404,1.4985399999999993,0.5236
0.24678999999999995,11.84404,1.4985399999999993,0.5236
0.24678999999999995,11.85404,1.4985399999999993,0.5236
0.24678999999999995,11.86404,1.4985399999999993,0.5236
0.24678999999999995,11.873016,1.4985399999999993,0.5236
0.24678999999999995,11.883016,1.4985399999999993,0.5236
0.24678999999999995,11.893016,1.4985399999999993,0.5236
0.24678999999999995,11.903016,1.4985399999999993,0.5236
0.24678999999999995,11.911992,1.4985399999999993,0.5236
0.24678999999999995,11.921992,1.4985399999999993,0.5236
0.24678999999999995,11.931992,1.4985399999999993,0.5236
0.24678999999999995,11.941992,1.4985399999999993,0.5236
0.24678999999999995,11.951992,1.4985399999999993,0.5236
0.24678999999999995,11.961992,1.4985399999999993,0.5236
0.24678999999999995,11.971992,1.4985399999999993,0.5236
0.24678999999999995,11.981992,1.4985399999999993,0.5236
0.24678999999999995,11.991992,1.4985399999999993,0.5236
0.24678999999999995,12.000968,1.4985399999999993,0.5236
0.24678999999999995,12.010968,1.4985399999999993,0.5236
0.24678999999999995,12.020968,1.4985399999999993,0.5236
0.24678999999999995,12.030968,1.4985399999999993,0.5236
0.24678999999999995,12.039944,1.4985399999999993,0.5236
0.24678999999999995,12.049944,1.4985399999999993,0.5236
0.24678999999999995,12.059944,1.4985399999999993,0.5236
0.24678999999999995,12.069948,1.4985399999999993,0.5236
0.24678999999999995,12.079944,1.4985399999999993,0.5236
0.24678999999999995,12.089944,1.4985399999999993,0.5236
0.24678999999999995,12.099944,1.4985399999999993,0.5236
0.24678999999999995,12.109944,1.4985399999999993,0.5236
0.24678999999999995,12.119944,1.4985399999999993,0.5236
0.24678999999999995,12.129944,1.4985399999999993,0.5236
0.24678999999999995,12.139944,1.4985399999999993,0.5236
0.24678999999999995,12.149944,1.4985399999999993,0.5236
0.24678999999999995,12.159944,1.4985399999999993,0.5236
0.24678999999999995,12.16892,1.4985399999999993,0.5236
0.24678999999999995,12.17892,1.4985399999999993,0.5236
0.24678999999999995,12.18892,1.4985399999999993,0.5236
0.24678999999999995,12.19892,1.4985399999999993,0.5236
0.24678999999999995,12.207896,1.4985399999999993,0.5236
0.24678999999999995,12.217896,1.4985399999999993,0.5236
0.24678999999999995,12.227896,1.4985399999999993,0.5236
0.24678999999999995,12.237896,1.4985399999999993,0.5236
0.24678999999999995,12.247896,1.4985399999999993,0.5236
0.24678999999999995,12.257896,1.4985399999999993,0.5236
0.24678999999999995,12.267896,1.4985399999999993,0.5236
0.24678999999999995,12.277896,1.4985399999999993,0.5236
0.24678999999999995,12.287896,1.4985399999999993,0.5236
0.24678999999999995,12.297896,1.4985399999999993,0.5236
0.24678999999999995,12.307896,1.4985399999999993,0.5236
0.24678999999999995,12.317896,1.4985399999999993,0.5236
0.24678999999999995,12.327896,1.4985399999999993,0.5236
0.24678999999999995,12.336872,1.4985399999999993,0.5236
0.24678999999999995,12.346872,1.4985399999999993,0.5236
0.24678999999999995,12.356872,1.4985399999999993,0.5236
0.24678999999999995,12.366872,1.4985399999999993,0.5236
0.24678999999999995,12.375848,1.4985399999999993,0.5236
0.24678999999999995,12.385848,1.4985399999999993,0.5236
0.24678999999999995,12.395848,1.4985399999999993,0.5236
0.24678999999999995,12.405848,1.4985399999999993,0.5236
0.24678999999999995,12.415848,1.4985399999999993,0.5236
0.24678999999999995,12.425848,1.4985399999999993,0.5236
0.24678999999999995,12.435848,1.4985399999999993,0.5236
0.24678999999999995,12.445848,1.4985399999999993,0.5236
0.24678999999999995,12.455848,1.4985399999999993,0.5236
0.24678999999999995,12.464824,1.4985399999999993,0.5236
0.24678999999999995,12.474824,1.4985399999999993,0.5236
0.24678999999999995,12.484824,1.4985399999999993,0.5236
0.24678999999999995,12.494824,1.4985399999999993,0.5236
0.24678999999999995,12.5038,1.4985399999999993,0.5236
0.24678999999999995,12.5138,1.4985399999999993,0.5236
0.24678999999999995,12.5238,1.4985399999999993,0.5236
0.24678999999999995,12.5338,1.4985399999999993,0.5236
0.24678999999999995,12.542776,1.4985399999999993,0.5236
0.24678999999999995,12.552776,1.4985399999999993,0.5236
0.24678999999999995,12.562776,1.4985399999999993,0.5236
0.24678999999999995,12.572776,1.4985399999999993,0.5236
0.24678999999999995,12.582776,1.4985399999999993,0.5236
0.24678999999999995,12.592776,1.4985399999999993,0.5236
0.24678999999999995,12.602776,1.4985399999999993,0.5236
0.24678999999999995,12.612776,1.4985399999999993,0.5236
0.24678999999999995,12.622776,1.4985399999999993,0.5236
0.24678999999999995,12.631752,1.4985399999999993,0.5236
0.24678999999999995,12.641752,1.4985399999999993,0.5236
0.24678999999999995,12.651752,1.4985399999999993,0.5236
0.24678999999999995,12.661752,1.4985399999999993,0.5236
0.24678999999999995,12.670728,1.4985399999999993,0.5236
0.24678999999999995,12.680728,1.4985399999999993,0.5236
0.24678999999999995,12.690728,1.4985399999999993,0.5236
0.24678999999999995,12.700732,1.4985399999999993,0.5236
0.24678999999999995,12.710728,1.4985399999999993,0.5236
0.24678999999999995,12.720728,1.4985399999999993,0.5236
0.24678999999999995,12.730728,1.4985399999999993,0.5236
0.24678999999999995,12.740728,1.4985399999999993,0.5236
0.24678999999999995,12.750728,1.4985399999999993,0.5236
0.24678999999999995,12.760728,1.4985399999999993,0.5236
0.24678999999999995,12.770728,1.4985399999999993,0.5236
0.24678999999999995,12.780728,1.4985399999999993,0.5236
0.24678999999999995,12.790728,1.4985399999999993,0.5236
0.24678999999999995,12.799704,1.4985399999999993,0.5236
0.24678999999999995,12.809704,1.4985399999999993,0.5236
0.24678999999999995,12.819704,1.4985399999999993,0.5236
0.24678999999999995,12.829704,1.4985399999999993,0.5236
0.24678999999999995,12.83868,1.4985399999999993,0.5236
0.24678999999999995,12.84868,1.4985399999999993,0.5236
0.24678999999999995,12.85868,1.4985399999999993,0.5236
0.24678999999999995,12.86868,1.4985399999999993,0.5236
0.24678999999999995,12.87868,1.4985399999999993,0.5236
0.24678999999999995,12.88868,1.4985399999999993,0.5236
0.24678999999999995,12.89868,1.4985399999999993,0.5236
0.24678999999999995,12.90868,1.4985399999999993,0.5236
0.24678999999999995,12.91868,1.4985399999999993,0.5236
0.24678999999999995,12.92868,1.4985399999999993,0.5236
0.24678999999999995,12.93868,1.4985399999999993,0.5236
0.24678999999999995,12.94868,1.4985399999999993,0.5236
0.24678999999999995,12.95868,1.4985399999999993,0.5236
0.24678999999999995,12.967656,1.4985399999999993,0.5236
0.24678999999999995,12.977656,1.4985399999999993,0.5236
0.24678999999999995,12.987656,1.4985399999999993,0.5236
0.24678999999999995,12.997656,1.4985399999999993,0.5236
0.4300495000000001,13.006632,1.4985399999999993,0.5236
0.6121310000000003,13.016656,1.4997179999999994,0.5236
0.7895785000000003,13.02666,1.5055299999999994,0.5236
0.9601145000000003,13.03666,1.5182534999999995,0.5236
1.1236605000000004,13.04666,1.5379669999999996,0.5236
1.2803735000000005,13.055636,1.5645134999999997,0.5236
1.4304895000000004,13.065636,1.5976574999999997,0.5236
1.5739295000000004,13.075636,1.6374769999999998,0.5236
1.7105365000000003,13.085636,1.6841295,0.5236
1.8402320000000003,13.094612,1.7376935,0.5236
1.9634869999999998,13.104612,1.7976980000000002,0.5236
2.081323,13.114612,1.8631215,0.5236
2.1949965,13.124616,1.9327079999999999,0.5236
2.3054495,13.133592,2.0055145,0.5236
2.4126825000000003,13.143592,2.0815409999999996,0.5236
2.5161455000000004,13.153588,2.1613374999999997,0.5236
2.6153675,13.163588,2.2453749999999997,0.5236
2.7103485000000003,13.172568,2.3336534999999996,0.5236
2.8018735000000006,13.182568,2.425388,0.5236
2.8908855000000004,13.192568,2.519636,0.5236
2.7942815000000003,13.202568,2.6162400000000003,0.5236
2.696264,13.212568,2.714258000000001,0.5236
2.6004455000000006,13.221544,2.8100765,0.5236
2.5095750000000003,13.231544,2.900947,0.5236
2.4245165000000006,13.24154,2.9860055,0.5236
2.3453485000000005,13.25154,3.0651735,0.5236
2.2712065000000004,13.260516,3.1393150000000003,0.5236
2.2018555,13.27052,3.2086660000000005,0.5236
2.1380025000000002,13.280516,3.272519,0.5236
2.0807470000000006,13.290516,3.3297745,0.5236
2.0297750000000003,13.299492,3.3807470000000004,0.5236
1.9832795,13.309492,3.4272430000000003,0.5236
1.939454,13.319492,3.471068,0.5236
1.8979065000000004,13.329496,3.5126155,0.5236
1.8595005000000002,13.339496,3.5510215000000005,0.5236
1.8246289999999998,13.349492,3.5858929999999996,0.5236
1.792899,13.359492,3.617623,0.5236
1.7641530000000003,13.369492,3.646369,0.5236
1.7380780000000002,13.379492,3.6724444999999997,0.5236
1.7142800000000005,13.388472,3.6962420000000002,0.5236
1.6926815000000006,13.398468,3.7178405,0.5236
1.6728105000000004,13.408468,3.7377109999999996,0.5236
1.6544320000000003,13.418468,3.7560895000000003,0.5236
1.6375460000000002,13.427444,3.7729755000000007,0.5236
1.6217595000000005,13.437448,3.788762,0.5236
1.6066795000000003,13.447444,3.8038420000000004,0.5236
1.5923070000000001,13.457444,3.8182150000000004,0.5236
1.5792695,13.4664,3.8312525,0.5236
1.5676455000000002,13.476416,3.8428765,0.5236
1.5561000000000003,13.48642,3.8544220000000005,0.5236
1.5441615000000002,13.49642,3.8663600000000002,0.5236
1.5329300000000003,13.5064,3.8775910000000007,0.5236
1.5231910000000002,13.516392,3.8873300000000004,0.5236
1.5143945,13.526392,3.8961265000000007,0.5236
1.5056765,13.536392,3.9048445000000003,0.5236
1.4971940000000004,13.546392,3.9133270000000007,0.5236
1.4898110000000002,13.555368,3.9207100000000006,0.5236
1.4836850000000001,13.565368,3.926836,0.5236
1.478344,13.575368,3.9321765,0.5236
1.4732390000000002,13.585368,3.9372815000000005,0.5236
1.468291,13.594344,3.9422295000000007,0.5236
1.464207,13.604344,3.946313500000001,0.5236
1.4610655,13.614344,3.9494550000000013,0.5236
1.4583949999999999,13.624344,3.952125500000001,0.5236
1.4558029999999997,13.63332,3.954717500000001,0.5236
1.4534469999999997,13.64332,3.9570735000000017,0.5236
1.4519544999999998,13.65332,3.958565500000001,0.5236
1.4510119999999997,13.66332,3.9595080000000014,0.5236
1.4499909999999998,13.67332,3.960529000000001,0.5236
1.4492054999999997,13.68332,3.961314500000001,0.5236
1.4489699999999996,13.69332,3.9615500000000012,0.5236
1.4489699999999996,13.70332,3.9615500000000012,0.5236
1.4489699999999996,13.71332,3.9615500000000012,0.5236
1.4489699999999996,13.722296,3.9615500000000012,0.5236
1.4489699999999996,13.732296,3.9615500000000012,0.5236
1.4489699999999996,13.742296,3.9615500000000012,0.5236
1.4489699999999996,13.752296,3.9615500000000012,0.5236
1.4489699999999996,13.761272,3.9615500000000012,0.5236
1.4489699999999996,13.771272,3.9615500000000012,0.5236
1.4489699999999996,13.781272,3.9615500000000012,0.5236
1.4489699999999996,13.791272,3.9615500000000012,0.5236
1.4489699999999996,13.800248,3.9615500000000012,0.5236
1.4489699999999996,13.810248,3.9615500000000012,0.5236
1.4489699999999996,13.820248,3.9615500000000012,0.5236
1.4489699999999996,13.830248,3.9615500000000012,0.5236
1.4489699999999996,13.840248,3.9615500000000012,0.5236
1.4489699999999996,13.850248,3.9615500000000012,0.5236
1.4489699999999996,13.860248,3.9615500000000012,0.5236
1.4489699999999996,13.870248,3.9615500000000012,0.5236
1.4489699999999996,13.880248,3.9615500000000012,0.5236
1.4489699999999996,13.889224,3.9615500000000012,0.5236
1.4489699999999996,13.899224,3.9615500000000012,0.5236
1.4489699999999996,13.909224,3.9615500000000012,0.5236
1.4489699999999996,13.919224,3.9615500000000012,0.5236
1.4489699999999996,13.9282,3.9615500000000012,1.22173
1.4489699999999996,13.9382,3.9615500000000012,0.5585065
1.4489699999999996,13.9482,3.9615500000000012,1.22173
1.4489699999999996,13.958204,3.9615500000000012,0.5934130000000001
1.4489699999999996,13.9682,3.9615500000000012,1.22173
1.4489699999999996,13.9782,3.9615500000000012,0.6283195
1.4489699999999996,13.9882,3.9615500000000012,1.22173
1.4489699999999996,13.9982,3.9615500000000012,0.6632260000000001
1.4489699999999996,14.0082,3.9615500000000012,1.22173
1.4489699999999996,14.0182,3.9615500000000012,0.6981325
1.4489699999999996,14.0282,3.9615500000000012,1.22173
1.4489699999999996,14.0382,3.9615500000000012,0.7330390000000001
1.4489699999999996,14.0482,3.9615500000000012,1.22173
1.4489699999999996,14.057176,3.9615500000000012,0.7679455000000001
1.4489699999999996,14.067176,3.9615500000000012,1.22173
1.4489699999999996,14.077176,3.9615500000000012,0.8028520000000001
1.4489699999999996,14.087176,3.9615500000000012,1.22173
1.4489699999999996,14.096152,3.9615500000000012,0.8377585000000001
1.4489699999999996,14.106152,3.9615500000000012,1.22173
1.4489699999999996,14.116152,3.9615500000000012,0.872665
1.4489699999999996,14.126152,3.9615500000000012,1.22173
1.4489699999999996,14.136152,3.9615500000000012,0.9075714999999998
1.4489699999999996,14.146152,3.9615500000000012,1.22173
1.4489699999999996,14.156152,3.9615500000000012,0.9424779999999997
1.4489699999999996,14.166152,3.9615500000000012,1.22173
1.4489699999999996,14.176152,3.9615500000000012,0.9773844999999999
1.4489699999999996,14.185128,3.9615500000000012,1.22173
1.4489699999999996,14.195128,3.9615500000000012,1.012291
1.4489699999999996,14.205128,3.9615500000000012,1.22173
1.4489699999999996,14.215128,3.9615500000000012,1.0471975
1.4489699999999996,14.224104,3.9615500000000012,1.22173
1.4489699999999996,14.234104,3.9615500000000012,1.0821040000000002
1.4489699999999996,14.244104,3.9615500000000012,1.22173
1.4489699999999996,14.254104,3.9615500000000012,1.1170105000000004
1.4489699999999996,14.26308,3.9615500000000012,1.22173
1.4489699999999996,14.27308,3.9615500000000012,1.1519170000000005
1.4489699999999996,14.28308,3.9615500000000012,1.22173
1.4489699999999996,14.29308,3.9615500000000012,1.1868235000000007
1.4489699999999996,14.30308,3.9615500000000012,1.22173
1.4489699999999996,14.31308,3.9615500000000012,1.2217300000000006
1.4489699999999996,14.32308,3.9615500000000012,1.22173
1.4489699999999996,14.33308,3.9615500000000012,1.2217300000000006
1.4489699999999996,14.34308,3.9615500000000012,1.22173
1.4489699999999996,14.352056,3.9615500000000012,1.2217300000000006
1.4489699999999996,14.362056,3.9615500000000012,1.22173
1.4489699999999996,14.372056,3.9615500000000012,1.2217300000000006
1.4489699999999996,14.382056,3.9615500000000012,1.22173
1.4489699999999996,14.391032,3.9615500000000012,1.2217300000000006
1.4489699999999996,14.401032,3.9615500000000012,1.22173
1.4489699999999996,14.411032,3.9615500000000012,1.2217300000000006
1.4489699999999996,14.421032,3.9615500000000012,1.22173
1.4489699999999996,14.430008,3.9615500000000012,1.2217300000000006
1.4489699999999996,14.440008,3.9615500000000012,1.22173
1.4489699999999996,14.450008,3.9615500000000012,1.2217300000000006
1.4489699999999996,14.460008,3.9615500000000012,1.22173
1.4489699999999996,14.470008,3.9615500000000012,1.2217300000000006
1.4489699999999996,14.480008,3.9615500000000012,1.22173
1.4489699999999996,14.490008,3.9615500000000012,1.2217300000000006
1.4489699999999996,14.500008,3.9615500000000012,1.22173
1.4489699999999996,14.510008,3.9615500000000012,1.2217300000000006
1.4489699999999996,14.518984,3.9615500000000012,1.22173
1.4489699999999996,14.528984,3.9615500000000012,1.2217300000000006
1.4489699999999996,14.538984,3.9615500000000012,1.22173
1.4489699999999996,14.548984,3.9615500000000012,1.2217300000000006
1.4489699999999996,14.55796,3.9615500000000012,1.22173
1.4489699999999996,14.56796,3.9615500000000012,1.2217300000000006
1.4489699999999996,14.57796,3.9615500000000012,1.22173
1.4489699999999996,14.587964,3.9615500000000012,1.2217300000000006
1.4489699999999996,14.59796,3.9615500000000012,1.22173
1.4489699999999996,14.60796,3.9615500000000012,1.2217300000000006
1.4489699999999996,14.61796,3.9615500000000012,1.22173
1.4489699999999996,14.62796,3.9615500000000012,1.2217300000000006
1.4489699999999996,14.63796,3.9615500000000012,1.22173
1.4489699999999996,14.64796,3.9615500000000012,1.2217300000000006
1.4489699999999996,14.65796,3.9615500000000012,1.22173
1.4489699999999996,14.66796,3.9615500000000012,1.2217300000000006
1.4489699999999996,14.67796,3.9615500000000012,1.22173
1.4489699999999996,14.686936,3.9615500000000012,1.2217300000000006
1.4489699999999996,14.696936,3.9615500000000012,1.22173
1.4489699999999996,14.706936,3.9615500000000012,1.2217300000000006
1.4489699999999996,14.716936,3.9615500000000012,1.22173
1.4489699999999996,14.725912,3.9615500000000012,1.2217300000000006
1.4489699999999996,14.735912,3.9615500000000012,1.22173
1.4489699999999996,14.745912,3.9615500000000012,1.2217300000000006
1.4489699999999996,14.755912,3.9615500000000012,1.22173
1.4489699999999996,14.765912,3.9615500000000012,1.2217300000000006
1.4489699999999996,14.775912,3.9615500000000012,1.22173
1.4489699999999996,14.785912,3.9615500000000012,1.2217300000000006
1.4489699999999996,14.795912,3.9615500000000012,1.22173
1.4489699999999996,14.805912,3.9615500000000012,1.2217300000000006
1.4489699999999996,14.814888,3.9615500000000012,1.22173
1.4489699999999996,14.824888,3.9615500000000012,1.2217300000000006
1.4489699999999996,14.834888,3.9615500000000012,1.22173
1.4489699999999996,14.844888,3.9615500000000012,1.2217300000000006
1.4489699999999996,14.853864,3.9615500000000012,1.22173
1.4489699999999996,14.863864,3.9615500000000012,1.2217300000000006
1.4489699999999996,14.873864,3.9615500000000012,1.22173
1.4489699999999996,14.883864,3.9615500000000012,1.2217300000000006
1.4489699999999996,14.89284,3.9615500000000012,1.22173
1.4489699999999996,14.90284,3.9615500000000012,1.2217300000000006
1.4489699999999996,14.91284,3.9615500000000012,1.22173
1.4489699999999996,14.92284,3.9615500000000012,1.2217300000000006
1.4489699999999996,14.93284,3.9615500000000012,1.22173
1.4489699999999996,14.94284,3.9615500000000012,1.2217300000000006
1.4489699999999996,14.95284,3.9615500000000012,1.22173
1.4489699999999996,14.96284,3.9615500000000012,1.2217300000000006
1.4489699999999996,14.97284,3.9615500000000012,1.22173
1.4489699999999996,14.981816,3.9615500000000012,1.2217300000000006
1.4489699999999996,14.991816,3.9615500000000012,1.22173
1.3791569999999997,15.001816,3.9615500000000012,1.2217300000000006
1.3086369999999998,15.011836,3.962257000000001,1.22173
1.2365459999999997,15.02082,3.964534500000001,1.2217300000000006
1.1633554999999998,15.03082,3.9679120000000005,1.22173
1.089851,15.040824,3.9716035000000005,1.2217300000000006
1.0163464999999998,15.050824,3.975295000000001,1.22173
0.9429205,15.059776,3.9789080000000006,1.2217300000000006
0.8694945,15.069768,3.9825210000000006,1.22173
0.7960684999999998,15.079768,3.9861340000000007,1.2217300000000006
0.7226425,15.089768,3.989747000000001,1.22173
0.6492164999999999,15.099768,3.993360000000001,1.2217300000000006
0.5757905,15.109768,3.9969730000000014,1.22173
0.5023645,15.119768,4.000586000000001,1.2217300000000006
0.42893849999999994,15.129768,4.004199000000002,1.22173
0.35551250000000006,15.139768,4.007812000000001,1.2217300000000006
0.2820865000000001,15.148744,4.011425000000002,1.22173
0.20866050000000005,15.158744,4.015038000000001,1.2217300000000006
0.13523450000000004,15.168744,4.018651000000001,1.22173
0.0618085,15.178744,4.022264000000002,1.2217300000000006
-0.011617500000000003,15.18772,4.025877000000001,1.22173
-0.015230500000000006,15.19772,4.029490000000002,1.2217300000000006
-0.01813650000000001,15.20772,4.032396000000001,1.22173
-0.019471500000000006,15.217724,4.033731500000001,1.2217300000000006
-0.019707000000000006,15.22772,4.033967000000001,1.22173
-0.019628500000000007,15.23772,4.0338885000000015,1.2217300000000006
-0.01955000000000001,15.24772,4.033810000000002,1.22173
-0.01955000000000001,15.25772,4.033810000000002,1.2217300000000006
-0.01955000000000001,15.26772,4.033810000000002,1.22173
-0.01955000000000001,15.276696,4.033810000000002,1.2217300000000006
-0.01955000000000001,15.286696,4.033810000000002,1.22173
-0.01955000000000001,15.296696,4.033810000000002,1.2217300000000006
-0.01955000000000001,15.306696,4.033810000000002,1.22173
-0.01955000000000001,15.315672,4.033810000000002,1.2217300000000006
-0.01955000000000001,15.325672,4.033810000000002,1.22173
-0.01955000000000001,15.335672,4.033810000000002,1.2217300000000006
-0.01955000000000001,15.345672,4.033810000000002,1.22173
-0.01955000000000001,15.354648,4.033810000000002,1.2217300000000006
-0.01955000000000001,15.364648,4.033810000000002,1.22173
-0.01955000000000001,15.374648,4.033810000000002,1.2217300000000006
-0.01955000000000001,15.384648,4.033810000000002,1.22173
-0.01955000000000001,15.394648,4.033810000000002,1.2217300000000006
-0.01955000000000001,15.404648,4.033810000000002,1.22173
-0.01955000000000001,15.414648,4.033810000000002,1.2217300000000006
-0.01955000000000001,15.424648,4.033810000000002,1.22173
-0.01955000000000001,15.434648,4.033810000000002,1.2217300000000006
-0.01955000000000001,15.443624,4.033810000000002,1.22173
-0.01955000000000001,15.453624,4.033810000000002,1.2217300000000006
-0.01955000000000001,15.463624,4.033810000000002,1.22173
-0.01955000000000001,15.473624,4.033810000000002,1.2217300000000006
-0.01955000000000001,15.4826,4.033810000000002,1.22173
-0.01955000000000001,15.4926,4.033810000000002,1.2217300000000006
-0.01955000000000001,15.5026,4.033810000000002,1.22173
-0.01955000000000001,15.5126,4.033810000000002,1.2217300000000006
-0.01955000000000001,15.521576,4.033810000000002,1.22173
-0.01955000000000001,15.531576,4.033810000000002,1.2217300000000006
-0.01955000000000001,15.541576,4.033810000000002,1.22173
-0.01955000000000001,15.551576,4.033810000000002,1.2217300000000006
-0.01955000000000001,15.561576,4.033810000000002,1.22173
-0.01955000000000001,15.571576,4.033810000000002,1.2217300000000006
-0.01955000000000001,15.581576,4.033810000000002,1.22173
-0.01955000000000001,15.591576,4.033810000000002,1.2217300000000006
-0.01955000000000001,15.601576,4.033810000000002,1.22173
-0.01955000000000001,15.610552,4.033810000000002,1.2217300000000006
-0.01955000000000001,15.620552,4.033810000000002,1.22173
-0.01955000000000001,15.630552,4.033810000000002,1.2217300000000006
-0.01955000000000001,15.640552,4.033810000000002,1.22173
-0.01955000000000001,15.649528,4.033810000000002,1.2217300000000006
-0.01955000000000001,15.659528,4.033810000000002,1.22173
-0.01955000000000001,15.669528,4.033810000000002,1.2217300000000006
-0.01955000000000001,15.679528,4.033810000000002,1.22173
-0.01955000000000001,15.688504,4.033810000000002,1.2217300000000006
-0.01955000000000001,15.698504,4.033810000000002,1.22173
-0.01955000000000001,15.708504,4.033810000000002,1.2217300000000006
-0.01955000000000001,15.718504,4.033810000000002,1.22173
-0.01955000000000001,15.728504,4.033810000000002,1.2217300000000006
-0.01955000000000001,15.738504,4.033810000000002,1.22173
-0.01955000000000001,15.748504,4.033810000000002,1.2217300000000006
-0.01955000000000001,15.758504,4.033810000000002,1.22173
-0.01955000000000001,15.768504,4.033810000000002,1.2217300000000006
-0.01955000000000001,15.77748,4.033810000000002,1.22173
-0.01955000000000001,15.78748,4.033810000000002,1.2217300000000006
-0.01955000000000001,15.79748,4.033810000000002,1.22173
-0.01955000000000001,15.80748,4.033810000000002,1.2217300000000006
-0.01955000000000001,15.816456,4.033810000000002,1.22173
-0.01955000000000001,15.826456,4.033810000000002,1.2217300000000006
-0.01955000000000001,15.836456,4.033810000000002,1.22173
-0.01955000000000001,15.84646,4.033810000000002,1.2217300000000006
-0.01955000000000001,15.856456,4.033810000000002,1.22173
-0.01955000000000001,15.866456,4.033810000000002,1.2217300000000006
-0.01955000000000001,15.876456,4.033810000000002,1.22173
-0.01955000000000001,15.886456,4.033810000000002,1.2217300000000006
-0.01955000000000001,15.896456,4.033810000000002,1.22173
-0.01955000000000001,15.905432,4.033810000000002,1.2217300000000006
-0.01955000000000001,15.915432,4.033810000000002,1.22173
-0.01955000000000001,15.925432,4.033810000000002,1.2217300000000006
-0.01955000000000001,15.935432,4.033810000000002,1.22173
-0.01955000000000001,15.944408,4.033810000000002,1.2217300000000006
-0.01955000000000001,15.954408,4.033810000000002,1.22173
-0.01955000000000001,15.964408,4.033810000000002,1.2217300000000006
-0.01955000000000001,15.974408,4.033810000000002,1.22173
-0.01955000000000001,15.983384,4.033810000000002,1.2217300000000006
-0.01955000000000001,15.993384,4.033810000000002,1.22173
-0.01955000000000001,16.003384,4.033810000000002,1.2217300000000006
-0.01955000000000001,16.013384,4.033810000000002,1.22173
-0.01955000000000001,16.023384,4.033810000000002,1.2217300000000006
-0.01955000000000001,16.033384,4.033810000000002,1.22173
-0.01955000000000001,16.043384,4.033810000000002,1.2217300000000006
-0.01955000000000001,16.053384,4.033810000000002,1.22173
-0.01955000000000001,16.063384,4.033810000000002,1.2217300000000006
-0.01955000000000001,16.07236,4.033810000000002,1.22173
-0.01955000000000001,16.08236,4.033810000000002,1.2217300000000006
-0.01955000000000001,16.09236,4.033810000000002,1.22173
-0.01955000000000001,16.10236,4.033810000000002,1.2217300000000006
-0.01955000000000001,16.111336,4.033810000000002,1.22173
-0.01955000000000001,16.121336,4.033810000000002,1.2217300000000006
-0.01955000000000001,16.131336,4.033810000000002,1.22173
-0.01955000000000001,16.141336,4.033810000000002,1.2217300000000006
-0.01955000000000001,16.150312,4.033810000000002,1.22173
-0.01955000000000001,16.160312,4.033810000000002,1.2217300000000006
-0.01955000000000001,16.170312,4.033810000000002,1.22173
-0.01955000000000001,16.180312,4.033810000000002,1.2217300000000006
-0.01955000000000001,16.190312,4.033810000000002,1.22173
-0.01955000000000001,16.200312,4.033810000000002,1.2217300000000006
-0.01955000000000001,16.210312,4.033810000000002,1.22173
-0.01955000000000001,16.220312,4.033810000000002,1.2217300000000006
-0.01955000000000001,16.230312,4.033810000000002,1.22173
-0.01955000000000001,16.239288,4.033810000000002,1.2217300000000006
-0.01955000000000001,16.249288,4.033810000000002,1.22173
-0.01955000000000001,16.259288,4.033810000000002,1.2217300000000006
-0.01955000000000001,16.269288,4.033810000000002,1.22173
-0.01955000000000001,16.278264,4.033810000000002,1.2217300000000006
-0.01955000000000001,16.288264,4.033810000000002,1.22173
-0.01955000000000001,16.298264,4.033810000000002,1.2217300000000006
-0.01955000000000001,16.308264,4.033810000000002,1.22173
-0.01955000000000001,16.31724,4.033810000000002,1.2217300000000006
-0.01955000000000001,16.32724,4.033810000000002,1.22173
-0.01955000000000001,16.33724,4.033810000000002,1.2217300000000006
-0.01955000000000001,16.34724,4.033810000000002,1.22173
-0.01955000000000001,16.35724,4.033810000000002,1.2217300000000006
-0.01955000000000001,16.36724,4.033810000000002,1.22173
-0.01955000000000001,16.37724,4.033810000000002,1.2217300000000006
-0.01955000000000001,16.38724,4.033810000000002,1.22173
-0.01955000000000001,16.39724,4.033810000000002,1.2217300000000006
-0.01955000000000001,16.406216,4.033810000000002,1.22173
-0.01955000000000001,16.416216,4.033810000000002,1.2217300000000006
-0.01955000000000001,16.426216,4.033810000000002,1.22173
-0.01955000000000001,16.436216,4.033810000000002,1.2217300000000006
-0.01955000000000001,16.445192,4.033810000000002,1.22173
-0.01955000000000001,16.455192,4.033810000000002,1.2217300000000006
-0.01955000000000001,16.465192,4.033810000000002,1.22173
-0.01955000000000001,16.475196,4.033810000000002,1.2217300000000006
-0.01955000000000001,16.485192,4.033810000000002,1.22173
-0.01955000000000001,16.495192,4.033810000000002,1.2217300000000006
-0.01955000000000001,16.505192,4.033810000000002,1.22173
-0.01955000000000001,16.515192,4.033810000000002,1.2217300000000006
-0.01955000000000001,16.525192,4.033810000000002,1.22173
-0.01955000000000001,16.534168,4.033810000000002,1.2217300000000006
-0.01955000000000001,16.544168,4.033810000000002,1.22173
-0.01955000000000001,16.554168,4.033810000000002,1.2217300000000006
-0.01955000000000001,16.564168,4.033810000000002,1.22173
-0.01955000000000001,16.573144,4.033810000000002,1.2217300000000006
-0.01955000000000001,16.583144,4.033810000000002,1.22173
-0.01955000000000001,16.593144,4.033810000000002,1.2217300000000006
-0.01955000000000001,16.603144,4.033810000000002,1.22173
-0.01955000000000001,16.61212,4.033810000000002,1.2217300000000006
-0.01955000000000001,16.62212,4.033810000000002,1.22173
-0.01955000000000001,16.63212,4.033810000000002,1.2217300000000006
-0.01955000000000001,16.64212,4.033810000000002,1.22173
-0.01955000000000001,16.65212,4.033810000000002,1.2217300000000006
-0.01955000000000001,16.66212,4.033810000000002,1.22173
-0.01955000000000001,16.67212,4.033810000000002,1.2217300000000006
-0.01955000000000001,16.68212,4.033810000000002,1.22173
-0.01955000000000001,16.69212,4.033810000000002,1.2217300000000006
-0.01955000000000001,16.701096,4.033810000000002,1.22173
-0.01955000000000001,16.711096,4.033810000000002,1.2217300000000006
-0.01955000000000001,16.721096,4.033810000000002,1.22173
-0.01955000000000001,16.731096,4.033810000000002,1.2217300000000006
-0.01955000000000001,16.740072,4.033810000000002,1.22173
-0.01955000000000001,16.750072,4.033810000000002,1.2217300000000006
-0.01955000000000001,16.760072,4.033810000000002,1.22173
-0.01955000000000001,16.770072,4.033810000000002,1.2217300000000006
-0.01955000000000001,16.779048,4.033810000000002,1.22173
-0.01955000000000001,16.789048,4.033810000000002,1.2217300000000006
-0.01955000000000001,16.799048,4.033810000000002,1.22173
-0.01955000000000001,16.809048,4.033810000000002,1.2217300000000006
-0.01955000000000001,16.819048,4.033810000000002,1.22173
-0.01955000000000001,16.829048,4.033810000000002,1.2217300000000006
-0.01955000000000001,16.839048,4.033810000000002,1.22173
-0.01955000000000001,16.849048,4.033810000000002,1.2217300000000006
-0.01955000000000001,16.859048,4.033810000000002,1.22173
-0.01955000000000001,16.868024,4.033810000000002,1.2217300000000006
-0.01955000000000001,16.878024,4.033810000000002,1.22173
-0.01955000000000001,16.888024,4.033810000000002,1.2217300000000006
-0.01955000000000001,16.898024,4.033810000000002,1.22173
-0.01955000000000001,16.907,4.033810000000002,1.2217300000000006
-0.01955000000000001,16.917,4.033810000000002,1.22173
-0.01955000000000001,16.927,4.033810000000002,1.2217300000000006
-0.01955000000000001,16.937,4.033810000000002,1.22173
-0.01955000000000001,16.945976,4.033810000000002,1.2217300000000006
-0.01955000000000001,16.955976,4.033810000000002,1.22173
-0.01955000000000001,16.965976,4.033810000000002,1.2217300000000006
-0.01955000000000001,16.975976,4.033810000000002,1.22173
-0.01955000000000001,16.985976,4.033810000000002,1.2217300000000006
-0.01955000000000001,16.995976,4.033810000000002,1.22173
-0.18099300000000001,17.005976,4.033810000000002,1.2217300000000006
-0.3406295,17.016,4.032003500000001,1.22173
-0.4946895,17.026004,4.024620500000001,1.2217300000000006
-0.6412100000000002,17.03498,4.009698000000001,1.22173
-0.7808189999999997,17.04498,3.9878640000000014,1.2217300000000006
-0.9146945000000004,17.05498,3.9602965000000014,1.22173
-1.0437005000000006,17.064984,3.927859500000001,1.2217300000000006
-1.1680725000000005,17.073956,3.890788500000001,1.22173
-1.2874964999999996,17.083956,3.8487695000000013,1.2217300000000006
-1.4019724999999996,17.093956,3.801802500000001,1.22173
-1.5124429999999998,17.10396,3.7508300000000014,1.2217300000000006
-1.6198504999999999,17.11396,3.696794500000001,1.22173
-1.7245089999999998,17.122936,3.640010000000001,1.2217300000000006
-1.8264189999999996,17.132936,3.5804765000000014,1.22173
-1.9256584999999995,17.142936,3.5182730000000006,1.2217300000000006
-2.0230129999999997,17.152932,3.454184500000001,1.22173
-2.118954,17.161908,3.388682000000001,1.2217300000000006
-2.21301,17.171908,3.3212945000000005,1.22173
-2.304788,17.181912,3.2516295,1.2217300000000006
-2.394367,17.191912,3.1797655000000002,1.22173
-2.321011,17.200884,3.106409,1.2217300000000006
-2.2486759999999997,17.210884,3.0340740000000004,1.22173
-2.1813675,17.220884,2.9667655,1.2217300000000006
-2.1205774999999996,17.230884,2.9059755000000003,1.22173
-2.0647355,17.23986,2.8501335,1.2217300000000006
-2.012742,17.24986,2.79814,1.22173
-1.9643614999999999,17.259856,2.7497595,1.2217300000000006
-1.9201439999999996,17.26986,2.7055415000000003,1.22173
-1.8807954999999996,17.27986,2.666193,1.2217300000000006
-1.8456099999999998,17.28986,2.6310070000000003,1.22173
-1.813173,17.29986,2.59857,1.2217300000000006
-1.7828564999999998,17.30986,2.5682535,1.22173
-1.7549749999999997,17.31984,2.540372,1.2217300000000006
-1.7296065,17.328828,2.515004,1.22173
-1.7058089999999997,17.33884,2.4912065,1.2217300000000006
-1.6823255000000001,17.348836,2.467723,1.22173
-1.659313,17.358836,2.444711,1.2217300000000006
-1.6380284999999999,17.367812,2.423427,1.22173
-1.619179,17.377816,2.4045775000000003,1.2217300000000006
-1.6023715,17.387812,2.3877699999999997,1.22173
-1.586506,17.397812,2.371905,1.2217300000000006
-1.5711905000000002,17.406788,2.3565894999999997,1.22173
-1.5565035,17.416768,2.3419024999999998,1.2217300000000006
-1.5428375,17.42676,2.3282365,1.22173
-1.531135,17.43676,2.3165340000000003,1.2217300000000006
-1.5213174999999999,17.44676,2.3067165,1.22173
-1.5127565,17.45676,2.2981555,1.2217300000000006
-1.5046665,17.46676,2.290066,1.22173
-1.4966555,17.47676,2.2820549999999997,1.2217300000000006
-1.4894295,17.48676,2.2748295,1.22173
-1.4834604999999998,17.495736,2.2688605,1.2217300000000006
-1.478434,17.505736,2.263834,1.22173
-1.4737215,17.515736,2.2591215,1.2217300000000006
-1.4692444999999998,17.525736,2.2546445,1.22173
-1.465867,17.534712,2.251267,1.2217300000000006
-1.4640605,17.544712,2.2494605,1.22173
-1.4631965,17.554712,2.2485965,1.2217300000000006
-1.4624895000000002,17.564712,2.2478895,1.22173
-1.4616255000000002,17.573688,2.2470255,1.2217300000000006
-1.4609185000000002,17.583688,2.2463185,1.22173
-1.4607615000000003,17.593688,2.2461615,1.2217300000000006
-1.4608400000000004,17.603688,2.24624,1.22173
-1.4608400000000004,17.613688,2.24624,1.2217300000000006
-1.4608400000000004,17.623688,2.24624,1.22173
-1.4608400000000004,17.633688,2.24624,1.2217300000000006
-1.4608400000000004,17.643688,2.24624,1.22173
-1.4608400000000004,17.653688,2.24624,1.2217300000000006
-1.4608400000000004,17.662664,2.24624,1.22173
-1.4608400000000004,17.672664,2.24624,1.2217300000000006
-1.4608400000000004,17.682664,2.24624,1.22173
-1.4608400000000004,17.692664,2.24624,1.2217300000000006
-1.4608400000000004,17.70164,2.24624,1.22173
-1.4608400000000004,17.71164,2.24624,1.2217300000000006
-1.4608400000000004,17.72164,2.24624,1.22173
-1.4608400000000004,17.731644,2.24624,1.2217300000000006
-1.4608400000000004,17.74164,2.24624,1.22173
-1.4608400000000004,17.75164,2.24624,1.2217300000000006
-1.4608400000000004,17.76164,2.24624,1.22173
-1.4608400000000004,17.77164,2.24624,1.2217300000000006
-1.4608400000000004,17.78164,2.24624,1.22173
-1.4608400000000004,17.79164,2.24624,1.2217300000000006
-1.4608400000000004,17.80164,2.24624,1.22173
-1.4608400000000004,17.81164,2.24624,1.2217300000000006
-1.4608400000000004,17.82164,2.24624,1.22173
-1.4608400000000004,17.830616,2.24624,1.2217300000000006
-1.4608400000000004,17.840616,2.24624,1.22173
-1.4608400000000004,17.850616,2.24624,1.2217300000000006
-1.4608400000000004,17.860616,2.24624,1.22173
-1.4608400000000004,17.869592,2.24624,1.2217300000000006
-1.4608400000000004,17.879592,2.24624,1.22173
-1.4608400000000004,17.889592,2.24624,1.2217300000000006
-1.4608400000000004,17.899592,2.24624,2.87939
-1.4608400000000004,17.909592,2.24624,1.3046130000000007
-1.4608400000000004,17.919592,2.24624,2.87939
-1.4608400000000004,17.929592,2.24624,1.3874960000000005
-1.4608400000000004,17.939592,2.24624,2.87939
-1.4608400000000004,17.949592,2.24624,1.4703790000000005
-1.4608400000000004,17.958568,2.24624,2.87939
-1.4608400000000004,17.968568,2.24624,1.5532620000000006
-1.4608400000000004,17.978568,2.24624,2.87939
-1.4608400000000004,17.988568,2.24624,1.6361450000000006
-1.4608400000000004,17.997544,2.24624,2.87939
-1.4608400000000004,18.007544,2.24624,1.7190280000000007
-1.4608400000000004,18.017544,2.24624,2.87939
-1.4608400000000004,18.027544,2.24624,1.8019110000000005
-1.4608400000000004,18.03652,2.24624,2.87939
-1.4608400000000004,18.04652,2.24624,1.8847940000000005
-1.4608400000000004,18.05652,2.24624,2.87939
-1.4608400000000004,18.06652,2.24624,1.9676770000000006
-1.4608400000000004,18.07652,2.24624,2.87939
-1.4608400000000004,18.08652,2.24624,2.0505600000000004
-1.4608400000000004,18.09652,2.24624,2.87939
-1.4608400000000004,18.10652,2.24624,2.1334430000000006
-1.4608400000000004,18.11652,2.24624,2.87939
-1.4608400000000004,18.125496,2.24624,2.2163260000000005
-1.4608400000000004,18.135496,2.24624,2.87939
-1.4608400000000004,18.145496,2.24624,2.2992090000000007
-1.4608400000000004,18.155496,2.24624,2.87939
-1.4608400000000004,18.164472,2.24624,2.3820920000000005
-1.4608400000000004,18.174472,2.24624,2.87939
-1.4608400000000004,18.184472,2.24624,2.464975000000001
-1.4608400000000004,18.194472,2.24624,2.87939
-1.4608400000000004,18.203448,2.24624,2.5478580000000006
-1.4608400000000004,18.213448,2.24624,2.87939
-1.4608400000000004,18.223448,2.24624,2.6307410000000004
-1.4608400000000004,18.233448,2.24624,2.87939
-1.4608400000000004,18.243448,2.24624,2.7136240000000007
-1.4608400000000004,18.253448,2.24624,2.87939
-1.4608400000000004,18.263448,2.24624,2.7965070000000005
-1.4608400000000004,18.273448,2.24624,2.87939
-1.4608400000000004,18.283448,2.24624,2.879390000000001
-1.4608400000000004,18.292424,2.24624,2.87939
-1.4608400000000004,18.302424,2.24624,2.879390000000001
-1.4608400000000004,18.312424,2.24624,2.87939
-1.4608400000000004,18.322424,2.24624,2.879390000000001
-1.4608400000000004,18.3314,2.24624,2.87939
-1.4608400000000004,18.3414,2.24624,2.879390000000001
-1.4608400000000004,18.3514,2.24624,2.87939
-1.4608400000000004,18.361404,2.24624,2.879390000000001
-1.4608400000000004,18.3714,2.24624,2.87939
-1.4608400000000004,18.3814,2.24624,2.879390000000001
-1.4608400000000004,18.3914,2.24624,2.87939
-1.4608400000000004,18.4014,2.24624,2.879390000000001
-1.4608400000000004,18.4114,2.24624,2.87939
-1.4608400000000004,18.4214,2.24624,2.879390000000001
-1.4608400000000004,18.4314,2.24624,2.87939
-1.4608400000000004,18.4414,2.24624,2.879390000000001
-1.4608400000000004,18.4514,2.24624,2.87939
-1.4608400000000004,18.460376,2.24624,2.879390000000001
-1.4608400000000004,18.470376,2.24624,2.87939
-1.4608400000000004,18.480376,2.24624,2.879390000000001
-1.4608400000000004,18.490376,2.24624,2.87939
-1.4608400000000004,18.499352,2.24624,2.879390000000001
-1.4608400000000004,18.509352,2.24624,2.87939
-1.4608400000000004,18.519352,2.24624,2.879390000000001
-1.4608400000000004,18.529352,2.24624,2.87939
-1.4608400000000004,18.539352,2.24624,2.879390000000001
-1.4608400000000004,18.549352,2.24624,2.87939
-1.4608400000000004,18.559352,2.24624,2.879390000000001
-1.4608400000000004,18.569352,2.24624,2.87939
-1.4608400000000004,18.579352,2.24624,2.879390000000001
-1.4608400000000004,18.588328,2.24624,2.87939
-1.4608400000000004,18.598328,2.24624,2.879390000000001
-1.4608400000000004,18.608328,2.24624,2.87939
-1.4608400000000004,18.618328,2.24624,2.879390000000001
-1.4608400000000004,18.627304,2.24624,2.87939
-1.4608400000000004,18.637304,2.24624,2.879390000000001
-1.4608400000000004,18.647304,2.24624,2.87939
-1.4608400000000004,18.657304,2.24624,2.879390000000001
-1.4608400000000004,18.66628,2.24624,2.87939
-1.4608400000000004,18.67628,2.24624,2.879390000000001
-1.4608400000000004,18.68628,2.24624,2.87939
-1.4608400000000004,18.69628,2.24624,2.879390000000001
-1.4608400000000004,18.70628,2.24624,2.87939
-1.4608400000000004,18.71628,2.24624,2.879390000000001
-1.4608400000000004,18.72628,2.24624,2.87939
-1.4608400000000004,18.73628,2.24624,2.879390000000001
-1.4608400000000004,18.74628,2.24624,2.87939
-1.4608400000000004,18.755256,2.24624,2.879390000000001
-1.4608400000000004,18.765256,2.24624,2.87939
-1.4608400000000004,18.775256,2.24624,2.879390000000001
-1.4608400000000004,18.785256,2.24624,2.87939
-1.4608400000000004,18.794232,2.24624,2.879390000000001
-1.4608400000000004,18.804232,2.24624,2.87939
-1.4608400000000004,18.814232,2.24624,2.879390000000001
-1.4608400000000004,18.824232,2.24624,2.87939
-1.4608400000000004,18.833208,2.24624,2.879390000000001
-1.4608400000000004,18.843208,2.24624,2.87939
-1.4608400000000004,18.853208,2.24624,2.879390000000001
-1.4608400000000004,18.863208,2.24624,2.87939
-1.4608400000000004,18.873208,2.24624,2.879390000000001
-1.4608400000000004,18.883208,2.24624,2.87939
-1.4608400000000004,18.893208,2.24624,2.879390000000001
-1.4608400000000004,18.903208,2.24624,2.87939
-1.4608400000000004,18.913208,2.24624,2.879390000000001
-1.4608400000000004,18.922184,2.24624,2.87939
-1.4608400000000004,18.932184,2.24624,2.879390000000001
-1.4608400000000004,18.942184,2.24624,2.87939
-1.4608400000000004,18.952184,2.24624,2.879390000000001
-1.4608400000000004,18.96116,2.24624,2.87939
-1.4608400000000004,18.97116,2.24624,2.879390000000001
-1.4608400000000004,18.98116,2.24624,2.87939
-1.4608400000000004,18.991164,2.24624,2.879390000000001
-1.3692105000000003,19.00116,2.24624,2.87939
-1.2788375000000003,19.011184,2.2474965,2.879390000000001
-1.1915275,19.021188,2.2518160000000003,2.87939
-1.1074375,19.031192,2.259356,2.879390000000001
-1.025704,19.041192,2.2692520000000003,2.87939
-0.9451484999999998,19.050164,2.280326,2.879390000000001
-0.8647499999999998,19.060164,2.2915570000000005,2.87939
-0.7842729999999998,19.070144,2.3027095,2.879390000000001
-0.7037959999999999,19.080136,2.3138620000000003,2.87939
-0.623319,19.089112,2.3250145000000004,2.879390000000001
-0.542842,19.099112,2.3361670000000005,2.87939
-0.46236499999999997,19.109112,2.3473195000000007,2.879390000000001
-0.381888,19.119112,2.3584720000000003,2.87939
-0.30141100000000004,19.128088,2.3696245000000005,2.879390000000001
-0.22093400000000002,19.138088,2.3807770000000006,2.87939
-0.14045700000000003,19.148088,2.3919295000000007,2.879390000000001
-0.05998000000000005,19.158088,2.403082000000001,2.87939
0.020496999999999946,19.168088,2.414234500000001,2.879390000000001
0.10097399999999995,19.178088,2.4253870000000006,2.87939
0.18145099999999992,19.188088,2.4365395000000007,2.879390000000001
0.17029849999999994,19.198088,2.447692000000001,2.87939
0.16040249999999995,19.208088,2.4575880000000008,2.879390000000001
0.15356949999999997,19.217064,2.4644210000000006,2.87939
0.14995649999999996,19.227064,2.4680335000000007,2.879390000000001
0.14869999999999997,19.237064,2.469290000000001,2.87939
0.14862149999999996,19.247064,2.4693685000000007,2.879390000000001
0.14869999999999997,19.25604,2.469290000000001,2.87939
0.14869999999999997,19.26604,2.469290000000001,2.879390000000001
0.14869999999999997,19.27604,2.469290000000001,2.87939
0.14869999999999997,19.28604,2.469290000000001,2.879390000000001
0.14869999999999997,19.295016,2.469290000000001,2.87939
0.14869999999999997,19.305016,2.469290000000001,2.879390000000001
0.14869999999999997,19.315016,2.469290000000001,2.87939
0.14869999999999997,19.325016,2.469290000000001,2.879390000000001
0.14869999999999997,19.335016,2.469290000000001,2.87939
0.14869999999999997,19.345016,2.469290000000001,2.879390000000001
0.14869999999999997,19.355016,2.469290000000001,2.87939
0.14869999999999997,19.365016,2.469290000000001,2.879390000000001
0.14869999999999997,19.375016,2.469290000000001,2.87939
0.14869999999999997,19.383992,2.469290000000001,2.879390000000001
0.14869999999999997,19.393992,2.469290000000001,2.87939
0.14869999999999997,19.403992,2.469290000000001,2.879390000000001
0.14869999999999997,19.413992,2.469290000000001,2.87939
0.14869999999999997,19.422968,2.469290000000001,2.879390000000001
0.14869999999999997,19.432968,2.469290000000001,2.87939
0.14869999999999997,19.442968,2.469290000000001,2.879390000000001
0.14869999999999997,19.452968,2.469290000000001,2.87939
0.14869999999999997,19.461944,2.469290000000001,2.879390000000001
0.14869999999999997,19.471944,2.469290000000001,2.87939
0.14869999999999997,19.481944,2.469290000000001,2.879390000000001
0.14869999999999997,19.491944,2.469290000000001,2.87939
0.14869999999999997,19.501944,2.469290000000001,2.879390000000001
0.14869999999999997,19.511944,2.469290000000001,2.87939
0.14869999999999997,19.521944,2.469290000000001,2.879390000000001
0.14869999999999997,19.531944,2.469290000000001,2.87939
0.14869999999999997,19.541944,2.469290000000001,2.879390000000001
0.14869999999999997,19.55092,2.469290000000001,2.87939
0.14869999999999997,19.56092,2.469290000000001,2.879390000000001
0.14869999999999997,19.57092,2.469290000000001,2.87939
0.14869999999999997,19.58092,2.469290000000001,2.879390000000001
0.14869999999999997,19.589896,2.469290000000001,2.87939
0.14869999999999997,19.599896,2.469290000000001,2.879390000000001
0.14869999999999997,19.609896,2.469290000000001,2.87939
0.14869999999999997,19.6199,2.469290000000001,2.879390000000001
0.14869999999999997,19.629896,2.469290000000001,2.87939
0.14869999999999997,19.639896,2.469290000000001,2.879390000000001
0.14869999999999997,19.649896,2.469290000000001,2.87939
0.14869999999999997,19.659896,2.469290000000001,2.879390000000001
0.14869999999999997,19.669896,2.469290000000001,2.87939
0.14869999999999997,19.678872,2.469290000000001,2.879390000000001
0.14869999999999997,19.688872,2.469290000000001,2.87939
0.14869999999999997,19.698872,2.469290000000001,2.879390000000001
0.14869999999999997,19.708872,2.469290000000001,2.87939
0.14869999999999997,19.717848,2.469290000000001,2.879390000000001
0.14869999999999997,19.727848,2.469290000000001,2.87939
0.14869999999999997,19.737848,2.469290000000001,2.879390000000001
0.14869999999999997,19.747848,2.469290000000001,2.87939
0.14869999999999997,19.756824,2.469290000000001,2.879390000000001
0.14869999999999997,19.766824,2.469290000000001,2.87939
0.14869999999999997,19.776824,2.469290000000001,2.879390000000001
0.14869999999999997,19.786824,2.469290000000001,2.87939
0.14869999999999997,19.796824,2.469290000000001,2.879390000000001
0.14869999999999997,19.806824,2.469290000000001,2.87939
0.14869999999999997,19.816824,2.469290000000001,2.879390000000001
0.14869999999999997,19.826824,2.469290000000001,2.87939
0.14869999999999997,19.836824,2.469290000000001,2.879390000000001
0.14869999999999997,19.8458,2.469290000000001,2.87939
0.14869999999999997,19.8558,2.469290000000001,2.879390000000001
0.14869999999999997,19.8658,2.469290000000001,2.87939
0.14869999999999997,19.8758,2.469290000000001,2.879390000000001
0.14869999999999997,19.884776,2.469290000000001,2.87939
0.14869999999999997,19.894776,2.469290000000001,2.879390000000001
0.14869999999999997,19.904776,2.469290000000001,2.87939
0.14869999999999997,19.914776,2.469290000000001,2.879390000000001
0.14869999999999997,19.923752,2.469290000000001,2.87939
0.14869999999999997,19.933752,2.469290000000001,2.879390000000001
0.14869999999999997,19.943752,2.469290000000001,2.87939
0.14869999999999997,19.953752,2.469290000000001,2.879390000000001
0.14869999999999997,19.963752,2.469290000000001,2.87939
0.14869999999999997,19.973752,2.469290000000001,2.879390000000001
0.14869999999999997,19.983752,2.469290000000001,2.87939
0.14869999999999997,19.993752,2.469290000000001,2.879390000000001
0.14869999999999997,20.003752,2.469290000000001,2.87939
0.14869999999999997,20.012728,2.469290000000001,2.879390000000001
0.14869999999999997,20.022728,2.469290000000001,2.87939
0.14869999999999997,20.032728,2.469290000000001,2.879390000000001
0.14869999999999997,20.042728,2.469290000000001,2.87939
0.14869999999999997,20.051704,2.469290000000001,2.879390000000001
0.14869999999999997,20.061704,2.469290000000001,2.87939
0.14869999999999997,20.071704,2.469290000000001,2.879390000000001
0.14869999999999997,20.081704,2.469290000000001,2.87939
0.14869999999999997,20.09068,2.469290000000001,2.879390000000001
0.14869999999999997,20.10068,2.469290000000001,2.87939
0.14869999999999997,20.11068,2.469290000000001,2.879390000000001
0.14869999999999997,20.12068,2.469290000000001,2.87939
0.14869999999999997,20.13068,2.469290000000001,2.879390000000001
0.14869999999999997,20.14068,2.469290000000001,2.87939
0.14869999999999997,20.15068,2.469290000000001,2.879390000000001
0.14869999999999997,20.16068,2.469290000000001,2.87939
0.14869999999999997,20.17068,2.469290000000001,2.879390000000001
0.14869999999999997,20.179656,2.469290000000001,2.87939
0.14869999999999997,20.189656,2.469290000000001,2.879390000000001
0.14869999999999997,20.199656,2.469290000000001,2.87939
0.14869999999999997,20.209656,2.469290000000001,2.879390000000001
0.14869999999999997,20.218632,2.469290000000001,2.87939
0.14869999999999997,20.228632,2.469290000000001,2.879390000000001
0.14869999999999997,20.238632,2.469290000000001,2.87939
0.14869999999999997,20.248636,2.469290000000001,2.879390000000001
0.14869999999999997,20.258632,2.469290000000001,2.87939
0.14869999999999997,20.268632,2.469290000000001,2.879390000000001
0.14869999999999997,20.278632,2.469290000000001,2.87939
0.14869999999999997,20.288632,2.469290000000001,2.879390000000001
0.14869999999999997,20.298632,2.469290000000001,2.87939
0.14869999999999997,20.307608,2.469290000000001,2.879390000000001
0.14869999999999997,20.317608,2.469290000000001,2.87939
0.14869999999999997,20.327608,2.469290000000001,2.879390000000001
0.14869999999999997,20.337608,2.469290000000001,2.87939
0.14869999999999997,20.346584,2.469290000000001,2.879390000000001
0.14869999999999997,20.356584,2.469290000000001,2.87939
0.14869999999999997,20.366584,2.469290000000001,2.879390000000001
0.14869999999999997,20.376584,2.469290000000001,2.87939
0.14869999999999997,20.38556,2.469290000000001,2.879390000000001
0.14869999999999997,20.39556,2.469290000000001,2.87939
0.14869999999999997,20.40556,2.469290000000001,2.879390000000001
0.14869999999999997,20.41556,2.469290000000001,2.87939
0.14869999999999997,20.42556,2.469290000000001,2.879390000000001
0.14869999999999997,20.43556,2.469290000000001,2.87939
0.14869999999999997,20.44556,2.469290000000001,2.879390000000001
0.14869999999999997,20.45556,2.469290000000001,2.87939
0.14869999999999997,20.46556,2.469290000000001,2.879390000000001
0.14869999999999997,20.474536,2.469290000000001,2.87939
0.14869999999999997,20.484536,2.469290000000001,2.879390000000001
0.14869999999999997,20.494536,2.469290000000001,2.87939
0.14869999999999997,20.504536,2.469290000000001,2.879390000000001
0.14869999999999997,20.513512,2.469290000000001,2.87939
0.14869999999999997,20.523512,2.469290000000001,2.879390000000001
0.14869999999999997,20.533512,2.469290000000001,2.87939
0.14869999999999997,20.543512,2.469290000000001,2.879390000000001
0.14869999999999997,20.552488,2.469290000000001,2.87939
0.14869999999999997,20.562488,2.469290000000001,2.879390000000001
0.14869999999999997,20.572488,2.469290000000001,2.87939
0.14869999999999997,20.582488,2.469290000000001,2.879390000000001
0.14869999999999997,20.592488,2.469290000000001,2.87939
0.14869999999999997,20.602488,2.469290000000001,2.879390000000001
0.14869999999999997,20.612488,2.469290000000001,2.87939
0.14869999999999997,20.622488,2.469290000000001,2.879390000000001
0.14869999999999997,20.632488,2.469290000000001,2.87939
0.14869999999999997,20.641464,2.469290000000001,2.879390000000001
0.14869999999999997,20.651464,2.469290000000001,2.87939
0.14869999999999997,20.661464,2.469290000000001,2.879390000000001
0.14869999999999997,20.671464,2.469290000000001,2.87939
0.14869999999999997,20.68044,2.469290000000001,2.879390000000001
0.14869999999999997,20.69044,2.469290000000001,2.87939
0.14869999999999997,20.70044,2.469290000000001,2.879390000000001
0.14869999999999997,20.71044,2.469290000000001,2.87939
0.14869999999999997,20.719416,2.469290000000001,2.879390000000001
0.14869999999999997,20.729416,2.469290000000001,2.87939
0.14869999999999997,20.739416,2.469290000000001,2.879390000000001
0.14869999999999997,20.749416,2.469290000000001,2.87939
0.14869999999999997,20.759416,2.469290000000001,2.879390000000001
0.14869999999999997,20.769416,2.469290000000001,2.87939
0.14869999999999997,20.779416,2.469290000000001,2.879390000000001
0.14869999999999997,20.789416,2.469290000000001,2.87939
0.14869999999999997,20.799416,2.469290000000001,2.879390000000001
0.14869999999999997,20.808392,2.469290000000001,2.87939
0.14869999999999997,20.818392,2.469290000000001,2.879390000000001
0.14869999999999997,20.828392,2.469290000000001,2.87939
0.14869999999999997,20.838392,2.469290000000001,2.879390000000001
0.14869999999999997,20.847368,2.469290000000001,2.87939
0.14869999999999997,20.857368,2.469290000000001,2.879390000000001
0.14869999999999997,20.867368,2.469290000000001,2.87939
0.14869999999999997,20.877372,2.469290000000001,2.879390000000001
0.14869999999999997,20.887368,2.469290000000001,2.87939
0.14869999999999997,20.897368,2.469290000000001,2.879390000000001
0.14869999999999997,20.907368,2.469290000000001,2.87939
0.14869999999999997,20.917368,2.469290000000001,2.879390000000001
0.14869999999999997,20.927368,2.469290000000001,2.87939
0.14869999999999997,20.936344,2.469290000000001,2.879390000000001
0.14869999999999997,20.946344,2.469290000000001,2.87939
0.14869999999999997,20.956344,2.469290000000001,2.879390000000001
0.14869999999999997,20.966344,2.469290000000001,2.87939
0.14869999999999997,20.97532,2.469290000000001,2.879390000000001
0.14869999999999997,20.98532,2.469290000000001,2.87939
0.14869999999999997,20.99532,2.469290000000001,2.879390000000001
0.2534199999999999,21.00532,2.469290000000001,2.87939
0.3566474999999999,21.01432,2.4707825000000008,2.879390000000001
0.45602649999999995,21.024324,2.476123500000001,2.87939
0.5509289999999999,21.034324,2.4859410000000004,2.879390000000001
0.642297,21.044328,2.4992930000000007,2.87939
0.731309,21.054328,2.5150010000000007,2.879390000000001
0.8187500000000002,21.0633,2.5322800000000005,2.87939
0.9050130000000007,21.073296,2.5507370000000003,2.879390000000001
0.9897050000000006,21.0833,2.5707650000000006,2.87939
1.0720410000000005,21.093304,2.5931490000000004,2.879390000000001
1.1520990000000004,21.10228,2.6178105000000005,2.87939
1.2305865000000002,21.112276,2.6440430000000004,2.879390000000001
1.3084455000000004,21.122256,2.670904,2.87939
1.3858335000000002,21.132268,2.698236,2.879390000000001
1.4618075,21.141252,2.726982,2.87939
1.5362894999999999,21.151252,2.7572200000000002,2.879390000000001
1.6099860000000001,21.161252,2.7882435,2.87939
1.6835255,21.171252,2.8194239999999997,2.879390000000001
1.7569080000000001,21.180228,2.8507615,2.87939
1.829348,21.190228,2.8830415,2.879390000000001
1.7955755,21.200228,2.916814,2.87939
1.7622745,21.210228,2.9501150000000003,2.879390000000001
1.7326650000000001,21.220228,2.9797244999999997,2.87939
1.707375,21.229204,3.0050144999999997,2.879390000000001
1.6847555,21.239216,3.027634,2.87939
1.6633140000000002,21.2492,3.0490755000000003,2.879390000000001
1.6427365000000003,21.259204,3.069653,2.87939
1.6232585000000002,21.268184,3.089131,2.879390000000001
1.6054300000000001,21.27816,3.1069595,2.87939
1.589722,21.288172,3.1226675,2.879390000000001
1.5757420000000004,21.29818,3.136648,2.87939
1.5630185,21.307136,3.1493715,2.879390000000001
1.5510020000000002,21.317152,3.161388,2.87939
1.5395350000000003,21.327136,3.172855,2.879390000000001
1.5291680000000003,21.337148,3.183222,2.87939
1.5196645000000004,21.346132,3.1927255,2.879390000000001
1.5106325000000003,21.356112,3.2017575000000003,2.87939
1.5018360000000002,21.366128,3.210554,2.879390000000001
1.4932750000000004,21.376112,3.2191150000000004,2.87939
1.4856565000000004,21.386104,3.2267335,2.879390000000001
1.4795305000000003,21.396104,3.2328595,2.87939
1.4744255000000004,21.406104,3.2379645,2.879390000000001
1.4694775000000004,21.416104,3.2429125,2.87939
1.4646865000000002,21.426104,3.2477035,2.879390000000001
1.4607595,21.43508,3.2516305000000005,2.87939
1.4580105000000003,21.44508,3.2543794999999998,2.879390000000001
1.4559685000000002,21.45508,3.2564215,2.87939
1.4540050000000002,21.46508,3.258385,2.879390000000001
1.4519630000000001,21.474056,3.260427,2.87939
1.4501565000000003,21.484056,3.2622335000000002,2.879390000000001
1.4489,21.494056,3.2634900000000004,2.87939
1.4479575000000002,21.50406,3.2644325000000003,2.879390000000001
1.4469365,21.514056,3.2654535000000005,2.87939
1.445837,21.524056,3.2665530000000005,2.879390000000001
1.4450515,21.534056,3.2673385000000006,2.87939
1.4448944999999997,21.544056,3.2674955,2.879390000000001
1.4450515,21.554056,3.2673384999999997,2.87939
1.4451299999999998,21.564056,3.26726,2.879390000000001
1.4451299999999998,21.574056,3.26726,2.87939
1.4451299999999998,21.584056,3.26726,2.879390000000001
1.4451299999999998,21.594056,3.26726,2.87939
1.4451299999999998,21.603032,3.26726,2.879390000000001
1.4451299999999998,21.613032,3.26726,2.87939
1.4451299999999998,21.623032,3.26726,2.879390000000001
1.4451299999999998,21.633032,3.26726,2.87939
1.4451299999999998,21.642008,3.26726,2.879390000000001
1.4451299999999998,21.652008,3.26726,2.87939
1.4451299999999998,21.662008,3.26726,2.879390000000001
1.4451299999999998,21.672008,3.26726,2.87939
1.4451299999999998,21.682008,3.26726,2.879390000000001
1.4451299999999998,21.692008,3.26726,2.87939
1.4451299999999998,21.702008,3.26726,2.879390000000001
1.4451299999999998,21.712008,3.26726,2.87939
1.4451299999999998,21.722008,3.26726,2.879390000000001
1.4451299999999998,21.730984,3.26726,2.87939
1.4451299999999998,21.740984,3.26726,2.879390000000001
1.4451299999999998,21.750984,3.26726,2.87939
1.4451299999999998,21.760984,3.26726,2.879390000000001
1.4451299999999998,21.76996,3.26726,2.87939
1.4451299999999998,21.77996,3.26726,2.879390000000001
1.4451299999999998,21.78996,3.26726,2.87939
1.4451299999999998,21.79996,3.26726,2.879390000000001
1.4451299999999998,21.808936,3.26726,2.87939
1.4451299999999998,21.818936,3.26726,2.879390000000001
1.4451299999999998,21.828936,3.26726,2.87939
1.4451299999999998,21.838936,3.26726,2.879390000000001
1.4451299999999998,21.848936,3.26726,2.87939
1.4451299999999998,21.858936,3.26726,2.879390000000001
1.4451299999999998,21.868936,3.26726,2.87939
1.4451299999999998,21.878936,3.26726,2.879390000000001
1.4451299999999998,21.888936,3.26726,1.74533
1.4451299999999998,21.897912,3.26726,2.8226870000000006
1.4451299999999998,21.907912,3.26726,1.74533
1.4451299999999998,21.917912,3.26726,2.7659840000000004
1.4451299999999998,21.927912,3.26726,1.74533
1.4451299999999998,21.936888,3.26726,2.7092810000000007
1.4451299999999998,21.946888,3.26726,1.74533
1.4451299999999998,21.956888,3.26726,2.652578
1.4451299999999998,21.966888,3.26726,1.74533
1.4451299999999998,21.975864,3.26726,2.5958750000000004
1.4451299999999998,21.985864,3.26726,1.74533
1.4451299999999998,21.995864,3.26726,2.539172
1.4451299999999998,22.005864,3.26726,1.74533
1.4451299999999998,22.015864,3.26726,2.482469
1.4451299999999998,22.025864,3.26726,1.74533
1.4451299999999998,22.035864,3.26726,2.4257660000000003
1.4451299999999998,22.045864,3.26726,1.74533
1.4451299999999998,22.055864,3.26726,2.369063
1.4451299999999998,22.06484,3.26726,1.74533
1.4451299999999998,22.07484,3.26726,2.3123600000000004
1.4451299999999998,22.08484,3.26726,1.74533
1.4451299999999998,22.09484,3.26726,2.2556570000000007
1.4451299999999998,22.103816,3.26726,1.74533
1.4451299999999998,22.113816,3.26726,2.1989540000000005
1.4451299999999998,22.123816,3.26726,1.74533
1.4451299999999998,22.13382,3.26726,2.142251000000001
1.4451299999999998,22.143816,3.26726,1.74533
1.4451299999999998,22.153816,3.26726,2.0855480000000006
1.4451299999999998,22.163816,3.26726,1.74533
1.4451299999999998,22.173816,3.26726,2.0288450000000005
1.4451299999999998,22.183816,3.26726,1.74533
1.4451299999999998,22.193816,3.26726,1.9721420000000003
1.4451299999999998,22.203816,3.26726,1.74533
1.4451299999999998,22.213816,3.26726,1.9154390000000003
1.4451299999999998,22.223816,3.26726,1.74533
1.4451299999999998,22.232792,3.26726,1.8587360000000002
1.4451299999999998,22.242792,3.26726,1.74533
1.4451299999999998,22.252792,3.26726,1.8020329999999998
1.4451299999999998,22.262792,3.26726,1.74533
1.4451299999999998,22.271768,3.26726,1.7453299999999996
1.4451299999999998,22.281768,3.26726,1.74533
1.4451299999999998,22.291768,3.26726,1.7453299999999996
1.4451299999999998,22.301768,3.26726,1.74533
1.4451299999999998,22.311768,3.26726,1.7453299999999996
1.4451299999999998,22.321768,3.26726,1.74533
1.4451299999999998,22.331768,3.26726,1.7453299999999996
1.4451299999999998,22.341768,3.26726,1.74533
1.4451299999999998,22.351768,3.26726,1.7453299999999996
1.4451299999999998,22.360744,3.26726,1.74533
1.4451299999999998,22.370744,3.26726,1.7453299999999996
1.4451299999999998,22.380744,3.26726,1.74533
1.4451299999999998,22.390744,3.26726,1.7453299999999996
1.4451299999999998,22.39972,3.26726,1.74533
1.4451299999999998,22.40972,3.26726,1.7453299999999996
1.4451299999999998,22.41972,3.26726,1.74533
1.4451299999999998,22.42972,3.26726,1.7453299999999996
1.4451299999999998,22.438696,3.26726,1.74533
1.4451299999999998,22.448696,3.26726,1.7453299999999996
1.4451299999999998,22.458696,3.26726,1.74533
1.4451299999999998,22.468696,3.26726,1.7453299999999996
1.4451299999999998,22.478696,3.26726,1.74533
1.4451299999999998,22.488696,3.26726,1.7453299999999996
1.4451299999999998,22.498696,3.26726,1.74533
1.4451299999999998,22.508696,3.26726,1.7453299999999996
1.4451299999999998,22.518696,3.26726,1.74533
1.4451299999999998,22.527672,3.26726,1.7453299999999996
1.4451299999999998,22.537672,3.26726,1.74533
1.4451299999999998,22.547672,3.26726,1.7453299999999996
1.4451299999999998,22.557672,3.26726,1.74533
1.4451299999999998,22.566648,3.26726,1.7453299999999996
1.4451299999999998,22.576648,3.26726,1.74533
1.4451299999999998,22.586648,3.26726,1.7453299999999996
1.4451299999999998,22.596648,3.26726,1.74533
1.4451299999999998,22.605624,3.26726,1.7453299999999996
1.4451299999999998,22.615624,3.26726,1.74533
1.4451299999999998,22.625624,3.26726,1.7453299999999996
1.4451299999999998,22.635624,3.26726,1.74533
1.4451299999999998,22.645624,3.26726,1.7453299999999996
1.4451299999999998,22.655624,3.26726,1.74533
1.4451299999999998,22.665624,3.26726,1.7453299999999996
1.4451299999999998,22.675624,3.26726,1.74533
1.4451299999999998,22.685624,3.26726,1.7453299999999996
1.4451299999999998,22.6946,3.26726,1.74533
1.4451299999999998,22.7046,3.26726,1.7453299999999996
1.4451299999999998,22.7146,3.26726,1.74533
1.4451299999999998,22.7246,3.26726,1.7453299999999996
1.4451299999999998,22.733576,3.26726,1.74533
1.4451299999999998,22.743576,3.26726,1.7453299999999996
1.4451299999999998,22.753576,3.26726,1.74533
1.4451299999999998,22.76358,3.26726,1.7453299999999996
1.4451299999999998,22.773576,3.26726,1.74533
1.4451299999999998,22.783576,3.26726,1.7453299999999996
1.4451299999999998,22.793576,3.26726,1.74533
1.4451299999999998,22.803576,3.26726,1.7453299999999996
1.4451299999999998,22.813576,3.26726,1.74533
1.4451299999999998,22.823576,3.26726,1.7453299999999996
1.4451299999999998,22.833576,3.26726,1.74533
1.4451299999999998,22.843576,3.26726,1.7453299999999996
1.4451299999999998,22.853576,3.26726,1.74533
1.4451299999999998,22.862552,3.26726,1.7453299999999996
1.4451299999999998,22.872552,3.26726,1.74533
1.4451299999999998,22.882552,3.26726,1.7453299999999996
1.4451299999999998,22.892552,3.26726,1.74533
1.4451299999999998,22.901528,3.26726,1.7453299999999996
1.4451299999999998,22.911528,3.26726,1.74533
1.4451299999999998,22.921528,3.26726,1.7453299999999996
1.4451299999999998,22.931528,3.26726,1.74533
1.4451299999999998,22.941528,3.26726,1.7453299999999996
1.4451299999999998,22.951528,3.26726,1.74533
1.4451299999999998,22.961528,3.26726,1.7453299999999996
1.4451299999999998,22.971528,3.26726,1.74533
1.4451299999999998,22.981528,3.26726,1.7453299999999996
1.4451299999999998,22.990504,3.26726,1.74533
1.226964,23.000504,3.26726,1.7453299999999996
1.0106040000000003,23.010528,3.2654534999999996,1.74533
0.7998205000000003,23.020532,3.2580709999999997,1.7453299999999996
0.5966555000000001,23.029508,3.2430699999999995,1.74533
0.4005590000000001,23.039508,3.2210004999999997,1.7453299999999996
0.21027450000000006,23.049508,3.193119,1.74533
0.02438800000000001,23.059508,3.1608389999999997,1.7453299999999996
-0.15835699999999991,23.068488,3.1254174999999997,1.74533
-0.3385884999999998,23.077464,3.0874829999999998,1.7453299999999996
-0.5160709999999997,23.08746,3.0467994999999997,1.74533
-0.6901764999999997,23.09746,3.0027384999999995,1.7453299999999996
-0.8607475,23.107464,2.9551434999999997,1.74533
-1.0284909999999998,23.11644,2.9047209999999994,1.7453299999999996
-1.1946640000000002,23.126436,2.8527275,1.74533
-1.3594230000000003,23.136436,2.7993205,1.7453299999999996
-1.5222185000000001,23.14644,2.74395,1.74533
-1.6828150000000002,23.155416,2.6863805,1.7453299999999996
-1.8418405,23.165412,2.62724,1.74533
-2.000395,23.175412,2.5676284999999996,1.7453299999999996
-2.1583995000000002,23.185412,2.507467,1.74533
-2.0968245,23.194388,2.445892,1.7453299999999996
-2.0353275,23.204392,2.3843955,1.74533
-1.9783860000000002,23.214388,2.327454,1.7453299999999996
-1.928906,23.224388,2.277974,1.74533
-1.8864159999999999,23.233364,2.2354839999999996,1.7453299999999996
-1.8489525000000002,23.243364,2.1980204999999997,1.74533
-1.8146304999999998,23.253368,2.1636990000000003,1.7453299999999996
-1.782586,23.263364,2.131655,1.74533
-1.7528195000000002,23.273344,2.101888,1.7453299999999996
-1.7255665000000002,23.283356,2.0746345,1.74533
-1.700905,23.293364,2.049973,1.7453299999999996
-1.6783640000000002,23.303368,2.027432,1.74533
-1.6575510000000002,23.313364,2.006619,1.7453299999999996
-1.6380730000000001,23.32232,1.9871415000000003,1.74533
-1.6200875000000001,23.332336,1.969156,1.7453299999999996
-1.60383,23.34234,1.9528980000000002,1.74533
-1.5890645,23.35234,1.9381325,1.7453299999999996
-1.5754775000000003,23.361296,1.9245450000000002,1.74533
-1.5624400000000003,23.371312,1.911507,1.7453299999999996
-1.550031,23.381296,1.8990980000000002,1.74533
-1.5387215000000003,23.391312,1.8877880000000002,1.7453299999999996
-1.5286685,23.401316,1.877735,1.74533
-1.519558,23.411316,1.8686245000000001,1.7453299999999996
-1.5107615,23.421316,1.859828,1.74533
-1.5017295000000002,23.431316,1.8507955,1.7453299999999996
-1.492619,23.44132,1.841685,1.74533
-1.484294,23.450272,1.8333595,1.7453299999999996
-1.476833,23.460264,1.8258980000000002,1.74533
-1.4696075000000002,23.470264,1.8186725000000004,1.7453299999999996
-1.4626175000000001,23.480264,1.8116825000000003,1.74533
-1.456413,23.48924,1.8054780000000006,1.7453299999999996
-1.4516225,23.49924,1.8006870000000008,1.74533
-1.4479315000000001,23.50924,1.7969955000000006,1.7453299999999996
-1.444476,23.51924,1.7935395000000007,1.74533
-1.440942,23.528216,1.7900050000000007,1.7453299999999996
-1.4376435,23.538216,1.7867065000000009,1.74533
-1.435052,23.548216,1.7841145000000005,1.7453299999999996
-1.4328530000000002,23.558216,1.7819155000000007,1.74533
-1.4305755000000002,23.568216,1.7796380000000007,1.7453299999999996
-1.4282195000000002,23.578216,1.7772815000000006,1.74533
-1.4261775000000003,23.588216,1.7752395000000007,1.7453299999999996
-1.4246070000000002,23.598216,1.7736685000000005,1.74533
-1.4231150000000001,23.608216,1.7721760000000009,1.7453299999999996
-1.4214660000000003,23.617192,1.7705265000000006,1.74533
-1.4201310000000003,23.627192,1.7691915000000007,1.7453299999999996
-1.4196600000000004,23.637192,1.768720000000001,1.74533
-1.4196600000000004,23.647192,1.768720000000001,1.7453299999999996
-1.4196600000000004,23.656168,1.768720000000001,1.74533
-1.4196600000000004,23.666168,1.768720000000001,1.7453299999999996
-1.4196600000000004,23.676168,1.768720000000001,1.74533
-1.4196600000000004,23.686168,1.768720000000001,1.7453299999999996
-1.4196600000000004,23.695144,1.768720000000001,1.74533
-1.4196600000000004,23.705144,1.768720000000001,1.7453299999999996
-1.4196600000000004,23.715144,1.768720000000001,1.74533
-1.4196600000000004,23.725144,1.768720000000001,1.7453299999999996
-1.4196600000000004,23.735144,1.768720000000001,1.74533
-1.4196600000000004,23.745144,1.768720000000001,1.7453299999999996
-1.4196600000000004,23.755144,1.768720000000001,1.74533
-1.4196600000000004,23.765144,1.768720000000001,1.7453299999999996
-1.4196600000000004,23.775144,1.768720000000001,1.74533
-1.4196600000000004,23.78412,1.768720000000001,1.7453299999999996
-1.4196600000000004,23.79412,1.768720000000001,1.74533
-1.4196600000000004,23.80412,1.768720000000001,1.7453299999999996
-1.4196600000000004,23.81412,1.768720000000001,1.74533
-1.4196600000000004,23.823096,1.768720000000001,1.7453299999999996
-1.4196600000000004,23.833096,1.768720000000001,1.74533
-1.4196600000000004,23.843096,1.768720000000001,1.7453299999999996
-1.4196600000000004,23.853096,1.768720000000001,1.74533
-1.4196600000000004,23.862072,1.768720000000001,1.7453299999999996
-1.4196600000000004,23.872072,1.768720000000001,1.74533
-1.4196600000000004,23.882072,1.768720000000001,1.7453299999999996
-1.4196600000000004,23.892072,1.768720000000001,1.74533
-1.4196600000000004,23.902072,1.768720000000001,1.7453299999999996
-1.4196600000000004,23.912072,1.768720000000001,1.74533
-1.4196600000000004,23.922072,1.768720000000001,1.7453299999999996
-1.4196600000000004,23.932072,1.768720000000001,1.74533
-1.4196600000000004,23.942072,1.768720000000001,1.7453299999999996
-1.4196600000000004,23.951048,1.768720000000001,1.74533
-1.4196600000000004,23.961048,1.768720000000001,1.7453299999999996
-1.4196600000000004,23.971048,1.768720000000001,1.74533
-1.4196600000000004,23.981048,1.768720000000001,1.7453299999999996
-1.4196600000000004,23.990024,1.768720000000001,1.74533
-1.4196600000000004,24.000024,1.768720000000001,1.7453299999999996
