0.0,0.0,0.0,0.0
0.0,0.0,0.0,0.0
0.0,0.0,0.0,0.0
0.0,0.0,0.0,0.0
0.0,0.0,0.0,0.0
0.0,0.010056,0.0,0.0
0.0,0.010056,0.0,0.0
0.0,0.010056,0.0,0.0
0.0,0.010056,0.0,0.0
0.0,0.060056,0.0,0.0
0.0,0.060056,0.0,0.0
0.0,0.060056,0.0,0.0
0.0,0.070056,0.0,0.0
0.0,0.070056,0.0,0.0
0.0,0.070056,0.0,0.0
0.0,0.080056,0.0,0.0
0.0,0.080056,0.0,0.0
0.0,0.080056,0.0,0.0
0.0,0.080056,0.0,0.0
0.0,0.090056,0.0,0.0
0.0,0.090056,0.0,0.0
0.0,0.090056,0.0,0.0
0.0,0.090056,0.0,0.0
0.0,0.100056,0.0,0.0
0.0,0.100056,0.0,0.0
0.0,0.100056,0.0,0.0
0.0,0.100056,0.0,0.0
0.0,0.110056,0.0,0.0
0.0,0.110056,0.0,0.0
0.0,0.110056,0.0,0.0
0.0,0.120056,0.0,0.0
0.0,0.120056,0.0,0.0
0.0,0.120056,0.0,0.0
0.0,0.120056,0.0,0.0
0.0,0.130056,0.0,0.0
0.0,0.130056,0.0,0.0
0.0,0.130056,0.0,0.0
0.0,0.130056,0.0,0.0
0.0,0.140056,0.0,0.0
0.0,0.140056,0.0,0.0
0.0,0.140056,0.0,0.0
0.0,0.150056,0.0,0.0
0.0,0.150056,0.0,0.0
0.0,0.150056,0.0,0.0
0.0,0.150056,0.0,0.0
0.0,0.160056,0.0,0.0
0.0,0.160056,0.0,0.0
0.0,0.160056,0.0,0.0
0.0,0.160056,0.0,0.0
0.0,0.170056,0.0,0.0
0.0,0.170056,0.0,0.0
0.0,0.170056,0.0,0.0
0.0,0.180056,0.0,0.0
0.0,0.180056,0.0,0.0
0.0,0.180056,0.0,0.0
0.0,0.180056,0.0,0.0
0.0,0.190056,0.0,0.0
0.0,0.190056,0.0,0.0
0.0,0.190056,0.0,0.0
0.0,0.190056,0.0,0.0
0.0,0.200056,0.0,0.0
0.0,0.200056,0.0,0.0
0.0,0.200056,0.0,0.0
0.0,0.210056,0.0,0.0
0.0,0.210056,0.0,0.0
0.0,0.210056,0.0,0.0
0.0,0.210056,0.0,0.0
0.0,0.220056,0.0,0.0
0.0,0.220056,0.0,0.0
0.0,0.220056,0.0,0.0
0.0,0.220056,0.0,0.0
0.0,0.230056,0.0,0.0
0.0,0.230056,0.0,0.0
0.0,0.230056,0.0,0.0
0.0,0.240056,0.0,0.0
0.0,0.240056,0.0,0.0
0.0,0.240056,0.0,0.0
0.0,0.240056,0.0,0.0
0.0,0.250056,0.0,0.0
0.0,0.250056,0.0,0.0
0.0,0.250056,0.0,0.0
0.0,0.250056,0.0,0.0
0.0,0.260056,0.0,0.0
0.0,0.260056,0.0,0.0
0.0,0.260056,0.0,0.0
0.0,0.270056,0.0,0.0
0.0,0.270056,0.0,0.0
0.0,0.270056,0.0,0.0
0.0,0.270056,0.0,0.0
0.0,0.280056,0.0,0.0
0.0,0.280056,0.0,0.0
0.0,0.280056,0.0,0.0
0.0,0.280056,0.0,0.0
0.0,0.290056,0.0,0.0
0.0,0.290056,0.0,0.0
0.0,0.290056,0.0,0.0
0.0,0.300056,0.0,0.0
0.0,0.300056,0.0,0.0
0.0,0.300056,0.0,0.0
0.0,0.300056,0.0,0.0
0.0,0.310056,0.0,0.0
0.0,0.310056,0.0,0.0
0.0,0.310056,0.0,0.0
0.0,0.320056,0.0,0.0
0.0,0.320056,0.0,0.0
0.0,0.320056,0.0,0.0
0.0,0.320056,0.0,0.0
0.0,0.330056,0.0,0.0
0.0,0.330056,0.0,0.0
0.0,0.330056,0.0,0.0
0.0,0.330056,0.0,0.0
0.0,0.340056,0.0,0.0
0.0,0.340056,0.0,0.0
0.0,0.340056,0.0,0.0
0.0,0.350056,0.0,0.0
0.0,0.350056,0.0,0.0
0.0,0.350056,0.0,0.0
0.0,0.350056,0.0,0.0
0.0,0.360056,0.0,0.0
0.0,0.360056,0.0,0.0
0.0,0.360056,0.0,0.0
0.0,0.360056,0.0,0.0
0.0,0.370056,0.0,0.0
0.0,0.370056,0.0,0.0
0.0,0.370056,0.0,0.0
0.0,0.380056,0.0,0.0
0.0,0.380056,0.0,0.0
0.0,0.380056,0.0,0.0
0.0,0.380056,0.0,0.0
0.0,0.390056,0.0,0.0
0.0,0.390056,0.0,0.0
0.0,0.390056,0.0,0.0
0.0,0.390056,0.0,0.0
0.0,0.400056,0.0,0.0
0.0,0.400056,0.0,0.0
0.0,0.400056,0.0,0.0
0.0,0.410056,0.0,0.0
0.0,0.410056,0.0,0.0
0.0,0.410056,0.0,0.0
0.0,0.410056,0.0,0.0
0.0,0.420056,0.0,0.0
0.0,0.420056,0.0,0.0
0.0,0.420056,0.0,0.0
0.0,0.420056,0.0,0.0
0.0,0.430056,0.0,0.0
0.0,0.430056,0.0,0.0
0.0,0.430056,0.0,0.0
0.0,0.440056,0.0,0.0
0.0,0.440056,0.0,0.0
0.0,0.440056,0.0,0.0
0.0,0.440056,0.0,0.0
0.0,0.450056,0.0,0.0
0.0,0.450056,0.0,0.0
0.0,0.450056,0.0,0.0
0.0,0.450056,0.0,0.0
0.0,0.460056,0.0,0.0
0.0,0.460056,0.0,0.0
0.0,0.460056,0.0,0.0
0.0,0.470056,0.0,0.0
0.0,0.470056,0.0,0.0
0.0,0.470056,0.0,0.0
0.0,0.470056,0.0,0.0
0.0,0.480056,0.0,0.0
0.0,0.480056,0.0,0.0
0.0,0.480056,0.0,0.0
0.0,0.480056,0.0,0.0
0.0,0.490056,0.0,0.0
0.0,0.490056,0.0,0.0
0.0,0.490056,0.0,0.0
0.0,0.500056,0.0,0.0
0.0,0.500056,0.0,0.0
0.0,0.500056,0.0,0.0
0.0,0.500056,0.0,0.0
0.0,0.510056,0.0,0.0
0.0,0.510056,0.0,0.0
0.0,0.510056,0.0,0.0
0.0,0.510056,0.0,0.0
0.0,0.520056,0.0,0.0
0.0,0.520056,0.0,0.0
0.0,0.520056,0.0,0.0
0.0,0.530056,0.0,0.0
0.0,0.530056,0.0,0.0
0.0,0.530056,0.0,0.0
0.0,0.530056,0.0,0.0
0.0,0.540056,0.0,0.0
0.0,0.540056,0.0,0.0
0.0,0.540056,0.0,0.0
0.0,0.540056,0.0,0.0
0.0,0.550056,0.0,0.0
0.0,0.550056,0.0,0.0
0.0,0.550056,0.0,0.0
0.0,0.560056,0.0,0.0
0.0,0.560056,0.0,0.0
0.0,0.560056,0.0,0.0
0.0,0.560056,0.0,0.0
0.0,0.570056,0.0,0.0
0.0,0.570056,0.0,0.0
0.0,0.570056,0.0,0.0
0.0,0.570056,0.0,0.0
0.0,0.580056,0.0,0.0
0.0,0.580056,0.0,0.0
0.0,0.580056,0.0,0.0
0.0,0.590056,0.0,0.0
0.0,0.590056,0.0,0.0
0.0,0.590056,0.0,0.0
0.0,0.590056,0.0,0.0
0.0,0.600056,0.0,0.0
0.0,0.600056,0.0,0.0
0.0,0.600056,0.0,0.0
0.0,0.600056,0.0,0.0
0.0,0.610056,0.0,0.0
0.0,0.610056,0.0,0.0
0.0,0.610056,0.0,0.0
0.0,0.620056,0.0,0.0
0.0,0.620056,0.0,0.0
0.0,0.620056,0.0,0.0
0.0,0.620056,0.0,0.0
0.0,0.630056,0.0,0.0
0.0,0.630056,0.0,0.0
0.0,0.630056,0.0,0.0
0.0,0.64006,0.0,0.0
0.0,0.64006,0.0,0.0
0.0,0.64006,0.0,0.0
0.0,0.64006,0.0,0.0
0.0,0.650056,0.0,0.0
0.0,0.650056,0.0,0.0
0.0,0.650056,0.0,0.0
0.0,0.650056,0.0,0.0
0.0,0.660056,0.0,0.0
0.0,0.660056,0.0,0.0
0.0,0.660056,0.0,0.0
0.0,0.670056,0.0,0.0
0.0,0.670056,0.0,0.0
0.0,0.670056,0.0,0.0
0.0,0.670056,0.0,0.0
0.0,0.680056,0.0,0.0
0.0,0.680056,0.0,0.0
0.0,0.680056,0.0,0.0
0.0,0.680056,0.0,0.0
0.0,0.690056,0.0,0.0
0.0,0.690056,0.0,0.0
0.0,0.690056,0.0,0.0
0.0,0.700056,0.0,0.0
0.0,0.700056,0.0,0.0
0.0,0.700056,0.0,0.0
0.0,0.700056,0.0,0.0
0.0,0.710056,0.0,0.0
0.0,0.710056,0.0,0.0
0.0,0.710056,0.0,0.0
0.0,0.710056,0.0,0.0
0.0,0.720056,0.0,0.0
0.0,0.720056,0.0,0.0
0.0,0.720056,0.0,0.0
0.0,0.730056,0.0,0.0
0.0,0.730056,0.0,0.0
0.0,0.730056,0.0,0.0
0.0,0.730056,0.0,0.0
0.0,0.740056,0.0,0.0
0.0,0.740056,0.0,0.0
0.0,0.740056,0.0,0.0
0.0,0.740056,0.0,0.0
0.0,0.750056,0.0,0.0
0.0,0.750056,0.0,0.0
0.0,0.750056,0.0,0.0
0.0,0.760056,0.0,0.0
0.0,0.760056,0.0,0.0
0.0,0.760056,0.0,0.0
0.0,0.760056,0.0,0.0
0.0,0.770056,0.0,0.0
0.0,0.770056,0.0,0.0
0.0,0.770056,0.0,0.0
0.0,0.770056,0.0,0.0
0.0,0.780056,0.0,0.0
0.0,0.780056,0.0,0.0
0.0,0.780056,0.0,0.0
0.0,0.790056,0.0,0.0
0.0,0.790056,0.0,0.0
0.0,0.790056,0.0,0.0
0.0,0.790056,0.0,0.0
0.0,0.800056,0.0,0.0
0.0,0.800056,0.0,0.0
0.0,0.800056,0.0,0.0
0.0,0.800056,0.0,0.0
0.0,0.810056,0.0,0.0
0.0,0.810056,0.0,0.0
0.0,0.810056,0.0,0.0
0.0,0.820056,0.0,0.0
0.0,0.820056,0.0,0.0
0.0,0.820056,0.0,0.0
0.0,0.820056,0.0,0.0
0.0,0.830056,0.0,0.0
0.0,0.830056,0.0,0.0
0.0,0.830056,0.0,0.0
0.0,0.830056,0.0,0.0
0.0,0.840056,0.0,0.0
0.0,0.840056,0.0,0.0
0.0,0.840056,0.0,0.0
0.0,0.850056,0.0,0.0
0.0,0.850056,0.0,0.0
0.0,0.850056,0.0,0.0
0.0,0.850056,0.0,0.0
0.0,0.860056,0.0,0.0
0.0,0.860056,0.0,0.0
0.0,0.860056,0.0,0.0
0.0,0.860056,0.0,0.0
0.0,0.870056,0.0,0.0
0.0,0.870056,0.0,0.0
0.0,0.870056,0.0,0.0
0.0,0.880056,0.0,0.0
0.0,0.880056,0.0,0.0
0.0,0.880056,0.0,0.0
0.0,0.880056,0.0,0.0
0.0,0.890056,0.0,0.0
0.0,0.890056,0.0,0.0
0.0,0.890056,0.0,0.0
0.0,0.890056,0.0,0.0
0.0,0.900056,0.0,0.0
0.0,0.900056,0.0,0.0
0.0,0.900056,0.0,0.0
0.0,0.910056,0.0,0.0
0.0,0.910056,0.0,0.0
0.0,0.910056,0.0,0.0
0.0,0.910056,0.0,0.0
0.0,0.920056,0.0,0.0
0.0,0.920056,0.0,0.0
0.0,0.920056,0.0,0.0
0.0,0.920056,0.0,0.0
0.0,0.930056,0.0,0.0
0.0,0.930056,0.0,0.0
0.0,0.930056,0.0,0.0
0.0,0.940056,0.0,0.0
0.0,0.940056,0.0,0.0
0.0,0.940056,0.0,0.0
0.0,0.940056,0.0,0.0
0.0,0.950056,0.0,0.0
0.0,0.950056,0.0,0.0
0.0,0.950056,0.0,0.0
0.0,0.960056,0.0,0.0
0.0,0.960056,0.0,0.0
0.0,0.960056,0.0,0.0
0.0,0.960056,0.0,0.0
0.0,0.970056,0.0,0.0
0.0,0.970056,0.0,0.0
0.0,0.970056,0.0,0.0
0.0,0.970056,0.0,0.0
0.0,0.980056,0.0,0.0
0.0,0.980056,0.0,0.0
0.0,0.980056,0.0,0.0
0.0,0.990056,0.0,0.0
0.0,0.990056,0.0,0.0
0.0,0.990056,0.0,0.0
0.0,0.990056,0.0,0.0
0.0,1.000056,0.0,0.0
0.0,1.000056,0.0,0.0
0.0,1.000056,0.0,0.0
0.0,1.000056,0.0,0.0
0.0,1.010056,0.0,0.0
0.0,1.010056,0.0,0.0
0.0,1.010056,0.0,0.0
0.0,1.020056,0.0,0.0
0.0,1.020056,0.0,0.0
0.0,1.020056,0.0,0.0
0.0,1.020056,0.0,0.0
0.0,1.030056,0.0,0.0
0.0,1.030056,0.0,0.0
0.0,1.080056,0.0,0.0
0.0,1.090056,0.0,0.0
0.0,1.090056,0.0,0.0
0.0,1.090056,0.0,0.0
0.0,1.090056,0.0,0.0
0.0,1.100056,0.0,0.0
0.0,1.100056,0.0,0.0
0.0,1.100056,0.0,0.0
0.0,1.110056,0.0,0.0
0.0,1.110056,0.0,0.0
0.0,1.110056,0.0,0.0
0.0,1.110056,0.0,0.0
0.0,1.120056,0.0,0.0
0.0,1.120056,0.0,0.0
0.0,1.170056,0.0,0.0
0.0,1.180056,0.0,0.0
0.0,1.180056,0.0,0.0
0.0,1.180056,0.0,0.0
0.0,1.190056,0.0,0.0
0.0,1.190056,0.0,0.0
0.0,1.190056,0.0,0.0
0.0,1.190056,0.0,0.0
0.0,1.200056,0.0,0.0
0.0,1.200056,0.0,0.0
0.0,1.200056,0.0,0.0
0.0,1.200056,0.0,0.0
0.0,1.210056,0.0,0.0
0.0,1.210056,0.0,0.0
0.0,1.260056,0.0,0.0
0.0,1.270056,0.0,0.0
0.0,1.270056,0.0,0.0
0.0,1.270056,0.0,0.0
0.0,1.28006,0.0,0.0
0.0,1.28006,0.0,0.0
0.0,1.28006,0.0,0.0
0.0,1.28006,0.0,0.0
0.0,1.290056,0.0,0.0
0.0,1.290056,0.0,0.0
0.0,1.290056,0.0,0.0
0.0,1.300056,0.0,0.0
0.0,1.300056,0.0,0.0
0.0,1.300056,0.0,0.0
0.0,1.350056,0.0,0.0
0.0,1.360056,0.0,0.0
0.0,1.360056,0.0,0.0
0.0,1.360056,0.0,0.0
0.0,1.370056,0.0,0.0
0.0,1.370056,0.0,0.0
0.0,1.370056,0.0,0.0
0.0,1.370056,0.0,0.0
0.0,1.380056,0.0,0.0
0.0,1.380056,0.0,0.0
0.0,1.380056,0.0,0.0
0.0,1.390056,0.0,0.0
0.0,1.390056,0.0,0.0
0.0,1.390056,0.0,0.0
0.0,1.440056,0.0,0.0
0.0,1.450056,0.0,0.0
0.0,1.450056,0.0,0.0
0.0,1.450056,0.0,0.0
0.0,1.460056,0.0,0.0
0.0,1.460056,0.0,0.0
0.0,1.460056,0.0,0.0
0.0,1.460056,0.0,0.0
0.0,1.470056,0.0,0.0
0.0,1.470056,0.0,0.0
0.0,1.470056,0.0,0.0
0.0,1.480056,0.0,0.0
0.0,1.480056,0.0,0.0
0.0,1.480056,0.0,0.0
0.0,1.530056,0.0,0.0
0.0,1.540056,0.0,0.0
0.0,1.540056,0.0,0.0
0.0,1.540056,0.0,0.0
0.0,1.550056,0.0,0.0
0.0,1.550056,0.0,0.0
0.0,1.550056,0.0,0.0
0.0,1.550056,0.0,0.0
0.0,1.560056,0.0,0.0
0.0,1.560056,0.0,0.0
0.0,1.560056,0.0,0.0
0.0,1.570056,0.0,0.0
0.0,1.570056,0.0,0.0
0.0,1.570056,0.0,0.0
0.0,1.630056,0.0,0.0
0.0,1.630056,0.0,0.0
0.0,1.630056,0.0,0.0
0.0,1.630056,0.0,0.0
0.0,1.640056,0.0,0.0
0.0,1.640056,0.0,0.0
0.0,1.640056,0.0,0.0
0.0,1.640056,0.0,0.0
0.0,1.650056,0.0,0.0
0.0,1.650056,0.0,0.0
0.0,1.650056,0.0,0.0
0.0,1.660056,0.0,0.0
0.0,1.660056,0.0,0.0
0.0,1.660056,0.0,0.0
0.0,1.660056,0.0,0.0
0.0,1.670056,0.0,0.0
0.0,1.670056,0.0,0.0
0.0,1.670056,0.0,0.0
0.0,1.700056,0.0,0.0
0.0,1.710056,0.0,0.0
0.0,1.710056,0.0,0.0
0.0,1.720056,0.0,0.0
0.0,1.720056,0.0,0.0
0.0,1.720056,0.0,0.0
0.0,1.720056,0.0,0.0
0.0,1.730056,0.0,0.0
0.0,1.730056,0.0,0.0
0.0,1.730056,0.0,0.0
0.0,1.740056,0.0,0.0
0.0,1.740056,0.0,0.0
0.0,1.740056,0.0,0.0
0.0,1.740056,0.0,0.0
0.0,1.750056,0.0,0.0
0.0,1.750056,0.0,0.0
0.0,1.750056,0.0,0.0
0.0,1.810056,0.0,0.0
0.0,1.810056,0.0,0.0
0.0,1.810056,0.0,0.0
0.0,1.810056,0.0,0.0
0.0,1.820056,0.0,0.0
0.0,1.820056,0.0,0.0
0.0,1.820056,0.0,0.0
0.0,1.830056,0.0,0.0
0.0,1.830056,0.0,0.0
0.0,1.830056,0.0,0.0
0.0,1.830056,0.0,0.0
0.0,1.840056,0.0,0.0
0.0,1.840056,0.0,0.0
0.0,1.840056,0.0,0.0
0.0,1.900056,0.0,0.0
0.0,1.900056,0.0,0.0
0.0,1.900056,0.0,0.0
0.0,1.900056,0.0,0.0
0.0,1.910056,0.0,0.0
0.0,1.910056,0.0,0.0
0.0,1.910056,0.0,0.0
0.0,1.92006,0.0,0.0
0.0,1.92006,0.0,0.0
0.0,1.92006,0.0,0.0
0.0,1.92006,0.0,0.0
0.0,1.930056,0.0,0.0
0.0,1.930056,0.0,0.0
0.0,1.930056,0.0,0.0
0.0,1.990056,0.0,0.0
0.0,1.990056,0.0,0.0
0.0,1.990056,0.0,0.0
0.0,1.990056,0.0,0.0
0.0,2.000056,0.0,0.0
0.0,2.000056,0.0,0.0
0.0,2.000056,0.0,0.0
0.0,2.010056,0.0,0.0
0.0,2.010056,0.0,0.0
0.0,2.010056,0.0,0.0
0.0,2.010056,0.0,0.0
0.0,2.020056,0.0,0.0
0.0,2.020056,0.0,0.0
0.0,2.020056,0.0,0.0
0.0,2.080056,0.0,0.0
0.0,2.080056,0.0,0.0
0.0,2.080056,0.0,0.0
0.0,2.080056,0.0,0.0
0.0,2.090056,0.0,0.0
0.0,2.090056,0.0,0.0
0.0,2.090056,0.0,0.0
0.0,2.100056,0.0,0.0
0.0,2.100056,0.0,0.0
0.0,2.100056,0.0,0.0
0.0,2.100056,0.0,0.0
0.0,2.110056,0.0,0.0
0.0,2.110056,0.0,0.0
0.0,2.110056,0.0,0.0
0.0,2.170056,0.0,0.0
0.0,2.170056,0.0,0.0
0.0,2.170056,0.0,0.0
0.0,2.180056,0.0,0.0
0.0,2.180056,0.0,0.0
0.0,2.180056,0.0,0.0
0.0,2.180056,0.0,0.0
0.0,2.190056,0.0,0.0
0.0,2.190056,0.0,0.0
0.0,2.190056,0.0,0.0
0.0,2.190056,0.0,0.0
0.0,2.200056,0.0,0.0
0.0,2.200056,0.0,0.0
0.0,2.200056,0.0,0.0
0.0,2.260056,0.0,0.0
0.0,2.260056,0.0,0.0
0.0,2.260056,0.0,0.0
0.0,2.270056,0.0,0.0
0.0,2.270056,0.0,0.0
0.0,2.270056,0.0,0.0
0.0,2.270056,0.0,0.0
0.0,2.280056,0.0,0.0
0.0,2.280056,0.0,0.0
0.0,2.280056,0.0,0.0
0.0,2.290056,0.0,0.0
0.0,2.290056,0.0,0.0
0.0,2.290056,0.0,0.0
0.0,2.290056,0.0,0.0
0.0,2.350056,0.0,0.0
0.0,2.350056,0.0,0.0
0.0,2.350056,0.0,0.0
0.0,2.360056,0.0,0.0
0.0,2.360056,0.0,0.0
0.0,2.360056,0.0,0.0
0.0,2.360056,0.0,0.0
0.0,2.370056,0.0,0.0
0.0,2.370056,0.0,0.0
0.0,2.370056,0.0,0.0
0.0,2.380056,0.0,0.0
0.0,2.380056,0.0,0.0
0.0,2.380056,0.0,0.0
0.0,2.380056,0.0,0.0
0.0,2.440056,0.0,0.0
0.0,2.440056,0.0,0.0
0.0,2.440056,0.0,0.0
0.0,2.450056,0.0,0.0
0.0,2.450056,0.0,0.0
0.0,2.450056,0.0,0.0
0.0,2.450056,0.0,0.0
0.0,2.460056,0.0,0.0
0.0,2.460056,0.0,0.0
0.0,2.460056,0.0,0.0
0.0,2.470056,0.0,0.0
0.0,2.470056,0.0,0.0
0.0,2.470056,0.0,0.0
0.0,2.470056,0.0,0.0
0.0,2.530056,0.0,0.0
0.0,2.530056,0.0,0.0
0.0,2.530056,0.0,0.0
0.0,2.540056,0.0,0.0
0.0,2.540056,0.0,0.0
0.0,2.540056,0.0,0.0
0.0,2.540056,0.0,0.0
0.0,2.550056,0.0,0.0
0.0,2.550056,0.0,0.0
0.0,2.550056,0.0,0.0
0.0,2.56006,0.0,0.0
0.0,2.56006,0.0,0.0
0.0,2.56006,0.0,0.0
0.0,2.56006,0.0,0.0
0.0,2.620056,0.0,0.0
0.0,2.620056,0.0,0.0
0.0,2.620056,0.0,0.0
0.0,2.630056,0.0,0.0
0.0,2.630056,0.0,0.0
0.0,2.630056,0.0,0.0
0.0,2.630056,0.0,0.0
0.0,2.640056,0.0,0.0
0.0,2.640056,0.0,0.0
0.0,2.640056,0.0,0.0
0.0,2.650056,0.0,0.0
0.0,2.650056,0.0,0.0
0.0,2.650056,0.0,0.0
0.0,2.650056,0.0,0.0
0.0,2.710056,0.0,0.0
0.0,2.710056,0.0,0.0
0.0,2.710056,0.0,0.0
0.0,2.720056,0.0,0.0
0.0,2.720056,0.0,0.0
0.0,2.720056,0.0,0.0
0.0,2.730056,0.0,0.0
0.0,2.730056,0.0,0.0
0.0,2.730056,0.0,0.0
0.0,2.730056,0.0,0.0
0.0,2.740056,0.0,0.0
0.0,2.740056,0.0,0.0
0.0,2.740056,0.0,0.0
0.0,2.740056,0.0,0.0
0.0,2.800056,0.0,0.0
0.0,2.800056,0.0,0.0
0.0,2.800056,0.0,0.0
0.0,2.810056,0.0,0.0
0.0,2.810056,0.0,0.0
0.0,2.810056,0.0,0.0
0.0,2.820056,0.0,0.0
0.0,2.820056,0.0,0.0
0.0,2.820056,0.0,0.0
0.0,2.820056,0.0,0.0
0.0,2.830056,0.0,0.0
0.0,2.830056,0.0,0.0
0.0,2.830056,0.0,0.0
0.0,2.840056,0.0,0.0
0.0,2.890056,0.0,0.0
0.0,2.890056,0.0,0.0
0.0,2.890056,0.0,0.0
0.0,2.900056,0.0,0.0
0.0,2.900056,0.0,0.0
0.0,2.900056,0.0,0.0
0.0,2.910056,0.0,0.0
0.0,2.910056,0.0,0.0
0.0,2.910056,0.0,0.0
0.0,2.910056,0.0,0.0
0.0,2.920056,0.0,0.0
0.0,2.920056,0.0,0.0
0.0,2.920056,0.0,0.0
0.0,2.930056,0.0,0.0
0.0,2.980056,0.0,0.0
0.0,2.980056,0.0,0.0
0.0,2.980056,0.0,0.0
0.0,2.990056,0.0,0.0
0.0,2.990056,0.0,0.0
0.0,2.990056,0.0,0.0
0.0,3.000056,0.0,0.0
0.0,3.000056,0.0,0.0
0.0,3.000056,0.0,0.0
0.0,3.000056,0.0,0.0
0.0,3.010056,0.0,0.0
0.0,3.010056,0.0,0.0
0.0,3.010056,0.0,0.0
0.0,3.020056,0.0,0.0
0.0,3.070056,0.0,0.0
0.0,3.070056,0.0,0.0
0.0,3.070056,0.0,0.0
0.0,3.080056,0.0,0.0
0.0,3.080056,0.0,0.0
0.0,3.080056,0.0,0.0
0.0,3.090056,0.0,0.0
0.0,3.090056,0.0,0.0
0.0,3.090056,0.0,0.0
0.0,3.090056,0.0,0.0
0.0,3.100056,0.0,0.0
0.0,3.100056,0.0,0.0
0.0,3.100056,0.0,0.0
0.0,3.110056,0.0,0.0
0.0,3.160056,0.0,0.0
0.0,3.160056,0.0,0.0
0.0,3.170056,0.0,0.0
0.0,3.170056,0.0,0.0
0.0,3.170056,0.0,0.0
0.0,3.170056,0.0,0.0
0.0,3.180056,0.0,0.0
0.0,3.180056,0.0,0.0
0.0,3.180056,0.0,0.0
0.0,3.180056,0.0,0.0
0.0,3.190056,0.0,0.0
0.0,3.190056,0.0,0.0
0.0,3.190056,0.0,0.0
0.0,3.20006,0.0,0.0
0.0,3.250056,0.0,0.0
0.0,3.250056,0.0,0.0
0.0,3.260056,0.0,0.0
0.0,3.260056,0.0,0.0
0.0,3.260056,0.0,0.0
0.0,3.260056,0.0,0.0
0.0,3.270056,0.0,0.0
0.0,3.270056,0.0,0.0
0.0,3.270056,0.0,0.0
0.0,3.280056,0.0,0.0
0.0,3.280056,0.0,0.0
0.0,3.280056,0.0,0.0
0.0,3.280056,0.0,0.0
0.0,3.290056,0.0,0.0
0.0,3.340056,0.0,0.0
0.0,3.340056,0.0,0.0
0.0,3.350056,0.0,0.0
0.0,3.350056,0.0,0.0
0.0,3.350056,0.0,0.0
0.0,3.350056,0.0,0.0
0.0,3.360056,0.0,0.0
0.0,3.360056,0.0,0.0
0.0,3.360056,0.0,0.0
0.0,3.370056,0.0,0.0
0.0,3.370056,0.0,0.0
0.0,3.370056,0.0,0.0
0.0,3.370056,0.0,0.0
0.0,3.380056,0.0,0.0
0.0,3.430056,0.0,0.0
0.0,3.430056,0.0,0.0
0.0,3.440056,0.0,0.0
0.0,3.440056,0.0,0.0
0.0,3.440056,0.0,0.0
0.0,3.440056,0.0,0.0
0.0,3.450056,0.0,0.0
0.0,3.450056,0.0,0.0
0.0,3.450056,0.0,0.0
0.0,3.460056,0.0,0.0
0.0,3.460056,0.0,0.0
0.0,3.460056,0.0,0.0
0.0,3.460056,0.0,0.0
0.0,3.470056,0.0,0.0
0.0,3.520056,0.0,0.0
0.0,3.520056,0.0,0.0
0.0,3.530056,0.0,0.0
0.0,3.530056,0.0,0.0
0.0,3.530056,0.0,0.0
0.0,3.530056,0.0,0.0
0.0,3.540056,0.0,0.0
0.0,3.540056,0.0,0.0
0.0,3.540056,0.0,0.0
0.0,3.550056,0.0,0.0
0.0,3.550056,0.0,0.0
0.0,3.550056,0.0,0.0
0.0,3.550056,0.0,0.0
0.0,3.560056,0.0,0.0
0.0,3.610056,0.0,0.0
0.0,3.610056,0.0,0.0
0.0,3.620056,0.0,0.0
0.0,3.620056,0.0,0.0
0.0,3.620056,0.0,0.0
0.0,3.620056,0.0,0.0
0.0,3.630056,0.0,0.0
0.0,3.630056,0.0,0.0
0.0,3.630056,0.0,0.0
0.0,3.640056,0.0,0.0
0.0,3.640056,0.0,0.0
0.0,3.640056,0.0,0.0
0.0,3.640056,0.0,0.0
0.0,3.650056,0.0,0.0
0.0,3.700056,0.0,0.0
0.0,3.700056,0.0,0.0
0.0,3.710056,0.0,0.0
0.0,3.710056,0.0,0.0
0.0,3.710056,0.0,0.0
0.0,3.720056,0.0,0.0
0.0,3.720056,0.0,0.0
0.0,3.720056,0.0,0.0
0.0,3.720056,0.0,0.0
0.0,3.730056,0.0,0.0
0.0,3.730056,0.0,0.0
0.0,3.730056,0.0,0.0
0.0,3.730056,0.0,0.0
0.0,3.740056,0.0,0.0
0.0,3.790056,0.0,0.0
0.0,3.790056,0.0,0.0
0.0,3.800056,0.0,0.0
0.0,3.800056,0.0,0.0
0.0,3.800056,0.0,0.0
0.0,3.810056,0.0,0.0
0.0,3.810056,0.0,0.0
0.0,3.810056,0.0,0.0
0.0,3.810056,0.0,0.0
0.0,3.820056,0.0,0.0
0.0,3.820056,0.0,0.0
0.0,3.820056,0.0,0.0
0.0,3.830056,0.0,0.0
0.0,3.830056,0.0,0.0
0.0,3.880056,0.0,0.0
0.0,3.880056,0.0,0.0
0.0,3.890056,0.0,0.0
0.0,3.890056,0.0,0.0
0.0,3.890056,0.0,0.0
0.0,3.900056,0.0,0.0
0.0,3.900056,0.0,0.0
0.0,3.900056,0.0,0.0
0.0,3.900056,0.0,0.0
0.0,3.910056,0.0,0.0
0.0,3.910056,0.0,0.0
0.0,3.910056,0.0,0.0
0.0,3.920056,0.0,0.0
0.0,3.920056,0.0,0.0
0.0,3.970056,0.0,0.0
0.0,3.970056,0.0,0.0
0.0,3.980056,0.0,0.0
0.0,3.980056,0.0,0.0
0.0,3.980056,0.0,0.0
0.0,3.990056,0.0,0.0
0.0,3.990056,0.0,0.0
0.0,3.990056,0.0,0.0
0.0,3.990056,0.0,0.0
0.0,4.000056,0.0,0.0
0.0,4.000056,0.0,0.0
0.0,4.000056,0.0,0.0
0.0,4.010056,0.0,0.0
0.0,4.010056,0.0,0.0
0.0,4.060056,0.0,0.0
0.0,4.060056,0.0,0.0
0.0,4.070056,0.0,0.0
0.0,4.070056,0.0,0.0
0.0,4.070056,0.0,0.0
0.0,4.080056,0.0,0.0
0.0,4.080056,0.0,0.0
0.0,4.080056,0.0,0.0
0.0,4.080056,0.0,0.0
0.0,4.090056,0.0,0.0
0.0,4.090056,0.0,0.0
0.0,4.090056,0.0,0.0
0.0,4.100056,0.0,0.0
0.0,4.100056,0.0,0.0
0.0,4.150056,0.0,0.0
0.0,4.160056,0.0,0.0
0.0,4.160056,0.0,0.0
0.0,4.160056,0.0,0.0
0.0,4.160056,0.0,0.0
0.0,4.170056,0.0,0.0
0.0,4.170056,0.0,0.0
0.0,4.170056,0.0,0.0
0.0,4.170056,0.0,0.0
0.0,4.180056,0.0,0.0
0.0,4.180056,0.0,0.0
0.0,4.180056,0.0,0.0
0.0,4.190056,0.0,0.0
0.0,4.190056,0.0,0.0
0.0,4.240056,0.0,0.0
0.0,4.250056,0.0,0.0
0.0,4.250056,0.0,0.0
0.0,4.250056,0.0,0.0
0.0,4.250056,0.0,0.0
0.0,4.260056,0.0,0.0
0.0,4.260056,0.0,0.0
0.0,4.260056,0.0,0.0
0.0,4.270056,0.0,0.0
0.0,4.270056,0.0,0.0
0.0,4.270056,0.0,0.0
0.0,4.270056,0.0,0.0
0.0,4.280056,0.0,0.0
0.0,4.280056,0.0,0.0
0.0,4.280056,0.0,0.0
0.0,4.280056,0.0,0.0
0.0,4.290056,0.0,0.0
0.0,4.290056,0.0,0.0
0.0,4.290056,0.0,0.0
0.0,4.300056,0.0,0.0
0.0,4.300056,0.0,0.0
0.0,4.300056,0.0,0.0
0.0,4.300056,0.0,0.0
0.0,4.310056,0.0,0.0
0.0,4.310056,0.0,0.0
0.0,4.310056,0.0,0.0
0.0,4.320056,0.0,0.0
0.0,4.320056,0.0,0.0
0.0,4.330056,0.0,0.0
0.0,4.340056,0.0,0.0
0.0,4.340056,0.0,0.0
0.0,4.340056,0.0,0.0
0.0,4.340056,0.0,0.0
0.0,4.350056,0.0,0.0
0.0,4.350056,0.0,0.0
0.0,4.350056,0.0,0.0
0.0,4.360056,0.0,0.0
0.0,4.360056,0.0,0.0
0.0,4.360056,0.0,0.0
0.0,4.360056,0.0,0.0
0.0,4.370056,0.0,0.0
0.0,4.370056,0.0,0.0
0.0,4.420056,0.0,0.0
0.0,4.430056,0.0,0.0
0.0,4.430056,0.0,0.0
0.0,4.430056,0.0,0.0
0.0,4.430056,0.0,0.0
0.0,4.440056,0.0,0.0
0.0,4.440056,0.0,0.0
0.0,4.440056,0.0,0.0
0.0,4.450056,0.0,0.0
0.0,4.450056,0.0,0.0
0.0,4.450056,0.0,0.0
0.0,4.450056,0.0,0.0
0.0,4.460056,0.0,0.0
0.0,4.460056,0.0,0.0
0.0,4.510056,0.0,0.0
0.0,4.520056,0.0,0.0
0.0,4.520056,0.0,0.0
0.0,4.520056,0.0,0.0
0.0,4.520056,0.0,0.0
0.0,4.530056,0.0,0.0
0.0,4.530056,0.0,0.0
0.0,4.530056,0.0,0.0
0.0,4.540056,0.0,0.0
0.0,4.540056,0.0,0.0
0.0,4.540056,0.0,0.0
0.0,4.540056,0.0,0.0
0.0,4.550056,0.0,0.0
0.0,4.550056,0.0,0.0
0.0,4.600056,0.0,0.0
0.0,4.610056,0.0,0.0
0.0,4.610056,0.0,0.0
0.0,4.610056,0.0,0.0
0.0,4.610056,0.0,0.0
0.0,4.620056,0.0,0.0
0.0,4.620056,0.0,0.0
0.0,4.620056,0.0,0.0
0.0,4.630056,0.0,0.0
0.0,4.630056,0.0,0.0
0.0,4.630056,0.0,0.0
0.0,4.630056,0.0,0.0
0.0,4.640056,0.0,0.0
0.0,4.640056,0.0,0.0
0.0,4.690056,0.0,0.0
0.0,4.700056,0.0,0.0
0.0,4.700056,0.0,0.0
0.0,4.700056,0.0,0.0
0.0,4.710056,0.0,0.0
0.0,4.710056,0.0,0.0
0.0,4.710056,0.0,0.0
0.0,4.710056,0.0,0.0
0.0,4.720056,0.0,0.0
0.0,4.720056,0.0,0.0
0.0,4.720056,0.0,0.0
0.0,4.720056,0.0,0.0
0.0,4.730056,0.0,0.0
0.0,4.730056,0.0,0.0
0.0,4.780056,0.0,0.0
0.0,4.790056,0.0,0.0
0.0,4.790056,0.0,0.0
0.0,4.790056,0.0,0.0
0.0,4.800056,0.0,0.0
0.0,4.800056,0.0,0.0
0.0,4.800056,0.0,0.0
0.0,4.800056,0.0,0.0
0.0,4.810056,0.0,0.0
0.0,4.810056,0.0,0.0
0.0,4.810056,0.0,0.0
0.0,4.820056,0.0,0.0
0.0,4.820056,0.0,0.0
0.0,4.820056,0.0,0.0
0.0,4.870056,0.0,0.0
0.0,4.880056,0.0,0.0
0.0,4.880056,0.0,0.0
0.0,4.880056,0.0,0.0
0.0,4.890056,0.0,0.0
0.0,4.890056,0.0,0.0
0.0,4.890056,0.0,0.0
0.0,4.890056,0.0,0.0
0.0,4.900056,0.0,0.0
0.0,4.900056,0.0,0.0
0.0,4.900056,0.0,0.0
0.0,4.910056,0.0,0.0
0.0,4.910056,0.0,0.0
0.0,4.910056,0.0,0.0
0.0,4.960056,0.0,0.0
0.0,4.970056,0.0,0.0
0.0,4.970056,0.0,0.0
0.0,4.970056,0.0,0.0
0.0,4.980056,0.0,0.0
0.0,4.980056,0.0,0.0
0.0,4.980056,0.0,0.0
0.0,4.980056,0.0,0.0
0.0,4.990056,0.0,0.0
0.0,4.990056,0.0,0.0
0.0,4.990056,0.0,0.0
0.02618,5.000056,0.0,0.5
0.05236,5.000056,0.0,0.0
0.07854,5.000056,0.0,0.0
1.72854,5.050084,0.027096,0.5236
93.37854,5.050084,0.054192,0.5236
93.3845615,5.060096,0.0863935,0.5236
93.37854,5.060096,0.11859499999999999,0.5236
93.37251850000001,5.060096,0.1507965,0.523
93.363748,5.070084,0.18574649999999998,0.5
93.3549775,5.070084,0.2206965,0.0
94.1049775,5.100084,0.25203400000000004,0.5236
109.8549775,5.100084,0.28337150000000005,0.5236
109.860135,5.100084,0.31470900000000007,0.5236
109.857962,5.110084,0.34306200000000003,0.5236
109.85578900000002,5.110084,0.37141500000000005,0.523
109.85361600000002,5.110084,0.399768,0.5
109.85458450000002,5.120088,0.4249795,0.0
109.85555300000001,5.120088,0.450191,0.0
110.20555300000001,5.170088,0.4761875,0.5236
111.40555300000001,5.180064,0.5021840000000001,0.5236
137.579373,5.180064,0.528102,0.5236
163.75319300000004,5.180064,0.5540200000000001,0.5236
189.92701300000004,5.180064,0.5799380000000001,0.5236
188.27727500000003,5.190056,0.57876,0.5236
96.62753699999998,5.190056,0.577582,0.5236
96.62177749999998,5.190056,0.5712985,0.5236
96.62806099999997,5.190056,0.565015,0.5236
96.63434449999997,5.200056,0.5587315,0.523
96.64337699999997,5.200056,0.5496995,0.52
96.65240949999998,5.200056,0.5406675000000001,0.5
95.90267149999997,5.210056,0.5352480000000001,0.0
80.15293349999996,5.210056,0.5298285000000001,0.0
80.34777599999997,5.260056,0.5244090000000001,0.5236
81.54994899999997,5.270056,0.521974,0.5236
107.75212199999997,5.270056,0.5195390000000002,0.5236
133.95429499999997,5.270056,0.5171040000000001,0.5236
160.1533265,5.270056,0.5178105000000002,0.5236
160.15261999999998,5.280056,0.5185170000000001,0.5236
159.80288199999998,5.280056,0.5184385000000001,0.5236
158.603144,5.280056,0.51836,0.5236
132.403406,5.290056,0.51836,0.5236
106.20366799999998,5.290056,0.51836,0.523
80.00393,5.290056,0.51836,0.52
80.00393,5.290056,0.51836,0.5
80.00393,5.300056,0.51836,0.0
80.00393,5.300056,0.51836,0.0
80.203668,5.350056,0.51836,0.5236
81.403406,5.360056,0.51836,0.5236
107.60314399999999,5.360056,0.51836,0.5236
133.802882,5.360056,0.51836,0.5236
160.00261999999998,5.360056,0.51836,0.5236
160.00261999999998,5.370056,0.51836,0.5236
159.802882,5.370056,0.51836,0.5236
158.603144,5.370056,0.51836,0.5236
132.403406,5.380056,0.51836,0.5236
106.20366799999998,5.380056,0.51836,0.523
80.00392999999998,5.380056,0.51836,0.52
80.00392999999998,5.380056,0.51836,0.5
80.00392999999998,5.390056,0.51836,0.0
80.00392999999998,5.390056,0.51836,0.0
80.203668,5.440056,0.51836,0.5236
81.40340599999999,5.450056,0.51836,0.5236
107.60314399999999,5.450056,0.51836,0.5236
133.80288199999998,5.450056,0.51836,0.5236
160.00261999999998,5.450056,0.51836,0.5236
160.00261999999998,5.460056,0.51836,0.5236
159.80288199999998,5.460056,0.51836,0.5236
158.603144,5.460056,0.51836,0.5236
132.403406,5.470056,0.51836,0.5236
106.20366799999998,5.470056,0.51836,0.523
80.00392999999997,5.470056,0.51836,0.52
80.00392999999997,5.470056,0.51836,0.5
80.00392999999997,5.480056,0.51836,0.0
80.00392999999997,5.480056,0.51836,0.0
80.20366799999998,5.530056,0.51836,0.5236
81.40340599999998,5.540056,0.51836,0.5236
107.60314399999999,5.540056,0.51836,0.5236
133.80288199999998,5.540056,0.51836,0.5236
160.00261999999998,5.540056,0.51836,0.5236
160.00261999999998,5.550056,0.51836,0.5236
159.80288199999998,5.550056,0.51836,0.5236
158.603144,5.550056,0.51836,0.5236
132.403406,5.560056,0.51836,0.5236
106.20366799999998,5.560056,0.51836,0.523
80.00393,5.560056,0.51836,0.52
80.00393,5.560056,0.51836,0.5
80.00393,5.570056,0.51836,0.0
80.00393,5.570056,0.51836,0.0
80.203668,5.620056,0.51836,0.5236
81.403406,5.630056,0.51836,0.5236
107.603144,5.630056,0.51836,0.5236
133.802882,5.630056,0.51836,0.5236
160.00262,5.630056,0.51836,0.5236
160.00262,5.640056,0.51836,0.5236
159.802882,5.640056,0.51836,0.5236
158.60314400000001,5.640056,0.51836,0.5236
132.403406,5.650056,0.51836,0.5236
106.203668,5.650056,0.51836,0.523
80.00393,5.650056,0.51836,0.52
80.00393,5.650056,0.51836,0.5
80.00393,5.660056,0.51836,0.0
80.00393,5.660056,0.51836,0.0
80.203668,5.710056,0.51836,0.5236
81.40340599999999,5.720056,0.51836,0.5236
107.60314399999999,5.720056,0.51836,0.5236
133.80288199999998,5.720056,0.51836,0.5236
160.00261999999998,5.730056,0.51836,0.5236
160.00261999999998,5.730056,0.51836,0.5236
159.80288199999998,5.730056,0.51836,0.5236
158.603144,5.730056,0.51836,0.5236
132.403406,5.740056,0.51836,0.5236
106.20366799999998,5.740056,0.51836,0.523
80.00392999999997,5.740056,0.51836,0.52
80.00392999999997,5.740056,0.51836,0.5
80.00392999999997,5.750056,0.51836,0.0
80.00392999999997,5.750056,0.51836,0.0
80.20366799999998,5.800056,0.51836,0.5236
81.40340599999998,5.810056,0.51836,0.5236
107.60314399999999,5.810056,0.51836,0.5236
133.80288199999998,5.810056,0.51836,0.5236
160.00261999999998,5.820056,0.51836,0.5236
160.00261999999998,5.820056,0.51836,0.5236
159.80288199999998,5.820056,0.51836,0.5236
158.603144,5.820056,0.51836,0.5236
132.403406,5.830056,0.51836,0.5236
106.20366799999998,5.830056,0.51836,0.523
80.00393000000001,5.830056,0.51836,0.52
80.00393000000001,5.840056,0.51836,0.5
80.00393000000001,5.840056,0.51836,0.0
80.00393000000001,5.840056,0.51836,0.0
80.203668,5.890056,0.51836,0.5236
81.403406,5.900056,0.51836,0.5236
107.603144,5.900056,0.51836,0.5236
133.802882,5.900056,0.51836,0.5236
160.00262,5.910056,0.51836,0.5236
160.00262,5.910056,0.51836,0.5236
159.802882,5.910056,0.51836,0.5236
158.60314400000001,5.910056,0.51836,0.5236
132.403406,5.920056,0.51836,0.5236
106.203668,5.920056,0.51836,0.523
80.00393,5.920056,0.51836,0.52
80.00393,5.930056,0.51836,0.5
80.00393,5.930056,0.51836,0.0
80.00393,5.930056,0.51836,0.0
80.203668,5.980056,0.51836,0.5236
81.403406,5.990056,0.51836,0.5236
107.60314399999999,5.990056,0.51836,0.5236
133.80288199999998,5.990056,0.51836,0.5236
160.00261999999998,6.000056,0.51836,0.5236
160.00261999999998,6.000056,0.51836,0.5236
159.80288199999998,6.000056,0.51836,0.5236
158.603144,6.000056,0.51836,0.5236
132.403406,6.010056,0.51836,0.5236
106.20366799999998,6.010056,0.51836,0.523
80.00392999999997,6.010056,0.51836,0.52
80.00392999999997,6.020056,0.51836,0.5
80.00392999999997,6.020056,0.51836,0.0
80.00392999999997,6.020056,0.51836,0.0
80.20366799999998,6.070056,0.51836,0.5236
81.40340599999998,6.080056,0.51836,0.5236
107.60314399999999,6.080056,0.51836,0.5236
133.80288199999998,6.080056,0.51836,0.5236
160.00261999999998,6.090056,0.51836,0.5236
160.00261999999998,6.090056,0.51836,0.5236
159.80288199999998,6.090056,0.51836,0.5236
158.603144,6.090056,0.51836,0.5236
132.403406,6.100056,0.51836,0.5236
106.20366799999998,6.100056,0.51836,0.523
80.00392999999997,6.100056,0.51836,0.52
80.00392999999997,6.110056,0.51836,0.5
80.00392999999997,6.110056,0.51836,0.0
80.00392999999997,6.110056,0.51836,0.0
80.20366799999998,6.170056,0.51836,0.5236
81.40340599999998,6.170056,0.51836,0.5236
107.60314399999999,6.170056,0.51836,0.5236
133.80288199999998,6.170056,0.51836,0.5236
160.00261999999998,6.180056,0.51836,0.5236
160.00261999999998,6.180056,0.51836,0.5236
159.80288199999998,6.180056,0.51836,0.5236
158.603144,6.180056,0.51836,0.5236
132.403406,6.190056,0.51836,0.5236
106.20366799999998,6.190056,0.51836,0.523
80.00393,6.190056,0.51836,0.52
80.00393,6.200056,0.51836,0.5
80.00393,6.200056,0.51836,0.0
80.00393,6.200056,0.51836,0.0
80.203668,6.260056,0.51836,0.5236
81.403406,6.260056,0.51836,0.5236
107.60314399999999,6.260056,0.51836,0.5236
133.802882,6.260056,0.51836,0.5236
160.00261999999998,6.270056,0.51836,0.5236
160.00261999999998,6.270056,0.51836,0.5236
159.802882,6.270056,0.51836,0.5236
158.603144,6.280056,0.51836,0.5236
132.403406,6.280056,0.51836,0.5236
106.20366799999998,6.280056,0.51836,0.523
80.00392999999998,6.280056,0.51836,0.52
80.00392999999998,6.290056,0.51836,0.5
80.00392999999998,6.290056,0.51836,0.0
80.00392999999998,6.290056,0.51836,0.0
80.203668,6.350056,0.51836,0.5236
81.40340599999999,6.350056,0.51836,0.5236
107.60314399999999,6.350056,0.51836,0.5236
133.80288199999998,6.350056,0.51836,0.5236
160.00261999999998,6.360056,0.51836,0.5236
160.00261999999998,6.360056,0.51836,0.5236
159.80288199999998,6.360056,0.51836,0.5236
158.603144,6.370056,0.51836,0.5236
132.403406,6.370056,0.51836,0.5236
106.20366799999998,6.370056,0.51836,0.523
80.00392999999997,6.370056,0.51836,0.52
80.00392999999997,6.380056,0.51836,0.5
80.00392999999997,6.380056,0.51836,0.0
80.00392999999997,6.380056,0.51836,0.0
80.20366799999998,6.440056,0.51836,0.5236
81.40340599999998,6.440056,0.51836,0.5236
107.60314399999999,6.440056,0.51836,0.5236
133.80288199999998,6.440056,0.51836,0.5236
160.00261999999998,6.450056,0.51836,0.5236
160.00261999999998,6.450056,0.51836,0.5236
159.80288199999998,6.450056,0.51836,0.5236
158.603144,6.460056,0.51836,0.5236
132.403406,6.460056,0.51836,0.5236
106.20366799999998,6.460056,0.51836,0.523
80.00393,6.460056,0.51836,0.52
80.00393,6.470056,0.51836,0.5
80.00393,6.470056,0.51836,0.0
80.00393,6.470056,0.51836,0.0
80.203668,6.530056,0.51836,0.5236
81.403406,6.530056,0.51836,0.5236
107.603144,6.530056,0.51836,0.5236
133.802882,6.530056,0.51836,0.5236
160.00262,6.540056,0.51836,0.5236
160.00262,6.540056,0.51836,0.5236
159.802882,6.540056,0.51836,0.5236
158.60314400000001,6.550056,0.51836,0.5236
132.403406,6.550056,0.51836,0.5236
106.203668,6.550056,0.51836,0.523
80.00393,6.550056,0.51836,0.52
80.00393,6.560056,0.51836,0.5
80.00393,6.560056,0.51836,0.0
80.00393,6.560056,0.51836,0.0
80.203668,6.620056,0.51836,0.5236
81.40340599999999,6.620056,0.51836,0.5236
107.60314399999999,6.620056,0.51836,0.5236
133.80288199999998,6.620056,0.51836,0.5236
160.00261999999998,6.630056,0.51836,0.5236
160.00261999999998,6.630056,0.51836,0.5236
159.80288199999998,6.630056,0.51836,0.5236
158.603144,6.640056,0.51836,0.5236
132.403406,6.640056,0.51836,0.5236
106.20366799999998,6.640056,0.51836,0.523
80.00392999999997,6.640056,0.51836,0.52
80.00392999999997,6.650056,0.51836,0.5
80.00392999999997,6.650056,0.51836,0.0
80.00392999999997,6.650056,0.51836,0.0
80.20366799999998,6.710056,0.51836,0.5236
81.40340599999998,6.710056,0.51836,0.5236
81.40340599999998,6.710056,0.51836,0.5236
81.40340599999998,6.720056,0.51836,0.5236
81.40340599999998,6.720056,0.51836,0.5236
81.40340599999998,6.720056,0.51836,0.5236
81.20366799999998,6.720056,0.51836,0.5236
80.00392999999997,6.730056,0.51836,0.5236
53.80419199999997,6.730056,0.51836,0.5236
27.604453999999976,6.730056,0.51836,0.523
1.4047160000000003,6.730056,0.51836,0.52
1.4047160000000003,6.740056,0.51836,0.5
1.4047160000000003,6.740056,0.51836,0.0
1.4047160000000003,6.740056,0.51836,0.0
1.6044539999999998,6.800056,0.51836,0.5236
2.8041920000000005,6.800056,0.51836,0.5236
29.003929999999986,6.800056,0.51836,0.5236
55.20366799999999,6.810056,0.51836,0.5236
81.403406,6.810056,0.51836,0.5236
81.403406,6.810056,0.51836,0.5236
81.203668,6.810056,0.51836,0.5236
80.00393,6.820056,0.51836,0.5236
80.00393,6.820056,0.51836,0.5236
80.00393,6.820056,0.51836,0.523
80.00393,6.830056,0.51836,0.52
80.00393,6.830056,0.51836,0.5
80.00393,6.830056,0.51836,0.0
80.00393,6.830056,0.51836,0.0
80.00393,6.870056,0.51836,0.5236
80.00393,6.870056,0.51836,0.5236
80.00393,6.870056,0.51836,0.5236
80.00393,6.880056,0.51836,0.5236
80.00393,6.880056,0.51836,0.5236
80.00393,6.880056,0.51836,0.5236
79.804192,6.880056,0.51836,0.5236
78.60445399999999,6.890056,0.51836,0.5236
52.404715999999986,6.890056,0.51836,0.5236
26.20497799999999,6.890056,0.51836,0.5236
0.005239999999999998,6.900056,0.51836,0.5236
0.005239999999999998,6.900056,0.51836,0.5236
0.005239999999999998,6.900056,0.51836,0.5236
0.005239999999999998,6.900056,0.51836,0.5236
0.005239999999999998,6.910056,0.51836,0.5236
0.005239999999999998,6.910056,0.51836,0.5236
0.005239999999999998,6.910056,0.51836,0.523
0.005239999999999998,6.920056,0.51836,0.52
0.005239999999999998,6.920056,0.51836,0.5
0.005239999999999998,6.920056,0.51836,0.0
0.005239999999999998,6.920056,0.51836,0.0
0.20497799999999977,6.980056,0.51836,0.5236
1.4047160000000005,6.980056,0.51836,0.5236
27.604453999999972,6.980056,0.51836,0.5236
53.80419199999997,6.990056,0.51836,0.5236
80.00392999999997,6.990056,0.51836,0.5236
80.00392999999997,6.990056,0.51836,0.5236
80.00392999999997,6.990056,0.51836,0.5236
80.03883649999997,7.000056,0.51836,1.22173
80.07374299999998,7.000056,0.51836,1.2217
80.10864949999997,7.000056,0.51836,1.221
80.14174949999997,7.01008,0.5201665000000001,1.22
80.17484949999998,7.01008,0.521973,1.2
80.20794949999998,7.01008,0.5237795000000001,1.0
80.24104949999997,7.01008,0.525586,1.0
81.19078749999998,7.060084,0.5622640000000001,1.22173
336.9405255,7.070084,0.6049900000000001,1.22173
336.947821,7.070084,0.6477160000000001,1.22173
336.9400015,7.070084,0.690442,1.22173
336.929119,7.080088,0.733168,1.221
336.9182365,7.080088,0.7789569999999999,1.2
336.707616,7.080088,0.8247459999999998,1.0
335.507616,7.110096,0.8673144999999997,1.22173
549.307616,7.110096,0.9098829999999997,1.22173
523.111953,7.120084,0.9493884999999997,1.22173
496.9076160000001,7.120084,0.9888939999999998,1.22173
496.90301700000003,7.120084,1.0283995,1.221
496.90171649999996,7.120084,1.067905,1.2
496.86550950000003,7.130084,1.1041120000000004,1.0
497.23034099999995,7.180064,1.1369420000000001,1.22173
501.09517249999993,7.180064,1.169772,1.22173
534.9618105,7.180064,1.2007955,1.22173
737.3784485000001,7.180064,1.2318189999999998,1.22173
939.7950864999999,7.190076,1.2631564999999998,1.22173
939.763749,7.190076,1.2944939999999996,1.22173
938.8157735,7.190076,1.2909599999999997,1.22173
683.0671699999999,7.200088,1.2820059999999998,1.22173
683.061009,7.200088,1.2730519999999999,1.2217
683.0699629999999,7.200088,1.2640979999999997,1.221
683.0819799999999,7.200088,1.2551439999999996,1.22
683.0936825,7.210064,1.2434414999999996,1.2
683.105385,7.210064,1.2317389999999997,1.0
683.1064670000001,7.210064,1.2232569999999996,1.0
443.306467,7.270056,1.2147749999999995,1.22173
446.50212999999997,7.270056,1.2093559999999997,1.22173
454.706467,7.270056,1.2039369999999998,1.22173
562.910804,7.280056,1.1985179999999998,1.22173
671.1118425,7.280056,1.1930989999999997,1.22173
671.113963,7.280056,1.1909784999999997,1.22173
670.7150449999999,7.280056,1.1922349999999995,1.22173
666.8161269999999,7.290056,1.1934914999999995,1.22173
632.917209,7.290056,1.1947479999999995,1.2217
430.46829099999997,7.290056,1.1960044999999997,1.221
228.019373,7.300056,1.1969469999999995,1.22
228.0184305,7.300056,1.1978894999999996,1.2
228.01748799999996,7.300056,1.1988319999999997,1.0
228.01717349999996,7.300056,1.1991464999999997,1.0
228.215777,7.360056,1.1994609999999997,1.22173
231.4143805,7.360056,1.1997754999999999,1.22173
239.61298399999998,7.360056,1.2000899999999999,1.22173
347.811902,7.370056,1.2000899999999999,1.22173
456.01082000000036,7.370056,1.2000899999999999,1.22173
456.01082000000036,7.370056,1.2000899999999999,1.22173
455.8119020000004,7.370056,1.2000899999999999,1.22173
452.61298400000044,7.380056,1.2000899999999999,1.22173
444.4140660000004,7.380056,1.2000899999999999,1.2217
336.215148,7.380056,1.2000899999999999,1.221
228.01622999999995,7.390056,1.2000899999999999,1.22
228.01622999999995,7.390056,1.2000899999999999,1.2
228.01622999999995,7.390056,1.2000899999999999,1.0
228.01622999999995,7.390056,1.2000899999999999,1.0
228.21514799999997,7.450056,1.2000899999999999,1.22173
231.41406599999996,7.450056,1.2000899999999999,1.22173
239.61298399999998,7.450056,1.2000899999999999,1.22173
347.811902,7.460056,1.2000899999999999,1.22173
456.01081999999997,7.460056,1.2000899999999999,1.22173
456.01081999999997,7.460056,1.2000899999999999,1.22173
455.81190200000003,7.460056,1.2000899999999999,1.22173
452.6129840000001,7.470056,1.2000899999999999,1.22173
444.41406600000005,7.470056,1.2000899999999999,1.2217
336.215148,7.470056,1.2000899999999999,1.221
228.01623,7.480056,1.2000899999999999,1.22
228.01623,7.480056,1.2000899999999999,1.2
228.01623,7.480056,1.2000899999999999,1.0
228.01623,7.480056,1.2000899999999999,1.0
228.215148,7.540056,1.2000899999999999,1.22173
231.41406600000002,7.540056,1.2000899999999999,1.22173
239.612984,7.540056,1.2000899999999999,1.22173
347.811902,7.550056,1.2000899999999999,1.22173
456.01081999999997,7.550056,1.2000899999999999,1.22173
456.01081999999997,7.550056,1.2000899999999999,1.22173
455.81190200000003,7.550056,1.2000899999999999,1.22173
452.6129840000001,7.560056,1.2000899999999999,1.22173
444.41406600000005,7.560056,1.2000899999999999,1.2217
336.215148,7.560056,1.2000899999999999,1.221
228.01622999999995,7.570056,1.2000899999999999,1.22
228.01622999999995,7.570056,1.2000899999999999,1.2
228.01622999999995,7.570056,1.2000899999999999,1.0
228.01622999999995,7.570056,1.2000899999999999,1.0
228.215148,7.630056,1.2000899999999999,1.22173
231.41406599999996,7.630056,1.2000899999999999,1.22173
239.612984,7.630056,1.2000899999999999,1.22173
347.811902,7.640056,1.2000899999999999,1.22173
456.01082000000036,7.640056,1.2000899999999999,1.22173
456.01082000000036,7.640056,1.2000899999999999,1.22173
455.8119020000003,7.640056,1.2000899999999999,1.22173
452.61298400000027,7.650056,1.2000899999999999,1.22173
444.4140660000003,7.650056,1.2000899999999999,1.2217
336.215148,7.650056,1.2000899999999999,1.221
228.01622999999995,7.660056,1.2000899999999999,1.22
228.01622999999995,7.660056,1.2000899999999999,1.2
228.01622999999995,7.660056,1.2000899999999999,1.0
228.01622999999995,7.660056,1.2000899999999999,1.0
228.21514799999997,7.720056,1.2000899999999999,1.22173
231.41406599999996,7.720056,1.2000899999999999,1.22173
239.61298399999998,7.720056,1.2000899999999999,1.22173
347.811902,7.730056,1.2000899999999999,1.22173
456.01081999999997,7.730056,1.2000899999999999,1.22173
456.01081999999997,7.730056,1.2000899999999999,1.22173
455.81190200000003,7.740056,1.2000899999999999,1.22173
452.612984,7.740056,1.2000899999999999,1.22173
444.41406599999993,7.740056,1.2000899999999999,1.2217
336.215148,7.740056,1.2000899999999999,1.221
228.01622999999995,7.750056,1.2000899999999999,1.22
228.01622999999995,7.750056,1.2000899999999999,1.2
228.01622999999995,7.750056,1.2000899999999999,1.0
228.01622999999995,7.750056,1.2000899999999999,1.0
228.21514799999997,7.810056,1.2000899999999999,1.22173
231.41406599999996,7.810056,1.2000899999999999,1.22173
239.61298399999998,7.810056,1.2000899999999999,1.22173
347.811902,7.820056,1.2000899999999999,1.22173
456.01081999999997,7.820056,1.2000899999999999,1.22173
456.01081999999997,7.820056,1.2000899999999999,1.22173
455.81190200000003,7.830056,1.2000899999999999,1.22173
452.612984,7.830056,1.2000899999999999,1.22173
444.41406599999993,7.830056,1.2000899999999999,1.2217
336.215148,7.830056,1.2000899999999999,1.221
228.01622999999995,7.840056,1.2000899999999999,1.22
228.01622999999995,7.840056,1.2000899999999999,1.2
228.01622999999995,7.840056,1.2000899999999999,1.0
228.01622999999995,7.850056,1.2000899999999999,1.0
228.215148,7.900056,1.2000899999999999,1.22173
231.41406599999996,7.900056,1.2000899999999999,1.22173
239.612984,7.900056,1.2000899999999999,1.22173
347.811902,7.910056,1.2000899999999999,1.22173
456.0108200000002,7.910056,1.2000899999999999,1.22173
456.0108200000002,7.910056,1.2000899999999999,1.22173
455.8119020000002,7.920056,1.2000899999999999,1.22173
452.61298400000027,7.920056,1.2000899999999999,1.22173
444.4140660000002,7.920056,1.2000899999999999,1.2217
336.215148,7.920056,1.2000899999999999,1.221
228.01622999999995,7.930056,1.2000899999999999,1.22
228.01622999999995,7.930056,1.2000899999999999,1.2
228.01622999999995,7.930056,1.2000899999999999,1.0
228.01622999999995,7.940056,1.2000899999999999,1.0
228.21514799999997,7.990056,1.2000899999999999,1.22173
231.41406599999996,7.990056,1.2000899999999999,1.22173
239.61298399999998,7.990056,1.2000899999999999,1.22173
347.811902,8.000056,1.2000899999999999,1.22173
456.01082000000036,8.000056,1.2000899999999999,1.22173
456.01082000000036,8.000056,1.2000899999999999,1.22173
455.8119020000004,8.010056,1.2000899999999999,1.22173
452.61298400000044,8.010056,1.2000899999999999,1.22173
444.4140660000004,8.010056,1.2000899999999999,1.2217
336.215148,8.010056,1.2000899999999999,1.221
228.01622999999995,8.020056,1.2000899999999999,1.22
228.01622999999995,8.020056,1.2000899999999999,1.2
228.01622999999995,8.020056,1.2000899999999999,1.0
228.01622999999995,8.030056,1.2000899999999999,1.0
228.21514799999997,8.080056,1.2000899999999999,1.22173
231.41406599999996,8.080056,1.2000899999999999,1.22173
239.61298399999998,8.080056,1.2000899999999999,1.22173
347.811902,8.090056,1.2000899999999999,1.22173
456.01081999999997,8.090056,1.2000899999999999,1.22173
456.01081999999997,8.090056,1.2000899999999999,1.22173
455.81190200000003,8.100056,1.2000899999999999,1.22173
452.6129840000001,8.100056,1.2000899999999999,1.22173
444.4140660000001,8.100056,1.2000899999999999,1.2217
336.215148,8.100056,1.2000899999999999,1.221
228.01623,8.110056,1.2000899999999999,1.22
228.01623,8.110056,1.2000899999999999,1.2
228.01623,8.110056,1.2000899999999999,1.0
228.01623,8.120056,1.2000899999999999,1.0
228.215148,8.170056,1.2000899999999999,1.22173
231.41406600000002,8.170056,1.2000899999999999,1.22173
239.612984,8.180056,1.2000899999999999,1.22173
347.811902,8.180056,1.2000899999999999,1.22173
456.0108200000002,8.180056,1.2000899999999999,1.22173
456.0108200000002,8.180056,1.2000899999999999,1.22173
455.81190200000015,8.190056,1.2000899999999999,1.22173
452.6129840000001,8.190056,1.2000899999999999,1.22173
444.4140660000001,8.190056,1.2000899999999999,1.2217
336.215148,8.190056,1.2000899999999999,1.221
228.01622999999995,8.200056,1.2000899999999999,1.22
228.01622999999995,8.200056,1.2000899999999999,1.2
228.01622999999995,8.200056,1.2000899999999999,1.0
228.01622999999995,8.210056,1.2000899999999999,1.0
228.215148,8.260056,1.2000899999999999,1.22173
231.41406599999996,8.260056,1.2000899999999999,1.22173
239.61298399999998,8.270056,1.2000899999999999,1.22173
347.811902,8.270056,1.2000899999999999,1.22173
456.01082000000036,8.270056,1.2000899999999999,1.22173
456.01082000000036,8.270056,1.2000899999999999,1.22173
455.8119020000004,8.280056,1.2000899999999999,1.22173
452.61298400000044,8.280056,1.2000899999999999,1.22173
444.4140660000004,8.280056,1.2000899999999999,1.2217
336.215148,8.290056,1.2000899999999999,1.221
228.01622999999995,8.290056,1.2000899999999999,1.22
228.01622999999995,8.290056,1.2000899999999999,1.2
228.01622999999995,8.290056,1.2000899999999999,1.0
228.01622999999995,8.300056,1.2000899999999999,1.0
228.21514799999997,8.350056,1.2000899999999999,1.22173
231.41406599999996,8.350056,1.2000899999999999,1.22173
239.61298399999998,8.360056,1.2000899999999999,1.22173
347.811902,8.360056,1.2000899999999999,1.22173
456.01081999999997,8.360056,1.2000899999999999,1.22173
456.01081999999997,8.360056,1.2000899999999999,1.22173
455.81190200000003,8.370056,1.2000899999999999,1.22173
452.6129840000001,8.370056,1.2000899999999999,1.22173
444.41406600000005,8.370056,1.2000899999999999,1.2217
336.215148,8.380056,1.2000899999999999,1.221
228.01623,8.380056,1.2000899999999999,1.22
228.01623,8.380056,1.2000899999999999,1.2
228.01623,8.380056,1.2000899999999999,1.0
228.01623,8.390056,1.2000899999999999,1.0
228.215148,8.440056,1.2000899999999999,1.22173
231.41406600000002,8.440056,1.2000899999999999,1.22173
239.612984,8.450056,1.2000899999999999,1.22173
347.811902,8.450056,1.2000899999999999,1.22173
456.01081999999997,8.450056,1.2000899999999999,1.22173
456.01081999999997,8.450056,1.2000899999999999,1.22173
455.81190200000003,8.460056,1.2000899999999999,1.22173
452.6129840000001,8.460056,1.2000899999999999,1.22173
444.41406600000005,8.460056,1.2000899999999999,1.2217
336.215148,8.470056,1.2000899999999999,1.221
228.01622999999995,8.470056,1.2000899999999999,1.22
228.01622999999995,8.470056,1.2000899999999999,1.2
228.01622999999995,8.470056,1.2000899999999999,1.0
228.01622999999995,8.480056,1.2000899999999999,1.0
228.215148,8.530056,1.2000899999999999,1.22173
231.41406599999996,8.530056,1.2000899999999999,1.22173
239.612984,8.540056,1.2000899999999999,1.22173
347.811902,8.540056,1.2000899999999999,1.22173
456.01082000000036,8.540056,1.2000899999999999,1.22173
456.01082000000036,8.540056,1.2000899999999999,1.22173
455.8119020000003,8.550056,1.2000899999999999,1.22173
452.61298400000027,8.550056,1.2000899999999999,1.22173
444.4140660000003,8.550056,1.2000899999999999,1.2217
336.215148,8.560056,1.2000899999999999,1.221
228.01622999999995,8.560056,1.2000899999999999,1.22
228.01622999999995,8.560056,1.2000899999999999,1.2
228.01622999999995,8.560056,1.2000899999999999,1.0
228.01622999999995,8.570056,1.2000899999999999,1.0
228.21514799999997,8.620056,1.2000899999999999,1.22173
231.41406599999996,8.620056,1.2000899999999999,1.22173
239.61298399999998,8.630056,1.2000899999999999,1.22173
347.811902,8.630056,1.2000899999999999,1.22173
456.01081999999997,8.630056,1.2000899999999999,1.22173
456.01081999999997,8.630056,1.2000899999999999,1.22173
455.81190200000003,8.640056,1.2000899999999999,1.22173
452.612984,8.640056,1.2000899999999999,1.22173
444.41406599999993,8.640056,1.2000899999999999,1.2217
336.215148,8.650056,1.2000899999999999,1.221
228.01622999999995,8.650056,1.2000899999999999,1.22
228.01622999999995,8.650056,1.2000899999999999,1.2
228.01622999999995,8.650056,1.2000899999999999,1.0
228.01622999999995,8.660056,1.2000899999999999,1.0
228.21514799999997,8.710056,1.2000899999999999,1.22173
231.41406599999996,8.710056,1.2000899999999999,1.22173
239.61298399999998,8.720056,1.2000899999999999,1.22173
347.811902,8.720056,1.2000899999999999,1.22173
456.01081999999997,8.720056,1.2000899999999999,1.22173
456.01081999999997,8.730056,1.2000899999999999,1.22173
455.81190200000003,8.730056,1.2000899999999999,1.22173
452.612984,8.730056,1.2000899999999999,1.22173
444.41406599999993,8.730056,1.2000899999999999,1.2217
336.215148,8.740056,1.2000899999999999,1.221
228.01622999999995,8.740056,1.2000899999999999,1.22
228.01622999999995,8.740056,1.2000899999999999,1.2
228.01622999999995,8.740056,1.2000899999999999,1.0
228.01622999999995,8.750056,1.2000899999999999,1.0
228.215148,8.800056,1.2000899999999999,1.22173
231.41406599999996,8.800056,1.2000899999999999,1.22173
239.612984,8.810056,1.2000899999999999,1.22173
347.811902,8.810056,1.2000899999999999,1.22173
456.0108200000002,8.810056,1.2000899999999999,1.22173
456.0108200000002,8.820056,1.2000899999999999,1.22173
455.8119020000002,8.820056,1.2000899999999999,1.22173
452.61298400000027,8.820056,1.2000899999999999,1.22173
444.4140660000002,8.820056,1.2000899999999999,1.2217
336.215148,8.830056,1.2000899999999999,1.221
228.01622999999995,8.830056,1.2000899999999999,1.22
228.01622999999995,8.830056,1.2000899999999999,1.2
228.01622999999995,8.840056,1.2000899999999999,1.0
228.01622999999995,8.840056,1.2000899999999999,1.0
228.21514799999997,8.890056,1.2000899999999999,1.22173
231.41406599999996,8.890056,1.2000899999999999,1.22173
239.61298399999998,8.900056,1.2000899999999999,1.22173
347.811902,8.900056,1.2000899999999999,1.22173
456.01082000000036,8.900056,1.2000899999999999,1.22173
456.01082000000036,8.910056,1.2000899999999999,1.22173
455.8119020000004,8.910056,1.2000899999999999,1.22173
452.61298400000044,8.910056,1.2000899999999999,1.22173
444.4140660000004,8.910056,1.2000899999999999,1.2217
336.215148,8.920056,1.2000899999999999,1.221
228.01622999999995,8.920056,1.2000899999999999,1.22
228.01622999999995,8.920056,1.2000899999999999,1.2
228.01622999999995,8.930056,1.2000899999999999,1.0
228.01622999999995,8.930056,1.2000899999999999,1.0
228.21514799999997,8.980056,1.2000899999999999,1.22173
231.41406599999996,8.980056,1.2000899999999999,1.22173
239.61298399999998,8.990056,1.2000899999999999,1.22173
347.811902,8.990056,1.2000899999999999,1.22173
456.01081999999997,8.990056,1.2000899999999999,1.22173
456.04372349999994,9.000056,1.2000899999999999,2.87979
455.927709,9.000056,1.2000899999999999,2.87979
452.8116945,9.000056,1.2000899999999999,2.87979
444.69418750000006,9.000056,1.2000899999999999,2.8797
336.57668050000007,9.01008,1.201582,2.879
228.45917350000005,9.01008,1.2030739999999998,2.87
228.54058450000002,9.01008,1.2045659999999998,2.8
228.61634050000004,9.020092,1.2117129999999996,2.0
228.69209650000005,9.020092,1.2188599999999996,2.0
228.79101450000007,9.070092,1.2990489999999997,2.87979
258.48993250000007,9.080084,1.3968309999999997,2.87979
1638.1888505,9.080084,1.4946129999999997,2.87979
1638.2015655,9.080084,1.5923949999999998,2.87979
1638.1715285,9.090084,1.7053350000000003,2.8797
1638.1414915000003,9.090084,1.8182750000000008,2.87
1637.9125365000002,9.090084,1.931215000000001,2.0
1634.9625365000002,9.120084,2.0469825000000013,2.87979
1651.8125364999996,9.130084,2.153718000000001,2.87979
3818.6625365,9.130084,2.260453500000001,2.87979
3710.4852870000004,9.130084,2.367189000000001,2.87979
3710.438604000001,9.140084,2.4739245000000007,2.8797
3710.341921000001,9.140084,2.5706070000000008,2.87
3710.2452380000013,9.140084,2.6672895000000008,2.0
3710.162745000001,9.190084,2.7283150000000007,2.87979
3711.0802520000007,9.190084,2.787848500000001,2.87979
3756.9977590000003,9.190084,2.8473820000000005,2.87979
3801.565266000001,9.200084,2.9094285000000006,2.87979
5846.138428000001,9.200084,2.9658200000000003,2.87979
5846.082036500001,9.200084,3.0222115000000005,2.87979
5846.002483,9.200084,3.005561,2.87979
5816.318295500001,9.210088,2.9759515000000007,2.87979
4436.634108000001,9.210088,2.9463420000000005,2.8797
4436.6361235,9.210088,2.9167325000000006,2.879
4436.6752365,9.220084,2.8776200000000003,2.87
4436.714349500001,9.220084,2.8385075000000004,2.8
4436.753462500001,9.220084,2.7993950000000005,2.0
4436.513620500001,9.220084,2.7574550000000007,2.0
4411.5636205,9.260084,2.7423755000000005,2.87979
2153.6136205,9.260084,2.7272960000000004,2.87979
2920.6908700000004,9.260084,2.7122165000000003,2.87979
2920.71061,9.260084,2.6971369999999997,2.87979
2920.716265,9.270084,2.6914819999999997,2.8797
2920.72192,9.270084,2.6858269999999997,2.87
2920.7148774999996,9.270084,2.7158289999999994,2.0
2919.7648775,9.310084,2.7365634999999995,2.87979
2876.3148774999995,9.310084,2.7572979999999996,2.87979
2869.9148774999994,9.32008,2.7753625,2.87979
1063.5148775,9.32008,2.7934269999999994,2.87979
1301.7444309999998,9.32008,2.8114914999999994,2.87979
1301.725503,9.33008,2.8304194999999996,2.87979
1301.711209,9.33008,2.8447134999999992,2.87979
1301.696915,9.33008,2.8590074999999993,2.87979
1301.682621,9.33008,2.8733014999999993,2.8797
1301.6734315,9.340084,2.8824904999999994,2.879
1301.664242,9.340084,2.891679499999999,2.87
1301.6550525000002,9.340084,2.900868499999999,2.8
1301.6458630000002,9.350088,2.910057499999999,2.0
1301.5468315,9.350088,2.901417999999999,2.0
1284.6468315000002,9.400056,2.892699999999999,2.87979
522.2468315000001,9.400056,2.883981999999999,2.87979
526.9397890000001,9.410056,2.875263999999999,2.87979
631.6468315000002,9.410056,2.867174499999999,2.87979
736.3538740000001,9.410056,2.8590849999999985,2.87979
736.3619635000001,9.420056,2.850995499999999,2.87979
736.3130105000001,9.420056,2.852173499999999,2.87979
733.7640575,9.420056,2.8533514999999987,2.87979
695.5151045000002,9.420056,2.854686499999999,2.8797
457.2661515000001,9.430056,2.856021499999999,2.879
219.0171985,9.430056,2.8573564999999985,2.87
219.016727,9.430056,2.8578279999999987,2.8
219.0162555,9.44006,2.858299499999999,2.0
219.015784,9.44006,2.858770999999999,2.0
219.0153125,9.460056,2.859242499999999,2.87979
219.01539100000002,9.460056,2.859163999999999,2.87979
219.01546950000002,9.460056,2.859085499999999,2.87979
219.015548,9.470056,2.8590069999999987,2.87979
219.01562650000002,9.470056,2.858928499999999,2.87979
219.015705,9.470056,2.8588499999999986,2.87979
218.816752,9.480056,2.8588499999999986,2.87979
214.11779900000002,9.480056,2.8588499999999986,2.87979
209.41884600000003,9.480056,2.8588499999999986,2.87979
104.71989300000001,9.480056,2.8588499999999986,2.87979
0.02094000000000001,9.490056,2.8588499999999986,2.87979
0.02094000000000001,9.490056,2.8588499999999986,2.87979
0.02094000000000001,9.490056,2.8588499999999986,2.87979
4.719892999999997,9.500056,2.8588499999999986,2.87979
9.418845999999997,9.500056,2.8588499999999986,2.87979
9.418845999999997,9.500056,2.8588499999999986,2.87979
9.418845999999997,9.500056,2.8588499999999986,2.87979
9.418845999999997,9.510056,2.8588499999999986,2.87979
9.418845999999997,9.510056,2.8588499999999986,2.87979
9.418845999999997,9.510056,2.8588499999999986,2.87979
9.418845999999997,9.510056,2.8588499999999986,2.8797
9.418845999999997,9.520056,2.8588499999999986,2.879
9.418845999999997,9.520056,2.8588499999999986,2.87
9.418845999999997,9.520056,2.8588499999999986,2.8
9.418845999999997,9.530056,2.8588499999999986,2.0
9.418845999999997,9.530056,2.8588499999999986,2.0
9.617798999999998,9.580056,2.8588499999999986,2.87979
14.316751999999997,9.590056,2.8588499999999986,2.87979
19.015704999999997,9.590056,2.8588499999999986,2.87979
123.71465799999999,9.590056,2.8588499999999986,2.87979
228.413611,9.590056,2.8588499999999986,2.87979
228.413611,9.60006,2.8588499999999986,2.87979
228.413611,9.60006,2.8588499999999986,2.87979
223.71465800000001,9.60006,2.8588499999999986,2.87979
219.015705,9.610056,2.8588499999999986,2.8797
219.015705,9.610056,2.8588499999999986,2.879
219.015705,9.610056,2.8588499999999986,2.87
219.015705,9.610056,2.8588499999999986,2.8
219.015705,9.620056,2.8588499999999986,2.0
219.015705,9.620056,2.8588499999999986,2.0
219.21465800000001,9.670056,2.8588499999999986,2.87979
223.913611,9.680056,2.8588499999999986,2.87979
228.61256400000002,9.680056,2.8588499999999986,2.87979
333.31151700000004,9.680056,2.8588499999999986,2.87979
438.01047,9.680056,2.8588499999999986,2.87979
438.01047,9.690056,2.8588499999999986,2.87979
437.81151700000004,9.690056,2.8588499999999986,2.87979
433.112564,9.690056,2.8588499999999986,2.87979
428.41361100000006,9.700056,2.8588499999999986,2.8797
323.7146580000001,9.700056,2.8588499999999986,2.879
219.01570500000008,9.700056,2.8588499999999986,2.87
219.01570500000008,9.700056,2.8588499999999986,2.8
219.01570500000008,9.710056,2.8588499999999986,2.0
219.01570500000008,9.710056,2.8588499999999986,2.0
219.2146580000001,9.760056,2.8588499999999986,2.87979
223.91361100000015,9.770056,2.8588499999999986,2.87979
228.61256400000013,9.770056,2.8588499999999986,2.87979
333.3115170000001,9.770056,2.8588499999999986,2.87979
438.01047000000017,9.770056,2.8588499999999986,2.87979
438.01047000000017,9.780056,2.8588499999999986,2.87979
437.8115170000001,9.780056,2.8588499999999986,2.87979
433.11256400000025,9.780056,2.8588499999999986,2.87979
428.4136110000002,9.790056,2.8588499999999986,2.8797
323.7146580000002,9.790056,2.8588499999999986,2.879
219.01570500000022,9.790056,2.8588499999999986,2.87
219.01570500000022,9.790056,2.8588499999999986,2.8
219.01570500000022,9.800056,2.8588499999999986,2.0
219.01570500000022,9.800056,2.8588499999999986,2.0
219.2146580000002,9.850056,2.8588499999999986,2.87979
223.91361100000017,9.860056,2.8588499999999986,2.87979
228.61256400000016,9.860056,2.8588499999999986,2.87979
333.31151700000015,9.860056,2.8588499999999986,2.87979
438.01047000000017,9.860056,2.8588499999999986,2.87979
438.01047000000017,9.870056,2.8588499999999986,2.87979
437.8115170000002,9.870056,2.8588499999999986,2.87979
433.11256400000025,9.870056,2.8588499999999986,2.87979
428.41361100000023,9.880056,2.8588499999999986,2.8797
323.71465800000027,9.880056,2.8588499999999986,2.879
219.01570500000025,9.880056,2.8588499999999986,2.87
219.01570500000025,9.880056,2.8588499999999986,2.8
219.01570500000025,9.890056,2.8588499999999986,2.0
219.01570500000025,9.890056,2.8588499999999986,2.0
219.21465800000024,9.940056,2.8588499999999986,2.87979
223.91361100000023,9.950056,2.8588499999999986,2.87979
228.61256400000022,9.950056,2.8588499999999986,2.87979
333.3115170000002,9.950056,2.8588499999999986,2.87979
438.01047000000017,9.950056,2.8588499999999986,2.87979
438.01047000000017,9.960056,2.8588499999999986,2.87979
437.8115170000002,9.960056,2.8588499999999986,2.87979
433.11256400000025,9.960056,2.8588499999999986,2.87979
428.41361100000023,9.970056,2.8588499999999986,2.8797
323.71465800000004,9.970056,2.8588499999999986,2.879
219.01570500000008,9.970056,2.8588499999999986,2.87
219.01570500000008,9.970056,2.8588499999999986,2.8
219.01570500000008,9.980056,2.8588499999999986,2.0
219.01570500000008,9.980056,2.8588499999999986,2.0
223.71465800000007,10.020056,2.8588499999999986,2.87979
328.41361100000006,10.020056,2.8588499999999986,2.87979
328.41361100000006,10.020056,2.8588499999999986,2.87979
328.41361100000006,10.030056,2.8588499999999986,2.8797
328.41361100000006,10.030056,2.8588499999999986,2.87
328.41361100000006,10.030056,2.8588499999999986,2.0
332.91361100000006,10.060056,2.8588499999999986,2.87979
432.91361100000006,10.070056,2.8588499999999986,2.87979
428.2146580000001,10.070056,2.8588499999999986,2.87979
323.5157050000001,10.070056,2.8588499999999986,2.8797
218.8167520000001,10.08006,2.8588499999999986,2.87
218.8167520000001,10.08006,2.8588499999999986,2.0
223.51570500000008,10.110056,2.8588499999999986,2.87979
328.2146580000001,10.110056,2.8588499999999986,2.87979
328.2146580000001,10.120056,2.8588499999999986,2.87979
328.2146580000001,10.120056,2.8588499999999986,2.8797
328.2146580000001,10.120056,2.8588499999999986,2.87
328.2146580000001,10.130056,2.8588499999999986,2.0
332.91361100000006,10.160056,2.8588499999999986,2.87979
437.61256400000013,10.160056,2.8588499999999986,2.87979
432.9136110000002,10.160056,2.8588499999999986,2.87979
328.2146580000001,10.170056,2.8588499999999986,2.8797
328.2146580000001,10.170056,2.8588499999999986,2.87
328.2146580000001,10.170056,2.8588499999999986,2.0
332.91361100000006,10.200056,2.8588499999999986,2.87979
437.61256400000013,10.210056,2.8588499999999986,2.87979
432.91361100000006,10.210056,2.8588499999999986,2.87979
328.2146580000001,10.210056,2.8588499999999986,2.8797
328.2146580000001,10.220056,2.8588499999999986,2.87
328.2146580000001,10.220056,2.8588499999999986,2.0
332.9136110000001,10.250056,2.8588499999999986,2.87979
437.61256400000013,10.250056,2.8588499999999986,2.87979
432.91361100000006,10.260056,2.8588499999999986,2.87979
328.2146580000001,10.260056,2.8588499999999986,2.8797
328.2146580000001,10.260056,2.8588499999999986,2.87
328.2146580000001,10.260056,2.8588499999999986,2.0
332.9136110000001,10.300056,2.8588499999999986,2.87979
437.61256400000025,10.300056,2.8588499999999986,2.87979
432.91361100000023,10.300056,2.8588499999999986,2.87979
328.2146580000001,10.310056,2.8588499999999986,2.8797
328.2146580000001,10.310056,2.8588499999999986,2.87
328.2146580000001,10.310056,2.8588499999999986,2.0
332.9136110000001,10.340056,2.8588499999999986,2.87979
437.61256400000013,10.350056,2.8588499999999986,2.87979
432.9136110000002,10.350056,2.8588499999999986,2.87979
328.21465800000016,10.350056,2.8588499999999986,2.8797
328.21465800000016,10.350056,2.8588499999999986,2.87
328.21465800000016,10.360056,2.8588499999999986,2.0
332.9136110000002,10.390056,2.8588499999999986,2.87979
437.61256400000013,10.390056,2.8588499999999986,2.87979
432.9136110000002,10.400056,2.8588499999999986,2.87979
328.21465800000016,10.400056,2.8588499999999986,2.8797
328.21465800000016,10.400056,2.8588499999999986,2.87
328.21465800000016,10.400056,2.8588499999999986,2.0
332.9136110000002,10.440056,2.8588499999999986,2.87979
437.61256400000025,10.440056,2.8588499999999986,2.87979
432.91361100000023,10.440056,2.8588499999999986,2.87979
328.2146580000001,10.440056,2.8588499999999986,2.8797
328.2146580000001,10.450056,2.8588499999999986,2.87
328.2146580000001,10.450056,2.8588499999999986,2.0
332.9136110000002,10.480056,2.8588499999999986,2.87979
437.61256400000013,10.490056,2.8588499999999986,2.87979
432.9136110000002,10.490056,2.8588499999999986,2.87979
328.21465800000016,10.490056,2.8588499999999986,2.8797
328.21465800000016,10.490056,2.8588499999999986,2.87
328.21465800000016,10.500056,2.8588499999999986,2.0
332.9136110000002,10.530056,2.8588499999999986,2.87979
437.61256400000013,10.530056,2.8588499999999986,2.87979
432.9136110000002,10.530056,2.8588499999999986,2.87979
328.21465800000016,10.540056,2.8588499999999986,2.8797
328.21465800000016,10.540056,2.8588499999999986,2.87
328.21465800000016,10.540056,2.8588499999999986,2.0
332.9136110000002,10.580056,2.8588499999999986,2.87979
437.61256400000013,10.580056,2.8588499999999986,2.87979
432.9136110000002,10.580056,2.8588499999999986,2.87979
328.2146580000001,10.580056,2.8588499999999986,2.8797
328.2146580000001,10.590056,2.8588499999999986,2.87
328.2146580000001,10.590056,2.8588499999999986,2.0
332.91361100000006,10.620056,2.8588499999999986,2.87979
437.61256400000013,10.620056,2.8588499999999986,2.87979
432.9136110000002,10.630056,2.8588499999999986,2.87979
328.2146580000001,10.630056,2.8588499999999986,2.8797
328.2146580000001,10.630056,2.8588499999999986,2.87
328.2146580000001,10.640056,2.8588499999999986,2.0
332.91361100000006,10.670056,2.8588499999999986,2.87979
437.61256400000013,10.670056,2.8588499999999986,2.87979
432.91361100000006,10.670056,2.8588499999999986,2.87979
328.2146580000001,10.680056,2.8588499999999986,2.8797
328.2146580000001,10.680056,2.8588499999999986,2.87
328.2146580000001,10.680056,2.8588499999999986,2.0
332.9136110000001,10.710056,2.8588499999999986,2.87979
437.61256400000013,10.72006,2.8588499999999986,2.87979
432.91361100000006,10.72006,2.8588499999999986,2.87979
328.2146580000001,10.72006,2.8588499999999986,2.8797
328.2146580000001,10.730056,2.8588499999999986,2.87
328.2146580000001,10.730056,2.8588499999999986,2.0
332.9136110000001,10.760056,2.8588499999999986,2.87979
437.61256400000025,10.760056,2.8588499999999986,2.87979
432.91361100000023,10.770056,2.8588499999999986,2.87979
328.2146580000001,10.770056,2.8588499999999986,2.8797
328.2146580000001,10.770056,2.8588499999999986,2.87
328.2146580000001,10.780056,2.8588499999999986,2.0
332.9136110000001,10.810056,2.8588499999999986,2.87979
437.61256400000013,10.810056,2.8588499999999986,2.87979
432.9136110000002,10.810056,2.8588499999999986,2.87979
328.21465800000016,10.820056,2.8588499999999986,2.8797
328.21465800000016,10.820056,2.8588499999999986,2.87
328.21465800000016,10.820056,2.8588499999999986,2.0
332.9136110000002,10.850056,2.8588499999999986,2.87979
437.61256400000013,10.860056,2.8588499999999986,2.87979
432.9136110000002,10.860056,2.8588499999999986,2.87979
328.21465800000016,10.860056,2.8588499999999986,2.8797
328.21465800000016,10.870056,2.8588499999999986,2.87
328.21465800000016,10.870056,2.8588499999999986,2.0
332.9136110000002,10.900056,2.8588499999999986,2.87979
437.61256400000025,10.900056,2.8588499999999986,2.87979
432.91361100000023,10.910056,2.8588499999999986,2.87979
328.2146580000001,10.910056,2.8588499999999986,2.8797
328.2146580000001,10.910056,2.8588499999999986,2.87
328.2146580000001,10.920056,2.8588499999999986,2.0
332.9136110000002,10.950056,2.8588499999999986,2.87979
437.61256400000013,10.950056,2.8588499999999986,2.87979
432.9136110000002,10.950056,2.8588499999999986,2.87979
328.21465800000016,10.960056,2.8588499999999986,2.8797
328.21465800000016,10.960056,2.8588499999999986,2.87
328.21465800000016,10.960056,2.8588499999999986,2.0
332.9136110000002,10.990056,2.8588499999999986,2.87979
900.5125639999999,11.000056,2.8588499999999986,1.74533
895.7568879999998,11.000056,2.8588499999999986,1.7453
791.0012120000001,11.000056,2.8588499999999986,1.7
808.500165,11.030084,2.8438489999999987,1.74533
808.539793,11.030084,2.828847999999999,1.74533
808.498071,11.030084,2.813846999999999,1.745
808.4664809999999,11.040084,2.7887139999999992,1.0
804.166481,11.060084,2.736642,1.74533
1059.8664810000002,11.060084,2.68457,1.74533
1059.8690380000003,11.060084,2.632498,1.74533
1059.8787595000001,11.07008,2.5660535,1.745
1059.8884810000002,11.07008,2.499609,1.7
1059.8982025000003,11.07008,2.4331645,1.0
1055.4482025000002,11.100088,2.3456710000000003,1.74533
979.0482025000001,11.110084,2.261712,1.74533
3807.3471555000006,11.110084,2.1777530000000005,1.74533
3807.374391500001,11.110084,2.0937940000000004,1.74533
3807.394637500001,11.120092,2.0168250000000003,1.745
3807.414883500001,11.120092,1.939856,1.7
3802.7361765000005,11.120092,1.862887,1.0
3274.086176500001,11.150084,1.8116005000000002,1.74533
3274.1462420000007,11.150084,1.7603140000000004,1.74533
3274.1910880000005,11.160084,1.7154675000000001,1.745
3256.6802580000003,11.160084,1.6856220000000002,1.0
3256.839583000001,11.180084,1.6591540000000002,1.74533
3677.5802580000004,11.180084,1.632686,1.74533
3677.6234370000006,11.190084,1.6147790000000002,1.74533
3677.2108010000006,11.190084,1.623811,1.74
3316.798165,11.190084,1.6328429999999998,1.0
3318.4945610000004,11.210084,1.635906,1.74533
3584.6337925000003,11.220084,1.649336,1.74533
3584.6203625000003,11.220084,1.662766,1.7453
3584.6069325000008,11.220084,1.676196,1.7
3584.3582765,11.230084,1.7066695,1.0
3556.4582765,11.260084,1.7317235000000002,1.74533
751.0582765,11.260084,1.7567774999999999,1.74533
1073.9299935,11.260084,1.7818315,1.74533
1073.9119294999998,11.260084,1.7998954999999999,1.74533
1073.8919804999998,11.270088,1.8198445,1.745
1073.8720314999998,11.270088,1.8397935,1.7
1034.9233754999998,11.270088,1.8340600000000002,1.0
1039.0189859999998,11.290064,1.8302115,1.74533
1085.279816,11.30008,1.8198445,1.74533
1085.2901835,11.30008,1.8094775000000003,1.7453
1085.089721,11.30008,1.7957330000000002,1.7
702.789721,11.330056,1.7819100000000003,1.74533
702.777469,11.330056,1.7696580000000006,1.74533
702.789721,11.330056,1.7574060000000007,1.745
702.8019730000001,11.340056,1.7451540000000005,1.0
701.501973,11.36006,1.7388710000000007,1.74533
473.7519730000002,11.36006,1.7365935000000006,1.74533
473.75501850000023,11.36006,1.7343160000000006,1.74533
473.75729600000017,11.37006,1.7320385000000007,1.74
473.75556800000015,11.37006,1.7337665000000007,1.0
476.75556800000015,11.390056,1.7373795000000005,1.74533
492.25556800000015,11.390056,1.7409925000000006,1.74533
169.35518399999998,11.400056,1.7446055000000005,1.7453
169.35157099999998,11.400056,1.7482185000000006,1.7
207.750227,11.420056,1.7499465000000005,1.74533
207.74926700000003,11.430056,1.7516745000000005,1.74533
207.74753900000002,11.430056,1.7534025000000004,1.745
203.647155,11.430056,1.7532455000000002,1.0
157.797155,11.45006,1.7531670000000004,1.74533
196.1976175,11.460056,1.7530885000000003,1.74533
196.19846400000003,11.460056,1.7530100000000002,1.74533
157.79808000000003,11.460056,1.7530100000000002,1.74
157.797312,11.460056,1.7530100000000002,1.0
161.197696,11.49006,1.7530100000000002,1.74533
199.59807999999998,11.49006,1.7530100000000002,1.74533
199.19769599999995,11.49006,1.7530100000000002,1.7453
160.797312,11.49006,1.7530100000000002,1.7
199.19692799999999,11.52006,1.7530100000000002,1.74533
199.19769599999995,11.52006,1.7530100000000002,1.74533
199.19769599999995,11.52006,1.7530100000000002,1.745
195.79731199999998,11.530056,1.7530100000000002,1.0
157.797312,11.550056,1.7530100000000002,1.74533
196.19769599999998,11.550056,1.7530100000000002,1.74533
196.198464,11.550056,1.7530100000000002,1.74533
157.79808,11.560056,1.7530100000000002,1.74
157.79731199999998,11.560056,1.7530100000000002,1.0
161.19769599999998,11.58006,1.7530100000000002,1.74533
199.59807999999998,11.58006,1.7530100000000002,1.74533
199.19769599999998,11.590056,1.7530100000000002,1.7453
160.79731199999998,11.590056,1.7530100000000002,1.7
199.19692799999996,11.610056,1.7530100000000002,1.74533
199.19769599999998,11.62006,1.7530100000000002,1.74533
199.19769599999998,11.62006,1.7530100000000002,1.745
195.79731199999998,11.62006,1.7530100000000002,1.0
157.797312,11.640056,1.7530100000000002,1.74533
196.19769599999995,11.650056,1.7530100000000002,1.74533
196.19846399999997,11.650056,1.7530100000000002,1.74533
157.79807999999997,11.650056,1.7530100000000002,1.74
157.797312,11.66006,1.7530100000000002,1.0
161.19769599999998,11.680056,1.7530100000000002,1.74533
199.59807999999998,11.680056,1.7530100000000002,1.74533
199.19769599999995,11.680056,1.7530100000000002,1.7453
160.797312,11.690056,1.7530100000000002,1.7
199.19692799999996,11.710056,1.7530100000000002,1.74533
199.19769599999998,11.710056,1.7530100000000002,1.74533
199.19769599999998,11.720056,1.7530100000000002,1.745
195.79731199999998,11.720056,1.7530100000000002,1.0
157.79731199999998,11.740056,1.7530100000000002,1.74533
196.19769599999998,11.740056,1.7530100000000002,1.74533
196.198464,11.75006,1.7530100000000002,1.74533
157.79808,11.75006,1.7530100000000002,1.74
157.79731199999998,11.75006,1.7530100000000002,1.0
161.19769599999998,11.770056,1.7530100000000002,1.74533
199.59807999999998,11.780056,1.7530100000000002,1.74533
199.197696,11.780056,1.7530100000000002,1.7453
160.797312,11.780056,1.7530100000000002,1.7
199.19692799999999,11.810056,1.7530100000000002,1.74533
199.197696,11.810056,1.7530100000000002,1.74533
199.197696,11.810056,1.7530100000000002,1.745
195.797312,11.810056,1.7530100000000002,1.0
157.797312,11.840056,1.7530100000000002,1.74533
196.197696,11.840056,1.7530100000000002,1.74533
196.19846399999997,11.840056,1.7530100000000002,1.74533
157.79808000000003,11.840056,1.7530100000000002,1.74
157.797312,11.850056,1.7530100000000002,1.0
157.797312,11.870056,1.7530100000000002,1.74533
157.797312,11.870056,1.7530100000000002,1.74533
157.396928,11.870056,1.7530100000000002,1.74533
118.99654400000003,11.88006,1.7530100000000002,1.74533
118.99577600000003,11.88006,1.7530100000000002,1.74533
118.99577600000003,11.88006,1.7530100000000002,1.74533
118.99577600000003,11.890056,1.7530100000000002,1.74533
115.59539200000005,11.890056,1.7530100000000002,1.74533
77.19500800000003,11.890056,1.7530100000000002,1.74533
77.19500800000003,11.900056,1.7530100000000002,1.74533
77.19500800000003,11.900056,1.7530100000000002,1.74533
38.79462399999998,11.900056,1.7530100000000002,1.74533
38.79385599999998,11.900056,1.7530100000000002,1.74533
38.79385599999998,11.910056,1.7530100000000002,1.745
38.79385599999998,11.910056,1.7530100000000002,1.0
38.79385599999998,11.930056,1.7530100000000002,1.74533
38.79385599999998,11.930056,1.7530100000000002,1.74533
38.79385599999998,11.940056,1.7530100000000002,1.74533
38.79385599999998,11.940056,1.7530100000000002,1.74
38.79385599999998,11.940056,1.7530100000000002,1.0
42.19423999999998,11.96006,1.7530100000000002,1.74533
80.59462400000002,11.970056,1.7530100000000002,1.74533
80.59462400000002,11.970056,1.7530100000000002,1.7453
80.59462400000002,11.970056,1.7530100000000002,1.7
118.99500799999997,12.00006,1.7530100000000002,1.74533
118.99577599999998,12.00006,1.7530100000000002,1.74533
118.99577599999998,12.00006,1.7530100000000002,1.745
118.99577599999998,12.010056,1.7530100000000002,1.0
119.39616,12.030056,1.7530100000000002,1.74533
157.79654399999998,12.030056,1.7530100000000002,1.74533
157.797312,12.030056,1.7530100000000002,1.74533
157.797312,12.040056,1.7530100000000002,1.74
157.797312,12.040056,1.7530100000000002,1.0
161.19769599999998,12.060056,1.7530100000000002,1.74533
199.59807999999998,12.060056,1.7530100000000002,1.74533
199.19769599999995,12.070056,1.7530100000000002,1.7453
160.797312,12.070056,1.7530100000000002,1.7
199.19692799999996,12.09006,1.7530100000000002,1.74533
199.19769599999998,12.100056,1.7530100000000002,1.74533
199.19769599999998,12.100056,1.7530100000000002,1.745
195.79731199999998,12.100056,1.7530100000000002,1.0
157.79731199999998,12.120056,1.7530100000000002,1.74533
196.19769599999998,12.13006,1.7530100000000002,1.74533
196.198464,12.13006,1.7530100000000002,1.74533
157.79808,12.13006,1.7530100000000002,1.74
157.79731199999998,12.13006,1.7530100000000002,1.0
161.19769599999998,12.16006,1.7530100000000002,1.74533
199.59807999999998,12.16006,1.7530100000000002,1.74533
199.19769599999998,12.16006,1.7530100000000002,1.7453
160.79731199999998,12.16006,1.7530100000000002,1.7
199.19692799999999,12.190056,1.7530100000000002,1.74533
199.19769599999998,12.190056,1.7530100000000002,1.74533
199.19769599999998,12.190056,1.7530100000000002,1.745
195.797312,12.200056,1.7530100000000002,1.0
157.79731199999998,12.22006,1.7530100000000002,1.74533
196.19769599999998,12.22006,1.7530100000000002,1.74533
196.19846399999997,12.22006,1.7530100000000002,1.74533
157.79808,12.230056,1.7530100000000002,1.74
157.797312,12.230056,1.7530100000000002,1.0
161.197696,12.250056,1.7530100000000002,1.74533
199.59807999999998,12.250056,1.7530100000000002,1.74533
199.19769599999998,12.26006,1.7530100000000002,1.7453
160.79731199999998,12.26006,1.7530100000000002,1.7
199.19692799999996,12.280056,1.7530100000000002,1.74533
199.19769599999998,12.290056,1.7530100000000002,1.74533
199.19769599999998,12.290056,1.7530100000000002,1.745
195.79731199999998,12.290056,1.7530100000000002,1.0
157.79731199999998,12.310056,1.7530100000000002,1.74533
196.19769599999998,12.320056,1.7530100000000002,1.74533
196.198464,12.320056,1.7530100000000002,1.74533
157.79808000000003,12.320056,1.7530100000000002,1.74
157.797312,12.330056,1.7530100000000002,1.0
161.197696,12.350056,1.7530100000000002,1.74533
199.59807999999998,12.350056,1.7530100000000002,1.74533
199.19769599999998,12.350056,1.7530100000000002,1.7453
160.797312,12.360056,1.7530100000000002,1.7
199.19692799999999,12.380056,1.7530100000000002,1.74533
199.19769599999998,12.380056,1.7530100000000002,1.74533
199.19769599999998,12.39006,1.7530100000000002,1.745
195.797312,12.39006,1.7530100000000002,1.0
157.797312,12.410056,1.7530100000000002,1.74533
196.197696,12.410056,1.7530100000000002,1.74533
196.19846400000003,12.420056,1.7530100000000002,1.74533
157.79808000000003,12.420056,1.7530100000000002,1.74
157.797312,12.420056,1.7530100000000002,1.0
161.197696,12.440056,1.7530100000000002,1.74533
199.59808,12.450056,1.7530100000000002,1.74533
199.197696,12.450056,1.7530100000000002,1.7453
160.797312,12.450056,1.7530100000000002,1.7
199.19692799999999,12.480056,1.7530100000000002,1.74533
199.19769599999998,12.480056,1.7530100000000002,1.74533
199.19769599999998,12.480056,1.7530100000000002,1.745
195.79731199999998,12.480056,1.7530100000000002,1.0
157.797312,12.510056,1.7530100000000002,1.74533
196.19769599999995,12.510056,1.7530100000000002,1.74533
196.19846399999997,12.510056,1.7530100000000002,1.74533
157.79807999999997,12.510056,1.7530100000000002,1.74
157.797312,12.52006,1.7530100000000002,1.0
161.19769599999998,12.540056,1.7530100000000002,1.74533
199.59807999999998,12.540056,1.7530100000000002,1.74533
199.19769599999995,12.540056,1.7530100000000002,1.7453
160.79731199999995,12.550056,1.7530100000000002,1.7
199.19692799999996,12.570056,1.7530100000000002,1.74533
199.19769599999995,12.570056,1.7530100000000002,1.74533
199.19769599999995,12.580056,1.7530100000000002,1.745
195.79731199999995,12.580056,1.7530100000000002,1.0
157.79731199999995,12.60006,1.7530100000000002,1.74533
196.19769599999995,12.60006,1.7530100000000002,1.74533
196.19846399999997,12.610056,1.7530100000000002,1.74533
157.79808000000003,12.610056,1.7530100000000002,1.74
157.79731200000003,12.610056,1.7530100000000002,1.0
161.197696,12.630056,1.7530100000000002,1.74533
199.59807999999998,12.64006,1.7530100000000002,1.74533
199.197696,12.64006,1.7530100000000002,1.7453
160.79731200000003,12.64006,1.7530100000000002,1.7
199.19692799999999,12.670056,1.7530100000000002,1.74533
199.19769599999998,12.670056,1.7530100000000002,1.74533
199.19769599999998,12.670056,1.7530100000000002,1.745
195.79731199999998,12.680056,1.7530100000000002,1.0
157.79731200000003,12.700056,1.7530100000000002,1.74533
196.19769599999998,12.700056,1.7530100000000002,1.74533
196.198464,12.700056,1.7530100000000002,1.74533
157.79808,12.710056,1.7530100000000002,1.74
157.79731199999998,12.710056,1.7530100000000002,1.0
161.19769599999998,12.73006,1.7530100000000002,1.74533
199.59807999999998,12.73006,1.7530100000000002,1.74533
199.19769599999998,12.740056,1.7530100000000002,1.7453
160.79731199999998,12.740056,1.7530100000000002,1.7
199.19692799999996,12.760056,1.7530100000000002,1.74533
199.19769599999998,12.77006,1.7530100000000002,1.74533
199.19769599999998,12.77006,1.7530100000000002,1.745
195.797312,12.77006,1.7530100000000002,1.0
157.79731199999998,12.790056,1.7530100000000002,1.74533
196.19769599999998,12.80006,1.7530100000000002,1.74533
196.198464,12.80006,1.7530100000000002,1.74533
157.79808,12.80006,1.7530100000000002,1.74
157.79731199999998,12.80006,1.7530100000000002,1.0
161.197696,12.830056,1.7530100000000002,1.74533
199.59807999999998,12.830056,1.7530100000000002,1.74533
199.19769599999998,12.830056,1.7530100000000002,1.7453
160.797312,12.830056,1.7530100000000002,1.7
199.19692799999999,12.86006,1.7530100000000002,1.74533
199.197696,12.86006,1.7530100000000002,1.74533
199.197696,12.86006,1.7530100000000002,1.745
195.797312,12.870056,1.7530100000000002,1.0
157.797312,12.890056,1.7530100000000002,1.74533
196.197696,12.890056,1.7530100000000002,1.74533
196.19846400000003,12.890056,1.7530100000000002,1.74533
157.79808000000003,12.90006,1.7530100000000002,1.74
157.797312,12.90006,1.7530100000000002,1.0
161.197696,12.920056,1.7530100000000002,1.74533
199.59807999999998,12.920056,1.7530100000000002,1.74533
199.19769599999998,12.930056,1.7530100000000002,1.7453
160.797312,12.930056,1.7530100000000002,1.7
199.19692799999999,12.950056,1.7530100000000002,1.74533
199.19769599999998,12.960056,1.7530100000000002,1.74533
199.19769599999998,12.960056,1.7530100000000002,1.745
195.797312,12.960056,1.7530100000000002,1.0
157.797312,12.980056,1.7530100000000002,1.74533
196.197696,12.990056,1.7530100000000002,1.74533
196.19846400000003,12.990056,1.7530100000000002,1.74533
157.79808000000003,12.990056,1.7530100000000002,1.74
157.9805715,13.000056,1.7530100000000002,5.0
159.88095550000003,13.030096,1.7725665000000004,5.41052
491.78133950000006,13.030096,1.7921230000000006,5.41052
491.4295005,13.040084,1.8268375000000003,5.41052
453.1776615,13.040084,1.8615520000000005,5.4105
453.32543849999996,13.040084,1.8962665000000003,5.41
453.45701899999995,13.050096,1.9479454999999999,5.0
455.557403,13.080084,2.0611999999999995,5.41052
914.2574030000002,13.080084,2.1744544999999995,5.41052
875.8770240000002,13.080084,2.2877089999999995,5.41052
875.9237030000003,13.090084,2.4242895,5.4105
875.9703820000003,13.090084,2.56087,5.41
837.6166770000002,13.090084,2.6974505000000004,5.0
837.6162930000003,13.120084,2.902361000000001,5.41052
1041.1166770000002,13.120084,3.1072715000000004,5.41052
1041.1390960000003,13.120084,3.312182,5.41052
1040.7026100000003,13.130084,3.5315435,5.41
1002.2661240000003,13.130084,3.7509050000000004,5.0
1007.1657400000003,13.150084,3.9733295,5.41052
4962.066124000001,13.150084,4.195754,5.41052
4961.851396500001,13.160084,4.410481499999999,5.4105
4959.9195445000005,13.160084,4.6056525,5.4
4629.319544500001,13.180084,4.77844,5.41052
4805.571383500001,13.190084,4.924838,5.41052
4805.424985500001,13.190084,5.071236,5.41052
4805.2785875,13.190084,5.217634,5.4105
4805.158186,13.200084,5.3380355,5.41
4803.068981,13.200084,5.3968615,5.0
4343.768981,13.230084,5.4494045,5.41052
4551.54936,13.230084,5.5019475,5.41052
4551.5174725,13.240084,5.533835,5.41052
4551.485585,13.240084,5.5657225,5.4105
4551.4536975,13.240084,5.5976099999999995,5.41
4551.4643355,13.250084,5.5649370000000005,5.0
4348.2143355,13.280088,5.5462445,5.41052
4682.442300500001,13.280088,5.527552,5.41052
4682.482129,13.280088,5.4944085000000005,5.41052
4682.5152725,13.280088,5.461265000000001,5.41
4677.608553000001,13.290084,5.428435500000001,5.0
727.5585530000003,13.310084,5.395135000000001,5.41052
1352.4404050000003,13.310084,5.369531500000001,5.41052
1352.4683650000002,13.310084,5.343928,5.4105
1351.164473,13.320084,5.3383515,5.4
1179.0644730000001,13.340084,5.3393725,5.41052
1339.61271,13.350084,5.33953,5.41052
1339.6125525,13.350084,5.3396875,5.41052
1339.6033630000002,13.350084,5.348877000000001,5.4105
1339.5942525,13.360088,5.357988000000001,5.41
1336.795937,13.360088,5.373382,5.0
1129.5459369999999,13.390056,5.3888545,5.41052
1290.0815295,13.390056,5.4016565,5.41052
1290.0687275,13.400056,5.4144585,5.41052
1290.0559254999998,13.400056,5.4272605,5.4105
1290.046893,13.400056,5.436293,5.41
1289.7984985,13.41006,5.431345,5.0
956.0984985,13.44006,5.426397000000001,5.41052
1116.6451559999998,13.44006,5.421449,5.41052
1116.650104,13.44006,5.416501,5.41052
1116.6584289999998,13.450056,5.408176000000001,5.4105
1111.8100345,13.450056,5.400322000000001,5.41
486.9616400000001,13.450056,5.392468000000001,5.0
487.5155320000001,13.480056,5.384614000000002,5.41052
648.0694240000001,13.490056,5.379116500000002,5.41052
643.8710295000001,13.490056,5.378253000000002,5.41052
483.3226350000001,13.490056,5.378253000000002,5.4105
483.3226350000001,13.50006,5.378253000000002,5.41
483.3226350000001,13.50006,5.378253000000002,5.0
483.8709505000001,13.530056,5.378331500000002,5.41052
644.4192660000001,13.530056,5.378410000000002,5.41052
643.8708715000001,13.54006,5.378410000000002,5.41052
483.3224770000001,13.54006,5.378410000000002,5.4105
483.3224770000001,13.54006,5.378410000000002,5.41
483.3224770000001,13.550056,5.378410000000002,5.0
483.8708715000001,13.58006,5.378410000000002,5.41052
644.4192660000001,13.58006,5.378410000000002,5.41052
643.8708715000001,13.58006,5.378410000000002,5.41052
483.3224770000001,13.590056,5.378410000000002,5.4105
483.3224770000001,13.590056,5.378410000000002,5.41
483.3224770000001,13.590056,5.378410000000002,5.0
483.8708715000001,13.620056,5.378410000000002,5.41052
644.4192660000001,13.630056,5.378410000000002,5.41052
643.8708715000001,13.630056,5.378410000000002,5.41052
483.3224770000001,13.630056,5.378410000000002,5.4105
483.3224770000001,13.640056,5.378410000000002,5.41
483.3224770000001,13.640056,5.378410000000002,5.0
483.8708715000001,13.67006,5.378410000000002,5.41052
644.4192660000001,13.67006,5.378410000000002,5.41052
643.8708715000001,13.680056,5.378410000000002,5.41052
483.3224770000001,13.680056,5.378410000000002,5.4105
483.3224770000001,13.680056,5.378410000000002,5.41
483.3224770000001,13.680056,5.378410000000002,5.0
483.8708715000001,13.720056,5.378410000000002,5.41052
644.4192660000001,13.720056,5.378410000000002,5.41052
643.8708715000001,13.720056,5.378410000000002,5.41052
483.3224770000001,13.730056,5.378410000000002,5.4105
483.3224770000001,13.730056,5.378410000000002,5.41
483.3224770000001,13.730056,5.378410000000002,5.0
483.8708715000001,13.760056,5.378410000000002,5.41052
644.4192660000001,13.770056,5.378410000000002,5.41052
643.8708715000001,13.770056,5.378410000000002,5.41052
483.3224770000001,13.770056,5.378410000000002,5.4105
483.3224770000001,13.780056,5.378410000000002,5.41
483.3224770000001,13.780056,5.378410000000002,5.0
483.8708715000001,13.810056,5.378410000000002,5.41052
644.4192660000001,13.810056,5.378410000000002,5.41052
643.8708715000001,13.820056,5.378410000000002,5.41052
483.3224770000001,13.820056,5.378410000000002,5.4105
483.3224770000001,13.820056,5.378410000000002,5.41
483.3224770000001,13.820056,5.378410000000002,5.0
483.8708715000001,13.860056,5.378410000000002,5.41052
644.4192660000001,13.860056,5.378410000000002,5.41052
643.8708715000001,13.860056,5.378410000000002,5.41052
483.3224770000001,13.870056,5.378410000000002,5.4105
483.3224770000001,13.870056,5.378410000000002,5.41
483.3224770000001,13.870056,5.378410000000002,5.0
483.8708715000001,13.900056,5.378410000000002,5.41052
644.4192660000001,13.910056,5.378410000000002,5.41052
643.8708715000001,13.910056,5.378410000000002,5.41052
483.3224770000001,13.910056,5.378410000000002,5.4105
483.3224770000001,13.910056,5.378410000000002,5.41
483.3224770000001,13.92006,5.378410000000002,5.0
483.8708715000001,13.950056,5.378410000000002,5.41052
644.4192660000001,13.950056,5.378410000000002,5.41052
643.8708715000001,13.960056,5.378410000000002,5.41052
483.3224770000001,13.960056,5.378410000000002,5.4105
483.3224770000001,13.960056,5.378410000000002,5.41
483.3224770000001,13.960056,5.378410000000002,5.0
483.8708715000001,14.000056,5.378410000000002,5.41052
644.4192660000001,14.000056,5.378410000000002,5.41052
643.8708715000001,14.000056,5.378410000000002,5.41052
483.3224770000001,14.000056,5.378410000000002,5.4105
483.3224770000001,14.01006,5.378410000000002,5.41
483.3224770000001,14.01006,5.378410000000002,5.0
483.8708715000001,14.040056,5.378410000000002,5.41052
644.4192660000001,14.05006,5.378410000000002,5.41052
643.8708715000001,14.05006,5.378410000000002,5.41052
483.3224770000001,14.05006,5.378410000000002,5.4105
483.3224770000001,14.05006,5.378410000000002,5.41
483.3224770000001,14.060056,5.378410000000002,5.0
483.8708715000001,14.090056,5.378410000000002,5.41052
644.4192660000001,14.090056,5.378410000000002,5.41052
643.8708715000001,14.090056,5.378410000000002,5.41052
483.3224770000001,14.100056,5.378410000000002,5.4105
483.3224770000001,14.100056,5.378410000000002,5.41
483.3224770000001,14.100056,5.378410000000002,5.0
483.8708715000001,14.14006,5.378410000000002,5.41052
644.4192660000001,14.14006,5.378410000000002,5.41052
643.8708715000001,14.14006,5.378410000000002,5.41052
483.3224770000001,14.14006,5.378410000000002,5.4105
483.3224770000001,14.150056,5.378410000000002,5.41
483.3224770000001,14.150056,5.378410000000002,5.0
483.8708715000001,14.18006,5.378410000000002,5.41052
644.4192660000001,14.18006,5.378410000000002,5.41052
643.8708715000001,14.190056,5.378410000000002,5.41052
483.3224770000001,14.190056,5.378410000000002,5.4105
483.3224770000001,14.190056,5.378410000000002,5.41
483.3224770000001,14.200056,5.378410000000002,5.0
483.8708715000001,14.230056,5.378410000000002,5.41052
644.4192660000001,14.230056,5.378410000000002,5.41052
643.8708715000001,14.230056,5.378410000000002,5.41052
483.3224770000001,14.240056,5.378410000000002,5.4105
483.3224770000001,14.240056,5.378410000000002,5.41
483.3224770000001,14.240056,5.378410000000002,5.0
483.3224770000001,14.250056,5.378410000000002,5.41052
483.3224770000001,14.250056,5.378410000000002,5.41052
482.7740825000001,14.260056,5.378410000000002,5.41052
322.2256880000001,14.260056,5.378410000000002,5.41052
322.2256880000001,14.260056,5.378410000000002,5.41052
322.2256880000001,14.270056,5.378410000000002,5.41052
322.2256880000001,14.270056,5.378410000000002,5.41052
322.2256880000001,14.270056,5.378410000000002,5.41052
321.67729350000013,14.270056,5.378410000000002,5.41052
161.12889900000005,14.280056,5.378410000000002,5.41052
161.12889900000005,14.280056,5.378410000000002,5.41052
161.12889900000005,14.280056,5.378410000000002,5.4105
161.12889900000005,14.290056,5.378410000000002,5.41
161.12889900000005,14.290056,5.378410000000002,5.0
161.12889900000005,14.320056,5.378410000000002,5.41052
161.12889900000005,14.320056,5.378410000000002,5.41052
161.12889900000005,14.330056,5.378410000000002,5.41052
161.12889900000005,14.330056,5.378410000000002,5.4105
161.12889900000005,14.330056,5.378410000000002,5.41
161.12889900000005,14.340056,5.378410000000002,5.0
161.67729350000005,14.370056,5.378410000000002,5.41052
322.22568800000005,14.370056,5.378410000000002,5.41052
322.22568800000005,14.370056,5.378410000000002,5.41052
322.22568800000005,14.380056,5.378410000000002,5.4105
322.22568800000005,14.380056,5.378410000000002,5.41
322.22568800000005,14.380056,5.378410000000002,5.0
322.7740825000001,14.410056,5.378410000000002,5.41052
483.3224770000001,14.420056,5.378410000000002,5.41052
483.3224770000001,14.420056,5.378410000000002,5.41052
483.3224770000001,14.420056,5.378410000000002,5.4105
483.3224770000001,14.430056,5.378410000000002,5.41
483.3224770000001,14.430056,5.378410000000002,5.0
483.8708715000001,14.460056,5.378410000000002,5.41052
644.4192660000001,14.460056,5.378410000000002,5.41052
643.8708715000001,14.470056,5.378410000000002,5.41052
483.3224770000001,14.470056,5.378410000000002,5.4105
483.3224770000001,14.470056,5.378410000000002,5.41
483.3224770000001,14.48006,5.378410000000002,5.0
483.8708715000001,14.510056,5.378410000000002,5.41052
644.4192660000001,14.510056,5.378410000000002,5.41052
643.8708715000001,14.510056,5.378410000000002,5.41052
483.3224770000001,14.52006,5.378410000000002,5.4105
483.3224770000001,14.52006,5.378410000000002,5.41
483.3224770000001,14.52006,5.378410000000002,5.0
483.8708715000001,14.550056,5.378410000000002,5.41052
644.4192660000001,14.56006,5.378410000000002,5.41052
643.8708715000001,14.56006,5.378410000000002,5.41052
483.3224770000001,14.56006,5.378410000000002,5.4105
483.3224770000001,14.570056,5.378410000000002,5.41
483.3224770000001,14.570056,5.378410000000002,5.0
483.8708715000001,14.600056,5.378410000000002,5.41052
644.4192660000001,14.600056,5.378410000000002,5.41052
643.8708715000001,14.61006,5.378410000000002,5.41052
483.3224770000001,14.61006,5.378410000000002,5.4105
483.3224770000001,14.61006,5.378410000000002,5.41
483.3224770000001,14.61006,5.378410000000002,5.0
483.8708715000001,14.65006,5.378410000000002,5.41052
644.4192660000001,14.65006,5.378410000000002,5.41052
643.8708715000001,14.65006,5.378410000000002,5.41052
483.3224770000001,14.660056,5.378410000000002,5.4105
483.3224770000001,14.660056,5.378410000000002,5.41
483.3224770000001,14.660056,5.378410000000002,5.0
483.8708715000001,14.69006,5.378410000000002,5.41052
644.4192660000001,14.700056,5.378410000000002,5.41052
643.8708715000001,14.700056,5.378410000000002,5.41052
483.3224770000001,14.700056,5.378410000000002,5.4105
483.3224770000001,14.700056,5.378410000000002,5.41
483.3224770000001,14.710056,5.378410000000002,5.0
483.8708715000001,14.740056,5.378410000000002,5.41052
644.4192660000001,14.740056,5.378410000000002,5.41052
643.8708715000001,14.750056,5.378410000000002,5.41052
483.3224770000001,14.750056,5.378410000000002,5.4105
483.3224770000001,14.750056,5.378410000000002,5.41
483.3224770000001,14.750056,5.378410000000002,5.0
483.8708715000001,14.790056,5.378410000000002,5.41052
644.4192660000001,14.790056,5.378410000000002,5.41052
643.8708715000001,14.790056,5.378410000000002,5.41052
483.3224770000001,14.800056,5.378410000000002,5.4105
483.3224770000001,14.800056,5.378410000000002,5.41
483.3224770000001,14.800056,5.378410000000002,5.0
483.8708715000001,14.830056,5.378410000000002,5.41052
644.4192660000001,14.840056,5.378410000000002,5.41052
643.8708715000001,14.840056,5.378410000000002,5.41052
483.3224770000001,14.840056,5.378410000000002,5.4105
483.3224770000001,14.840056,5.378410000000002,5.41
483.3224770000001,14.850056,5.378410000000002,5.0
483.8708715000001,14.880056,5.378410000000002,5.41052
644.4192660000001,14.880056,5.378410000000002,5.41052
643.8708715000001,14.890056,5.378410000000002,5.41052
483.3224770000001,14.890056,5.378410000000002,5.4105
483.3224770000001,14.890056,5.378410000000002,5.41
483.3224770000001,14.890056,5.378410000000002,5.0
483.8708715000001,14.930056,5.378410000000002,5.41052
644.4192660000001,14.930056,5.378410000000002,5.41052
643.8708715000001,14.930056,5.378410000000002,5.41052
483.3224770000001,14.930056,5.378410000000002,5.4105
483.3224770000001,14.940056,5.378410000000002,5.41
483.3224770000001,14.940056,5.378410000000002,5.0
483.8708715000001,14.970056,5.378410000000002,5.41052
644.4192660000001,14.980056,5.378410000000002,5.41052
643.8708715000001,14.980056,5.378410000000002,5.41052
483.3224770000001,14.980056,5.378410000000002,5.4105
483.3224770000001,14.980056,5.378410000000002,5.41
483.3224770000001,14.99006,5.378410000000002,5.0
487.6708715000001,15.010092,5.376996000000002,4.01426
2167.0192660000002,15.010092,5.375582000000001,4.01426
2166.408284,15.020084,5.368356000000002,4.0142
2005.797302,15.020084,5.361130000000002,4.0
2043.2456965,15.050084,5.318797000000002,4.01426
2043.2699654999997,15.050084,5.276464000000002,4.01426
2043.2424855,15.050084,5.234131000000001,4.014
2043.2150055,15.050084,5.191798000000002,4.0
2043.0650054999999,15.080084,5.103126500000002,4.01426
1928.9150055,15.080084,5.014455000000002,4.01426
4729.3134,15.090084,4.918243500000001,4.01426
4729.3397985,15.090084,4.822032000000001,4.01426
4729.366196999999,15.090084,4.7258205,4.014
4729.394716,15.100088,4.627488500000001,4.0
4728.8748405,15.100088,4.5291565,4.0
4568.6748405,15.130088,4.445825500000001,4.01426
4581.023235,15.130088,4.3624944999999995,4.01426
5292.2716295,15.140084,4.2871745,4.01426
5292.277136500001,15.140084,4.2118545,4.01426
5292.282643500001,15.140084,4.1365345,4.014
5287.939756,15.140084,4.0626285,4.0
3635.989756000001,15.170084,4.0056085,4.01426
3636.060512000001,15.170084,3.9544005,4.01426
3636.111720000001,15.170084,3.9031925000000003,4.014
3598.651553500001,15.18008,3.8874845000000002,4.0
3598.7756790000008,15.200084,3.8680065,4.01426
3738.451553500001,15.200084,3.8485285,4.01426
3738.483824500001,15.200084,3.8290505000000006,4.01426
3738.0805695000004,15.210084,3.8527695000000004,4.01
3691.6773145000006,15.210084,3.8764885000000007,4.0
893.4273145000002,15.240084,3.902171000000001,4.01426
1125.5493105000003,15.240084,3.9278535000000008,4.01426
1125.5223715000002,15.25008,3.954792500000001,4.01426
1125.4933120000003,15.25008,3.9838520000000006,4.0142
1125.4642525000002,15.25008,4.0129115,4.01
1125.1153175000002,15.25008,4.02697,4.0
1115.0153175000003,15.29006,4.041971,4.01426
416.01531750000015,15.29006,4.048961,4.01426
416.0083275000001,15.29006,4.055950999999999,4.01426
416.0013375000001,15.30006,4.0629409999999995,4.0142
415.9943475000001,15.30006,4.0699309999999995,4.01
388.5944700000001,15.30006,4.060034999999999,4.0
390.8346960000001,15.33006,4.050138999999999,4.01426
403.0944700000001,15.34006,4.040242999999999,4.01426
403.1047590000001,15.34006,4.029953999999999,4.01426
402.9548815000001,15.34006,4.023434999999999,4.0142
263.30500400000005,15.34006,4.016915999999999,4.01
263.2987300000001,15.350056,4.010396999999999,4.0
265.55198500000006,15.380056,4.007019499999998,4.01426
277.8052400000001,15.380056,4.003641999999998,4.01426
275.6553625000001,15.390056,4.005840999999998,4.01426
43.50548499999999,15.390056,4.0080399999999985,4.0142
43.50454249999999,15.390056,4.008982499999998,4.01
43.50359999999999,15.390056,4.009924999999998,4.0
45.752534999999995,15.430056,4.010867499999999,4.01426
58.00147,15.430056,4.011809999999999,4.01426
55.751592499999994,15.430056,4.011809999999999,4.01426
43.50171499999999,15.430056,4.011809999999999,4.0142
43.50171499999999,15.440056,4.011809999999999,4.01
43.50171499999999,15.440056,4.011809999999999,4.0
45.75159249999999,15.47006,4.011809999999999,4.01426
58.001469999999976,15.480056,4.011809999999999,4.01426
55.75159249999997,15.480056,4.011809999999999,4.01426
43.50171499999999,15.480056,4.011809999999999,4.0142
43.50171499999999,15.480056,4.011809999999999,4.01
43.50171499999999,15.490056,4.011809999999999,4.0
45.75159249999999,15.520056,4.011809999999999,4.01426
58.00146999999998,15.520056,4.011809999999999,4.01426
55.75159249999999,15.520056,4.011809999999999,4.01426
43.50171499999998,15.530056,4.011809999999999,4.0142
43.50171499999998,15.530056,4.011809999999999,4.01
43.50171499999998,15.530056,4.011809999999999,4.0
45.75159249999999,15.570056,4.011809999999999,4.01426
58.00146999999998,15.570056,4.011809999999999,4.01426
55.75159249999999,15.570056,4.011809999999999,4.01426
43.50171499999998,15.570056,4.011809999999999,4.0142
43.50171499999998,15.580056,4.011809999999999,4.01
43.50171499999998,15.580056,4.011809999999999,4.0
45.75159249999999,15.610056,4.011809999999999,4.01426
58.00146999999998,15.620056,4.011809999999999,4.01426
55.75159249999999,15.620056,4.011809999999999,4.01426
43.50171499999999,15.620056,4.011809999999999,4.0142
43.50171499999999,15.620056,4.011809999999999,4.01
43.50171499999999,15.63006,4.011809999999999,4.0
45.751592499999994,15.660056,4.011809999999999,4.01426
58.00146999999998,15.660056,4.011809999999999,4.01426
55.75159249999999,15.660056,4.011809999999999,4.01426
43.50171499999999,15.67006,4.011809999999999,4.0142
43.50171499999999,15.67006,4.011809999999999,4.01
43.50171499999999,15.67006,4.011809999999999,4.0
45.751592499999994,15.710056,4.011809999999999,4.01426
58.00147,15.710056,4.011809999999999,4.01426
55.751592499999994,15.710056,4.011809999999999,4.01426
43.50171499999999,15.710056,4.011809999999999,4.0142
43.50171499999999,15.72006,4.011809999999999,4.01
43.50171499999999,15.72006,4.011809999999999,4.0
45.751592499999994,15.750056,4.011809999999999,4.01426
58.00147,15.750056,4.011809999999999,4.01426
55.751592499999994,15.76006,4.011809999999999,4.01426
43.50171499999999,15.76006,4.011809999999999,4.0142
43.50171499999999,15.76006,4.011809999999999,4.01
43.50171499999999,15.770056,4.011809999999999,4.0
45.75159249999999,15.80006,4.011809999999999,4.01426
58.001469999999976,15.80006,4.011809999999999,4.01426
55.75159249999999,15.80006,4.011809999999999,4.01426
43.50171499999999,15.810056,4.011809999999999,4.0142
43.50171499999999,15.810056,4.011809999999999,4.01
43.50171499999999,15.810056,4.011809999999999,4.0
45.751592499999994,15.84006,4.011809999999999,4.01426
58.00147,15.850056,4.011809999999999,4.01426
55.751592499999994,15.850056,4.011809999999999,4.01426
43.50171499999999,15.850056,4.011809999999999,4.0142
43.50171499999999,15.860056,4.011809999999999,4.01
43.50171499999999,15.860056,4.011809999999999,4.0
45.75159249999999,15.89006,4.011809999999999,4.01426
58.00147,15.89006,4.011809999999999,4.01426
55.751592499999994,15.900056,4.011809999999999,4.01426
43.50171499999999,15.900056,4.011809999999999,4.0142
43.50171499999999,15.900056,4.011809999999999,4.01
43.50171499999999,15.910056,4.011809999999999,4.0
45.75159249999999,15.940056,4.011809999999999,4.01426
58.001469999999976,15.940056,4.011809999999999,4.01426
55.75159249999997,15.940056,4.011809999999999,4.01426
43.50171499999999,15.950056,4.011809999999999,4.0142
43.50171499999999,15.950056,4.011809999999999,4.01
43.50171499999999,15.950056,4.011809999999999,4.0
45.75159249999999,15.980056,4.011809999999999,4.01426
58.00146999999998,15.990056,4.011809999999999,4.01426
55.75159249999999,15.990056,4.011809999999999,4.01426
43.50171499999998,15.990056,4.011809999999999,4.0142
43.50171499999998,16.00006,4.011809999999999,4.01
43.50171499999998,16.00006,4.011809999999999,4.0
45.75159249999999,16.030056,4.011809999999999,4.01426
58.00146999999998,16.030056,4.011809999999999,4.01426
55.75159249999999,16.040056,4.011809999999999,4.01426
43.50171499999998,16.040056,4.011809999999999,4.0142
43.50171499999998,16.040056,4.011809999999999,4.01
43.50171499999998,16.050056,4.011809999999999,4.0
45.75159249999999,16.080056,4.011809999999999,4.01426
58.00146999999998,16.080056,4.011809999999999,4.01426
55.75159249999999,16.080056,4.011809999999999,4.01426
43.50171499999999,16.090056,4.011809999999999,4.0142
43.50171499999999,16.090056,4.011809999999999,4.01
43.50171499999999,16.090056,4.011809999999999,4.0
45.751592499999994,16.120056,4.011809999999999,4.01426
58.00146999999998,16.130056,4.011809999999999,4.01426
55.75159249999999,16.130056,4.011809999999999,4.01426
43.50171499999999,16.130056,4.011809999999999,4.0142
43.50171499999999,16.14006,4.011809999999999,4.01
43.50171499999999,16.14006,4.011809999999999,4.0
45.751592499999994,16.170056,4.011809999999999,4.01426
58.00147,16.170056,4.011809999999999,4.01426
55.751592499999994,16.180056,4.011809999999999,4.01426
43.50171499999999,16.180056,4.011809999999999,4.0142
43.50171499999999,16.180056,4.011809999999999,4.01
43.50171499999999,16.180056,4.011809999999999,4.0
45.751592499999994,16.220056,4.011809999999999,4.01426
58.00147,16.220056,4.011809999999999,4.01426
55.751592499999994,16.220056,4.011809999999999,4.01426
43.50171499999999,16.23006,4.011809999999999,4.0142
43.50171499999999,16.23006,4.011809999999999,4.01
43.50171499999999,16.23006,4.011809999999999,4.0
45.75159249999999,16.260056,4.011809999999999,4.01426
58.001469999999976,16.27006,4.011809999999999,4.01426
55.75159249999999,16.27006,4.011809999999999,4.01426
43.50171499999999,16.27006,4.011809999999999,4.0142
43.50171499999999,16.27006,4.011809999999999,4.01
43.50171499999999,16.280056,4.011809999999999,4.0
45.751592499999994,16.31006,4.011809999999999,4.01426
58.00147,16.31006,4.011809999999999,4.01426
55.751592499999994,16.320056,4.011809999999999,4.01426
43.50171499999999,16.320056,4.011809999999999,4.0142
43.50171499999999,16.320056,4.011809999999999,4.01
43.50171499999999,16.320056,4.011809999999999,4.0
45.75159249999999,16.36006,4.011809999999999,4.01426
58.00147,16.36006,4.011809999999999,4.01426
55.751592499999994,16.36006,4.011809999999999,4.01426
43.50171499999999,16.36006,4.011809999999999,4.0142
43.50171499999999,16.370056,4.011809999999999,4.01
43.50171499999999,16.370056,4.011809999999999,4.0
45.75159249999999,16.40006,4.011809999999999,4.01426
58.001469999999976,16.410056,4.011809999999999,4.01426
55.75159249999997,16.410056,4.011809999999999,4.01426
43.50171499999999,16.410056,4.011809999999999,4.0142
43.50171499999999,16.410056,4.011809999999999,4.01
43.50171499999999,16.420056,4.011809999999999,4.0
45.75159249999999,16.450056,4.011809999999999,4.01426
58.00146999999998,16.450056,4.011809999999999,4.01426
55.75159249999999,16.450056,4.011809999999999,4.01426
43.50171499999998,16.460056,4.011809999999999,4.0142
43.50171499999998,16.460056,4.011809999999999,4.01
43.50171499999998,16.460056,4.011809999999999,4.0
45.75159249999999,16.500056,4.011809999999999,4.01426
58.00146999999998,16.500056,4.011809999999999,4.01426
55.75159249999999,16.500056,4.011809999999999,4.01426
43.50171499999998,16.500056,4.011809999999999,4.0142
43.50171499999998,16.510056,4.011809999999999,4.01
43.50171499999998,16.510056,4.011809999999999,4.0
45.75159249999999,16.540056,4.011809999999999,4.01426
58.00146999999998,16.540056,4.011809999999999,4.01426
55.75159249999999,16.550056,4.011809999999999,4.01426
43.50171499999999,16.550056,4.011809999999999,4.0142
43.50171499999999,16.550056,4.011809999999999,4.01
43.50171499999999,16.560056,4.011809999999999,4.0
45.751592499999994,16.590056,4.011809999999999,4.01426
58.00146999999998,16.590056,4.011809999999999,4.01426
55.75159249999999,16.590056,4.011809999999999,4.01426
43.50171499999999,16.600056,4.011809999999999,4.0142
43.50171499999999,16.600056,4.011809999999999,4.01
43.50171499999999,16.600056,4.011809999999999,4.0
45.751592499999994,16.64006,4.011809999999999,4.01426
58.00147,16.64006,4.011809999999999,4.01426
55.751592499999994,16.64006,4.011809999999999,4.01426
43.50171499999999,16.64006,4.011809999999999,4.0142
43.50171499999999,16.650056,4.011809999999999,4.01
43.50171499999999,16.650056,4.011809999999999,4.0
45.751592499999994,16.680056,4.011809999999999,4.01426
58.00147,16.680056,4.011809999999999,4.01426
55.751592499999994,16.690056,4.011809999999999,4.01426
43.50171499999999,16.690056,4.011809999999999,4.0142
43.50171499999999,16.690056,4.011809999999999,4.01
43.50171499999999,16.70006,4.011809999999999,4.0
45.75159249999999,16.730056,4.011809999999999,4.01426
58.001469999999976,16.730056,4.011809999999999,4.01426
55.75159249999999,16.730056,4.011809999999999,4.01426
43.50171499999999,16.74006,4.011809999999999,4.0142
43.50171499999999,16.74006,4.011809999999999,4.01
43.50171499999999,16.74006,4.011809999999999,4.0
45.751592499999994,16.770056,4.011809999999999,4.01426
45.751592499999994,16.78006,4.011809999999999,4.01426
43.50171499999999,16.78006,4.011809999999999,4.01426
31.2518375,16.78006,4.011809999999999,4.01426
31.2518375,16.790056,4.011809999999999,4.01426
31.2518375,16.790056,4.011809999999999,4.01426
33.501715000000004,16.820056,4.011809999999999,4.01426
45.75159250000001,16.820056,4.011809999999999,4.01426
43.501715000000004,16.830056,4.011809999999999,4.01426
31.2518375,16.830056,4.011809999999999,4.0142
31.2518375,16.830056,4.011809999999999,4.01
31.2518375,16.840056,4.011809999999999,4.0
33.501715,16.87006,4.011809999999999,4.01426
45.75159249999997,16.87006,4.011809999999999,4.01426
43.50171499999997,16.87006,4.011809999999999,4.01426
31.2518375,16.880056,4.011809999999999,4.0142
31.2518375,16.880056,4.011809999999999,4.01
31.2518375,16.880056,4.011809999999999,4.0
33.501715,16.91006,4.011809999999999,4.01426
45.75159249999999,16.920056,4.011809999999999,4.01426
43.50171499999998,16.920056,4.011809999999999,4.01426
43.50171499999998,16.920056,4.011809999999999,4.0142
43.50171499999998,16.930056,4.011809999999999,4.01
43.50171499999998,16.930056,4.011809999999999,4.0
45.75159249999999,16.960056,4.011809999999999,4.01426
58.00146999999998,16.960056,4.011809999999999,4.01426
55.75159249999999,16.970056,4.011809999999999,4.01426
43.50171499999998,16.970056,4.011809999999999,4.0142
43.50171499999998,16.970056,4.011809999999999,4.01
43.50171499999998,16.980056,4.011809999999999,4.0
43.551592499999984,17.00006,4.011809999999999,0.7854
542.10147,17.010076,4.011809999999999,0.7854
540.0114555,17.010076,4.010474999999999,0.7854
527.60147,17.010076,4.009139999999999,0.78
527.441362,17.010076,4.0078049999999985,0.0
531.5412395000001,17.040084,3.974425499999999,0.7854
3325.641117,17.040084,3.9410459999999987,0.7854
3325.5130535000008,17.040084,3.9076664999999986,0.7854
3323.1532550000006,17.050084,3.8561444999999988,0.7
3344.6532550000006,17.070084,3.761660999999999,0.7854
3344.66997,17.070084,3.6671774999999993,0.7854
3344.6262580000002,17.080084,3.5494464999999993,0.785
3344.582546000001,17.080084,3.4317154999999993,0.0
3344.882423500001,17.10008,3.266781999999999,0.7854
3369.5324235000007,17.110088,3.0811925,0.7854
5784.182423500001,17.110088,2.895603,0.7854
5784.206570000001,17.110088,2.7100135000000005,0.7854
5784.244068000001,17.12008,2.5110720000000004,0.785
5784.2815660000015,17.12008,2.3121305000000008,0.7
5784.319064000001,17.12008,2.113189000000001,0.0
5784.619064000001,17.140096,1.9100850000000014,0.7854
5726.119064000001,17.15008,1.7143640000000013,0.7854
5725.993479000001,17.15008,1.519978,0.7854
5726.187865000001,17.15008,1.3255919999999999,0.7854
5726.371884000001,17.16008,1.141573,0.78
5722.2959175000005,17.16008,0.9895984999999998,0.0
2931.9459175,17.1901,0.8741449999999997,0.7854
4180.8238585,17.1901,0.7586915000000001,0.7854
4180.9211695,17.1901,0.6613805000000001,0.7854
4147.1481575,17.200084,0.6175555000000001,0.7
4168.78132,17.220084,0.5799350000000001,0.7854
4168.8501989999995,17.230084,0.5616350000000001,0.7854
4168.868499,17.230084,0.5433350000000001,0.785
4168.543209500001,17.230084,0.5722375000000002,0.0
4141.843209500001,17.250084,0.6068735000000002,0.7854
1911.2932095000006,17.260084,0.6331060000000002,0.7854
1911.2709040000002,17.260084,0.6593385,0.7854
1911.2313200000006,17.260084,0.6989230000000001,0.78
1911.191736,17.260084,0.7385075,0.0
1911.5041155,17.290084,0.7564150000000001,0.7854
1945.3541155,17.300084,0.7778565,0.7854
3539.5041155,17.300084,0.7919149999999999,0.7854
3539.490057,17.300084,0.8059734999999999,0.7854
3539.4734850000004,17.310084,0.8225449999999999,0.785
3539.4672800000003,17.310084,0.8287494999999998,0.7
3539.461075,17.310084,0.8349539999999998,0.0
3535.711075,17.340084,0.8181464999999998,0.7854
2318.961075,17.340084,0.8013389999999998,0.7854
2318.9741905,17.350084,0.7894794999999999,0.7854
2318.9965745000004,17.350084,0.7670954999999999,0.785
2297.3459465,17.350084,0.7385069999999999,0.0
2297.720657,17.370084,0.7186364999999999,0.7854
2745.3959465000003,17.380084,0.6978234999999998,0.7854
2745.4257125000004,17.380084,0.6770104999999998,0.7854
2745.2212360000003,17.380084,0.6711199999999998,0.78
2548.8684085000004,17.390084,0.6719834999999998,0.0
2549.516445,17.410084,0.6718259999999998,0.7854
2730.1684085,17.410084,0.6716684999999999,0.7854
2730.1685655,17.410084,0.6715109999999999,0.7854
2729.816995,17.420088,0.6927949999999998,0.7
2700.566995,17.440084,0.7136864999999999,0.7854
666.3675445000001,17.440084,0.734578,0.7854
666.3465745000001,17.450064,0.7555479999999999,0.785
666.3281180000001,17.450064,0.7740049999999999,0.0
666.6102895000001,17.470056,0.7924619999999999,0.7854
729.3924610000001,17.470056,0.8109189999999998,0.7854
729.3930890000001,17.480056,0.8158669999999998,0.7854
697.3924610000001,17.480056,0.8208149999999999,0.78
697.3912050000001,17.480056,0.8208149999999999,0.0
700.1918330000001,17.500056,0.8208149999999999,0.7854
762.9924610000002,17.51006,0.8208149999999999,0.7854
762.5918330000001,17.51006,0.8160239999999999,0.7854
314.941205,17.51006,0.8121754999999999,0.7
327.7367285,17.540056,0.8083269999999999,0.7854
327.74183300000004,17.540056,0.8044785,0.7854
327.7440325,17.540056,0.8022794999999999,0.785
327.09340449999996,17.55006,0.8011014999999999,0.0
146.7434045,17.57006,0.7999235,0.7854
209.545211,17.57006,0.7987455,0.7854
209.54740950000001,17.57006,0.797803,0.7854
204.59678150000002,17.580056,0.7978814999999999,0.78
204.59560399999998,17.580056,0.7979599999999999,0.0
207.39623200000003,17.60006,0.7979599999999999,0.7854
270.19685999999996,17.60006,0.7979599999999999,0.7854
269.896232,17.61006,0.7979599999999999,0.7854
207.095604,17.61006,0.7979599999999999,0.7
219.894976,17.63006,0.7979599999999999,0.7854
219.89623200000003,17.640064,0.7979599999999999,0.7854
219.89623200000003,17.640064,0.7979599999999999,0.785
217.095604,17.640064,0.7979599999999999,0.0
154.59560400000004,17.66006,0.7979599999999999,0.7854
217.39623200000003,17.67006,0.7979599999999999,0.7854
217.39748800000004,17.67006,0.7979599999999999,0.7854
204.59686000000002,17.67006,0.7979599999999999,0.78
204.595604,17.67006,0.7979599999999999,0.0
207.39623200000003,17.70006,0.7979599999999999,0.7854
270.19686,17.70006,0.7979599999999999,0.7854
269.896232,17.70006,0.7979599999999999,0.7854
207.095604,17.70006,0.7979599999999999,0.7
219.894976,17.73006,0.7979599999999999,0.7854
219.89623200000003,17.73006,0.7979599999999999,0.7854
219.89623200000003,17.73006,0.7979599999999999,0.785
217.095604,17.74006,0.7979599999999999,0.0
154.595604,17.760064,0.7979599999999999,0.7854
217.39623200000003,17.760064,0.7979599999999999,0.7854
217.39748799999998,17.760064,0.7979599999999999,0.7854
204.59686,17.77006,0.7979599999999999,0.78
204.595604,17.77006,0.7979599999999999,0.0
207.39623200000003,17.79006,0.7979599999999999,0.7854
270.19686,17.79006,0.7979599999999999,0.7854
269.896232,17.800056,0.7979599999999999,0.7854
207.095604,17.800056,0.7979599999999999,0.7
219.89497599999996,17.82006,0.7979599999999999,0.7854
219.89623199999997,17.83006,0.7979599999999999,0.7854
219.89623199999997,17.83006,0.7979599999999999,0.785
217.095604,17.83006,0.7979599999999999,0.0
154.59560399999998,17.85006,0.7979599999999999,0.7854
217.39623199999997,17.86006,0.7979599999999999,0.7854
217.39748799999998,17.86006,0.7979599999999999,0.7854
204.59686,17.86006,0.7979599999999999,0.78
204.59560399999998,17.87006,0.7979599999999999,0.0
207.39623199999997,17.89006,0.7979599999999999,0.7854
270.19685999999996,17.89006,0.7979599999999999,0.7854
269.896232,17.89006,0.7979599999999999,0.7854
207.095604,17.90006,0.7979599999999999,0.7
219.894976,17.920056,0.7979599999999999,0.7854
219.89623200000003,17.920056,0.7979599999999999,0.7854
219.89623200000003,17.930064,0.7979599999999999,0.785
217.095604,17.930064,0.7979599999999999,0.0
154.59560400000004,17.95006,0.7979599999999999,0.7854
217.39623200000003,17.95006,0.7979599999999999,0.7854
217.39748800000004,17.96006,0.7979599999999999,0.7854
204.59686000000002,17.96006,0.7979599999999999,0.78
204.595604,17.96006,0.7979599999999999,0.0
207.39623200000003,17.98006,0.7979599999999999,0.7854
270.19686,17.99006,0.7979599999999999,0.7854
269.896232,17.99006,0.7979599999999999,0.7854
207.095604,17.99006,0.7979599999999999,0.7
219.894976,18.02006,0.7979599999999999,0.7854
219.89623200000003,18.02006,0.7979599999999999,0.7854
219.89623200000003,18.02006,0.7979599999999999,0.785
217.095604,18.02006,0.7979599999999999,0.0
154.595604,18.050056,0.7979599999999999,0.7854
217.39623200000003,18.050056,0.7979599999999999,0.7854
217.39748799999998,18.050056,0.7979599999999999,0.7854
204.59686,18.050056,0.7979599999999999,0.78
204.595604,18.060064,0.7979599999999999,0.0
207.39623200000003,18.08006,0.7979599999999999,0.7854
270.19685999999996,18.08006,0.7979599999999999,0.7854
269.896232,18.08006,0.7979599999999999,0.7854
207.09560399999998,18.090056,0.7979599999999999,0.7
219.89497599999996,18.110056,0.7979599999999999,0.7854
219.89623199999997,18.110056,0.7979599999999999,0.7854
219.89623199999997,18.120056,0.7979599999999999,0.785
217.09560399999998,18.120056,0.7979599999999999,0.0
154.59560399999998,18.140056,0.7979599999999999,0.7854
217.39623199999997,18.140056,0.7979599999999999,0.7854
217.39748799999998,18.15006,0.7979599999999999,0.7854
204.59686,18.15006,0.7979599999999999,0.78
204.59560399999998,18.15006,0.7979599999999999,0.0
207.39623199999997,18.17006,0.7979599999999999,0.7854
270.19685999999996,18.180056,0.7979599999999999,0.7854
269.896232,18.180056,0.7979599999999999,0.7854
207.095604,18.180056,0.7979599999999999,0.7
219.894976,18.21006,0.7979599999999999,0.7854
219.89623200000003,18.21006,0.7979599999999999,0.7854
219.89623200000003,18.21006,0.7979599999999999,0.785
217.095604,18.22006,0.7979599999999999,0.0
154.595604,18.240064,0.7979599999999999,0.7854
217.39623200000003,18.240064,0.7979599999999999,0.7854
217.39748799999998,18.240064,0.7979599999999999,0.7854
204.59686000000002,18.25006,0.7979599999999999,0.78
204.595604,18.25006,0.7979599999999999,0.0
207.39623200000003,18.27006,0.7979599999999999,0.7854
270.19686,18.27006,0.7979599999999999,0.7854
269.896232,18.280064,0.7979599999999999,0.7854
207.095604,18.280064,0.7979599999999999,0.7
219.894976,18.300064,0.7979599999999999,0.7854
219.89623200000003,18.31006,0.7979599999999999,0.7854
219.89623200000003,18.31006,0.7979599999999999,0.785
217.095604,18.31006,0.7979599999999999,0.0
154.595604,18.330056,0.7979599999999999,0.7854
217.39623200000003,18.340056,0.7979599999999999,0.7854
217.39748799999998,18.340056,0.7979599999999999,0.7854
204.59686,18.340056,0.7979599999999999,0.78
204.595604,18.340056,0.7979599999999999,0.0
207.39623200000003,18.37006,0.7979599999999999,0.7854
270.19685999999996,18.37006,0.7979599999999999,0.7854
269.896232,18.37006,0.7979599999999999,0.7854
207.09560399999998,18.37006,0.7979599999999999,0.7
219.89497599999996,18.400064,0.7979599999999999,0.7854
219.89623199999997,18.400064,0.7979599999999999,0.7854
219.89623199999997,18.400064,0.7979599999999999,0.785
217.09560399999998,18.41006,0.7979599999999999,0.0
154.59560399999998,18.43006,0.7979599999999999,0.7854
217.39623199999997,18.43006,0.7979599999999999,0.7854
217.39748799999998,18.43006,0.7979599999999999,0.7854
204.59686,18.440056,0.7979599999999999,0.78
204.59560399999998,18.440056,0.7979599999999999,0.0
207.39623199999997,18.46006,0.7979599999999999,0.7854
270.19685999999996,18.46006,0.7979599999999999,0.7854
269.896232,18.47006,0.7979599999999999,0.7854
207.095604,18.47006,0.7979599999999999,0.7
219.894976,18.490064,0.7979599999999999,0.7854
219.89623200000003,18.50006,0.7979599999999999,0.7854
219.89623200000003,18.50006,0.7979599999999999,0.785
217.095604,18.50006,0.7979599999999999,0.0
154.595604,18.52006,0.7979599999999999,0.7854
217.39623200000003,18.530064,0.7979599999999999,0.7854
217.39748799999998,18.530064,0.7979599999999999,0.7854
204.59686,18.530064,0.7979599999999999,0.78
204.595604,18.54006,0.7979599999999999,0.0
207.39623200000003,18.560056,0.7979599999999999,0.7854
270.19685999999996,18.560056,0.7979599999999999,0.7854
269.896232,18.560056,0.7979599999999999,0.7854
207.09560399999998,18.570064,0.7979599999999999,0.7
219.894976,18.59006,0.7979599999999999,0.7854
219.89623200000003,18.59006,0.7979599999999999,0.7854
219.89623200000003,18.60006,0.7979599999999999,0.785
217.09560399999998,18.60006,0.7979599999999999,0.0
154.59560399999998,18.62006,0.7979599999999999,0.7854
217.39623199999997,18.62006,0.7979599999999999,0.7854
217.39748799999998,18.63006,0.7979599999999999,0.7854
204.59686,18.63006,0.7979599999999999,0.78
204.595604,18.63006,0.7979599999999999,0.0
207.39623199999997,18.65006,0.7979599999999999,0.7854
270.19685999999996,18.660064,0.7979599999999999,0.7854
269.896232,18.660064,0.7979599999999999,0.7854
207.095604,18.660064,0.7979599999999999,0.7
219.894976,18.69006,0.7979599999999999,0.7854
219.89623200000003,18.69006,0.7979599999999999,0.7854
219.89623200000003,18.69006,0.7979599999999999,0.785
217.095604,18.69006,0.7979599999999999,0.0
154.59560400000007,18.720056,0.7979599999999999,0.7854
217.39623200000003,18.720056,0.7979599999999999,0.7854
217.39748800000004,18.720056,0.7979599999999999,0.7854
204.59686000000002,18.720056,0.7979599999999999,0.78
204.595604,18.730056,0.7979599999999999,0.0
207.39623200000003,18.750056,0.7979599999999999,0.7854
270.19686,18.750056,0.7979599999999999,0.7854
269.896232,18.750056,0.7979599999999999,0.7854
207.095604,18.760056,0.7979599999999999,0.7
219.894976,18.780056,0.7979599999999999,0.7854
219.89623200000003,18.780056,0.7979599999999999,0.7854
219.89623200000003,18.79006,0.7979599999999999,0.785
217.095604,18.79006,0.7979599999999999,0.0
154.595604,18.81006,0.7979599999999999,0.7854
217.39623199999997,18.81006,0.7979599999999999,0.7854
217.39748799999998,18.820056,0.7979599999999999,0.7854
204.59686,18.820056,0.7979599999999999,0.78
204.595604,18.820056,0.7979599999999999,0.0
207.39623199999997,18.84006,0.7979599999999999,0.7854
270.19685999999996,18.85006,0.7979599999999999,0.7854
269.896232,18.85006,0.7979599999999999,0.7854
207.09560399999998,18.85006,0.7979599999999999,0.7
219.89497599999996,18.88006,0.7979599999999999,0.7854
219.89623199999997,18.88006,0.7979599999999999,0.7854
219.89623199999997,18.88006,0.7979599999999999,0.785
217.09560399999998,18.89006,0.7979599999999999,0.0
154.59560399999998,18.910056,0.7979599999999999,0.7854
217.39623199999997,18.910056,0.7979599999999999,0.7854
217.39748799999998,18.910056,0.7979599999999999,0.7854
204.59686,18.92006,0.7979599999999999,0.78
204.595604,18.92006,0.7979599999999999,0.0
207.39623200000003,18.94006,0.7979599999999999,0.7854
270.19685999999996,18.94006,0.7979599999999999,0.7854
269.896232,18.95006,0.7979599999999999,0.7854
207.095604,18.95006,0.7979599999999999,0.7
219.894976,18.97006,0.7979599999999999,0.7854
219.89623200000003,18.98006,0.7979599999999999,0.7854
219.89623200000003,18.98006,0.7979599999999999,0.785
217.095604,18.98006,0.7979599999999999,0.0
156.64560400000005,19.010076,0.7996879999999998,2.61799
583.9962320000001,19.010076,0.8014159999999999,2.61799
584.0297720000001,19.02008,0.8031440000000001,2.61799
571.3126840000001,19.02008,0.8112335,2.6179
571.3949680000002,19.02008,0.819323,2.61
571.4785080000001,19.02008,0.8274125,2.0
576.3291360000002,19.06008,0.8907155,2.61799
576.0568345000002,19.06008,0.9540185,2.61799
513.2845330000002,19.06008,1.0173215,2.61799
513.2927540000003,19.070084,1.0994739999999998,2.61799
513.3022310000002,19.070084,1.1816265,2.61799
513.3117080000003,19.070084,1.263779,2.61799
510.5205570000003,19.070084,1.3459314999999998,2.61799
447.7110275000002,19.080084,1.4464624999999998,2.61799
447.70212600000025,19.080084,1.5469934999999995,2.61799
447.6932245000002,19.080084,1.6475244999999994,2.61799
434.8677515000002,19.090084,1.7639989999999994,2.61799
434.84165050000024,19.090084,1.8804734999999995,2.61799
434.8168055000002,19.090084,1.9969479999999995,2.61799
434.78175050000027,19.100084,2.1236329999999994,2.61799
432.39606750000024,19.100084,2.2485899999999996,2.61799
5.010384500000001,19.100084,2.373547,2.617
4.9391975000000015,19.110084,2.5010955,2.0
5.056285500000001,19.130088,2.6103445,2.61799
138.6733735,19.130088,2.7195935,2.61799
138.6167985,19.130088,2.8288425000000004,2.61799
133.75051449999998,19.140084,2.872825,2.61
133.706532,19.140084,2.9168075,2.0
134.3788335,19.160084,2.938249,2.61799
273.2699845,19.170084,2.9307095,2.61799
273.27752449999997,19.170084,2.9231700000000003,2.61799
273.28506450000003,19.170084,2.9156305000000002,2.6179
273.29959449999996,19.180116,2.901101,2.61
273.33250300000003,19.180116,2.8681929999999998,2.0
274.2920325,19.210084,2.840704,2.61799
570.2515619999999,19.210084,2.813215,2.61799
570.2887114999999,19.220084,2.776066,2.61799
570.325861,19.220084,2.7389170000000003,2.6179
570.3630105,19.220084,2.701768,2.61
570.4036155,19.230084,2.6611625,2.0
570.7392985,19.250084,2.631867,2.61799
709.5749815000001,19.250084,2.6025715000000003,2.61799
709.6217650000001,19.260084,2.5728050000000002,2.61799
709.4132565000001,19.260084,2.5549765000000004,2.61
575.7047480000001,19.260084,2.537148,2.0
575.8784110000001,19.280088,2.5169634999999997,2.61799
924.0946950000002,19.290088,2.5041615,2.61799
924.1074970000002,19.290088,2.4913594999999997,2.6179
923.4040150000001,19.290088,2.5010985,2.6
784.7540150000002,19.320084,2.515,2.61799
833.487626,19.320084,2.5289015,2.61799
1082.2212369999997,19.320084,2.5428029999999997,2.61799
1082.2005809999998,19.330064,2.563459,2.61799
1082.179925,19.330064,2.5841149999999997,2.617
1081.232648,19.330064,2.5993519999999997,2.6
785.2852925000002,19.340084,2.6146674999999995,2.0
785.2736160000002,19.370064,2.6253484999999994,2.61799
834.7619394999998,19.370064,2.6360294999999994,2.61799
934.2502629999999,19.370064,2.6467104999999993,2.61799
934.2463359999998,19.370064,2.6506374999999993,2.61799
933.9473309999998,19.380056,2.6432544999999994,2.617
795.148326,19.380056,2.635871499999999,2.6
795.1408125,19.380056,2.6263679999999994,2.0
795.149321,19.410056,2.6168644999999993,2.61799
844.6578294999998,19.410056,2.607360999999999,2.61799
943.9578294999998,19.420056,2.6002134999999993,2.61799
595.7588245,19.420056,2.5957364999999992,2.61799
595.7633014999999,19.420056,2.5912594999999996,2.617
595.7677784999998,19.43006,2.5867824999999995,2.6
595.5187734999998,19.43006,2.5882744999999994,2.0
546.7687735,19.460056,2.5897664999999996,2.61799
347.5187735,19.460056,2.5912584999999995,2.61799
447.0160504999999,19.460056,2.592986,2.61799
447.01432249999993,19.47006,2.5947134999999997,2.61799
447.0125944999999,19.47006,2.5964409999999996,2.617
447.01094499999994,19.47006,2.5980899999999996,2.6
447.01193999999987,19.48006,2.5980899999999996,2.0
397.5119400000001,19.50006,2.5980899999999996,2.61799
347.51194,19.510064,2.5980899999999996,2.61799
447.0109449999998,19.510064,2.5980899999999996,2.61799
447.0109449999998,19.510064,2.5980899999999996,2.61799
447.0109449999998,19.52006,2.5980899999999996,2.617
447.0109449999998,19.52006,2.5980899999999996,2.6
447.01193999999987,19.52006,2.5980899999999996,2.0
397.5119400000001,19.550056,2.5980899999999996,2.61799
347.5119400000001,19.550056,2.5980899999999996,2.61799
447.01094499999994,19.56006,2.5980899999999996,2.61799
447.01094499999994,19.56006,2.5980899999999996,2.61799
447.01094499999994,19.56006,2.5980899999999996,2.617
447.01094499999994,19.57006,2.5980899999999996,2.6
447.01194,19.57006,2.5980899999999996,2.0
397.5119400000001,19.60006,2.5980899999999996,2.61799
347.51194000000004,19.60006,2.5980899999999996,2.61799
447.01094499999994,19.60006,2.5980899999999996,2.61799
447.01094499999994,19.61006,2.5980899999999996,2.61799
447.01094499999994,19.61006,2.5980899999999996,2.617
447.01094499999994,19.61006,2.5980899999999996,2.6
447.01194,19.62006,2.5980899999999996,2.0
397.5119400000001,19.640064,2.5980899999999996,2.61799
347.51194,19.650064,2.5980899999999996,2.61799
447.01094499999994,19.650064,2.5980899999999996,2.61799
447.01094499999994,19.650064,2.5980899999999996,2.61799
447.01094499999994,19.66006,2.5980899999999996,2.617
447.01094499999994,19.66006,2.5980899999999996,2.6
447.01194,19.66006,2.5980899999999996,2.0
397.5119400000001,19.690056,2.5980899999999996,2.61799
347.5119400000001,19.690056,2.5980899999999996,2.61799
447.010945,19.700056,2.5980899999999996,2.61799
447.010945,19.700056,2.5980899999999996,2.61799
447.010945,19.700056,2.5980899999999996,2.617
447.010945,19.710056,2.5980899999999996,2.6
447.01194,19.710056,2.5980899999999996,2.0
397.5119400000001,19.74006,2.5980899999999996,2.61799
347.51194,19.74006,2.5980899999999996,2.61799
447.010945,19.74006,2.5980899999999996,2.61799
447.010945,19.75006,2.5980899999999996,2.61799
447.010945,19.75006,2.5980899999999996,2.617
447.010945,19.75006,2.5980899999999996,2.6
447.01194,19.75006,2.5980899999999996,2.0
397.5119400000001,19.78006,2.5980899999999996,2.61799
347.51194,19.79006,2.5980899999999996,2.61799
447.010945,19.79006,2.5980899999999996,2.61799
447.010945,19.79006,2.5980899999999996,2.61799
447.010945,19.80006,2.5980899999999996,2.617
447.010945,19.80006,2.5980899999999996,2.6
447.01194,19.80006,2.5980899999999996,2.0
397.5119400000001,19.83006,2.5980899999999996,2.61799
347.5119400000001,19.83006,2.5980899999999996,2.61799
447.010945,19.84006,2.5980899999999996,2.61799
447.010945,19.84006,2.5980899999999996,2.61799
447.010945,19.84006,2.5980899999999996,2.617
447.010945,19.84006,2.5980899999999996,2.6
447.01194,19.850056,2.5980899999999996,2.0
397.5119400000001,19.880056,2.5980899999999996,2.61799
347.51194,19.880056,2.5980899999999996,2.61799
447.010945,19.880056,2.5980899999999996,2.61799
447.010945,19.890056,2.5980899999999996,2.61799
447.010945,19.890056,2.5980899999999996,2.617
447.010945,19.890056,2.5980899999999996,2.6
447.01194,19.890056,2.5980899999999996,2.0
397.51194000000004,19.92006,2.5980899999999996,2.61799
347.5119399999999,19.93006,2.5980899999999996,2.61799
447.010945,19.93006,2.5980899999999996,2.61799
447.010945,19.93006,2.5980899999999996,2.61799
447.010945,19.940064,2.5980899999999996,2.617
447.010945,19.940064,2.5980899999999996,2.6
447.01194,19.940064,2.5980899999999996,2.0
397.51194000000004,19.97006,2.5980899999999996,2.61799
347.51194000000004,19.97006,2.5980899999999996,2.61799
447.010945,19.980056,2.5980899999999996,2.61799
447.010945,19.980056,2.5980899999999996,2.61799
447.010945,19.980056,2.5980899999999996,2.617
447.010945,19.980056,2.5980899999999996,2.6
447.01194,19.990056,2.5980899999999996,2.0
397.5119400000001,20.020056,2.5980899999999996,2.61799
347.51194,20.020056,2.5980899999999996,2.61799
447.010945,20.020056,2.5980899999999996,2.61799
447.010945,20.030056,2.5980899999999996,2.61799
447.010945,20.030056,2.5980899999999996,2.617
447.010945,20.030056,2.5980899999999996,2.6
447.01194,20.030056,2.5980899999999996,2.0
397.51194000000004,20.060056,2.5980899999999996,2.61799
347.5119399999999,20.070064,2.5980899999999996,2.61799
447.010945,20.070064,2.5980899999999996,2.61799
447.010945,20.070064,2.5980899999999996,2.61799
447.010945,20.070064,2.5980899999999996,2.617
447.010945,20.080064,2.5980899999999996,2.6
447.01194,20.080064,2.5980899999999996,2.0
397.51194000000004,20.110064,2.5980899999999996,2.61799
347.51194000000004,20.110064,2.5980899999999996,2.61799
447.0109450000001,20.120064,2.5980899999999996,2.61799
447.0109450000001,20.120064,2.5980899999999996,2.61799
447.0109450000001,20.120064,2.5980899999999996,2.617
447.0109450000001,20.120064,2.5980899999999996,2.6
447.01194000000015,20.13006,2.5980899999999996,2.0
397.51194000000004,20.160056,2.5980899999999996,2.61799
347.51194000000004,20.160056,2.5980899999999996,2.61799
447.0109450000001,20.160056,2.5980899999999996,2.61799
447.0109450000001,20.160056,2.5980899999999996,2.61799
447.0109450000001,20.170056,2.5980899999999996,2.617
447.0109450000001,20.170056,2.5980899999999996,2.6
447.01194000000015,20.170056,2.5980899999999996,2.0
397.5119400000001,20.200064,2.5980899999999996,2.61799
347.5119400000001,20.21006,2.5980899999999996,2.61799
447.0109450000001,20.21006,2.5980899999999996,2.61799
447.0109450000001,20.21006,2.5980899999999996,2.61799
447.0109450000001,20.21006,2.5980899999999996,2.617
447.0109450000001,20.22006,2.5980899999999996,2.6
447.01194000000015,20.22006,2.5980899999999996,2.0
397.5119400000001,20.25006,2.5980899999999996,2.61799
347.51194000000004,20.25006,2.5980899999999996,2.61799
447.01094499999994,20.25006,2.5980899999999996,2.61799
447.01094499999994,20.26006,2.5980899999999996,2.61799
447.01094499999994,20.26006,2.5980899999999996,2.617
447.01094499999994,20.26006,2.5980899999999996,2.6
447.01193999999987,20.27006,2.5980899999999996,2.0
397.5119400000001,20.30006,2.5980899999999996,2.61799
347.51194,20.30006,2.5980899999999996,2.61799
447.0109449999998,20.30006,2.5980899999999996,2.61799
447.0109449999998,20.30006,2.5980899999999996,2.61799
447.0109449999998,20.31006,2.5980899999999996,2.617
447.0109449999998,20.31006,2.5980899999999996,2.6
447.01193999999987,20.31006,2.5980899999999996,2.0
397.5119400000001,20.340056,2.5980899999999996,2.61799
347.5119400000001,20.350056,2.5980899999999996,2.61799
447.01094499999994,20.350056,2.5980899999999996,2.61799
447.01094499999994,20.350056,2.5980899999999996,2.61799
447.01094499999994,20.350056,2.5980899999999996,2.617
447.01094499999994,20.360056,2.5980899999999996,2.6
447.01193999999987,20.360056,2.5980899999999996,2.0
397.5119400000001,20.39006,2.5980899999999996,2.61799
347.51194000000004,20.39006,2.5980899999999996,2.61799
447.01094499999994,20.39006,2.5980899999999996,2.61799
447.01094499999994,20.40006,2.5980899999999996,2.61799
447.01094499999994,20.40006,2.5980899999999996,2.617
447.01094499999994,20.40006,2.5980899999999996,2.6
447.01193999999987,20.410064,2.5980899999999996,2.0
397.5119400000001,20.44006,2.5980899999999996,2.61799
347.51194,20.44006,2.5980899999999996,2.61799
447.0109449999998,20.44006,2.5980899999999996,2.61799
447.0109449999998,20.44006,2.5980899999999996,2.61799
447.0109449999998,20.450064,2.5980899999999996,2.617
447.0109449999998,20.450064,2.5980899999999996,2.6
447.01193999999987,20.450064,2.5980899999999996,2.0
397.5119400000001,20.48006,2.5980899999999996,2.61799
347.5119400000001,20.48006,2.5980899999999996,2.61799
447.01094499999994,20.490056,2.5980899999999996,2.61799
447.01094499999994,20.490056,2.5980899999999996,2.61799
447.01094499999994,20.490056,2.5980899999999996,2.617
447.01094499999994,20.500056,2.5980899999999996,2.6
447.01194,20.500056,2.5980899999999996,2.0
397.5119400000001,20.530056,2.5980899999999996,2.61799
347.51194000000004,20.530056,2.5980899999999996,2.61799
447.01094499999994,20.530056,2.5980899999999996,2.61799
447.01094499999994,20.540064,2.5980899999999996,2.61799
447.01094499999994,20.540064,2.5980899999999996,2.617
447.01094499999994,20.540064,2.5980899999999996,2.6
447.01194,20.55006,2.5980899999999996,2.0
397.5119400000001,20.57006,2.5980899999999996,2.61799
347.51194,20.580064,2.5980899999999996,2.61799
447.01094499999994,20.580064,2.5980899999999996,2.61799
447.01094499999994,20.580064,2.5980899999999996,2.61799
447.01094499999994,20.590064,2.5980899999999996,2.617
447.01094499999994,20.590064,2.5980899999999996,2.6
447.01194,20.590064,2.5980899999999996,2.0
397.5119400000001,20.620056,2.5980899999999996,2.61799
347.5119400000001,20.620056,2.5980899999999996,2.61799
447.010945,20.630056,2.5980899999999996,2.61799
447.010945,20.630056,2.5980899999999996,2.61799
447.010945,20.630056,2.5980899999999996,2.617
447.010945,20.640056,2.5980899999999996,2.6
447.01194,20.640056,2.5980899999999996,2.0
397.5119400000001,20.670056,2.5980899999999996,2.61799
347.51194,20.670056,2.5980899999999996,2.61799
447.010945,20.670056,2.5980899999999996,2.61799
447.010945,20.680056,2.5980899999999996,2.61799
447.010945,20.680056,2.5980899999999996,2.617
447.010945,20.680056,2.5980899999999996,2.6
447.01194,20.690056,2.5980899999999996,2.0
397.5119400000001,20.710064,2.5980899999999996,2.61799
347.51194,20.720064,2.5980899999999996,2.61799
447.010945,20.720064,2.5980899999999996,2.61799
447.010945,20.720064,2.5980899999999996,2.61799
447.010945,20.73006,2.5980899999999996,2.617
447.010945,20.73006,2.5980899999999996,2.6
447.01194,20.73006,2.5980899999999996,2.0
397.5119400000001,20.760064,2.5980899999999996,2.61799
347.5119400000001,20.760064,2.5980899999999996,2.61799
447.010945,20.77006,2.5980899999999996,2.61799
447.010945,20.77006,2.5980899999999996,2.61799
447.010945,20.77006,2.5980899999999996,2.617
447.010945,20.78006,2.5980899999999996,2.6
447.01194,20.78006,2.5980899999999996,2.0
397.5119400000001,20.810056,2.5980899999999996,2.61799
347.51194,20.810056,2.5980899999999996,2.61799
447.010945,20.810056,2.5980899999999996,2.61799
447.010945,20.820056,2.5980899999999996,2.61799
447.010945,20.820056,2.5980899999999996,2.617
447.010945,20.820056,2.5980899999999996,2.6
447.01194,20.820056,2.5980899999999996,2.0
397.51194000000004,20.85006,2.5980899999999996,2.61799
347.5119399999999,20.86006,2.5980899999999996,2.61799
447.010945,20.86006,2.5980899999999996,2.61799
447.010945,20.86006,2.5980899999999996,2.61799
447.010945,20.870056,2.5980899999999996,2.617
447.010945,20.870056,2.5980899999999996,2.6
447.01194,20.870056,2.5980899999999996,2.0
397.51194000000004,20.90006,2.5980899999999996,2.61799
347.51194000000004,20.90006,2.5980899999999996,2.61799
447.010945,20.91006,2.5980899999999996,2.61799
447.010945,20.91006,2.5980899999999996,2.61799
447.010945,20.91006,2.5980899999999996,2.617
447.010945,20.91006,2.5980899999999996,2.6
447.01194,20.920064,2.5980899999999996,2.0
397.5119400000001,20.95006,2.5980899999999996,2.61799
347.51194,20.95006,2.5980899999999996,2.61799
447.010945,20.95006,2.5980899999999996,2.61799
447.010945,20.960056,2.5980899999999996,2.61799
447.010945,20.960056,2.5980899999999996,2.617
447.010945,20.960056,2.5980899999999996,2.6
447.01194,20.960056,2.5980899999999996,2.0
397.51194000000004,20.990056,2.5980899999999996,2.61799
319.5119399999999,21.000056,2.5980899999999996,4.71239
891.0109449999999,21.000056,2.5980899999999996,4.71239
891.1156649999998,21.000056,2.5980899999999996,4.71239
891.2186569999999,21.01008,2.5998179999999995,4.712
891.321649,21.01008,2.6015459999999995,4.7
891.4256359999998,21.01008,2.6032739999999994,4.0
842.2256359999998,21.040084,2.6349254999999996,4.71239
746.8256359999998,21.050084,2.6665769999999993,4.71239
1550.924641,21.050084,2.714250999999999,4.71239
1550.981687,21.050084,2.7619249999999993,4.71239
1551.038733,21.050084,2.809598999999999,4.712
1551.0770865,21.060084,2.8759654999999995,4.7
1551.116435,21.060084,2.942331999999999,4.0
1533.666435,21.090084,3.0673674999999996,4.71239
1434.1857555,21.090084,3.192402999999999,4.71239
1434.16544,21.090084,3.3174384999999997,4.712
1434.1322440000001,21.100084,3.4553545000000003,4.0
1434.2312490000002,21.120088,3.5964905000000003,4.71239
1476.3302540000002,21.120088,3.7376265000000006,4.71239
1476.365675,21.120088,3.8787625000000006,4.71239
1454.8369295000002,21.130092,4.013223000000001,4.71
883.3081840000001,21.130092,4.147683500000001,4.0
887.1524690000001,21.150084,4.261488000000001,4.71239
1091.298482,21.150084,4.3735645000000005,4.71239
1091.1965375,21.160084,4.475509000000001,4.71239
1091.094593,21.160084,4.5774535,4.7123
1090.7966355,21.160084,4.649474499999999,4.71
1086.7064535000002,21.170084,4.7137199999999995,4.0
286.30645350000003,21.20008,4.756523999999999,4.71239
309.9484125000001,21.20008,4.799328,4.71239
309.9056085000001,21.20008,4.842131999999999,4.71239
309.8790625000001,21.21008,4.868678,4.7123
309.8525165000001,21.21008,4.895223999999999,4.71
277.81531900000004,21.21008,4.863101,4.0
315.49599850000004,21.250084,4.847157500000001,4.71239
315.5186960000001,21.250084,4.831214,4.71239
315.5475200000001,21.250084,4.80239,4.712
315.44414300000005,21.250084,4.770345999999999,4.0
273.49414300000007,21.280084,4.7412865,4.71239
409.60872200000017,21.280084,4.712226999999999,4.71239
409.6438289999999,21.280084,4.689842999999999,4.71239
409.6662129999999,21.280084,4.667458999999998,4.71
405.71197200000006,21.290084,4.663610499999999,4.0
201.45773099999997,21.290084,4.659762,4.71239
201.453961,21.300084,4.663531999999999,4.71239
201.45019100000002,21.300084,4.667301999999999,4.71239
201.44642100000002,21.300084,4.671072,4.71239
201.43683900000002,21.310084,4.680654,4.71239
197.73707500000003,21.310084,4.6956549999999995,4.71239
174.03731100000005,21.310084,4.710656,4.71239
174.02231000000003,21.310084,4.725657,4.71239
174.01076450000002,21.320084,4.7372024999999995,4.71239
173.99921900000004,21.320084,4.748747999999999,4.71239
173.98767350000003,21.320084,4.760293499999999,4.71239
136.28924450000002,21.330064,4.7553455,4.71239
136.2874385,21.330064,4.7503975,4.71239
136.29238650000002,21.330064,4.745449499999999,4.71239
136.2973345,21.34006,4.7405015,4.71239
136.14890550000004,21.34006,4.732569,4.71239
0.00047650000000000047,21.34006,4.7246365,4.71239
2.094115,21.36006,4.716704,4.71239
159.20047650000004,21.36006,4.7087715,4.71239
159.20628850000003,21.36006,4.7029595,4.71239
159.21210050000002,21.370056,4.6971475,4.7123
159.215399,21.370056,4.693849,4.71
159.21869749999996,21.370056,4.6905505000000005,4.0
161.32042499999997,21.400064,4.687252000000001,4.71239
318.42018899999994,21.410064,4.685917000000002,4.71239
318.421524,21.410064,4.684582000000002,4.71239
318.422859,21.410064,4.683247000000001,4.7123
318.424194,21.420064,4.681912000000001,4.71
318.424508,21.420064,4.681598000000001,4.0
320.523251,21.450056,4.6812840000000016,4.71239
477.62199400000003,21.450056,4.680970000000001,4.71239
477.62199400000003,21.460056,4.680970000000001,4.71239
477.62199400000003,21.460056,4.680970000000001,4.7123
477.62199400000003,21.460056,4.680970000000001,4.71
477.62199400000003,21.470056,4.680970000000001,4.0
479.72042300000004,21.500064,4.680970000000001,4.71239
636.8188519999999,21.500064,4.680970000000001,4.71239
634.7204229999999,21.500064,4.680970000000001,4.71239
477.6219940000001,21.510064,4.680970000000001,4.7123
477.6219940000001,21.510064,4.680970000000001,4.71
477.6219940000001,21.510064,4.680970000000001,4.0
479.72042300000004,21.540056,4.680970000000001,4.71239
636.818852,21.550056,4.680970000000001,4.71239
634.720423,21.550056,4.680970000000001,4.71239
477.6219939999999,21.550056,4.680970000000001,4.7123
477.6219939999999,21.560064,4.680970000000001,4.71
477.6219939999999,21.560064,4.680970000000001,4.0
479.720423,21.590064,4.680970000000001,4.71239
636.8188519999999,21.590064,4.680970000000001,4.71239
634.7204229999999,21.600056,4.680970000000001,4.71239
477.6219939999999,21.600056,4.680970000000001,4.7123
477.6219939999999,21.600056,4.680970000000001,4.71
477.6219939999999,21.610056,4.680970000000001,4.0
479.720423,21.640056,4.680970000000001,4.71239
636.8188519999999,21.640056,4.680970000000001,4.71239
634.7204229999998,21.640056,4.680970000000001,4.71239
477.62199400000003,21.650064,4.680970000000001,4.7123
477.62199400000003,21.650064,4.680970000000001,4.71
477.62199400000003,21.650064,4.680970000000001,4.0
479.720423,21.680056,4.680970000000001,4.71239
636.818852,21.690064,4.680970000000001,4.71239
634.720423,21.690064,4.680970000000001,4.71239
477.6219939999999,21.690064,4.680970000000001,4.7123
477.6219939999999,21.700064,4.680970000000001,4.71
477.6219939999999,21.700064,4.680970000000001,4.0
479.72042299999987,21.730056,4.680970000000001,4.71239
636.8188519999999,21.730056,4.680970000000001,4.71239
634.7204229999998,21.740056,4.680970000000001,4.71239
477.6219939999999,21.740056,4.680970000000001,4.7123
477.6219939999999,21.740056,4.680970000000001,4.71
477.6219939999999,21.750056,4.680970000000001,4.0
479.72042299999987,21.780064,4.680970000000001,4.71239
636.8188519999998,21.780064,4.680970000000001,4.71239
634.7204229999998,21.780064,4.680970000000001,4.71239
477.6219939999999,21.790064,4.680970000000001,4.7123
477.6219939999999,21.790064,4.680970000000001,4.71
477.6219939999999,21.790064,4.680970000000001,4.0
479.720423,21.820064,4.680970000000001,4.71239
636.8188519999999,21.830064,4.680970000000001,4.71239
634.7204229999999,21.830064,4.680970000000001,4.71239
477.62199399999986,21.830064,4.680970000000001,4.7123
477.62199399999986,21.840064,4.680970000000001,4.71
477.62199399999986,21.840064,4.680970000000001,4.0
479.72042299999987,21.870056,4.680970000000001,4.71239
636.8188519999999,21.870056,4.680970000000001,4.71239
634.7204229999999,21.880056,4.680970000000001,4.71239
477.62199400000003,21.880056,4.680970000000001,4.7123
477.62199400000003,21.880056,4.680970000000001,4.71
477.62199400000003,21.880056,4.680970000000001,4.0
479.72042300000004,21.920064,4.680970000000001,4.71239
636.818852,21.920064,4.680970000000001,4.71239
634.720423,21.920064,4.680970000000001,4.71239
477.62199400000003,21.930056,4.680970000000001,4.7123
477.62199400000003,21.930056,4.680970000000001,4.71
477.62199400000003,21.930056,4.680970000000001,4.0
479.72042300000004,21.960056,4.680970000000001,4.71239
636.8188519999999,21.970056,4.680970000000001,4.71239
634.7204229999999,21.970056,4.680970000000001,4.71239
477.6219940000001,21.970056,4.680970000000001,4.7123
477.6219940000001,21.980056,4.680970000000001,4.71
477.6219940000001,21.980056,4.680970000000001,4.0
479.72042300000004,22.010056,4.680970000000001,4.71239
636.818852,22.010056,4.680970000000001,4.71239
634.720423,22.020056,4.680970000000001,4.71239
477.6219939999999,22.020056,4.680970000000001,4.7123
477.6219939999999,22.020056,4.680970000000001,4.71
477.6219939999999,22.020056,4.680970000000001,4.0
479.720423,22.060064,4.680970000000001,4.71239
636.8188519999999,22.060064,4.680970000000001,4.71239
634.7204229999999,22.060064,4.680970000000001,4.71239
477.6219939999999,22.070056,4.680970000000001,4.7123
477.6219939999999,22.070056,4.680970000000001,4.71
477.6219939999999,22.070056,4.680970000000001,4.0
479.720423,22.100056,4.680970000000001,4.71239
636.8188519999999,22.110056,4.680970000000001,4.71239
634.7204229999998,22.110056,4.680970000000001,4.71239
477.62199400000003,22.110056,4.680970000000001,4.7123
477.62199400000003,22.110056,4.680970000000001,4.71
477.62199400000003,22.120064,4.680970000000001,4.0
479.720423,22.150056,4.680970000000001,4.71239
636.818852,22.150056,4.680970000000001,4.71239
634.720423,22.160064,4.680970000000001,4.71239
477.6219939999999,22.160064,4.680970000000001,4.7123
477.6219939999999,22.160064,4.680970000000001,4.71
477.6219939999999,22.160064,4.680970000000001,4.0
479.72042299999987,22.200056,4.680970000000001,4.71239
636.8188519999999,22.200056,4.680970000000001,4.71239
634.7204229999998,22.200056,4.680970000000001,4.71239
477.6219939999999,22.210056,4.680970000000001,4.7123
477.6219939999999,22.210056,4.680970000000001,4.71
477.6219939999999,22.210056,4.680970000000001,4.0
479.72042299999987,22.240064,4.680970000000001,4.71239
636.8188519999998,22.250064,4.680970000000001,4.71239
634.7204229999998,22.250064,4.680970000000001,4.71239
477.6219939999999,22.250064,4.680970000000001,4.7123
477.6219939999999,22.250064,4.680970000000001,4.71
477.6219939999999,22.260064,4.680970000000001,4.0
479.720423,22.290064,4.680970000000001,4.71239
636.8188519999999,22.290064,4.680970000000001,4.71239
634.7204229999999,22.300064,4.680970000000001,4.71239
477.62199399999986,22.300064,4.680970000000001,4.7123
477.62199399999986,22.300064,4.680970000000001,4.71
477.62199399999986,22.300064,4.680970000000001,4.0
479.72042299999987,22.340056,4.680970000000001,4.71239
636.8188519999999,22.340056,4.680970000000001,4.71239
634.7204229999999,22.340056,4.680970000000001,4.71239
477.62199400000003,22.340056,4.680970000000001,4.7123
477.62199400000003,22.350056,4.680970000000001,4.71
477.62199400000003,22.350056,4.680970000000001,4.0
479.72042300000004,22.380064,4.680970000000001,4.71239
636.818852,22.390056,4.680970000000001,4.71239
634.720423,22.390056,4.680970000000001,4.71239
477.62199400000003,22.390056,4.680970000000001,4.7123
477.62199400000003,22.390056,4.680970000000001,4.71
477.62199400000003,22.400064,4.680970000000001,4.0
479.72042300000004,22.430064,4.680970000000001,4.71239
636.8188519999999,22.430064,4.680970000000001,4.71239
634.7204229999999,22.430064,4.680970000000001,4.71239
477.6219940000001,22.440064,4.680970000000001,4.7123
477.6219940000001,22.440064,4.680970000000001,4.71
477.6219940000001,22.440064,4.680970000000001,4.0
479.72042300000004,22.480056,4.680970000000001,4.71239
636.818852,22.480056,4.680970000000001,4.71239
634.720423,22.480056,4.680970000000001,4.71239
477.6219939999999,22.480056,4.680970000000001,4.7123
477.6219939999999,22.490056,4.680970000000001,4.71
477.6219939999999,22.490056,4.680970000000001,4.0
479.720423,22.520056,4.680970000000001,4.71239
636.8188519999999,22.530056,4.680970000000001,4.71239
634.7204229999999,22.530056,4.680970000000001,4.71239
477.6219939999999,22.530056,4.680970000000001,4.7123
477.6219939999999,22.530056,4.680970000000001,4.71
477.6219939999999,22.540064,4.680970000000001,4.0
479.720423,22.570064,4.680970000000001,4.71239
636.8188519999999,22.570064,4.680970000000001,4.71239
634.7204229999998,22.570064,4.680970000000001,4.71239
477.62199400000003,22.580064,4.680970000000001,4.7123
477.62199400000003,22.580064,4.680970000000001,4.71
477.62199400000003,22.580064,4.680970000000001,4.0
479.720423,22.620056,4.680970000000001,4.71239
636.818852,22.620056,4.680970000000001,4.71239
634.720423,22.620056,4.680970000000001,4.71239
477.6219939999999,22.620056,4.680970000000001,4.7123
477.6219939999999,22.630064,4.680970000000001,4.71
477.6219939999999,22.630064,4.680970000000001,4.0
479.72042299999987,22.660064,4.680970000000001,4.71239
636.8188519999999,22.660064,4.680970000000001,4.71239
634.7204229999998,22.670056,4.680970000000001,4.71239
477.6219939999999,22.670056,4.680970000000001,4.7123
477.6219939999999,22.670056,4.680970000000001,4.71
477.6219939999999,22.680056,4.680970000000001,4.0
479.72042299999987,22.710064,4.680970000000001,4.71239
636.8188519999998,22.710064,4.680970000000001,4.71239
634.7204229999998,22.710064,4.680970000000001,4.71239
477.6219939999999,22.720064,4.680970000000001,4.7123
477.6219939999999,22.720064,4.680970000000001,4.71
477.6219939999999,22.720064,4.680970000000001,4.0
479.720423,22.750056,4.680970000000001,4.71239
636.8188519999999,22.760064,4.680970000000001,4.71239
634.7204229999999,22.760064,4.680970000000001,4.71239
477.62199399999986,22.760064,4.680970000000001,4.7123
477.62199399999986,22.770064,4.680970000000001,4.71
477.62199399999986,22.770064,4.680970000000001,4.0
479.72042299999987,22.800056,4.680970000000001,4.71239
636.8188519999999,22.800056,4.680970000000001,4.71239
634.7204229999999,22.810056,4.680970000000001,4.71239
477.62199400000003,22.810056,4.680970000000001,4.7123
477.62199400000003,22.810056,4.680970000000001,4.71
477.62199400000003,22.820056,4.680970000000001,4.0
479.72042300000004,22.850064,4.680970000000001,4.71239
636.818852,22.850064,4.680970000000001,4.71239
634.720423,22.850064,4.680970000000001,4.71239
477.62199400000003,22.860056,4.680970000000001,4.7123
477.62199400000003,22.860056,4.680970000000001,4.71
477.62199400000003,22.860056,4.680970000000001,4.0
479.72042300000004,22.890064,4.680970000000001,4.71239
636.8188519999999,22.900056,4.680970000000001,4.71239
634.7204229999999,22.900056,4.680970000000001,4.71239
477.6219940000001,22.900056,4.680970000000001,4.7123
477.6219940000001,22.910056,4.680970000000001,4.71
477.6219940000001,22.910056,4.680970000000001,4.0
479.72042300000004,22.940064,4.680970000000001,4.71239
636.818852,22.940064,4.680970000000001,4.71239
634.720423,22.950064,4.680970000000001,4.71239
477.6219939999999,22.950064,4.680970000000001,4.7123
477.6219939999999,22.950064,4.680970000000001,4.71
477.6219939999999,22.960064,4.680970000000001,4.0
479.720423,22.990056,4.680970000000001,4.71239
636.8188519999999,22.990056,4.680970000000001,4.71239
634.7204229999999,22.990056,4.680970000000001,4.71239
477.4038279999999,23.000056,4.680970000000001,0.349
477.185662,23.000056,4.680970000000001,0.0
477.1840909999999,23.020084,4.674529500000001,0.34907
845.9825199999998,23.030084,4.656622500000002,0.34907
846.1796369999998,23.030084,4.638715500000002,0.34907
843.8809489999999,23.030084,4.620808500000002,0.34
686.5974974999999,23.030084,4.602901500000001,0.0
688.2459264999999,23.060084,4.5323725,0.34907
5294.8943555000005,23.060084,4.4618435000000005,0.34907
5294.746718,23.060084,4.391314500000001,0.349
5294.621072000001,23.070084,4.2987945000000005,0.3
5329.7710720000005,23.090092,4.159072000000001,0.34907
5172.697944500001,23.090092,4.019349500000001,0.34907
5172.644005000001,23.100084,3.8551225000000002,0.349
5172.5900655000005,23.100084,3.6908955,0.0
5172.888494500001,23.12008,3.4777384999999996,0.34907
5516.686923500001,23.12008,3.2645814999999994,0.34907
5514.606969,23.13008,3.027941,0.34907
5357.527014500001,23.13008,2.7913005,0.34
5357.545489000001,23.13008,2.55466,0.0
5357.962084000001,23.160084,2.286368,0.34907
5661.378679000001,23.160084,2.0167405,0.34907
5661.431711000001,23.160084,1.7535535000000004,0.349
5292.684743000002,23.160084,1.501833,0.3
5294.086055000001,23.19008,1.280979,0.34907
7510.884743000001,23.19008,1.060125,0.34907
7511.075516500001,23.200096,0.8541150000000001,0.349
7509.432838500002,23.200096,0.7007270000000001,0.34
2902.7901604999997,23.200096,0.547339,0.0
2907.1362269999995,23.230084,0.43031500000000006,0.34907
2907.289344,23.230084,0.3352820000000001,0.34907
2870.0103019999997,23.230084,0.28745149999999997,0.349
2869.9520314999995,23.240084,0.239621,0.0
2870.1543999999994,23.260084,0.209069,0.34907
3051.8567685,23.260084,0.178517,0.34907
3051.5785849999997,23.260084,0.19689500000000004,0.34907
2707.765094,23.27008,0.20694800000000005,0.34
2707.7315575,23.27008,0.2404845,0.0
2709.3115119999998,23.29008,0.2566635,0.34907
2724.2414664999997,23.30008,0.2665595,0.34907
2724.0516159999997,23.30008,0.30810699999999996,0.34907
2420.8617654999994,23.30008,0.3509899999999999,0.349
2420.8188829999995,23.30008,0.3938729999999999,0.34
2420.7795344999995,23.310084,0.4332214999999999,0.0
2424.0795344999997,23.340084,0.44468799999999997,0.34907
277.37953450000003,23.340084,0.4561544999999999,0.34907
277.37977,23.350084,0.4559184999999999,0.34907
277.3800055,23.350084,0.45568249999999993,0.349
277.380241,23.350084,0.45544649999999987,0.34
273.1877985,23.350084,0.4188464999999999,0.0
309.1087565,23.38008,0.3931639999999999,0.34907
309.143907,23.390084,0.37022999999999995,0.34907
309.1691965,23.390084,0.347296,0.349
309.013088,23.390084,0.331588,0.0
127.71308799999997,23.410084,0.31588000000000005,0.34907
534.3412714999998,23.420084,0.29813,0.34907
534.3588289999999,23.420084,0.288705,0.34907
534.3682534999999,23.420084,0.27928,0.34
532.7667004999998,23.430084,0.2846995,0.0
518.2167004999999,23.450084,0.29381,0.34907
522.1065509999999,23.460084,0.30292050000000004,0.34907
625.9964014999999,23.460084,0.312031,0.34907
625.9872909999999,23.460084,0.3211415,0.34907
625.9746465,23.460084,0.33378650000000004,0.349
621.0756065,23.470064,0.3435255000000001,0.3
551.1765665,23.470064,0.3532645000000001,0.0
551.1690090000001,23.500056,0.3598620000000001,0.34907
597.1614515,23.500056,0.3664595000000001,0.34907
693.153894,23.510056,0.3730570000000001,0.34907
693.1472965000002,23.510056,0.37965450000000006,0.34907
657.1982565000002,23.510056,0.37533450000000007,0.349
657.1931080000002,23.510056,0.36826600000000004,0.3
657.2001765000002,23.520064,0.36119750000000006,0.0
657.2062850000002,23.55006,0.354129,0.34907
702.8562850000003,23.55006,0.3470605,0.34907
392.206285,23.55006,0.342034,0.34907
392.2031784999999,23.55006,0.3370075,0.34907
392.20820499999996,23.56006,0.331981,0.349
392.210718,23.56006,0.3294675,0.3
391.811678,23.56006,0.32954600000000006,0.0
387.91167799999994,23.590056,0.32962450000000004,0.34907
330.01167799999996,23.600056,0.329703,0.34907
426.0106389999999,23.600056,0.3297815,0.34907
426.01055999999994,23.600056,0.32986000000000004,0.34907
426.01055999999994,23.600056,0.32986000000000004,0.349
426.01055999999994,23.610064,0.32986000000000004,0.3
426.01151999999985,23.610064,0.32986000000000004,0.0
380.0115199999999,23.64006,0.32986000000000004,0.34907
330.0115199999999,23.64006,0.32986000000000004,0.34907
426.01055999999994,23.64006,0.32986000000000004,0.34907
426.01055999999994,23.650056,0.32986000000000004,0.34907
426.01055999999994,23.650056,0.32986000000000004,0.349
426.01055999999994,23.650056,0.32986000000000004,0.3
426.01151999999985,23.660056,0.32986000000000004,0.0
380.0115199999999,23.690064,0.32986000000000004,0.34907
330.01152,23.690064,0.32986000000000004,0.34907
426.0105600000001,23.690064,0.32986000000000004,0.34907
426.0105600000001,23.690064,0.32986000000000004,0.34907
426.0105600000001,23.70006,0.32986000000000004,0.349
426.0105600000001,23.70006,0.32986000000000004,0.3
426.01152000000013,23.70006,0.32986000000000004,0.0
380.01151999999996,23.73006,0.32986000000000004,0.34907
330.01152,23.73006,0.32986000000000004,0.34907
426.0105600000001,23.740064,0.32986000000000004,0.34907
426.0105600000001,23.740064,0.32986000000000004,0.34907
426.0105600000001,23.740064,0.32986000000000004,0.349
426.0105600000001,23.750064,0.32986000000000004,0.3
426.01152000000013,23.750064,0.32986000000000004,0.0
380.01151999999996,23.780056,0.32986000000000004,0.34907
330.01151999999996,23.780056,0.32986000000000004,0.34907
426.0105600000001,23.780056,0.32986000000000004,0.34907
426.0105600000001,23.790056,0.32986000000000004,0.34907
426.0105600000001,23.790056,0.32986000000000004,0.34907
426.0105600000001,23.790056,0.32986000000000004,0.34907
426.01152000000013,23.800056,0.32986000000000004,0.34907
380.01247999999987,23.800056,0.32986000000000004,0.34907
284.01344,23.800056,0.32986000000000004,0.34907
284.01344,23.800056,0.32986000000000004,0.34907
284.01344,23.810056,0.32986000000000004,0.34907
284.01344,23.810056,0.32986000000000004,0.34907
284.01344,23.810056,0.32986000000000004,0.34907
284.01439999999997,23.820064,0.32986000000000004,0.34907
238.01536,23.820064,0.32986000000000004,0.34907
142.01632000000004,23.820064,0.32986000000000004,0.34907
142.01632000000004,23.820064,0.32986000000000004,0.34907
142.01632000000004,23.83006,0.32986000000000004,0.34907
142.01632000000004,23.83006,0.32986000000000004,0.34907
142.01632000000004,23.83006,0.32986000000000004,0.34907
142.01728000000003,23.84006,0.32986000000000004,0.34907
96.01823999999999,23.84006,0.32986000000000004,0.34907
0.0192,23.84006,0.32986000000000004,0.34907
0.0192,23.85006,0.32986000000000004,0.34907
0.0192,23.85006,0.32986000000000004,0.34907
0.01824,23.87006,0.32986000000000004,0.34907
46.01728,23.87006,0.32986000000000004,0.34907
142.01631999999995,23.880056,0.32986000000000004,0.34907
142.01631999999995,23.880056,0.32986000000000004,0.34907
142.01631999999995,23.880056,0.32986000000000004,0.349
142.01631999999995,23.890056,0.32986000000000004,0.3
142.01631999999995,23.890056,0.32986000000000004,0.0
142.01535999999996,23.92006,0.32986000000000004,0.34907
188.0144000000001,23.92006,0.32986000000000004,0.34907
284.0134399999999,23.92006,0.32986000000000004,0.34907
284.0134399999999,23.93006,0.32986000000000004,0.34907
284.0134399999999,23.93006,0.32986000000000004,0.349
284.0134399999999,23.93006,0.32986000000000004,0.3
284.0134399999999,23.94006,0.32986000000000004,0.0
284.01247999999987,23.960056,0.32986000000000004,0.34907
330.0115199999999,23.970056,0.32986000000000004,0.34907
426.01055999999994,23.970056,0.32986000000000004,0.34907
426.01055999999994,23.970056,0.32986000000000004,0.34907
426.01055999999994,23.980056,0.32986000000000004,0.349
426.01055999999994,23.980056,0.32986000000000004,0.3
426.01151999999985,23.980056,0.32986000000000004,0.0
380.0115199999999,24.01006,0.32986000000000004,0.34907
