0.0,0.010056,0.0,0.0
0.0,0.020056,0.0,0.0
0.0,0.030056,0.0,0.0
0.0,0.040056,0.0,0.0
0.0,0.050056,0.0,0.0
0.0,0.060056,0.0,0.0
0.0,0.070056,0.0,0.0
0.0,0.080056,0.0,0.0
0.0,0.090056,0.0,0.0
0.0,0.100056,0.0,0.0
0.0,0.110056,0.0,0.0
0.0,0.120056,0.0,0.0
0.0,0.130056,0.0,0.0
0.0,0.140056,0.0,0.0
0.0,0.150056,0.0,0.0
0.0,0.160056,0.0,0.0
0.0,0.170056,0.0,0.0
0.0,0.180056,0.0,0.0
0.0,0.190056,0.0,0.0
0.0,0.200056,0.0,0.0
0.0,0.210056,0.0,0.0
0.0,0.220056,0.0,0.0
0.0,0.230056,0.0,0.0
0.0,0.240056,0.0,0.0
0.0,0.250056,0.0,0.0
0.0,0.260056,0.0,0.0
0.0,0.270056,0.0,0.0
0.0,0.280056,0.0,0.0
0.0,0.290056,0.0,0.0
0.0,0.300056,0.0,0.0
0.0,0.310056,0.0,0.0
0.0,0.320056,0.0,0.0
0.0,0.330056,0.0,0.0
0.0,0.340056,0.0,0.0
0.0,0.350056,0.0,0.0
0.0,0.360056,0.0,0.0
0.0,0.370056,0.0,0.0
0.0,0.380056,0.0,0.0
0.0,0.390056,0.0,0.0
0.0,0.400056,0.0,0.0
0.0,0.410056,0.0,0.0
0.0,0.420056,0.0,0.0
0.0,0.430056,0.0,0.0
0.0,0.440056,0.0,0.0
0.0,0.450056,0.0,0.0
0.0,0.460056,0.0,0.0
0.0,0.470056,0.0,0.0
0.0,0.480056,0.0,0.0
0.0,0.490056,0.0,0.0
0.0,0.500056,0.0,0.0
0.0,0.510056,0.0,0.0
0.0,0.520056,0.0,0.0
0.0,0.530056,0.0,0.0
0.0,0.540056,0.0,0.0
0.0,0.550056,0.0,0.0
0.0,0.560056,0.0,0.0
0.0,0.570056,0.0,0.0
0.0,0.580056,0.0,0.0
0.0,0.590056,0.0,0.0
0.0,0.600056,0.0,0.0
0.0,0.610056,0.0,0.0
0.0,0.620056,0.0,0.0
0.0,0.630056,0.0,0.0
0.0,0.64006,0.0,0.0
0.0,0.650056,0.0,0.0
0.0,0.660056,0.0,0.0
0.0,0.670056,0.0,0.0
0.0,0.680056,0.0,0.0
0.0,0.690056,0.0,0.0
0.0,0.700056,0.0,0.0
0.0,0.710056,0.0,0.0
0.0,0.720056,0.0,0.0
0.0,0.730056,0.0,0.0
0.0,0.740056,0.0,0.0
0.0,0.750056,0.0,0.0
0.0,0.760056,0.0,0.0
0.0,0.770056,0.0,0.0
0.0,0.780056,0.0,0.0
0.0,0.790056,0.0,0.0
0.0,0.800056,0.0,0.0
0.0,0.810056,0.0,0.0
0.0,0.820056,0.0,0.0
0.0,0.830056,0.0,0.0
0.0,0.840056,0.0,0.0
0.0,0.850056,0.0,0.0
0.0,0.860056,0.0,0.0
0.0,0.870056,0.0,0.0
0.0,0.880056,0.0,0.0
0.0,0.890056,0.0,0.0
0.0,0.900056,0.0,0.0
0.0,0.910056,0.0,0.0
0.0,0.920056,0.0,0.0
0.0,0.930056,0.0,0.0
0.0,0.940056,0.0,0.0
0.0,0.950056,0.0,0.0
0.0,0.960056,0.0,0.0
0.0,0.970056,0.0,0.0
0.0,0.980056,0.0,0.0
0.0,0.990056,0.0,0.0
0.0,1.000056,0.0,0.0
0.0,1.010056,0.0,0.0
0.0,1.020056,0.0,0.0
0.0,1.030056,0.0,0.0
0.0,1.040056,0.0,0.0
0.0,1.050056,0.0,0.0
0.0,1.060056,0.0,0.0
0.0,1.070056,0.0,0.0
0.0,1.080056,0.0,0.0
0.0,1.090056,0.0,0.0
0.0,1.100056,0.0,0.0
0.0,1.110056,0.0,0.0
0.0,1.120056,0.0,0.0
0.0,1.130056,0.0,0.0
0.0,1.140056,0.0,0.0
0.0,1.150056,0.0,0.0
0.0,1.160056,0.0,0.0
0.0,1.170056,0.0,0.0
0.0,1.180056,0.0,0.0
0.0,1.190056,0.0,0.0
0.0,1.200056,0.0,0.0
0.0,1.210056,0.0,0.0
0.0,1.220056,0.0,0.0
0.0,1.230056,0.0,0.0
0.0,1.240056,0.0,0.0
0.0,1.250056,0.0,0.0
0.0,1.260056,0.0,0.0
0.0,1.270056,0.0,0.0
0.0,1.28006,0.0,0.0
0.0,1.290056,0.0,0.0
0.0,1.300056,0.0,0.0
0.0,1.310056,0.0,0.0
0.0,1.320056,0.0,0.0
0.0,1.330056,0.0,0.0
0.0,1.340056,0.0,0.0
0.0,1.350056,0.0,0.0
0.0,1.360056,0.0,0.0
0.0,1.370056,0.0,0.0
0.0,1.380056,0.0,0.0
0.0,1.390056,0.0,0.0
0.0,1.400056,0.0,0.0
0.0,1.410056,0.0,0.0
0.0,1.420056,0.0,0.0
0.0,1.430056,0.0,0.0
0.0,1.440056,0.0,0.0
0.0,1.450056,0.0,0.0
0.0,1.460056,0.0,0.0
0.0,1.470056,0.0,0.0
0.0,1.480056,0.0,0.0
0.0,1.490056,0.0,0.0
0.0,1.500056,0.0,0.0
0.0,1.510056,0.0,0.0
0.0,1.520056,0.0,0.0
0.0,1.530056,0.0,0.0
0.0,1.540056,0.0,0.0
0.0,1.550056,0.0,0.0
0.0,1.560056,0.0,0.0
0.0,1.570056,0.0,0.0
0.0,1.580056,0.0,0.0
0.0,1.590056,0.0,0.0
0.0,1.600056,0.0,0.0
0.0,1.610056,0.0,0.0
0.0,1.620056,0.0,0.0
0.0,1.630056,0.0,0.0
0.0,1.640056,0.0,0.0
0.0,1.650056,0.0,0.0
0.0,1.660056,0.0,0.0
0.0,1.670056,0.0,0.0
0.0,1.680056,0.0,0.0
0.0,1.690056,0.0,0.0
0.0,1.700056,0.0,0.0
0.0,1.710056,0.0,0.0
0.0,1.720056,0.0,0.0
0.0,1.730056,0.0,0.0
0.0,1.740056,0.0,0.0
0.0,1.750056,0.0,0.0
0.0,1.760056,0.0,0.0
0.0,1.770056,0.0,0.0
0.0,1.780056,0.0,0.0
0.0,1.790056,0.0,0.0
0.0,1.800056,0.0,0.0
0.0,1.810056,0.0,0.0
0.0,1.820056,0.0,0.0
0.0,1.830056,0.0,0.0
0.0,1.840056,0.0,0.0
0.0,1.850056,0.0,0.0
0.0,1.860056,0.0,0.0
0.0,1.870056,0.0,0.0
0.0,1.880056,0.0,0.0
0.0,1.890056,0.0,0.0
0.0,1.900056,0.0,0.0
0.0,1.910056,0.0,0.0
0.0,1.92006,0.0,0.0
0.0,1.930056,0.0,0.0
0.0,1.940056,0.0,0.0
0.0,1.950056,0.0,0.0
0.0,1.960056,0.0,0.0
0.0,1.970056,0.0,0.0
0.0,1.980056,0.0,0.0
0.0,1.990056,0.0,0.0
0.0,2.000056,0.0,0.0
0.0,2.010056,0.0,0.0
0.0,2.020056,0.0,0.0
0.0,2.030056,0.0,0.0
0.0,2.040056,0.0,0.0
0.0,2.050056,0.0,0.0
0.0,2.060056,0.0,0.0
0.0,2.070056,0.0,0.0
0.0,2.080056,0.0,0.0
0.0,2.090056,0.0,0.0
0.0,2.100056,0.0,0.0
0.0,2.110056,0.0,0.0
0.0,2.120056,0.0,0.0
0.0,2.130056,0.0,0.0
0.0,2.140056,0.0,0.0
0.0,2.150056,0.0,0.0
0.0,2.160056,0.0,0.0
0.0,2.170056,0.0,0.0
0.0,2.180056,0.0,0.0
0.0,2.190056,0.0,0.0
0.0,2.200056,0.0,0.0
0.0,2.210056,0.0,0.0
0.0,2.220056,0.0,0.0
0.0,2.230056,0.0,0.0
0.0,2.240056,0.0,0.0
0.0,2.250056,0.0,0.0
0.0,2.260056,0.0,0.0
0.0,2.270056,0.0,0.0
0.0,2.280056,0.0,0.0
0.0,2.290056,0.0,0.0
0.0,2.300056,0.0,0.0
0.0,2.310056,0.0,0.0
0.0,2.320056,0.0,0.0
0.0,2.330056,0.0,0.0
0.0,2.340056,0.0,0.0
0.0,2.350056,0.0,0.0
0.0,2.360056,0.0,0.0
0.0,2.370056,0.0,0.0
0.0,2.380056,0.0,0.0
0.0,2.390056,0.0,0.0
0.0,2.400056,0.0,0.0
0.0,2.410056,0.0,0.0
0.0,2.420056,0.0,0.0
0.0,2.430056,0.0,0.0
0.0,2.440056,0.0,0.0
0.0,2.450056,0.0,0.0
0.0,2.460056,0.0,0.0
0.0,2.470056,0.0,0.0
0.0,2.480056,0.0,0.0
0.0,2.490056,0.0,0.0
0.0,2.500056,0.0,0.0
0.0,2.510056,0.0,0.0
0.0,2.520056,0.0,0.0
0.0,2.530056,0.0,0.0
0.0,2.540056,0.0,0.0
0.0,2.550056,0.0,0.0
0.0,2.56006,0.0,0.0
0.0,2.570056,0.0,0.0
0.0,2.580056,0.0,0.0
0.0,2.590056,0.0,0.0
0.0,2.600056,0.0,0.0
0.0,2.610056,0.0,0.0
0.0,2.620056,0.0,0.0
0.0,2.630056,0.0,0.0
0.0,2.640056,0.0,0.0
0.0,2.650056,0.0,0.0
0.0,2.660056,0.0,0.0
0.0,2.670056,0.0,0.0
0.0,2.680056,0.0,0.0
0.0,2.690056,0.0,0.0
0.0,2.700056,0.0,0.0
0.0,2.710056,0.0,0.0
0.0,2.720056,0.0,0.0
0.0,2.730056,0.0,0.0
0.0,2.740056,0.0,0.0
0.0,2.750056,0.0,0.0
0.0,2.760056,0.0,0.0
0.0,2.770056,0.0,0.0
0.0,2.780056,0.0,0.0
0.0,2.790056,0.0,0.0
0.0,2.800056,0.0,0.0
0.0,2.810056,0.0,0.0
0.0,2.820056,0.0,0.0
0.0,2.830056,0.0,0.0
0.0,2.840056,0.0,0.0
0.0,2.850056,0.0,0.0
0.0,2.860056,0.0,0.0
0.0,2.870056,0.0,0.0
0.0,2.880056,0.0,0.0
0.0,2.890056,0.0,0.0
0.0,2.900056,0.0,0.0
0.0,2.910056,0.0,0.0
0.0,2.920056,0.0,0.0
0.0,2.930056,0.0,0.0
0.0,2.940056,0.0,0.0
0.0,2.950056,0.0,0.0
0.0,2.960056,0.0,0.0
0.0,2.970056,0.0,0.0
0.0,2.980056,0.0,0.0
0.0,2.990056,0.0,0.0
0.0,3.000056,0.0,0.0
0.0,3.010056,0.0,0.0
0.0,3.020056,0.0,0.0
0.0,3.030056,0.0,0.0
0.0,3.040056,0.0,0.0
0.0,3.050056,0.0,0.0
0.0,3.060056,0.0,0.0
0.0,3.070056,0.0,0.0
0.0,3.080056,0.0,0.0
0.0,3.090056,0.0,0.0
0.0,3.100056,0.0,0.0
0.0,3.110056,0.0,0.0
0.0,3.120056,0.0,0.0
0.0,3.130056,0.0,0.0
0.0,3.140056,0.0,0.0
0.0,3.150056,0.0,0.0
0.0,3.160056,0.0,0.0
0.0,3.170056,0.0,0.0
0.0,3.180056,0.0,0.0
0.0,3.190056,0.0,0.0
0.0,3.20006,0.0,0.0
0.0,3.210056,0.0,0.0
0.0,3.220056,0.0,0.0
0.0,3.230056,0.0,0.0
0.0,3.240056,0.0,0.0
0.0,3.250056,0.0,0.0
0.0,3.260056,0.0,0.0
0.0,3.270056,0.0,0.0
0.0,3.280056,0.0,0.0
0.0,3.290056,0.0,0.0
0.0,3.300056,0.0,0.0
0.0,3.310056,0.0,0.0
0.0,3.320056,0.0,0.0
0.0,3.330056,0.0,0.0
0.0,3.340056,0.0,0.0
0.0,3.350056,0.0,0.0
0.0,3.360056,0.0,0.0
0.0,3.370056,0.0,0.0
0.0,3.380056,0.0,0.0
0.0,3.390056,0.0,0.0
0.0,3.400056,0.0,0.0
0.0,3.410056,0.0,0.0
0.0,3.420056,0.0,0.0
0.0,3.430056,0.0,0.0
0.0,3.440056,0.0,0.0
0.0,3.450056,0.0,0.0
0.0,3.460056,0.0,0.0
0.0,3.470056,0.0,0.0
0.0,3.480056,0.0,0.0
0.0,3.490056,0.0,0.0
0.0,3.500056,0.0,0.0
0.0,3.510056,0.0,0.0
0.0,3.520056,0.0,0.0
0.0,3.530056,0.0,0.0
0.0,3.540056,0.0,0.0
0.0,3.550056,0.0,0.0
0.0,3.560056,0.0,0.0
0.0,3.570056,0.0,0.0
0.0,3.580056,0.0,0.0
0.0,3.590056,0.0,0.0
0.0,3.600056,0.0,0.0
0.0,3.610056,0.0,0.0
0.0,3.620056,0.0,0.0
0.0,3.630056,0.0,0.0
0.0,3.640056,0.0,0.0
0.0,3.650056,0.0,0.0
0.0,3.660056,0.0,0.0
0.0,3.670056,0.0,0.0
0.0,3.680056,0.0,0.0
0.0,3.690056,0.0,0.0
0.0,3.700056,0.0,0.0
0.0,3.710056,0.0,0.0
0.0,3.720056,0.0,0.0
0.0,3.730056,0.0,0.0
0.0,3.740056,0.0,0.0
0.0,3.750056,0.0,0.0
0.0,3.760056,0.0,0.0
0.0,3.770056,0.0,0.0
0.0,3.780056,0.0,0.0
0.0,3.790056,0.0,0.0
0.0,3.800056,0.0,0.0
0.0,3.810056,0.0,0.0
0.0,3.820056,0.0,0.0
0.0,3.830056,0.0,0.0
0.0,3.84006,0.0,0.0
0.0,3.850056,0.0,0.0
0.0,3.860056,0.0,0.0
0.0,3.870056,0.0,0.0
0.0,3.880056,0.0,0.0
0.0,3.890056,0.0,0.0
0.0,3.900056,0.0,0.0
0.0,3.910056,0.0,0.0
0.0,3.920056,0.0,0.0
0.0,3.930056,0.0,0.0
0.0,3.940056,0.0,0.0
0.0,3.950056,0.0,0.0
0.0,3.960056,0.0,0.0
0.0,3.970056,0.0,0.0
0.0,3.980056,0.0,0.0
0.0,3.990056,0.0,0.0
0.0,4.000056,0.0,0.0
0.0,4.010056,0.0,0.0
0.0,4.020056,0.0,0.0
0.0,4.030056,0.0,0.0
0.0,4.040056,0.0,0.0
0.0,4.050056,0.0,0.0
0.0,4.060056,0.0,0.0
0.0,4.070056,0.0,0.0
0.0,4.080056,0.0,0.0
0.0,4.090056,0.0,0.0
0.0,4.100056,0.0,0.0
0.0,4.110056,0.0,0.0
0.0,4.120056,0.0,0.0
0.0,4.130056,0.0,0.0
0.0,4.140056,0.0,0.0
0.0,4.150056,0.0,0.0
0.0,4.160056,0.0,0.0
0.0,4.170056,0.0,0.0
0.0,4.180056,0.0,0.0
0.0,4.190056,0.0,0.0
0.0,4.200056,0.0,0.0
0.0,4.210056,0.0,0.0
0.0,4.220056,0.0,0.0
0.0,4.230056,0.0,0.0
0.0,4.240056,0.0,0.0
0.0,4.250056,0.0,0.0
0.0,4.260056,0.0,0.0
0.0,4.270056,0.0,0.0
0.0,4.280056,0.0,0.0
0.0,4.290056,0.0,0.0
0.0,4.300056,0.0,0.0
0.0,4.310056,0.0,0.0
0.0,4.320056,0.0,0.0
0.0,4.330056,0.0,0.0
0.0,4.340056,0.0,0.0
0.0,4.350056,0.0,0.0
0.0,4.360056,0.0,0.0
0.0,4.370056,0.0,0.0
0.0,4.380056,0.0,0.0
0.0,4.390056,0.0,0.0
0.0,4.400056,0.0,0.0
0.0,4.410056,0.0,0.0
0.0,4.420056,0.0,0.0
0.0,4.430056,0.0,0.0
0.0,4.440056,0.0,0.0
0.0,4.450056,0.0,0.0
0.0,4.460056,0.0,0.0
0.0,4.470056,0.0,0.0
0.0,4.48006,0.0,0.0
0.0,4.490056,0.0,0.0
0.0,4.500056,0.0,0.0
0.0,4.510056,0.0,0.0
0.0,4.520056,0.0,0.0
0.0,4.530056,0.0,0.0
0.0,4.540056,0.0,0.0
0.0,4.550056,0.0,0.0
0.0,4.560056,0.0,0.0
0.0,4.570056,0.0,0.0
0.0,4.580056,0.0,0.0
0.0,4.590056,0.0,0.0
0.0,4.600056,0.0,0.0
0.0,4.610056,0.0,0.0
0.0,4.620056,0.0,0.0
0.0,4.630056,0.0,0.0
0.0,4.640056,0.0,0.0
0.0,4.650056,0.0,0.0
0.0,4.660056,0.0,0.0
0.0,4.670056,0.0,0.0
0.0,4.680056,0.0,0.0
0.0,4.690056,0.0,0.0
0.0,4.700056,0.0,0.0
0.0,4.710056,0.0,0.0
0.0,4.720056,0.0,0.0
0.0,4.730056,0.0,0.0
0.0,4.740056,0.0,0.0
0.0,4.750056,0.0,0.0
0.0,4.760056,0.0,0.0
0.0,4.770056,0.0,0.0
0.0,4.780056,0.0,0.0
0.0,4.790056,0.0,0.0
0.0,4.800056,0.0,0.0
0.0,4.810056,0.0,0.0
0.0,4.820056,0.0,0.0
0.0,4.830056,0.0,0.0
0.0,4.840056,0.0,0.0
0.0,4.850056,0.0,0.0
0.0,4.860056,0.0,0.0
0.0,4.870056,0.0,0.0
0.0,4.880056,0.0,0.0
0.0,4.890056,0.0,0.0
0.0,4.900056,0.0,0.0
0.0,4.910056,0.0,0.0
0.0,4.920056,0.0,0.0
0.0,4.930056,0.0,0.0
0.0,4.940056,0.0,0.0
0.0,4.950056,0.0,0.0
0.0,4.960056,0.0,0.0
0.0,4.970056,0.0,0.0
0.0,4.980056,0.0,0.0
0.0,4.990056,0.0,0.0
0.02618,5.000056,0.0,0.0
0.050946000000000005,5.010076,0.0014135,0.0
0.0705285,5.02008,0.008011,0.0
0.0825715,5.03008,0.022148,0.0
0.0865245,5.040192,0.044375,0.0
0.08113150000000001,5.04906,0.075948,0.0
0.0674915,5.05906,0.11576750000000001,0.0
0.050710000000000005,5.06906,0.158729,0.0
0.035892,5.07906,0.19972700000000002,0.0
0.024844,5.088036,0.23695500000000003,0.0
0.017723,5.098036,0.270256,0.0
0.015314500000000002,5.108036,0.2988445,0.0
0.0187965,5.11804,0.32154250000000006,0.0
0.0273835,5.128036,0.33913550000000003,0.0
0.03762,5.138188,0.35507900000000003,0.0
0.046914000000000004,5.14804,0.37196500000000005,0.0
0.05440149999999999,5.158036,0.39065750000000005,0.0
0.05969,5.168036,0.41154900000000005,0.0
0.0625435,5.177012,0.4348755000000001,0.0
0.0628055,5.187012,0.4607935000000001,0.0
0.0344525,5.197012,0.48914650000000004,0.0
0.006021499999999999,5.207016,0.5175780000000002,0.0
-0.01699050000000001,5.215992,0.5405900000000001,0.0
-0.031285,5.225992,0.5548845,0.0
-0.03631150000000001,5.235992,0.5599110000000002,0.0
-0.030892500000000003,5.245992,0.5544920000000001,0.0
-0.016362500000000012,5.254968,0.5399625,0.0
0.0013874999999999944,5.264968,0.5222125000000001,0.0
0.016546,5.274968,0.507054,0.0
0.027227499999999995,5.284968,0.49637250000000005,0.0
0.033746500000000006,5.294968,0.4898535,0.0
0.035631499999999997,5.304944,0.4879685,0.0
0.031626,5.314936,0.491974,0.0
0.0225155,5.324936,0.5010845,0.0
0.0117555,5.334936,0.5118444999999999,0.0
0.001937999999999998,5.343912,0.521662,0.0
-0.006073000000000002,5.353912,0.529673,0.0
-0.011885000000000003,5.363912,0.5354849999999999,0.0
-0.015262000000000001,5.373912,0.5388619999999998,0.0
-0.016047500000000003,5.382888,0.5396475,0.0
-0.014398000000000001,5.392888,0.5379979999999999,0.0
-0.011256500000000003,5.402888,0.5348565,0.0
-0.008350500000000004,5.412888,0.5319505,0.0
-0.0066225000000000025,5.421864,0.5302224999999999,0.0
-0.0060725000000000015,5.431864,0.5296725,0.0
-0.006622000000000002,5.441864,0.530222,0.0
-0.008035500000000004,5.451864,0.5316354999999999,0.0
-0.009527500000000003,5.461864,0.5331274999999999,0.0
-0.010391500000000005,5.471864,0.5339914999999998,0.0
-0.010548500000000004,5.481864,0.5341484999999999,0.0
-0.010470000000000005,5.491864,0.5340699999999999,0.0
-0.010470000000000005,5.501864,0.5340699999999999,0.0
-0.010470000000000005,5.51084,0.5340699999999999,0.0
-0.010470000000000005,5.52084,0.5340699999999999,0.0
-0.010470000000000005,5.53084,0.5340699999999999,0.0
-0.010470000000000005,5.54084,0.5340699999999999,0.0
-0.010470000000000005,5.549816,0.5340699999999999,0.0
-0.010470000000000005,5.559816,0.5340699999999999,0.0
-0.010470000000000005,5.569816,0.5340699999999999,0.0
-0.010470000000000005,5.579816,0.5340699999999999,0.0
-0.010470000000000005,5.588792,0.5340699999999999,0.0
-0.010470000000000005,5.598792,0.5340699999999999,0.0
-0.010470000000000005,5.608792,0.5340699999999999,0.0
-0.010470000000000005,5.618792,0.5340699999999999,0.0
-0.010470000000000005,5.628792,0.5340699999999999,0.0
-0.010470000000000005,5.638792,0.5340699999999999,0.0
-0.010470000000000005,5.648792,0.5340699999999999,0.0
-0.010470000000000005,5.658792,0.5340699999999999,0.0
-0.010470000000000005,5.668792,0.5340699999999999,0.0
-0.010470000000000005,5.677768,0.5340699999999999,0.0
-0.010470000000000005,5.687768,0.5340699999999999,0.0
-0.010470000000000005,5.697768,0.5340699999999999,0.0
-0.010470000000000005,5.707768,0.5340699999999999,0.0
-0.010470000000000005,5.716744,0.5340699999999999,0.0
-0.010470000000000005,5.726744,0.5340699999999999,0.0
-0.010470000000000005,5.736744,0.5340699999999999,0.0
-0.010470000000000005,5.746748,0.5340699999999999,0.0
-0.010470000000000005,5.756744,0.5340699999999999,0.0
-0.010470000000000005,5.766744,0.5340699999999999,0.0
-0.010470000000000005,5.776744,0.5340699999999999,0.0
-0.010470000000000005,5.786744,0.5340699999999999,0.0
-0.010470000000000005,5.796744,0.5340699999999999,0.0
-0.010470000000000005,5.80572,0.5340699999999999,0.0
-0.010470000000000005,5.81572,0.5340699999999999,0.0
-0.010470000000000005,5.82572,0.5340699999999999,0.0
-0.010470000000000005,5.83572,0.5340699999999999,0.0
-0.010470000000000005,5.844696,0.5340699999999999,0.0
-0.010470000000000005,5.854696,0.5340699999999999,0.0
-0.010470000000000005,5.864696,0.5340699999999999,0.0
-0.010470000000000005,5.874696,0.5340699999999999,0.0
-0.010470000000000005,5.883672,0.5340699999999999,0.0
-0.010470000000000005,5.893672,0.5340699999999999,0.0
-0.010470000000000005,5.903672,0.5340699999999999,0.0
-0.010470000000000005,5.913672,0.5340699999999999,0.0
-0.010470000000000005,5.923672,0.5340699999999999,0.0
-0.010470000000000005,5.933672,0.5340699999999999,0.0
-0.010470000000000005,5.943672,0.5340699999999999,0.0
-0.010470000000000005,5.953672,0.5340699999999999,0.0
-0.010470000000000005,5.963672,0.5340699999999999,0.0
-0.010470000000000005,5.972648,0.5340699999999999,0.0
-0.010470000000000005,5.982648,0.5340699999999999,0.0
-0.010470000000000005,5.992648,0.5340699999999999,0.0
-0.010470000000000005,6.002648,0.5340699999999999,0.0
-0.010470000000000005,6.011624,0.5340699999999999,0.0
-0.010470000000000005,6.021624,0.5340699999999999,0.0
-0.010470000000000005,6.031624,0.5340699999999999,0.0
-0.010470000000000005,6.041624,0.5340699999999999,0.0
-0.010470000000000005,6.0506,0.5340699999999999,0.0
-0.010470000000000005,6.0606,0.5340699999999999,0.0
-0.010470000000000005,6.0706,0.5340699999999999,0.0
-0.010470000000000005,6.0806,0.5340699999999999,0.0
-0.010470000000000005,6.0906,0.5340699999999999,0.0
-0.010470000000000005,6.1006,0.5340699999999999,0.0
-0.010470000000000005,6.1106,0.5340699999999999,0.0
-0.010470000000000005,6.1206,0.5340699999999999,0.0
-0.010470000000000005,6.1306,0.5340699999999999,0.0
-0.010470000000000005,6.139576,0.5340699999999999,0.0
-0.010470000000000005,6.149576,0.5340699999999999,0.0
-0.010470000000000005,6.159576,0.5340699999999999,0.0
-0.010470000000000005,6.169576,0.5340699999999999,0.0
-0.010470000000000005,6.178552,0.5340699999999999,0.0
-0.010470000000000005,6.188552,0.5340699999999999,0.0
-0.010470000000000005,6.198552,0.5340699999999999,0.0
-0.010470000000000005,6.208552,0.5340699999999999,0.0
-0.010470000000000005,6.217528,0.5340699999999999,0.0
-0.010470000000000005,6.227528,0.5340699999999999,0.0
-0.010470000000000005,6.237528,0.5340699999999999,0.0
-0.010470000000000005,6.247528,0.5340699999999999,0.0
-0.010470000000000005,6.257528,0.5340699999999999,0.0
-0.010470000000000005,6.267528,0.5340699999999999,0.0
-0.010470000000000005,6.277528,0.5340699999999999,0.0
-0.010470000000000005,6.287528,0.5340699999999999,0.0
-0.010470000000000005,6.297528,0.5340699999999999,0.0
-0.010470000000000005,6.306504,0.5340699999999999,0.0
-0.010470000000000005,6.316504,0.5340699999999999,0.0
-0.010470000000000005,6.326504,0.5340699999999999,0.0
-0.010470000000000005,6.336504,0.5340699999999999,0.0
-0.010470000000000005,6.34548,0.5340699999999999,0.0
-0.010470000000000005,6.35548,0.5340699999999999,0.0
-0.010470000000000005,6.36548,0.5340699999999999,0.0
-0.010470000000000005,6.375484,0.5340699999999999,0.0
-0.010470000000000005,6.38548,0.5340699999999999,0.0
-0.010470000000000005,6.39548,0.5340699999999999,0.0
-0.010470000000000005,6.40548,0.5340699999999999,0.0
-0.010470000000000005,6.41548,0.5340699999999999,0.0
-0.010470000000000005,6.42548,0.5340699999999999,0.0
-0.010470000000000005,6.434456,0.5340699999999999,0.0
-0.010470000000000005,6.444456,0.5340699999999999,0.0
-0.010470000000000005,6.454456,0.5340699999999999,0.0
-0.010470000000000005,6.464456,0.5340699999999999,0.0
-0.010470000000000005,6.473432,0.5340699999999999,0.0
-0.010470000000000005,6.483432,0.5340699999999999,0.0
-0.010470000000000005,6.493432,0.5340699999999999,0.0
-0.010470000000000005,6.503432,0.5340699999999999,0.0
-0.010470000000000005,6.512408,0.5340699999999999,0.0
-0.010470000000000005,6.522408,0.5340699999999999,0.0
-0.010470000000000005,6.532408,0.5340699999999999,0.0
-0.010470000000000005,6.542408,0.5340699999999999,0.0
-0.010470000000000005,6.552408,0.5340699999999999,0.0
-0.010470000000000005,6.562408,0.5340699999999999,0.0
-0.010470000000000005,6.572408,0.5340699999999999,0.0
-0.010470000000000005,6.582408,0.5340699999999999,0.0
-0.010470000000000005,6.592408,0.5340699999999999,0.0
-0.010470000000000005,6.601384,0.5340699999999999,0.0
-0.010470000000000005,6.611384,0.5340699999999999,0.0
-0.010470000000000005,6.621384,0.5340699999999999,0.0
-0.010470000000000005,6.631384,0.5340699999999999,0.0
-0.010470000000000005,6.64036,0.5340699999999999,0.0
-0.010470000000000005,6.65036,0.5340699999999999,0.0
-0.010470000000000005,6.66036,0.5340699999999999,0.0
-0.010470000000000005,6.67036,0.5340699999999999,0.0
-0.010470000000000005,6.679336,0.5340699999999999,0.0
-0.010470000000000005,6.689336,0.5340699999999999,0.0
-0.010470000000000005,6.699336,0.5340699999999999,0.0
-0.010470000000000005,6.709336,0.5340699999999999,0.0
-0.010470000000000005,6.719336,0.5340699999999999,0.0
-0.010470000000000005,6.729336,0.5340699999999999,0.0
-0.010470000000000005,6.739336,0.5340699999999999,0.0
-0.010470000000000005,6.749336,0.5340699999999999,0.0
-0.010470000000000005,6.759336,0.5340699999999999,0.0
-0.010470000000000005,6.768312,0.5340699999999999,0.0
-0.010470000000000005,6.778312,0.5340699999999999,0.0
-0.010470000000000005,6.788312,0.5340699999999999,0.0
-0.010470000000000005,6.798312,0.5340699999999999,0.0
-0.010470000000000005,6.807288,0.5340699999999999,0.0
-0.010470000000000005,6.817288,0.5340699999999999,0.0
-0.010470000000000005,6.827288,0.5340699999999999,0.0
-0.010470000000000005,6.837288,0.5340699999999999,0.0
-0.010470000000000005,6.846264,0.5340699999999999,0.0
-0.010470000000000005,6.856264,0.5340699999999999,0.0
-0.010470000000000005,6.866264,0.5340699999999999,0.0
-0.010470000000000005,6.876264,0.5340699999999999,0.0
-0.010470000000000005,6.886264,0.5340699999999999,0.0
-0.010470000000000005,6.896264,0.5340699999999999,0.0
-0.010470000000000005,6.906264,0.5340699999999999,0.0
-0.010470000000000005,6.916264,0.5340699999999999,0.0
-0.010470000000000005,6.926264,0.5340699999999999,0.0
-0.010470000000000005,6.93524,0.5340699999999999,0.0
-0.010470000000000005,6.94524,0.5340699999999999,0.0
-0.010470000000000005,6.95524,0.5340699999999999,0.0
-0.010470000000000005,6.96524,0.5340699999999999,0.0
-0.010470000000000005,6.974216,0.5340699999999999,0.0
-0.010470000000000005,6.984216,0.5340699999999999,0.0
-0.010470000000000005,6.994216,0.5340699999999999,0.0
0.024436500000000017,7.00422,0.5340699999999999,0.0
0.05745800000000002,7.014236,0.5359549999999998,0.0
0.08451050000000003,7.024244,0.5438089999999999,0.0
0.10323799999999989,7.034244,0.5599879999999999,0.0
0.11301149999999989,7.044244,0.5851209999999999,0.0
0.1124179999999999,7.054244,0.620621,0.0
0.10294949999999992,7.06322,0.6649959999999999,0.0
0.09002500000000004,7.07322,0.712827,0.0
0.07859300000000004,7.08322,0.7591654999999999,0.0
0.07085250000000003,7.09322,0.8018125,0.0
0.06711750000000004,7.102196,0.8404540000000001,0.0
0.06809500000000003,7.112204,0.8743830000000001,0.0
0.07433450000000003,7.122196,0.90305,0.0
0.08355850000000004,7.132196,0.9287325,0.0
0.09246850000000002,7.141176,0.9547289999999999,0.0
0.09965050000000003,7.151172,0.9824535,0.0
0.10510450000000003,7.161176,1.011906,0.0
0.1086735,7.171172,1.0432435,0.0
0.11004350000000002,7.181172,1.07678,0.0
0.109293,7.190148,1.1124370000000001,0.0
0.07245800000000001,7.200152,1.149272,0.0
0.03805750000000001,7.210152,1.1836725000000003,0.0
0.0108825,7.220152,1.2108475,0.0
-0.006946499999999996,7.229128,1.2286765000000002,0.0
-0.015350000000000003,7.239128,1.2370800000000002,0.0
-0.013307999999999993,7.249104,1.235038,0.0
-0.0027049999999999978,7.259116,1.224435,0.0
0.010960999999999999,7.2681,1.210769,0.0
0.0231345,7.278104,1.1985955000000004,0.0
0.031695,7.28808,1.1900350000000002,0.0
0.03625,7.298072,1.1854800000000003,0.0
0.0360925,7.307048,1.1856375000000001,0.0
0.030673000000000002,7.317048,1.1910570000000003,0.0
0.022269,7.327048,1.1994610000000003,0.0
0.014179,7.337048,1.2075510000000005,0.0
0.007817,7.347048,1.2139130000000007,0.0
0.003182999999999999,7.357048,1.2185470000000007,0.0
0.00043400000000000106,7.367048,1.2212960000000006,0.0
-0.00011599999999999966,7.377048,1.2218460000000007,0.0
0.0014545,7.387048,1.2202755000000005,0.0
0.004203000000000001,7.396024,1.2175270000000007,0.0
0.006402000000000002,7.406024,1.2153280000000006,0.0
0.0073445,7.416024,1.2143855000000006,0.0
0.007265999999999999,7.426024,1.2144640000000007,0.0
0.0067160000000000015,7.435,1.2150140000000007,0.0
0.006087500000000003,7.445,1.2156425000000006,0.0
0.005773000000000002,7.455,1.2159570000000006,0.0
0.0058515000000000025,7.465,1.2158785000000005,0.0
0.005930000000000002,7.473976,1.2158000000000007,0.0
0.005930000000000002,7.483976,1.2158000000000007,0.0
0.005930000000000002,7.493976,1.2158000000000007,0.0
0.005930000000000002,7.503976,1.2158000000000007,0.0
0.005930000000000002,7.513976,1.2158000000000007,0.0
0.005930000000000002,7.523976,1.2158000000000007,0.0
0.005930000000000002,7.533976,1.2158000000000007,0.0
0.005930000000000002,7.543976,1.2158000000000007,0.0
0.005930000000000002,7.553976,1.2158000000000007,0.0
0.005930000000000002,7.562952,1.2158000000000007,0.0
0.005930000000000002,7.572952,1.2158000000000007,0.0
0.005930000000000002,7.582952,1.2158000000000007,0.0
0.005930000000000002,7.592952,1.2158000000000007,0.0
0.005930000000000002,7.601928,1.2158000000000007,0.0
0.005930000000000002,7.611928,1.2158000000000007,0.0
0.005930000000000002,7.621928,1.2158000000000007,0.0
0.005930000000000002,7.631932,1.2158000000000007,0.0
0.005930000000000002,7.641928,1.2158000000000007,0.0
0.005930000000000002,7.651928,1.2158000000000007,0.0
0.005930000000000002,7.661928,1.2158000000000007,0.0
0.005930000000000002,7.671928,1.2158000000000007,0.0
0.005930000000000002,7.681928,1.2158000000000007,0.0
0.005930000000000002,7.691928,1.2158000000000007,0.0
0.005930000000000002,7.701928,1.2158000000000007,0.0
0.005930000000000002,7.711928,1.2158000000000007,0.0
0.005930000000000002,7.721928,1.2158000000000007,0.0
0.005930000000000002,7.730904,1.2158000000000007,0.0
0.005930000000000002,7.740904,1.2158000000000007,0.0
0.005930000000000002,7.750904,1.2158000000000007,0.0
0.005930000000000002,7.760904,1.2158000000000007,0.0
0.005930000000000002,7.76988,1.2158000000000007,0.0
0.005930000000000002,7.77988,1.2158000000000007,0.0
0.005930000000000002,7.78988,1.2158000000000007,0.0
0.005930000000000002,7.79988,1.2158000000000007,0.0
0.005930000000000002,7.80988,1.2158000000000007,0.0
0.005930000000000002,7.81988,1.2158000000000007,0.0
0.005930000000000002,7.82988,1.2158000000000007,0.0
0.005930000000000002,7.83988,1.2158000000000007,0.0
0.005930000000000002,7.84988,1.2158000000000007,0.0
0.005930000000000002,7.858856,1.2158000000000007,0.0
0.005930000000000002,7.868856,1.2158000000000007,0.0
0.005930000000000002,7.878856,1.2158000000000007,0.0
0.005930000000000002,7.888856,1.2158000000000007,0.0
0.005930000000000002,7.897832,1.2158000000000007,0.0
0.005930000000000002,7.907832,1.2158000000000007,0.0
0.005930000000000002,7.917832,1.2158000000000007,0.0
0.005930000000000002,7.927832,1.2158000000000007,0.0
0.005930000000000002,7.936808,1.2158000000000007,0.0
0.005930000000000002,7.946808,1.2158000000000007,0.0
0.005930000000000002,7.956808,1.2158000000000007,0.0
0.005930000000000002,7.966808,1.2158000000000007,0.0
0.005930000000000002,7.976808,1.2158000000000007,0.0
0.005930000000000002,7.986808,1.2158000000000007,0.0
0.005930000000000002,7.996808,1.2158000000000007,0.0
0.005930000000000002,8.006808,1.2158000000000007,0.0
0.005930000000000002,8.016808,1.2158000000000007,0.0
0.005930000000000002,8.025784,1.2158000000000007,0.0
0.005930000000000002,8.035784,1.2158000000000007,0.0
0.005930000000000002,8.045784,1.2158000000000007,0.0
0.005930000000000002,8.055784,1.2158000000000007,0.0
0.005930000000000002,8.06476,1.2158000000000007,0.0
0.005930000000000002,8.07476,1.2158000000000007,0.0
0.005930000000000002,8.08476,1.2158000000000007,0.0
0.005930000000000002,8.09476,1.2158000000000007,0.0
0.005930000000000002,8.103736,1.2158000000000007,0.0
0.005930000000000002,8.113736,1.2158000000000007,0.0
0.005930000000000002,8.123736,1.2158000000000007,0.0
0.005930000000000002,8.133736,1.2158000000000007,0.0
0.005930000000000002,8.143736,1.2158000000000007,0.0
0.005930000000000002,8.153736,1.2158000000000007,0.0
0.005930000000000002,8.163736,1.2158000000000007,0.0
0.005930000000000002,8.173736,1.2158000000000007,0.0
0.005930000000000002,8.183736,1.2158000000000007,0.0
0.005930000000000002,8.192712,1.2158000000000007,0.0
0.005930000000000002,8.202712,1.2158000000000007,0.0
0.005930000000000002,8.212712,1.2158000000000007,0.0
0.005930000000000002,8.222712,1.2158000000000007,0.0
0.005930000000000002,8.231688,1.2158000000000007,0.0
0.005930000000000002,8.241688,1.2158000000000007,0.0
0.005930000000000002,8.251688,1.2158000000000007,0.0
0.005930000000000002,8.261692,1.2158000000000007,0.0
0.005930000000000002,8.271688,1.2158000000000007,0.0
0.005930000000000002,8.281688,1.2158000000000007,0.0
0.005930000000000002,8.291688,1.2158000000000007,0.0
0.005930000000000002,8.301688,1.2158000000000007,0.0
0.005930000000000002,8.311688,1.2158000000000007,0.0
0.005930000000000002,8.321688,1.2158000000000007,0.0
0.005930000000000002,8.331688,1.2158000000000007,0.0
0.005930000000000002,8.341688,1.2158000000000007,0.0
0.005930000000000002,8.351688,1.2158000000000007,0.0
0.005930000000000002,8.360664,1.2158000000000007,0.0
0.005930000000000002,8.370664,1.2158000000000007,0.0
0.005930000000000002,8.380664,1.2158000000000007,0.0
0.005930000000000002,8.390664,1.2158000000000007,0.0
0.005930000000000002,8.39964,1.2158000000000007,0.0
0.005930000000000002,8.40964,1.2158000000000007,0.0
0.005930000000000002,8.41964,1.2158000000000007,0.0
0.005930000000000002,8.42964,1.2158000000000007,0.0
0.005930000000000002,8.43964,1.2158000000000007,0.0
0.005930000000000002,8.44964,1.2158000000000007,0.0
0.005930000000000002,8.45964,1.2158000000000007,0.0
0.005930000000000002,8.46964,1.2158000000000007,0.0
0.005930000000000002,8.47964,1.2158000000000007,0.0
0.005930000000000002,8.488616,1.2158000000000007,0.0
0.005930000000000002,8.498616,1.2158000000000007,0.0
0.005930000000000002,8.508616,1.2158000000000007,0.0
0.005930000000000002,8.518616,1.2158000000000007,0.0
0.005930000000000002,8.527592,1.2158000000000007,0.0
0.005930000000000002,8.537592,1.2158000000000007,0.0
0.005930000000000002,8.547592,1.2158000000000007,0.0
0.005930000000000002,8.557592,1.2158000000000007,0.0
0.005930000000000002,8.566568,1.2158000000000007,0.0
0.005930000000000002,8.576568,1.2158000000000007,0.0
0.005930000000000002,8.586568,1.2158000000000007,0.0
0.005930000000000002,8.596568,1.2158000000000007,0.0
0.005930000000000002,8.606568,1.2158000000000007,0.0
0.005930000000000002,8.616568,1.2158000000000007,0.0
0.005930000000000002,8.626568,1.2158000000000007,0.0
0.005930000000000002,8.636568,1.2158000000000007,0.0
0.005930000000000002,8.646568,1.2158000000000007,0.0
0.005930000000000002,8.655544,1.2158000000000007,0.0
0.005930000000000002,8.665544,1.2158000000000007,0.0
0.005930000000000002,8.675544,1.2158000000000007,0.0
0.005930000000000002,8.685544,1.2158000000000007,0.0
0.005930000000000002,8.69452,1.2158000000000007,0.0
0.005930000000000002,8.70452,1.2158000000000007,0.0
0.005930000000000002,8.71452,1.2158000000000007,0.0
0.005930000000000002,8.72452,1.2158000000000007,0.0
0.005930000000000002,8.733496,1.2158000000000007,0.0
0.005930000000000002,8.743496,1.2158000000000007,0.0
0.005930000000000002,8.753496,1.2158000000000007,0.0
0.005930000000000002,8.763496,1.2158000000000007,0.0
0.005930000000000002,8.773496,1.2158000000000007,0.0
0.005930000000000002,8.783496,1.2158000000000007,0.0
0.005930000000000002,8.793496,1.2158000000000007,0.0
0.005930000000000002,8.803496,1.2158000000000007,0.0
0.005930000000000002,8.813496,1.2158000000000007,0.0
0.005930000000000002,8.822472,1.2158000000000007,0.0
0.005930000000000002,8.832472,1.2158000000000007,0.0
0.005930000000000002,8.842472,1.2158000000000007,0.0
0.005930000000000002,8.852472,1.2158000000000007,0.0
0.005930000000000002,8.861448,1.2158000000000007,0.0
0.005930000000000002,8.871448,1.2158000000000007,0.0
0.005930000000000002,8.881448,1.2158000000000007,0.0
0.005930000000000002,8.891452,1.2158000000000007,0.0
0.005930000000000002,8.901448,1.2158000000000007,0.0
0.005930000000000002,8.911448,1.2158000000000007,0.0
0.005930000000000002,8.921448,1.2158000000000007,0.0
0.005930000000000002,8.931448,1.2158000000000007,0.0
0.005930000000000002,8.941448,1.2158000000000007,0.0
0.005930000000000002,8.951448,1.2158000000000007,0.0
0.005930000000000002,8.961448,1.2158000000000007,0.0
0.005930000000000002,8.971448,1.2158000000000007,0.0
0.005930000000000002,8.981448,1.2158000000000007,0.0
0.005930000000000002,8.990424,1.2158000000000007,0.0
0.08881299999999999,9.000424,1.2158000000000007,0.0
0.16981100000000013,9.010444,1.2176850000000006,0.0
0.24484000000000009,9.020452,1.2255390000000006,0.0
0.3107585000000001,9.029428,1.2425035000000006,0.0
0.36583850000000007,9.039428,1.2703065000000007,0.0
0.4086659999999997,9.049428,1.3103615000000008,0.0
0.4376704999999997,9.059428,1.3642395000000007,0.0
0.4512029999999997,9.069428,1.4335900000000006,0.0
0.4477704999999997,9.078404,1.5199050000000005,0.0
0.4306724999999998,9.087396,1.6198860000000004,0.0
0.40933299999999984,9.09738,1.7241080000000002,0.0
0.3910564999999999,9.10738,1.8252670000000002,0.0
0.37788549999999993,9.11636,1.921321,0.0
0.36966249999999995,9.126356,2.012427,0.0
0.36638750000000003,9.136356,2.0985849999999995,0.0
0.36829599999999996,9.146356,2.1795595,0.0
0.37499550000000004,9.155332,2.255743,0.0
0.3844435,9.165332,2.3291774999999997,0.0
0.3938129999999999,9.175328,2.4026905000000003,0.0
0.40192599999999984,9.185328,2.47746,0.0
0.3258994999999999,9.194304,2.5534865,0.0
0.25050150000000004,9.204304,2.6288845,0.0
0.17965849999999994,9.214308,2.699727,0.0
0.11627700000000002,9.224312,2.7631085,0.0
0.06169149999999997,9.234312,2.8176935000000003,0.0
0.017552499999999985,9.243284,2.8618330000000003,0.0
-0.013470500000000019,9.253284,2.8928565,0.0
-0.028550500000000013,9.263284,2.9079360000000003,0.0
-0.025644500000000015,9.273284,2.90503,0.0
-0.008287500000000015,9.28226,2.8876725000000003,0.0
0.013625499999999994,9.29224,2.86576,0.0
0.03247549999999999,9.302232,2.8469105,0.0
0.04622,9.312232,2.8331660000000003,0.0
0.0550165,9.321208,2.8243695,0.0
0.058865000000000015,9.331208,2.820521,0.0
0.057530000000000005,9.341208,2.821856,0.0
0.051403999999999984,9.351208,2.827982,0.0
0.042529499999999984,9.360184,2.836857,0.0
0.03373349999999999,9.370184,2.8456535,0.0
0.026194000000000002,9.380184,2.8531934999999997,0.0
0.019911,9.390184,2.8594765,0.0
0.014884500000000002,9.400184,2.864503,0.0
0.011271999999999999,9.40916,2.868116,0.0
0.009308499999999999,9.41916,2.8700794999999997,0.0
0.009387499999999998,9.42916,2.870001,0.0
0.0112725,9.43916,2.8681159999999997,0.0
0.013864499999999997,9.448136,2.8655239999999997,0.0
0.015985499999999996,9.458136,2.8634034999999995,0.0
0.0170855,9.468136,2.8623039999999995,0.0
0.017399999999999995,9.478136,2.861989999999999,0.0
0.017399999999999995,9.487112,2.861989999999999,0.0
0.017399999999999995,9.497112,2.861989999999999,0.0
0.017399999999999995,9.507112,2.861989999999999,0.0
0.017399999999999995,9.517116,2.861989999999999,0.0
0.017399999999999995,9.527112,2.861989999999999,0.0
0.017399999999999995,9.537112,2.861989999999999,0.0
0.017399999999999995,9.547112,2.861989999999999,0.0
0.017399999999999995,9.557112,2.861989999999999,0.0
0.017399999999999995,9.567112,2.861989999999999,0.0
0.017399999999999995,9.576088,2.861989999999999,0.0
0.017399999999999995,9.586088,2.861989999999999,0.0
0.017399999999999995,9.596088,2.861989999999999,0.0
0.017399999999999995,9.606088,2.861989999999999,0.0
0.017399999999999995,9.615064,2.861989999999999,0.0
0.017399999999999995,9.625064,2.861989999999999,0.0
0.017399999999999995,9.635064,2.861989999999999,0.0
0.017399999999999995,9.645064,2.861989999999999,0.0
0.017399999999999995,9.65404,2.861989999999999,0.0
0.017399999999999995,9.66404,2.861989999999999,0.0
0.017399999999999995,9.67404,2.861989999999999,0.0
0.017399999999999995,9.68404,2.861989999999999,0.0
0.017399999999999995,9.69404,2.861989999999999,0.0
0.017399999999999995,9.70404,2.861989999999999,0.0
0.017399999999999995,9.71404,2.861989999999999,0.0
0.017399999999999995,9.72404,2.861989999999999,0.0
0.017399999999999995,9.73404,2.861989999999999,0.0
0.017399999999999995,9.743016,2.861989999999999,0.0
0.017399999999999995,9.753016,2.861989999999999,0.0
0.017399999999999995,9.763016,2.861989999999999,0.0
0.017399999999999995,9.773016,2.861989999999999,0.0
0.017399999999999995,9.781992,2.861989999999999,0.0
0.017399999999999995,9.791992,2.861989999999999,0.0
0.017399999999999995,9.801992,2.861989999999999,0.0
0.017399999999999995,9.811992,2.861989999999999,0.0
0.017399999999999995,9.820968,2.861989999999999,0.0
0.017399999999999995,9.830968,2.861989999999999,0.0
0.017399999999999995,9.840968,2.861989999999999,0.0
0.017399999999999995,9.850968,2.861989999999999,0.0
0.017399999999999995,9.860968,2.861989999999999,0.0
0.017399999999999995,9.869944,2.861989999999999,0.0
0.017399999999999995,9.879944,2.861989999999999,0.0
0.017399999999999995,9.889944,2.861989999999999,0.0
0.017399999999999995,9.899944,2.861989999999999,0.5236
0.017399999999999995,9.90892,2.861989999999999,0.02618
0.017399999999999995,9.91892,2.861989999999999,0.5236
0.017399999999999995,9.92892,2.861989999999999,0.05236
0.017399999999999995,9.93892,2.861989999999999,0.5236
0.017399999999999995,9.947896,2.861989999999999,0.07854
0.017399999999999995,9.957896,2.861989999999999,0.5236
0.017399999999999995,9.967896,2.861989999999999,0.10472
0.017399999999999995,9.977896,2.861989999999999,0.5236
0.017399999999999995,9.986872,2.861989999999999,0.1309
0.017399999999999995,9.996872,2.861989999999999,0.5236
0.017399999999999995,10.006872,2.861989999999999,0.15708
0.017399999999999995,10.016872,2.861989999999999,0.5236
0.017399999999999995,10.026872,2.861989999999999,0.18326
0.017399999999999995,10.035848,2.861989999999999,0.5236
0.017399999999999995,10.045848,2.861989999999999,0.20944
0.017399999999999995,10.055848,2.861989999999999,0.5236
0.017399999999999995,10.065848,2.861989999999999,0.23562
0.017399999999999995,10.074824,2.861989999999999,0.5236
0.017399999999999995,10.084824,2.861989999999999,0.2618
0.017399999999999995,10.094824,2.861989999999999,0.5236
0.017399999999999995,10.104824,2.861989999999999,0.28798
0.017399999999999995,10.1138,2.861989999999999,0.5236
0.017399999999999995,10.1238,2.861989999999999,0.31416
0.017399999999999995,10.1338,2.861989999999999,0.5236
0.017399999999999995,10.143804,2.861989999999999,0.34034000000000003
0.017399999999999995,10.1538,2.861989999999999,0.5236
0.017399999999999995,10.162776,2.861989999999999,0.36652
0.017399999999999995,10.172776,2.861989999999999,0.5236
0.017399999999999995,10.182776,2.861989999999999,0.39270000000000005
0.017399999999999995,10.192776,2.861989999999999,0.5236
0.017399999999999995,10.201752,2.861989999999999,0.41888
0.017399999999999995,10.211752,2.861989999999999,0.5236
0.017399999999999995,10.221752,2.861989999999999,0.44506
0.017399999999999995,10.231752,2.861989999999999,0.5236
0.017399999999999995,10.240728,2.861989999999999,0.47124
0.017399999999999995,10.250728,2.861989999999999,0.5236
0.017399999999999995,10.260728,2.861989999999999,0.49742
0.017399999999999995,10.270728,2.861989999999999,0.5236
0.017399999999999995,10.279704,2.861989999999999,0.5236
0.017399999999999995,10.289704,2.861989999999999,0.5236
0.017399999999999995,10.299704,2.861989999999999,0.5236
0.017399999999999995,10.309704,2.861989999999999,0.5236
0.017399999999999995,10.319704,2.861989999999999,0.5236
0.017399999999999995,10.32868,2.861989999999999,0.5236
0.017399999999999995,10.33868,2.861989999999999,0.5236
0.017399999999999995,10.34868,2.861989999999999,0.5236
0.017399999999999995,10.35868,2.861989999999999,0.5236
0.017399999999999995,10.367656,2.861989999999999,0.5236
0.017399999999999995,10.377656,2.861989999999999,0.5236
0.017399999999999995,10.387656,2.861989999999999,0.5236
0.017399999999999995,10.397656,2.861989999999999,0.5236
0.017399999999999995,10.406632,2.861989999999999,0.5236
0.017399999999999995,10.416632,2.861989999999999,0.5236
0.017399999999999995,10.426632,2.861989999999999,0.5236
0.017399999999999995,10.436632,2.861989999999999,0.5236
0.017399999999999995,10.445608,2.861989999999999,0.5236
0.017399999999999995,10.455608,2.861989999999999,0.5236
0.017399999999999995,10.465608,2.861989999999999,0.5236
0.017399999999999995,10.475608,2.861989999999999,0.5236
0.017399999999999995,10.485608,2.861989999999999,0.5236
0.017399999999999995,10.494584,2.861989999999999,0.5236
0.017399999999999995,10.504584,2.861989999999999,0.5236
0.017399999999999995,10.514584,2.861989999999999,0.5236
0.017399999999999995,10.524584,2.861989999999999,0.5236
0.017399999999999995,10.53356,2.861989999999999,0.5236
0.017399999999999995,10.54356,2.861989999999999,0.5236
0.017399999999999995,10.55356,2.861989999999999,0.5236
0.017399999999999995,10.56356,2.861989999999999,0.5236
0.017399999999999995,10.572536,2.861989999999999,0.5236
0.017399999999999995,10.582536,2.861989999999999,0.5236
0.017399999999999995,10.592536,2.861989999999999,0.5236
0.017399999999999995,10.602536,2.861989999999999,0.5236
0.017399999999999995,10.611512,2.861989999999999,0.5236
0.017399999999999995,10.621512,2.861989999999999,0.5236
0.017399999999999995,10.631512,2.861989999999999,0.5236
0.017399999999999995,10.641512,2.861989999999999,0.5236
0.017399999999999995,10.651512,2.861989999999999,0.5236
0.017399999999999995,10.660488,2.861989999999999,0.5236
0.017399999999999995,10.670488,2.861989999999999,0.5236
0.017399999999999995,10.680488,2.861989999999999,0.5236
0.017399999999999995,10.690488,2.861989999999999,0.5236
0.017399999999999995,10.699464,2.861989999999999,0.5236
0.017399999999999995,10.709464,2.861989999999999,0.5236
0.017399999999999995,10.719464,2.861989999999999,0.5236
0.017399999999999995,10.729464,2.861989999999999,0.5236
0.017399999999999995,10.73844,2.861989999999999,0.5236
0.017399999999999995,10.74844,2.861989999999999,0.5236
0.017399999999999995,10.75844,2.861989999999999,0.5236
0.017399999999999995,10.768444,2.861989999999999,0.5236
0.017399999999999995,10.77844,2.861989999999999,0.5236
0.017399999999999995,10.787416,2.861989999999999,0.5236
0.017399999999999995,10.797416,2.861989999999999,0.5236
0.017399999999999995,10.807416,2.861989999999999,0.5236
0.017399999999999995,10.817416,2.861989999999999,0.5236
0.017399999999999995,10.826392,2.861989999999999,0.5236
0.017399999999999995,10.836392,2.861989999999999,0.5236
0.017399999999999995,10.846392,2.861989999999999,0.5236
0.017399999999999995,10.856392,2.861989999999999,0.5236
0.017399999999999995,10.865368,2.861989999999999,0.5236
0.017399999999999995,10.875368,2.861989999999999,0.5236
0.017399999999999995,10.885368,2.861989999999999,0.5236
0.017399999999999995,10.895368,2.861989999999999,0.5236
0.017399999999999995,10.904344,2.861989999999999,0.5236
0.017399999999999995,10.914344,2.861989999999999,0.5236
0.017399999999999995,10.924344,2.861989999999999,0.5236
0.017399999999999995,10.934344,2.861989999999999,0.5236
0.017399999999999995,10.944344,2.861989999999999,0.5236
0.017399999999999995,10.95332,2.861989999999999,0.5236
0.017399999999999995,10.96332,2.861989999999999,0.5236
0.017399999999999995,10.97332,2.861989999999999,0.5236
0.017399999999999995,10.98332,2.861989999999999,0.5236
0.017399999999999995,10.992296,2.861989999999999,0.5236
-0.03930300000000001,11.002296,2.861989999999999,0.5236
-0.09419949999999999,11.01232,2.8601834999999993,0.5236
-0.14273450000000007,11.022324,2.8520154999999994,0.5236
-0.18145200000000006,11.0313,2.8340299999999994,0.5236
-0.2090165,11.0413,2.8048914999999996,0.5236
-0.224172,11.0513,2.7633439999999996,0.5236
-0.22542600000000002,11.0613,2.7078949999999997,0.5236
-0.21277850000000004,11.070272,2.6385445,0.5236
-0.19212000000000007,11.080276,2.5611824999999997,0.5236
-0.17091150000000002,11.090276,2.4832710000000002,0.5236
-0.152609,11.100276,2.4082655000000006,0.5236
-0.138155,11.110276,2.3371085000000003,0.5236
-0.1278635,11.119252,2.2701140000000004,0.5236
-0.12275549999999998,11.129252,2.2083030000000003,0.5236
-0.12408799999999998,11.139252,2.1529325,0.5236
-0.1320965,11.149252,2.104238,0.5236
-0.14418899999999998,11.158228,2.0596275,0.5236
-0.15628150000000002,11.168232,2.0150170000000003,0.5236
-0.16617500000000002,11.178232,1.9682070000000005,0.5236
-0.17355500000000001,11.188232,1.918884,0.5236
-0.12148300000000001,11.19722,1.8668120000000004,0.5236
-0.06823300000000002,11.207208,1.8135620000000003,0.5236
-0.01836000000000001,11.217208,1.7636890000000003,0.5236
0.023344999999999984,11.227204,1.7219840000000006,0.5236
0.05358249999999998,11.23618,1.6917465,0.5236
0.07039,11.246184,1.6749390000000006,0.5236
0.072118,11.256184,1.6732110000000007,0.5236
0.05868799999999999,11.266184,1.6866410000000003,0.5236
0.03614749999999999,11.276184,1.7091820000000002,0.5236
0.012978499999999994,11.28516,1.732351,0.5236
-0.006342500000000001,11.295156,1.7516715000000003,0.5236
-0.020951,11.305156,1.76628,0.5236
-0.031160999999999994,11.315156,1.7764900000000001,0.5236
-0.0364235,11.324132,1.7817525,0.5236
-0.035638,11.334132,1.7809670000000002,0.5236
-0.0283335,11.344132,1.7736625000000001,0.5236
-0.016866500000000003,11.354112,1.7621955,0.5236
-0.005399500000000003,11.36308,1.7507285000000001,0.5236
0.0038685,11.37308,1.7414610000000001,0.5236
0.010623,11.38308,1.7347065000000002,0.5236
0.014628500000000001,11.393084,1.7307009999999998,0.5236
0.0156495,11.40308,1.7296799999999999,0.5236
0.013686000000000002,11.41308,1.7316435,0.5236
0.010073000000000002,11.42308,1.7352565,0.5236
0.0067745,11.43308,1.7385549999999999,0.5236
0.004497000000000001,11.44308,1.7408324999999998,0.5236
0.0033975000000000008,11.452056,1.7419319999999996,0.5236
0.003554500000000001,11.462056,1.7417749999999999,0.5236
0.004811000000000002,11.472056,1.7405185,0.5236
0.006146000000000004,11.482056,1.7391835000000002,0.5236
0.006539000000000003,11.491032,1.738791,0.5236
0.006068000000000004,11.501032,1.739262,0.5236
0.005361000000000002,11.511032,1.739969,0.5236
0.004890000000000002,11.521032,1.74044,0.5236
0.0048115000000000015,11.530008,1.7405185,0.5236
0.004890000000000002,11.540008,1.74044,0.5236
0.004890000000000002,11.550008,1.74044,0.5236
0.004890000000000002,11.560008,1.74044,0.5236
0.004890000000000002,11.570008,1.74044,0.5236
0.004890000000000002,11.580008,1.74044,0.5236
0.004890000000000002,11.590008,1.74044,0.5236
0.004890000000000002,11.600008,1.74044,0.5236
0.004890000000000002,11.610008,1.74044,0.5236
0.004890000000000002,11.618984,1.74044,0.5236
0.004890000000000002,11.628984,1.74044,0.5236
0.004890000000000002,11.638984,1.74044,0.5236
0.004890000000000002,11.648984,1.74044,0.5236
0.004890000000000002,11.65796,1.74044,0.5236
0.004890000000000002,11.66796,1.74044,0.5236
0.004890000000000002,11.67796,1.74044,0.5236
0.004890000000000002,11.68796,1.74044,0.5236
0.004890000000000002,11.696936,1.74044,0.5236
0.004890000000000002,11.706936,1.74044,0.5236
0.004890000000000002,11.716936,1.74044,0.5236
0.004890000000000002,11.726936,1.74044,0.5236
0.004890000000000002,11.736936,1.74044,0.5236
0.004890000000000002,11.746936,1.74044,0.5236
0.004890000000000002,11.756936,1.74044,0.5236
0.004890000000000002,11.766936,1.74044,0.5236
0.004890000000000002,11.776936,1.74044,0.5236
0.004890000000000002,11.785912,1.74044,0.5236
0.004890000000000002,11.795912,1.74044,0.5236
0.004890000000000002,11.805912,1.74044,0.5236
0.004890000000000002,11.815912,1.74044,0.5236
0.004890000000000002,11.824888,1.74044,0.5236
0.004890000000000002,11.834888,1.74044,0.5236
0.004890000000000002,11.844888,1.74044,0.5236
0.004890000000000002,11.854888,1.74044,0.5236
0.004890000000000002,11.863864,1.74044,0.5236
0.004890000000000002,11.873864,1.74044,0.5236
0.004890000000000002,11.883864,1.74044,0.5236
0.004890000000000002,11.893864,1.74044,0.5236
0.004890000000000002,11.903864,1.74044,0.5236
0.004890000000000002,11.91284,1.74044,0.5236
0.004890000000000002,11.92284,1.74044,0.5236
0.004890000000000002,11.93284,1.74044,0.5236
0.004890000000000002,11.94284,1.74044,0.5236
0.004890000000000002,11.951816,1.74044,0.5236
0.004890000000000002,11.961816,1.74044,0.5236
0.004890000000000002,11.971816,1.74044,0.5236
0.004890000000000002,11.981816,1.74044,0.5236
0.004890000000000002,11.990792,1.74044,0.5236
0.004890000000000002,12.000792,1.74044,0.5236
0.004890000000000002,12.010792,1.74044,0.5236
0.004890000000000002,12.020796,1.74044,0.5236
0.004890000000000002,12.030792,1.74044,0.5236
0.004890000000000002,12.040792,1.74044,0.5236
0.004890000000000002,12.050792,1.74044,0.5236
0.004890000000000002,12.060792,1.74044,0.5236
0.004890000000000002,12.070792,1.74044,0.5236
0.004890000000000002,12.079768,1.74044,0.5236
0.004890000000000002,12.089768,1.74044,0.5236
0.004890000000000002,12.099768,1.74044,0.5236
0.004890000000000002,12.109768,1.74044,0.5236
0.004890000000000002,12.118744,1.74044,0.5236
0.004890000000000002,12.128744,1.74044,0.5236
0.004890000000000002,12.138744,1.74044,0.5236
0.004890000000000002,12.148744,1.74044,0.5236
0.004890000000000002,12.15772,1.74044,0.5236
0.004890000000000002,12.16772,1.74044,0.5236
0.004890000000000002,12.17772,1.74044,0.5236
0.004890000000000002,12.18772,1.74044,0.5236
0.004890000000000002,12.19772,1.74044,0.5236
0.004890000000000002,12.20772,1.74044,0.5236
0.004890000000000002,12.21772,1.74044,0.5236
0.004890000000000002,12.22772,1.74044,0.5236
0.004890000000000002,12.23772,1.74044,0.5236
0.004890000000000002,12.246696,1.74044,0.5236
0.004890000000000002,12.256696,1.74044,0.5236
0.004890000000000002,12.266696,1.74044,0.5236
0.004890000000000002,12.276696,1.74044,0.5236
0.004890000000000002,12.285672,1.74044,0.5236
0.004890000000000002,12.295672,1.74044,0.5236
0.004890000000000002,12.305672,1.74044,0.5236
0.004890000000000002,12.315672,1.74044,0.5236
0.004890000000000002,12.324648,1.74044,0.5236
0.004890000000000002,12.334648,1.74044,0.5236
0.004890000000000002,12.344648,1.74044,0.5236
0.004890000000000002,12.354648,1.74044,0.5236
0.004890000000000002,12.364648,1.74044,0.5236
0.004890000000000002,12.374648,1.74044,0.5236
0.004890000000000002,12.384648,1.74044,0.5236
0.004890000000000002,12.394648,1.74044,0.5236
0.004890000000000002,12.404648,1.74044,0.5236
0.004890000000000002,12.413624,1.74044,0.5236
0.004890000000000002,12.423624,1.74044,0.5236
0.004890000000000002,12.433624,1.74044,0.5236
0.004890000000000002,12.443624,1.74044,0.5236
0.004890000000000002,12.4526,1.74044,0.5236
0.004890000000000002,12.4626,1.74044,0.5236
0.004890000000000002,12.4726,1.74044,0.5236
0.004890000000000002,12.4826,1.74044,0.5236
0.004890000000000002,12.491576,1.74044,0.5236
0.004890000000000002,12.501576,1.74044,0.5236
0.004890000000000002,12.511576,1.74044,0.5236
0.004890000000000002,12.521576,1.74044,0.5236
0.004890000000000002,12.531576,1.74044,0.5236
0.004890000000000002,12.540552,1.74044,0.5236
0.004890000000000002,12.550552,1.74044,0.5236
0.004890000000000002,12.560552,1.74044,0.5236
0.004890000000000002,12.570552,1.74044,0.5236
0.004890000000000002,12.579528,1.74044,0.5236
0.004890000000000002,12.589528,1.74044,0.5236
0.004890000000000002,12.599528,1.74044,0.5236
0.004890000000000002,12.609528,1.74044,0.5236
0.004890000000000002,12.618504,1.74044,0.5236
0.004890000000000002,12.628504,1.74044,0.5236
0.004890000000000002,12.638504,1.74044,0.5236
0.004890000000000002,12.648508,1.74044,0.5236
0.004890000000000002,12.658504,1.74044,0.5236
0.004890000000000002,12.668504,1.74044,0.5236
0.004890000000000002,12.678504,1.74044,0.5236
0.004890000000000002,12.688504,1.74044,0.5236
0.004890000000000002,12.698504,1.74044,0.5236
0.004890000000000002,12.70748,1.74044,0.5236
0.004890000000000002,12.71748,1.74044,0.5236
0.004890000000000002,12.72748,1.74044,0.5236
0.004890000000000002,12.73748,1.74044,0.5236
0.004890000000000002,12.746456,1.74044,0.5236
0.004890000000000002,12.756456,1.74044,0.5236
0.004890000000000002,12.766456,1.74044,0.5236
0.004890000000000002,12.776456,1.74044,0.5236
0.004890000000000002,12.785432,1.74044,0.5236
0.004890000000000002,12.795432,1.74044,0.5236
0.004890000000000002,12.805432,1.74044,0.5236
0.004890000000000002,12.815432,1.74044,0.5236
0.004890000000000002,12.825432,1.74044,0.5236
0.004890000000000002,12.835432,1.74044,0.5236
0.004890000000000002,12.845432,1.74044,0.5236
0.004890000000000002,12.855432,1.74044,0.5236
0.004890000000000002,12.865432,1.74044,0.5236
0.004890000000000002,12.874408,1.74044,0.5236
0.004890000000000002,12.884408,1.74044,0.5236
0.004890000000000002,12.894408,1.74044,0.5236
0.004890000000000002,12.904408,1.74044,0.5236
0.004890000000000002,12.913384,1.74044,0.5236
0.004890000000000002,12.923384,1.74044,0.5236
0.004890000000000002,12.933384,1.74044,0.5236
0.004890000000000002,12.943384,1.74044,0.5236
0.004890000000000002,12.95236,1.74044,0.5236
0.004890000000000002,12.96236,1.74044,0.5236
0.004890000000000002,12.97236,1.74044,0.5236
0.004890000000000002,12.98236,1.74044,0.5236
0.004890000000000002,12.99236,1.74044,0.5236
0.18814950000000003,13.00236,1.74044,0.5236
0.36921,13.012396,1.7426389999999998,0.5236
0.5434374999999999,13.022388,1.751671,0.5236
0.7074545,13.032388,1.7709135,0.5236
0.8599264999999999,13.04138,1.801701,0.5236
0.9995180000000001,13.05034,1.8453689999999998,0.5236
1.1241869999999998,13.060344,1.9039594999999996,0.5236
1.2324409999999997,13.07034,1.9789649999999999,0.5236
1.3234944999999998,13.079316,2.071170999999999,0.5236
1.3961699999999997,13.089316,2.1817549999999994,0.5236
1.4495244999999999,13.099316,2.3116599999999994,0.5236
1.4829299999999996,13.109316,2.461514,0.5236
1.495444,13.118292,2.6322595,0.5236
1.486281,13.127272,2.8246819999999997,0.5236
1.461096,13.137452,3.0331270000000004,0.5236
1.4314339999999999,13.146244,3.2460485,0.5236
1.4032639999999998,13.156244,3.4574780000000005,0.5236
1.3765079999999998,13.16522,3.667493500000001,0.5236
1.3510085,13.17522,3.8762525000000014,0.5236
1.3273155,13.185216,4.083205000000001,0.5236
1.1224835,13.195216,4.288037000000001,0.5236
0.9221280000000001,13.204192,4.488392500000001,0.5236
0.7303335,13.214196,4.680187,0.5236
0.5495349999999999,13.224196,4.8609855,0.5236
0.3805169999999999,13.234176,5.030003499999999,0.5236
0.2243795000000001,13.243144,5.186140999999999,0.5236
0.08316450000000002,13.253144,5.327356,0.5236
-0.041557000000000045,13.263168,5.4520775,0.5236
-0.148842,13.273176,5.559363,0.5236
-0.237592,13.283152,5.6481129999999995,0.5236
-0.307021,13.29212,5.717542,0.5236
-0.35650099999999996,13.30212,5.767022,0.5236
-0.38508950000000003,13.31212,5.7956104999999996,0.5236
-0.39200100000000004,13.32212,5.802522,0.5236
-0.3828905,13.331096,5.793411,0.5236
-0.369303,13.341096,5.779823499999999,0.5236
-0.35720750000000007,13.351096,5.767728,0.5236
-0.34652600000000006,13.361096,5.7570465,0.5236
-0.3371010000000001,13.370072,5.7476215,0.5236
-0.3294825000000001,13.380072,5.740003,0.5236
-0.3239845000000001,13.390072,5.7345049999999995,0.5236
-0.3207640000000001,13.400072,5.7312845,0.5236
-0.31927150000000015,13.409048,5.729792,0.5236
-0.31856450000000014,13.419048,5.729085,0.5236
-0.3180930000000002,13.429048,5.728613500000001,0.5236
-0.31762150000000017,13.439048,5.728142,0.5236
-0.31715000000000015,13.449048,5.7276705,0.5236
-0.3167570000000002,13.458024,5.7272775,0.5236
-0.31660000000000016,13.468024,5.72712,0.5236
-0.31660000000000016,13.478024,5.72712,0.5236
-0.31660000000000016,13.488024,5.72712,0.5236
-0.31660000000000016,13.497,5.72712,0.5236
-0.31660000000000016,13.507,5.72712,0.5236
-0.31660000000000016,13.517,5.72712,0.5236
-0.31660000000000016,13.527,5.72712,0.5236
-0.31660000000000016,13.535976,5.72712,0.5236
-0.31660000000000016,13.545976,5.72712,0.5236
-0.31660000000000016,13.555976,5.72712,0.5236
-0.31660000000000016,13.565976,5.72712,0.5236
-0.31660000000000016,13.574952,5.72712,0.5236
-0.31660000000000016,13.584952,5.72712,0.5236
-0.31660000000000016,13.594952,5.72712,0.5236
-0.31660000000000016,13.604952,5.72712,0.5236
-0.31660000000000016,13.614952,5.72712,0.5236
-0.31660000000000016,13.623928,5.72712,0.5236
-0.31660000000000016,13.633928,5.72712,0.5236
-0.31660000000000016,13.643928,5.72712,0.5236
-0.31660000000000016,13.653928,5.72712,0.5236
-0.31660000000000016,13.662904,5.72712,0.5236
-0.31660000000000016,13.672904,5.72712,0.5236
-0.31660000000000016,13.682904,5.72712,0.5236
-0.31660000000000016,13.692904,5.72712,0.5236
-0.31660000000000016,13.70188,5.72712,0.5236
-0.31660000000000016,13.71188,5.72712,0.5236
-0.31660000000000016,13.72188,5.72712,0.5236
-0.31660000000000016,13.73188,5.72712,0.5236
-0.31660000000000016,13.740856,5.72712,0.5236
-0.31660000000000016,13.750856,5.72712,0.5236
-0.31660000000000016,13.760856,5.72712,0.5236
-0.31660000000000016,13.770856,5.72712,0.5236
-0.31660000000000016,13.780856,5.72712,0.5236
-0.31660000000000016,13.789832,5.72712,0.5236
-0.31660000000000016,13.799832,5.72712,0.5236
-0.31660000000000016,13.809832,5.72712,0.5236
-0.31660000000000016,13.819832,5.72712,0.5236
-0.31660000000000016,13.828808,5.72712,0.5236
-0.31660000000000016,13.838808,5.72712,0.5236
-0.31660000000000016,13.848808,5.72712,0.5236
-0.31660000000000016,13.858808,5.72712,0.5236
-0.31660000000000016,13.867784,5.72712,0.5236
-0.31660000000000016,13.877784,5.72712,0.5236
-0.31660000000000016,13.887784,5.72712,1.22173
-0.31660000000000016,13.897788,5.72712,0.5585065
-0.31660000000000016,13.907784,5.72712,1.22173
-0.31660000000000016,13.91676,5.72712,0.5934130000000001
-0.31660000000000016,13.92676,5.72712,1.22173
-0.31660000000000016,13.93676,5.72712,0.6283195
-0.31660000000000016,13.94676,5.72712,1.22173
-0.31660000000000016,13.955736,5.72712,0.6632260000000001
-0.31660000000000016,13.965736,5.72712,1.22173
-0.31660000000000016,13.975736,5.72712,0.6981325
-0.31660000000000016,13.985736,5.72712,1.22173
-0.31660000000000016,13.994712,5.72712,0.7330390000000001
-0.31660000000000016,14.004712,5.72712,1.22173
-0.31660000000000016,14.014712,5.72712,0.7679455000000002
-0.31660000000000016,14.024712,5.72712,1.22173
-0.31660000000000016,14.033688,5.72712,0.8028520000000001
-0.31660000000000016,14.043688,5.72712,1.22173
-0.31660000000000016,14.053688,5.72712,0.8377585000000001
-0.31660000000000016,14.063688,5.72712,1.22173
-0.31660000000000016,14.073688,5.72712,0.872665
-0.31660000000000016,14.082664,5.72712,1.22173
-0.31660000000000016,14.092664,5.72712,0.9075715
-0.31660000000000016,14.102664,5.72712,1.22173
-0.31660000000000016,14.112664,5.72712,0.9424779999999999
-0.31660000000000016,14.12164,5.72712,1.22173
-0.31660000000000016,14.13164,5.72712,0.9773845
-0.31660000000000016,14.14164,5.72712,1.22173
-0.31660000000000016,14.15164,5.72712,1.012291
-0.31660000000000016,14.160616,5.72712,1.22173
-0.31660000000000016,14.170616,5.72712,1.0471975000000002
-0.31660000000000016,14.180616,5.72712,1.22173
-0.31660000000000016,14.190616,5.72712,1.0821040000000004
-0.31660000000000016,14.199592,5.72712,1.22173
-0.31660000000000016,14.209592,5.72712,1.1170105000000006
-0.31660000000000016,14.219592,5.72712,1.22173
-0.31660000000000016,14.229592,5.72712,1.1519170000000005
-0.31660000000000016,14.239592,5.72712,1.22173
-0.31660000000000016,14.248568,5.72712,1.1868235000000007
-0.31660000000000016,14.258568,5.72712,1.22173
-0.31660000000000016,14.268568,5.72712,1.2217300000000006
-0.31660000000000016,14.278568,5.72712,1.22173
-0.31660000000000016,14.287544,5.72712,1.2217300000000006
-0.31660000000000016,14.297544,5.72712,1.22173
-0.31660000000000016,14.307544,5.72712,1.2217300000000006
-0.31660000000000016,14.317544,5.72712,1.22173
-0.31660000000000016,14.32652,5.72712,1.2217300000000006
-0.31660000000000016,14.33652,5.72712,1.22173
-0.31660000000000016,14.34652,5.72712,1.2217300000000006
-0.31660000000000016,14.35652,5.72712,1.22173
-0.31660000000000016,14.365496,5.72712,1.2217300000000006
-0.31660000000000016,14.375496,5.72712,1.22173
-0.31660000000000016,14.385496,5.72712,1.2217300000000006
-0.31660000000000016,14.395496,5.72712,1.22173
-0.31660000000000016,14.405496,5.72712,1.2217300000000006
-0.31660000000000016,14.414472,5.72712,1.22173
-0.31660000000000016,14.424472,5.72712,1.2217300000000006
-0.31660000000000016,14.434472,5.72712,1.22173
-0.31660000000000016,14.444472,5.72712,1.2217300000000006
-0.31660000000000016,14.453448,5.72712,1.22173
-0.31660000000000016,14.463448,5.72712,1.2217300000000006
-0.31660000000000016,14.473448,5.72712,1.22173
-0.31660000000000016,14.483448,5.72712,1.2217300000000006
-0.31660000000000016,14.492424,5.72712,1.22173
-0.31660000000000016,14.502424,5.72712,1.2217300000000006
-0.31660000000000016,14.512424,5.72712,1.22173
-0.31660000000000016,14.522428,5.72712,1.2217300000000006
-0.31660000000000016,14.532424,5.72712,1.22173
-0.31660000000000016,14.5414,5.72712,1.2217300000000006
-0.31660000000000016,14.5514,5.72712,1.22173
-0.31660000000000016,14.5614,5.72712,1.2217300000000006
-0.31660000000000016,14.5714,5.72712,1.22173
-0.31660000000000016,14.580376,5.72712,1.2217300000000006
-0.31660000000000016,14.590376,5.72712,1.22173
-0.31660000000000016,14.600376,5.72712,1.2217300000000006
-0.31660000000000016,14.610376,5.72712,1.22173
-0.31660000000000016,14.619352,5.72712,1.2217300000000006
-0.31660000000000016,14.629352,5.72712,1.22173
-0.31660000000000016,14.639352,5.72712,1.2217300000000006
-0.31660000000000016,14.649352,5.72712,1.22173
-0.31660000000000016,14.658328,5.72712,1.2217300000000006
-0.31660000000000016,14.668328,5.72712,1.22173
-0.31660000000000016,14.678328,5.72712,1.2217300000000006
-0.31660000000000016,14.688328,5.72712,1.22173
-0.31660000000000016,14.698328,5.72712,1.2217300000000006
-0.31660000000000016,14.707304,5.72712,1.22173
-0.31660000000000016,14.717304,5.72712,1.2217300000000006
-0.31660000000000016,14.727304,5.72712,1.22173
-0.31660000000000016,14.737304,5.72712,1.2217300000000006
-0.31660000000000016,14.74628,5.72712,1.22173
-0.31660000000000016,14.75628,5.72712,1.2217300000000006
-0.31660000000000016,14.76628,5.72712,1.22173
-0.31660000000000016,14.77628,5.72712,1.2217300000000006
-0.31660000000000016,14.785256,5.72712,1.22173
-0.31660000000000016,14.795256,5.72712,1.2217300000000006
-0.31660000000000016,14.805256,5.72712,1.22173
-0.31660000000000016,14.815256,5.72712,1.2217300000000006
-0.31660000000000016,14.824232,5.72712,1.22173
-0.31660000000000016,14.834232,5.72712,1.2217300000000006
-0.31660000000000016,14.844232,5.72712,1.22173
-0.31660000000000016,14.854232,5.72712,1.2217300000000006
-0.31660000000000016,14.864232,5.72712,1.22173
-0.31660000000000016,14.873208,5.72712,1.2217300000000006
-0.31660000000000016,14.883208,5.72712,1.22173
-0.31660000000000016,14.893208,5.72712,1.2217300000000006
-0.31660000000000016,14.903208,5.72712,1.22173
-0.31660000000000016,14.912184,5.72712,1.2217300000000006
-0.31660000000000016,14.922184,5.72712,1.22173
-0.31660000000000016,14.932184,5.72712,1.2217300000000006
-0.31660000000000016,14.942184,5.72712,1.22173
-0.31660000000000016,14.95116,5.72712,1.2217300000000006
-0.31660000000000016,14.96116,5.72712,1.22173
-0.31660000000000016,14.97116,5.72712,1.2217300000000006
-0.31660000000000016,14.98116,5.72712,1.22173
-0.31660000000000016,14.990136,5.72712,1.2217300000000006
-0.3864135000000002,15.000136,5.72712,1.22173
-0.4539490000000001,15.01016,5.7248425,1.2217300000000006
-0.514809,15.020164,5.715889000000001,1.22173
-0.5656154999999997,15.030164,5.6968825,1.2217300000000006
-0.6052694999999997,15.039144,5.6667235,1.22173
-0.6329069999999996,15.04914,5.624548000000001,1.2217300000000006
-0.6475854999999996,15.05914,5.569413000000001,1.22173
-0.6500899999999996,15.06914,5.502104500000001,1.2217300000000006
-0.6397139999999997,15.078116,5.421915500000001,1.22173
-0.6147299999999998,15.088116,5.3271180000000005,1.2217300000000006
-0.5782789999999998,15.098116,5.220854,1.22173
-0.5373509999999998,15.108132,5.110113000000001,1.2217300000000006
-0.49736549999999985,15.117092,5.000314500000001,1.22173
-0.46052199999999993,15.127096,4.893657500000001,1.2217300000000006
-0.42713400000000007,15.137096,4.7904565,1.22173
-0.3977515000000001,15.147096,4.691261,1.2217300000000006
-0.3733955000000001,15.157096,4.597092,1.22173
-0.3548515000000001,15.166072,4.508735000000001,1.2217300000000006
-0.34306200000000003,15.17608,4.4271325,1.22173
-0.3370845,15.186068,4.351342,1.2217300000000006
-0.2634924999999999,15.196072,4.277750500000001,1.22173
-0.19123600000000002,15.205044,4.205494000000001,1.2217300000000006
-0.12376999999999999,15.215044,4.1380285,1.22173
-0.064394,15.22504,4.0786525,1.2217300000000006
-0.013971500000000026,15.23504,4.028230000000001,1.22173
0.026947999999999996,15.244016,3.9873104999999995,1.2217300000000006
0.057893,15.25402,3.956366,1.22173
0.079727,15.264028,3.9345320000000004,1.2217300000000006
0.090251,15.274024,3.9240075000000005,1.22173
0.08569600000000001,15.282996,3.928563,1.2217300000000006
0.06849600000000002,15.291972,3.9457629999999995,1.22173
0.045562000000000005,15.301968,3.9686965,1.2217300000000006
0.022392499999999996,15.311968,3.9918660000000004,1.22173
0.0011085000000000012,15.321972,4.013150500000001,1.2217300000000006
-0.017898000000000004,15.330948,4.032157,1.22173
-0.0332135,15.340948,4.047472000000001,1.2217300000000006
-0.042874,15.350948,4.057132500000001,1.22173
-0.04578,15.360948,4.0600385,1.2217300000000006
-0.041381499999999995,15.369928,4.05564,1.22173
-0.031170999999999994,15.379928,4.0454295,1.2217300000000006
-0.018919000000000005,15.389928,4.033177,1.22173
-0.007687999999999998,15.399904,4.0219455,1.2217300000000006
0.001658000000000002,15.408872,4.012599000000001,1.22173
0.009040499999999996,15.418872,4.005216,1.2217300000000006
0.014223999999999999,15.428872,4.000032,1.22173
0.016894,15.438872,3.9973615,1.2217300000000006
0.016579499999999997,15.447848,3.9976754999999997,1.22173
0.013201999999999998,15.457848,4.001052499999999,1.2217300000000006
0.008254000000000001,15.467848,4.0060005,1.22173
0.0037770000000000013,15.477848,4.010477,1.2217300000000006
0.00047800000000000067,15.487848,4.0137755,1.22173
-0.0015639999999999999,15.496824,4.0158175,1.2217300000000006
-0.0024279999999999996,15.506824,4.016680999999999,1.22173
-0.0020355,15.516824,4.016287999999999,1.2217300000000006
-0.0004649999999999998,15.526824,4.014716999999999,1.22173
0.0014200000000000003,15.5358,4.012831999999999,1.2217300000000006
0.0026765,15.5458,4.011574999999999,1.22173
0.0029905,15.5558,4.011260499999998,1.2217300000000006
0.0027545,15.5658,4.011495999999998,1.22173
0.0025185,15.574776,4.011731499999999,1.2217300000000006
0.0024399999999999995,15.584776,4.011809999999999,1.22173
0.0024399999999999995,15.594776,4.011809999999999,1.2217300000000006
0.0024399999999999995,15.604776,4.011809999999999,1.22173
0.0024399999999999995,15.613752,4.011809999999999,1.2217300000000006
0.0024399999999999995,15.623752,4.011809999999999,1.22173
0.0024399999999999995,15.633752,4.011809999999999,1.2217300000000006
0.0024399999999999995,15.643752,4.011809999999999,1.22173
0.0024399999999999995,15.653752,4.011809999999999,1.2217300000000006
0.0024399999999999995,15.662728,4.011809999999999,1.22173
0.0024399999999999995,15.672728,4.011809999999999,1.2217300000000006
0.0024399999999999995,15.682728,4.011809999999999,1.22173
0.0024399999999999995,15.692728,4.011809999999999,1.2217300000000006
0.0024399999999999995,15.701704,4.011809999999999,1.22173
0.0024399999999999995,15.711704,4.011809999999999,1.2217300000000006
0.0024399999999999995,15.721704,4.011809999999999,1.22173
0.0024399999999999995,15.731704,4.011809999999999,1.2217300000000006
0.0024399999999999995,15.74068,4.011809999999999,1.22173
0.0024399999999999995,15.75068,4.011809999999999,1.2217300000000006
0.0024399999999999995,15.76068,4.011809999999999,1.22173
0.0024399999999999995,15.770684,4.011809999999999,1.2217300000000006
0.0024399999999999995,15.78068,4.011809999999999,1.22173
0.0024399999999999995,15.79068,4.011809999999999,1.2217300000000006
0.0024399999999999995,15.80068,4.011809999999999,1.22173
0.0024399999999999995,15.81068,4.011809999999999,1.2217300000000006
0.0024399999999999995,15.82068,4.011809999999999,1.22173
0.0024399999999999995,15.829656,4.011809999999999,1.2217300000000006
0.0024399999999999995,15.839656,4.011809999999999,1.22173
0.0024399999999999995,15.849656,4.011809999999999,1.2217300000000006
0.0024399999999999995,15.859656,4.011809999999999,1.22173
0.0024399999999999995,15.868632,4.011809999999999,1.2217300000000006
0.0024399999999999995,15.878632,4.011809999999999,1.22173
0.0024399999999999995,15.888632,4.011809999999999,1.2217300000000006
0.0024399999999999995,15.898632,4.011809999999999,1.22173
0.0024399999999999995,15.907608,4.011809999999999,1.2217300000000006
0.0024399999999999995,15.917608,4.011809999999999,1.22173
0.0024399999999999995,15.927608,4.011809999999999,1.2217300000000006
0.0024399999999999995,15.937608,4.011809999999999,1.22173
0.0024399999999999995,15.947608,4.011809999999999,1.2217300000000006
0.0024399999999999995,15.957608,4.011809999999999,1.22173
0.0024399999999999995,15.967608,4.011809999999999,1.2217300000000006
0.0024399999999999995,15.977608,4.011809999999999,1.22173
0.0024399999999999995,15.987608,4.011809999999999,1.2217300000000006
0.0024399999999999995,15.996584,4.011809999999999,1.22173
0.0024399999999999995,16.006584,4.011809999999999,1.2217300000000006
0.0024399999999999995,16.016584,4.011809999999999,1.22173
0.0024399999999999995,16.026584,4.011809999999999,1.2217300000000006
0.0024399999999999995,16.03556,4.011809999999999,1.22173
0.0024399999999999995,16.04556,4.011809999999999,1.2217300000000006
0.0024399999999999995,16.05556,4.011809999999999,1.22173
0.0024399999999999995,16.06556,4.011809999999999,1.2217300000000006
0.0024399999999999995,16.074536,4.011809999999999,1.22173
0.0024399999999999995,16.084536,4.011809999999999,1.2217300000000006
0.0024399999999999995,16.094536,4.011809999999999,1.22173
0.0024399999999999995,16.104536,4.011809999999999,1.2217300000000006
0.0024399999999999995,16.114536,4.011809999999999,1.22173
0.0024399999999999995,16.123512,4.011809999999999,1.2217300000000006
0.0024399999999999995,16.133512,4.011809999999999,1.22173
0.0024399999999999995,16.143512,4.011809999999999,1.2217300000000006
0.0024399999999999995,16.153512,4.011809999999999,1.22173
0.0024399999999999995,16.162488,4.011809999999999,1.2217300000000006
0.0024399999999999995,16.172488,4.011809999999999,1.22173
0.0024399999999999995,16.182488,4.011809999999999,1.2217300000000006
0.0024399999999999995,16.192488,4.011809999999999,1.22173
0.0024399999999999995,16.201464,4.011809999999999,1.2217300000000006
0.0024399999999999995,16.211464,4.011809999999999,1.22173
0.0024399999999999995,16.221464,4.011809999999999,1.2217300000000006
0.0024399999999999995,16.231464,4.011809999999999,1.22173
0.0024399999999999995,16.24044,4.011809999999999,1.2217300000000006
0.0024399999999999995,16.25044,4.011809999999999,1.22173
0.0024399999999999995,16.26044,4.011809999999999,1.2217300000000006
0.0024399999999999995,16.27044,4.011809999999999,1.22173
0.0024399999999999995,16.28044,4.011809999999999,1.2217300000000006
0.0024399999999999995,16.289416,4.011809999999999,1.22173
0.0024399999999999995,16.299416,4.011809999999999,1.2217300000000006
0.0024399999999999995,16.309416,4.011809999999999,1.22173
0.0024399999999999995,16.319416,4.011809999999999,1.2217300000000006
0.0024399999999999995,16.328392,4.011809999999999,1.22173
0.0024399999999999995,16.338392,4.011809999999999,1.2217300000000006
0.0024399999999999995,16.348392,4.011809999999999,1.22173
0.0024399999999999995,16.358392,4.011809999999999,1.2217300000000006
0.0024399999999999995,16.367368,4.011809999999999,1.22173
0.0024399999999999995,16.377368,4.011809999999999,1.2217300000000006
0.0024399999999999995,16.387368,4.011809999999999,1.22173
0.0024399999999999995,16.397372,4.011809999999999,1.2217300000000006
0.0024399999999999995,16.407368,4.011809999999999,1.22173
0.0024399999999999995,16.417368,4.011809999999999,1.2217300000000006
0.0024399999999999995,16.427368,4.011809999999999,1.22173
0.0024399999999999995,16.437368,4.011809999999999,1.2217300000000006
0.0024399999999999995,16.447368,4.011809999999999,1.22173
0.0024399999999999995,16.456344,4.011809999999999,1.2217300000000006
0.0024399999999999995,16.466344,4.011809999999999,1.22173
0.0024399999999999995,16.476344,4.011809999999999,1.2217300000000006
0.0024399999999999995,16.486344,4.011809999999999,1.22173
0.0024399999999999995,16.49532,4.011809999999999,1.2217300000000006
0.0024399999999999995,16.50532,4.011809999999999,1.22173
0.0024399999999999995,16.51532,4.011809999999999,1.2217300000000006
0.0024399999999999995,16.52532,4.011809999999999,1.22173
0.0024399999999999995,16.534296,4.011809999999999,1.2217300000000006
0.0024399999999999995,16.544296,4.011809999999999,1.22173
0.0024399999999999995,16.554296,4.011809999999999,1.2217300000000006
0.0024399999999999995,16.564296,4.011809999999999,1.22173
0.0024399999999999995,16.574296,4.011809999999999,1.2217300000000006
0.0024399999999999995,16.584296,4.011809999999999,1.22173
0.0024399999999999995,16.594296,4.011809999999999,1.2217300000000006
0.0024399999999999995,16.604296,4.011809999999999,1.22173
0.0024399999999999995,16.614296,4.011809999999999,1.2217300000000006
0.0024399999999999995,16.623272,4.011809999999999,1.22173
0.0024399999999999995,16.633272,4.011809999999999,1.2217300000000006
0.0024399999999999995,16.643272,4.011809999999999,1.22173
0.0024399999999999995,16.653272,4.011809999999999,1.2217300000000006
0.0024399999999999995,16.662248,4.011809999999999,1.22173
0.0024399999999999995,16.672248,4.011809999999999,1.2217300000000006
0.0024399999999999995,16.682248,4.011809999999999,1.22173
0.0024399999999999995,16.692248,4.011809999999999,1.2217300000000006
0.0024399999999999995,16.701224,4.011809999999999,1.22173
0.0024399999999999995,16.711224,4.011809999999999,1.2217300000000006
0.0024399999999999995,16.721224,4.011809999999999,1.22173
0.0024399999999999995,16.731224,4.011809999999999,1.2217300000000006
0.0024399999999999995,16.741224,4.011809999999999,1.22173
0.0024399999999999995,16.7502,4.011809999999999,1.2217300000000006
0.0024399999999999995,16.7602,4.011809999999999,1.22173
0.0024399999999999995,16.7702,4.011809999999999,1.2217300000000006
0.0024399999999999995,16.7802,4.011809999999999,1.22173
0.0024399999999999995,16.789176,4.011809999999999,1.2217300000000006
0.0024399999999999995,16.799176,4.011809999999999,1.22173
0.0024399999999999995,16.809176,4.011809999999999,1.2217300000000006
0.0024399999999999995,16.819176,4.011809999999999,1.22173
0.0024399999999999995,16.828152,4.011809999999999,1.2217300000000006
0.0024399999999999995,16.838152,4.011809999999999,1.22173
0.0024399999999999995,16.848152,4.011809999999999,1.2217300000000006
0.0024399999999999995,16.858152,4.011809999999999,1.22173
0.0024399999999999995,16.867128,4.011809999999999,1.2217300000000006
0.0024399999999999995,16.877128,4.011809999999999,1.22173
0.0024399999999999995,16.887128,4.011809999999999,1.2217300000000006
0.0024399999999999995,16.897128,4.011809999999999,1.22173
0.0024399999999999995,16.907128,4.011809999999999,1.2217300000000006
0.0024399999999999995,16.916104,4.011809999999999,1.22173
0.0024399999999999995,16.926104,4.011809999999999,1.2217300000000006
0.0024399999999999995,16.936104,4.011809999999999,1.22173
0.0024399999999999995,16.946104,4.011809999999999,1.2217300000000006
0.0024399999999999995,16.95508,4.011809999999999,1.22173
0.0024399999999999995,16.96508,4.011809999999999,1.2217300000000006
0.0024399999999999995,16.97508,4.011809999999999,1.22173
0.0024399999999999995,16.98508,4.011809999999999,1.2217300000000006
0.0024399999999999995,16.994056,4.011809999999999,1.22173
-0.159003,17.004056,4.011809999999999,1.2217300000000006
-0.3180895,17.01408,4.009453999999998,1.22173
-0.4706575,17.024088,4.000578999999998,1.2217300000000006
-0.6130935000000001,17.033064,3.9815724999999986,1.22173
-0.743356,17.042036,3.950392499999999,1.2217300000000006
-0.8601095000000001,17.052036,3.9057034999999987,1.22173
-0.962176,17.062036,3.8463274999999992,1.2217300000000006
-1.048456,17.072036,3.7711649999999994,1.22173
-1.1169075,17.081012,3.6781739999999994,1.2217300000000006
-1.166588,17.091012,3.5664119999999992,1.22173
-1.1966335,17.101012,3.4350149999999995,1.2217300000000006
-1.2056304999999998,17.111016,3.2825694999999997,1.22173
-1.192872,17.119992,3.1083684999999996,1.2217300000000006
-1.1621279999999998,17.129984,2.916182,1.22173
-1.1231369999999998,17.139988,2.7157485,1.2217300000000006
-1.0849314999999997,17.149984,2.5161005000000003,1.22173
-1.0515169999999998,17.15896,2.3212435000000005,1.2217300000000006
-1.0237574999999999,17.168964,2.1320415000000006,1.22173
-1.0025164999999998,17.17896,1.9493580000000006,1.2217300000000006
-0.9890509999999998,17.18896,1.7744500000000007,1.22173
-0.8234889999999999,17.19896,1.6088885000000006,1.2217300000000006
-0.6711220000000001,17.20794,1.4565215000000002,1.22173
-0.5355620000000002,17.217936,1.3209620000000002,1.2217300000000006
-0.4152390000000001,17.22794,1.200639,1.22173
-0.30567600000000006,17.237944,1.091076,1.2217300000000006
-0.205381,17.246916,0.9907805000000001,1.22173
-0.11498199999999997,17.256916,0.9003815,1.2217300000000006
-0.034949999999999995,17.266916,0.8203494999999998,1.22173
0.03369350000000001,17.276916,0.751706,1.2217300000000006
0.09032050000000001,17.285892,0.6950790000000001,1.22173
0.132025,17.295892,0.6533745000000001,1.2217300000000006
0.153388,17.305892,0.6320115000000002,1.22173
0.15118900000000002,17.315892,0.6342105000000002,1.2217300000000006
0.128727,17.324868,0.6566725000000002,1.22173
0.095269,17.333844,0.6901305000000002,1.2217300000000006
0.059376,17.343844,0.7260230000000002,1.22173
0.024661499999999992,17.353844,0.7607375000000003,1.2217300000000006
-0.007696999999999997,17.363844,0.7930955000000003,1.22173
-0.0347935,17.37282,0.8201920000000001,1.2217300000000006
-0.05332900000000003,17.38282,0.8387275000000001,1.22173
-0.06094700000000002,17.392824,0.8463455000000002,1.2217300000000006
-0.05599900000000002,17.40282,0.8413970000000002,1.22173
-0.038799,17.411796,0.8241970000000003,1.2217300000000006
-0.014452,17.421796,0.7998495000000002,1.22173
0.009267000000000004,17.431804,0.7761305000000003,1.2217300000000006
0.028117,17.441796,0.7572810000000002,1.22173
0.041155,17.450772,0.7442430000000001,1.2217300000000006
0.04767350000000001,17.460772,0.737724,1.22173
0.046967,17.470776,0.7384305000000001,1.2217300000000006
0.039427500000000004,17.480776,0.74597,1.22173
0.027411000000000005,17.489748,0.7579865,1.2217300000000006
0.014766000000000001,17.499728,0.7706314999999999,1.22173
0.0039275000000000004,17.50972,0.7814699999999999,1.2217300000000006
-0.0046335000000000005,17.51972,0.7900309999999999,1.22173
-0.010445500000000002,17.52972,0.7958429999999999,1.2217300000000006
-0.013037,17.538696,0.7984349999999999,1.22173
-0.012016,17.548696,0.7974139999999998,1.2217300000000006
-0.0076960000000000015,17.558696,0.7930944999999999,1.22173
-0.0021194999999999986,17.568696,0.7875179999999999,1.2217300000000006
0.0026715000000000003,17.577672,0.782727,1.22173
0.005891499999999998,17.587672,0.779507,1.2217300000000006
0.007384000000000001,17.597672,0.7780149999999999,1.22173
0.006912999999999999,17.607672,0.778486,1.2217300000000006
0.004399999999999999,17.616648,0.7809995000000001,1.22173
0.001101500000000001,17.626648,0.784298,1.2217300000000006
-0.0015689999999999996,17.636648,0.7869685,1.22173
-0.003218499999999999,17.646652,0.788618,1.2217300000000006
-0.0037680000000000005,17.656648,0.789168,1.22173
-0.0035324999999999996,17.666648,0.7889324999999999,1.2217300000000006
-0.0032184999999999987,17.676648,0.7886184999999999,1.22173
-0.0031399999999999987,17.686648,0.7885399999999998,1.2217300000000006
-0.0031399999999999987,17.696648,0.7885399999999998,1.22173
-0.0031399999999999987,17.705624,0.7885399999999998,1.2217300000000006
-0.0031399999999999987,17.715624,0.7885399999999998,1.22173
-0.0031399999999999987,17.725624,0.7885399999999998,1.2217300000000006
-0.0031399999999999987,17.735624,0.7885399999999998,1.22173
-0.0031399999999999987,17.7446,0.7885399999999998,1.2217300000000006
-0.0031399999999999987,17.7546,0.7885399999999998,1.22173
-0.0031399999999999987,17.7646,0.7885399999999998,1.2217300000000006
-0.0031399999999999987,17.7746,0.7885399999999998,1.22173
-0.0031399999999999987,17.783576,0.7885399999999998,1.2217300000000006
-0.0031399999999999987,17.793576,0.7885399999999998,1.22173
-0.0031399999999999987,17.803576,0.7885399999999998,1.2217300000000006
-0.0031399999999999987,17.813576,0.7885399999999998,1.22173
-0.0031399999999999987,17.823576,0.7885399999999998,1.2217300000000006
-0.0031399999999999987,17.833576,0.7885399999999998,1.22173
-0.0031399999999999987,17.843576,0.7885399999999998,1.2217300000000006
-0.0031399999999999987,17.853576,0.7885399999999998,2.87939
-0.0031399999999999987,17.863576,0.7885399999999998,1.3046130000000007
-0.0031399999999999987,17.872552,0.7885399999999998,2.87939
-0.0031399999999999987,17.882552,0.7885399999999998,1.3874960000000005
-0.0031399999999999987,17.892552,0.7885399999999998,2.87939
-0.0031399999999999987,17.902552,0.7885399999999998,1.4703790000000005
-0.0031399999999999987,17.911528,0.7885399999999998,2.87939
-0.0031399999999999987,17.921528,0.7885399999999998,1.5532620000000006
-0.0031399999999999987,17.931528,0.7885399999999998,2.87939
-0.0031399999999999987,17.941528,0.7885399999999998,1.6361450000000006
-0.0031399999999999987,17.950504,0.7885399999999998,2.87939
-0.0031399999999999987,17.960504,0.7885399999999998,1.7190280000000007
-0.0031399999999999987,17.970504,0.7885399999999998,2.87939
-0.0031399999999999987,17.980504,0.7885399999999998,1.8019110000000005
-0.0031399999999999987,17.990504,0.7885399999999998,2.87939
-0.0031399999999999987,17.99948,0.7885399999999998,1.8847940000000005
-0.0031399999999999987,18.00948,0.7885399999999998,2.87939
-0.0031399999999999987,18.01948,0.7885399999999998,1.9676770000000006
-0.0031399999999999987,18.02948,0.7885399999999998,2.87939
-0.0031399999999999987,18.038456,0.7885399999999998,2.0505600000000004
-0.0031399999999999987,18.048456,0.7885399999999998,2.87939
-0.0031399999999999987,18.058456,0.7885399999999998,2.1334430000000006
-0.0031399999999999987,18.068456,0.7885399999999998,2.87939
-0.0031399999999999987,18.077432,0.7885399999999998,2.2163260000000005
-0.0031399999999999987,18.087432,0.7885399999999998,2.87939
-0.0031399999999999987,18.097432,0.7885399999999998,2.2992090000000007
-0.0031399999999999987,18.107432,0.7885399999999998,2.87939
-0.0031399999999999987,18.116408,0.7885399999999998,2.3820920000000005
-0.0031399999999999987,18.126408,0.7885399999999998,2.87939
-0.0031399999999999987,18.136408,0.7885399999999998,2.464975000000001
-0.0031399999999999987,18.146408,0.7885399999999998,2.87939
-0.0031399999999999987,18.156408,0.7885399999999998,2.5478580000000006
-0.0031399999999999987,18.165384,0.7885399999999998,2.87939
-0.0031399999999999987,18.175384,0.7885399999999998,2.6307410000000004
-0.0031399999999999987,18.185384,0.7885399999999998,2.87939
-0.0031399999999999987,18.195384,0.7885399999999998,2.7136240000000007
-0.0031399999999999987,18.20436,0.7885399999999998,2.87939
-0.0031399999999999987,18.21436,0.7885399999999998,2.7965070000000005
-0.0031399999999999987,18.22436,0.7885399999999998,2.87939
-0.0031399999999999987,18.23436,0.7885399999999998,2.879390000000001
-0.0031399999999999987,18.243336,0.7885399999999998,2.87939
-0.0031399999999999987,18.253336,0.7885399999999998,2.879390000000001
-0.0031399999999999987,18.263336,0.7885399999999998,2.87939
-0.0031399999999999987,18.27334,0.7885399999999998,2.879390000000001
-0.0031399999999999987,18.283336,0.7885399999999998,2.87939
-0.0031399999999999987,18.293336,0.7885399999999998,2.879390000000001
-0.0031399999999999987,18.303336,0.7885399999999998,2.87939
-0.0031399999999999987,18.313336,0.7885399999999998,2.879390000000001
-0.0031399999999999987,18.323336,0.7885399999999998,2.87939
-0.0031399999999999987,18.332312,0.7885399999999998,2.879390000000001
-0.0031399999999999987,18.342312,0.7885399999999998,2.87939
-0.0031399999999999987,18.352312,0.7885399999999998,2.879390000000001
-0.0031399999999999987,18.362312,0.7885399999999998,2.87939
-0.0031399999999999987,18.371288,0.7885399999999998,2.879390000000001
-0.0031399999999999987,18.381288,0.7885399999999998,2.87939
-0.0031399999999999987,18.391288,0.7885399999999998,2.879390000000001
-0.0031399999999999987,18.401288,0.7885399999999998,2.87939
-0.0031399999999999987,18.410264,0.7885399999999998,2.879390000000001
-0.0031399999999999987,18.420264,0.7885399999999998,2.87939
-0.0031399999999999987,18.430264,0.7885399999999998,2.879390000000001
-0.0031399999999999987,18.440264,0.7885399999999998,2.87939
-0.0031399999999999987,18.450264,0.7885399999999998,2.879390000000001
-0.0031399999999999987,18.460264,0.7885399999999998,2.87939
-0.0031399999999999987,18.470264,0.7885399999999998,2.879390000000001
-0.0031399999999999987,18.480264,0.7885399999999998,2.87939
-0.0031399999999999987,18.490264,0.7885399999999998,2.879390000000001
-0.0031399999999999987,18.49924,0.7885399999999998,2.87939
-0.0031399999999999987,18.50924,0.7885399999999998,2.879390000000001
-0.0031399999999999987,18.51924,0.7885399999999998,2.87939
-0.0031399999999999987,18.52924,0.7885399999999998,2.879390000000001
-0.0031399999999999987,18.538216,0.7885399999999998,2.87939
-0.0031399999999999987,18.548216,0.7885399999999998,2.879390000000001
-0.0031399999999999987,18.558216,0.7885399999999998,2.87939
-0.0031399999999999987,18.568216,0.7885399999999998,2.879390000000001
-0.0031399999999999987,18.577192,0.7885399999999998,2.87939
-0.0031399999999999987,18.587192,0.7885399999999998,2.879390000000001
-0.0031399999999999987,18.597192,0.7885399999999998,2.87939
-0.0031399999999999987,18.607192,0.7885399999999998,2.879390000000001
-0.0031399999999999987,18.617192,0.7885399999999998,2.87939
-0.0031399999999999987,18.626168,0.7885399999999998,2.879390000000001
-0.0031399999999999987,18.636168,0.7885399999999998,2.87939
-0.0031399999999999987,18.646168,0.7885399999999998,2.879390000000001
-0.0031399999999999987,18.656168,0.7885399999999998,2.87939
-0.0031399999999999987,18.665144,0.7885399999999998,2.879390000000001
-0.0031399999999999987,18.675144,0.7885399999999998,2.87939
-0.0031399999999999987,18.685144,0.7885399999999998,2.879390000000001
-0.0031399999999999987,18.695144,0.7885399999999998,2.87939
-0.0031399999999999987,18.70412,0.7885399999999998,2.879390000000001
-0.0031399999999999987,18.71412,0.7885399999999998,2.87939
-0.0031399999999999987,18.72412,0.7885399999999998,2.879390000000001
-0.0031399999999999987,18.73412,0.7885399999999998,2.87939
-0.0031399999999999987,18.743096,0.7885399999999998,2.879390000000001
-0.0031399999999999987,18.753096,0.7885399999999998,2.87939
-0.0031399999999999987,18.763096,0.7885399999999998,2.879390000000001
-0.0031399999999999987,18.773096,0.7885399999999998,2.87939
-0.0031399999999999987,18.783096,0.7885399999999998,2.879390000000001
-0.0031399999999999987,18.792072,0.7885399999999998,2.87939
-0.0031399999999999987,18.802072,0.7885399999999998,2.879390000000001
-0.0031399999999999987,18.812072,0.7885399999999998,2.87939
-0.0031399999999999987,18.822072,0.7885399999999998,2.879390000000001
-0.0031399999999999987,18.831048,0.7885399999999998,2.87939
-0.0031399999999999987,18.841048,0.7885399999999998,2.879390000000001
-0.0031399999999999987,18.851048,0.7885399999999998,2.87939
-0.0031399999999999987,18.861048,0.7885399999999998,2.879390000000001
-0.0031399999999999987,18.870024,0.7885399999999998,2.87939
-0.0031399999999999987,18.880024,0.7885399999999998,2.879390000000001
-0.0031399999999999987,18.890024,0.7885399999999998,2.87939
-0.0031399999999999987,18.900028,0.7885399999999998,2.879390000000001
-0.0031399999999999987,18.910024,0.7885399999999998,2.87939
-0.0031399999999999987,18.920024,0.7885399999999998,2.879390000000001
-0.0031399999999999987,18.930024,0.7885399999999998,2.87939
-0.0031399999999999987,18.940024,0.7885399999999998,2.879390000000001
-0.0031399999999999987,18.950024,0.7885399999999998,2.87939
-0.0031399999999999987,18.959,0.7885399999999998,2.879390000000001
-0.0031399999999999987,18.969,0.7885399999999998,2.87939
-0.0031399999999999987,18.979,0.7885399999999998,2.879390000000001
-0.0031399999999999987,18.989,0.7885399999999998,2.87939
-0.0031399999999999987,18.997976,0.7885399999999998,2.879390000000001
0.08848950000000004,19.007976,0.7885399999999998,2.87939
0.17831299999999994,19.017996,0.7903464999999998,2.879390000000001
0.26177449999999997,19.028004,0.7985144999999999,2.87939
0.335183,19.03698,0.8167355,2.879390000000001
0.3973605,19.045972,0.8461880000000002,2.87939
0.447364,19.055964,0.8878140000000002,2.879390000000001
0.48378,19.065952,0.9430275000000002,2.87939
0.505038,19.075956,1.0133990000000002,2.879390000000001
0.5094885,19.084932,1.100578,2.87939
0.49626750000000003,19.094932,1.2054285,2.879390000000001
0.46859500000000004,19.105764,1.3247305,2.87939
0.43628900000000004,19.112884,1.4486664999999999,2.879390000000001
0.40743850000000004,19.121864,1.5691464999999996,2.87939
0.38322199999999995,19.13186,1.6849925,2.879390000000001
0.36261849999999995,19.141864,1.7972260000000007,2.87939
0.345078,19.15186,1.9063965000000005,2.879390000000001
0.33083599999999996,19.160836,2.012268,2.87939
0.31949999999999995,19.169816,2.1152335,2.879390000000001
0.310363,19.179816,2.216,2.87939
0.3031895,19.189816,2.3148030000000004,2.879390000000001
0.20611449999999998,19.198792,2.411878,2.87939
0.11249499999999997,19.207768,2.5054975000000006,2.879390000000001
0.02712249999999998,19.217768,2.5908705000000003,2.87939
-0.046391000000000036,19.227768,2.664384,2.879390000000001
-0.10733800000000003,19.237764,2.7253310000000006,2.87939
-0.15564000000000003,19.24674,2.7736330000000002,2.879390000000001
-0.19059000000000004,19.25674,2.8085830000000005,2.87939
-0.21061750000000004,19.266744,2.8286110000000004,2.879390000000001
-0.21391600000000005,19.27672,2.8319100000000006,2.87939
-0.19954300000000003,19.285688,2.8175375000000007,2.879390000000001
-0.17071850000000008,19.295688,2.7887135000000005,2.87939
-0.13726050000000006,19.305688,2.7552555000000005,2.879390000000001
-0.10725800000000006,19.315688,2.725253500000001,2.87939
-0.08188949999999998,19.324664,2.6998855000000006,2.879390000000001
-0.060133999999999965,19.334664,2.678130000000001,2.87939
-0.0414415,19.344664,2.659437500000001,2.879390000000001
-0.0260475,19.354664,2.644044000000001,2.87939
-0.013559500000000002,19.36364,2.6315565000000007,2.879390000000001
-0.003270499999999999,19.372616,2.6212680000000006,2.87939
0.0050550000000000005,19.382616,2.6129430000000005,2.879390000000001
0.011652500000000001,19.392616,2.6063460000000003,2.87939
0.0166005,19.402616,2.6013980000000005,2.879390000000001
0.0196635,19.411592,2.5983350000000005,2.87939
0.020920500000000005,19.421592,2.5970785000000003,2.879390000000001
0.020842000000000006,19.431592,2.5971570000000006,2.87939
0.02029250000000001,19.441592,2.5977070000000007,2.879390000000001
0.01997850000000001,19.450568,2.5980215000000006,2.87939
0.019900000000000015,19.460568,2.5981000000000005,2.879390000000001
0.019900000000000015,19.470568,2.5981000000000005,2.87939
0.019900000000000015,19.480568,2.5981000000000005,2.879390000000001
0.019900000000000015,19.489544,2.5981000000000005,2.87939
0.019900000000000015,19.499544,2.5981000000000005,2.879390000000001
0.019900000000000015,19.509544,2.5981000000000005,2.87939
0.019900000000000015,19.519548,2.5981000000000005,2.879390000000001
0.019900000000000015,19.529544,2.5981000000000005,2.87939
0.019900000000000015,19.53852,2.5981000000000005,2.879390000000001
0.019900000000000015,19.54852,2.5981000000000005,2.87939
0.019900000000000015,19.55852,2.5981000000000005,2.879390000000001
0.019900000000000015,19.56852,2.5981000000000005,2.87939
0.019900000000000015,19.577496,2.5981000000000005,2.879390000000001
0.019900000000000015,19.587496,2.5981000000000005,2.87939
0.019900000000000015,19.597496,2.5981000000000005,2.879390000000001
0.019900000000000015,19.607496,2.5981000000000005,2.87939
0.019900000000000015,19.616472,2.5981000000000005,2.879390000000001
0.019900000000000015,19.626472,2.5981000000000005,2.87939
0.019900000000000015,19.636472,2.5981000000000005,2.879390000000001
0.019900000000000015,19.646472,2.5981000000000005,2.87939
0.019900000000000015,19.655448,2.5981000000000005,2.879390000000001
0.019900000000000015,19.665448,2.5981000000000005,2.87939
0.019900000000000015,19.675448,2.5981000000000005,2.879390000000001
0.019900000000000015,19.685448,2.5981000000000005,2.87939
0.019900000000000015,19.695448,2.5981000000000005,2.879390000000001
0.019900000000000015,19.704424,2.5981000000000005,2.87939
0.019900000000000015,19.714424,2.5981000000000005,2.879390000000001
0.019900000000000015,19.724424,2.5981000000000005,2.87939
0.019900000000000015,19.734424,2.5981000000000005,2.879390000000001
0.019900000000000015,19.7434,2.5981000000000005,2.87939
0.019900000000000015,19.7534,2.5981000000000005,2.879390000000001
0.019900000000000015,19.7634,2.5981000000000005,2.87939
0.019900000000000015,19.7734,2.5981000000000005,2.879390000000001
0.019900000000000015,19.782376,2.5981000000000005,2.87939
0.019900000000000015,19.792376,2.5981000000000005,2.879390000000001
0.019900000000000015,19.802376,2.5981000000000005,2.87939
0.019900000000000015,19.812376,2.5981000000000005,2.879390000000001
0.019900000000000015,19.821352,2.5981000000000005,2.87939
0.019900000000000015,19.831352,2.5981000000000005,2.879390000000001
0.019900000000000015,19.841352,2.5981000000000005,2.87939
0.019900000000000015,19.851352,2.5981000000000005,2.879390000000001
0.019900000000000015,19.861352,2.5981000000000005,2.87939
0.019900000000000015,19.870328,2.5981000000000005,2.879390000000001
0.019900000000000015,19.880328,2.5981000000000005,2.87939
0.019900000000000015,19.890328,2.5981000000000005,2.879390000000001
0.019900000000000015,19.900328,2.5981000000000005,2.87939
0.019900000000000015,19.909304,2.5981000000000005,2.879390000000001
0.019900000000000015,19.919304,2.5981000000000005,2.87939
0.019900000000000015,19.929304,2.5981000000000005,2.879390000000001
0.019900000000000015,19.939304,2.5981000000000005,2.87939
0.019900000000000015,19.94828,2.5981000000000005,2.879390000000001
0.019900000000000015,19.95828,2.5981000000000005,2.87939
0.019900000000000015,19.96828,2.5981000000000005,2.879390000000001
0.019900000000000015,19.97828,2.5981000000000005,2.87939
0.019900000000000015,19.987256,2.5981000000000005,2.879390000000001
0.019900000000000015,19.997256,2.5981000000000005,2.87939
0.019900000000000015,20.007256,2.5981000000000005,2.879390000000001
0.019900000000000015,20.017256,2.5981000000000005,2.87939
0.019900000000000015,20.027256,2.5981000000000005,2.879390000000001
0.019900000000000015,20.036232,2.5981000000000005,2.87939
0.019900000000000015,20.046232,2.5981000000000005,2.879390000000001
0.019900000000000015,20.056232,2.5981000000000005,2.87939
0.019900000000000015,20.066232,2.5981000000000005,2.879390000000001
0.019900000000000015,20.075208,2.5981000000000005,2.87939
0.019900000000000015,20.085208,2.5981000000000005,2.879390000000001
0.019900000000000015,20.095208,2.5981000000000005,2.87939
0.019900000000000015,20.105208,2.5981000000000005,2.879390000000001
0.019900000000000015,20.114184,2.5981000000000005,2.87939
0.019900000000000015,20.124184,2.5981000000000005,2.879390000000001
0.019900000000000015,20.134184,2.5981000000000005,2.87939
0.019900000000000015,20.144188,2.5981000000000005,2.879390000000001
0.019900000000000015,20.154184,2.5981000000000005,2.87939
0.019900000000000015,20.16316,2.5981000000000005,2.879390000000001
0.019900000000000015,20.17316,2.5981000000000005,2.87939
0.019900000000000015,20.18316,2.5981000000000005,2.879390000000001
0.019900000000000015,20.19316,2.5981000000000005,2.87939
0.019900000000000015,20.202136,2.5981000000000005,2.879390000000001
0.019900000000000015,20.212136,2.5981000000000005,2.87939
0.019900000000000015,20.222136,2.5981000000000005,2.879390000000001
0.019900000000000015,20.232136,2.5981000000000005,2.87939
0.019900000000000015,20.241112,2.5981000000000005,2.879390000000001
0.019900000000000015,20.251112,2.5981000000000005,2.87939
0.019900000000000015,20.261112,2.5981000000000005,2.879390000000001
0.019900000000000015,20.271112,2.5981000000000005,2.87939
0.019900000000000015,20.280088,2.5981000000000005,2.879390000000001
0.019900000000000015,20.290088,2.5981000000000005,2.87939
0.019900000000000015,20.300088,2.5981000000000005,2.879390000000001
0.019900000000000015,20.310088,2.5981000000000005,2.87939
0.019900000000000015,20.320088,2.5981000000000005,2.879390000000001
0.019900000000000015,20.329064,2.5981000000000005,2.87939
0.019900000000000015,20.339064,2.5981000000000005,2.879390000000001
0.019900000000000015,20.349064,2.5981000000000005,2.87939
0.019900000000000015,20.359064,2.5981000000000005,2.879390000000001
0.019900000000000015,20.36804,2.5981000000000005,2.87939
0.019900000000000015,20.37804,2.5981000000000005,2.879390000000001
0.019900000000000015,20.38804,2.5981000000000005,2.87939
0.019900000000000015,20.39804,2.5981000000000005,2.879390000000001
0.019900000000000015,20.407016,2.5981000000000005,2.87939
0.019900000000000015,20.417016,2.5981000000000005,2.879390000000001
0.019900000000000015,20.427016,2.5981000000000005,2.87939
0.019900000000000015,20.437016,2.5981000000000005,2.879390000000001
0.019900000000000015,20.445992,2.5981000000000005,2.87939
0.019900000000000015,20.455992,2.5981000000000005,2.879390000000001
0.019900000000000015,20.465992,2.5981000000000005,2.87939
0.019900000000000015,20.475992,2.5981000000000005,2.879390000000001
0.019900000000000015,20.485992,2.5981000000000005,2.87939
0.019900000000000015,20.494968,2.5981000000000005,2.879390000000001
0.019900000000000015,20.504968,2.5981000000000005,2.87939
0.019900000000000015,20.514968,2.5981000000000005,2.879390000000001
0.019900000000000015,20.524968,2.5981000000000005,2.87939
0.019900000000000015,20.533944,2.5981000000000005,2.879390000000001
0.019900000000000015,20.543944,2.5981000000000005,2.87939
0.019900000000000015,20.553944,2.5981000000000005,2.879390000000001
0.019900000000000015,20.563944,2.5981000000000005,2.87939
0.019900000000000015,20.57292,2.5981000000000005,2.879390000000001
0.019900000000000015,20.58292,2.5981000000000005,2.87939
0.019900000000000015,20.59292,2.5981000000000005,2.879390000000001
0.019900000000000015,20.60292,2.5981000000000005,2.87939
0.019900000000000015,20.611896,2.5981000000000005,2.879390000000001
0.019900000000000015,20.621896,2.5981000000000005,2.87939
0.019900000000000015,20.631896,2.5981000000000005,2.879390000000001
0.019900000000000015,20.641896,2.5981000000000005,2.87939
0.019900000000000015,20.651896,2.5981000000000005,2.879390000000001
0.019900000000000015,20.660872,2.5981000000000005,2.87939
0.019900000000000015,20.670872,2.5981000000000005,2.879390000000001
0.019900000000000015,20.680872,2.5981000000000005,2.87939
0.019900000000000015,20.690872,2.5981000000000005,2.879390000000001
0.019900000000000015,20.699848,2.5981000000000005,2.87939
0.019900000000000015,20.709848,2.5981000000000005,2.879390000000001
0.019900000000000015,20.719848,2.5981000000000005,2.87939
0.019900000000000015,20.729848,2.5981000000000005,2.879390000000001
0.019900000000000015,20.738824,2.5981000000000005,2.87939
0.019900000000000015,20.748824,2.5981000000000005,2.879390000000001
0.019900000000000015,20.758824,2.5981000000000005,2.87939
0.019900000000000015,20.768828,2.5981000000000005,2.879390000000001
0.019900000000000015,20.778824,2.5981000000000005,2.87939
0.019900000000000015,20.7878,2.5981000000000005,2.879390000000001
0.019900000000000015,20.7978,2.5981000000000005,2.87939
0.019900000000000015,20.8078,2.5981000000000005,2.879390000000001
0.019900000000000015,20.8178,2.5981000000000005,2.87939
0.019900000000000015,20.826776,2.5981000000000005,2.879390000000001
0.019900000000000015,20.836776,2.5981000000000005,2.87939
0.019900000000000015,20.846776,2.5981000000000005,2.879390000000001
0.019900000000000015,20.856776,2.5981000000000005,2.87939
0.019900000000000015,20.865752,2.5981000000000005,2.879390000000001
0.019900000000000015,20.875752,2.5981000000000005,2.87939
0.019900000000000015,20.885752,2.5981000000000005,2.879390000000001
0.019900000000000015,20.895752,2.5981000000000005,2.87939
0.019900000000000015,20.904728,2.5981000000000005,2.879390000000001
0.019900000000000015,20.914728,2.5981000000000005,2.87939
0.019900000000000015,20.924728,2.5981000000000005,2.879390000000001
0.019900000000000015,20.934728,2.5981000000000005,2.87939
0.019900000000000015,20.944728,2.5981000000000005,2.879390000000001
0.019900000000000015,20.953704,2.5981000000000005,2.87939
0.019900000000000015,20.963704,2.5981000000000005,2.879390000000001
0.019900000000000015,20.973704,2.5981000000000005,2.87939
0.019900000000000015,20.983704,2.5981000000000005,2.879390000000001
0.019900000000000015,20.99268,2.5981000000000005,2.87939
0.12461949999999998,21.00268,2.5981000000000005,2.879390000000001
0.2272185,21.012708,2.6002205000000007,2.87939
0.3229845,21.022712,2.6091740000000003,2.879390000000001
0.40838350000000007,21.031684,2.6284945000000004,2.87939
0.48255100000000006,21.041688,2.6590465,2.879390000000001
0.5445450000000001,21.051684,2.701772,2.87939
0.5926374999999998,21.061688,2.7583990000000003,2.879390000000001
0.6253359999999999,21.07066,2.83042,2.87939
0.6410699999999999,21.079636,2.9194055,2.879390000000001
0.638347,21.089636,3.0268475000000006,2.87939
0.6206229999999999,21.099708,3.1492910000000007,2.879390000000001
0.597637,21.108616,3.276996500000001,2.87939
0.575829,21.117588,3.403524000000001,2.879390000000001
0.5554345,21.127584,3.5286375000000016,2.87939
0.5360615000000001,21.137588,3.6527300000000014,2.879390000000001
0.5180235000000001,21.147588,3.7754875000000006,2.87939
0.500928,21.156564,3.897302500000001,2.879390000000001
0.484068,21.166544,4.0188820000000005,2.87939
0.4672865,21.17656,4.140383000000001,2.879390000000001
0.450662,21.186568,4.2617270000000005,2.87939
0.32947550000000003,21.195544,4.3829135,2.879390000000001
0.210488,21.20552,4.501900999999999,2.87939
0.09841200000000003,21.215536,4.613977,2.879390000000001
-0.00321849999999998,21.22552,4.7156075,2.87939
-0.09361749999999998,21.234488,4.8060065000000005,2.879390000000001
-0.17184300000000002,21.244488,4.884232000000001,2.87939
-0.23616700000000002,21.254488,4.948556000000002,2.879390000000001
-0.2850970000000001,21.264488,4.997486000000002,2.87939
-0.31706250000000014,21.274488,5.029451500000001,2.879390000000001
-0.3305710000000001,21.283464,5.0429605,2.87939
-0.3290785000000001,21.293464,5.041468000000002,2.879390000000001
-0.3223240000000001,21.303464,5.0347135000000005,2.87939
-0.3167475000000001,21.313464,5.029137000000001,2.879390000000001
-0.31258450000000015,21.32244,5.0249745,2.87939
-0.30944300000000013,21.33244,5.021833000000001,2.879390000000001
-0.3076365000000001,21.34244,5.0200265,2.87939
-0.3067725000000001,21.35244,5.0191625,2.879390000000001
-0.30614400000000014,21.361416,5.018534000000001,2.87939
-0.30559400000000014,21.371416,5.017984000000001,2.879390000000001
-0.3052010000000001,21.381416,5.017591000000001,2.87939
-0.3049655000000001,21.39142,5.017355500000002,2.879390000000001
-0.3048085000000001,21.401416,5.017198500000002,2.87939
-0.3047300000000001,21.410392,5.017120000000002,2.879390000000001
-0.3047300000000001,21.420392,5.017120000000002,2.87939
-0.3047300000000001,21.430392,5.017120000000002,2.879390000000001
-0.3047300000000001,21.440392,5.017120000000002,2.87939
-0.3047300000000001,21.449368,5.017120000000002,2.879390000000001
-0.3047300000000001,21.459368,5.017120000000002,2.87939
-0.3047300000000001,21.469368,5.017120000000002,2.879390000000001
-0.3047300000000001,21.479368,5.017120000000002,2.87939
-0.3047300000000001,21.488344,5.017120000000002,2.879390000000001
-0.3047300000000001,21.498344,5.017120000000002,2.87939
-0.3047300000000001,21.508344,5.017120000000002,2.879390000000001
-0.3047300000000001,21.518344,5.017120000000002,2.87939
-0.3047300000000001,21.52732,5.017120000000002,2.879390000000001
-0.3047300000000001,21.53732,5.017120000000002,2.87939
-0.3046515000000001,21.547344,5.017041500000001,2.879390000000001
-0.3044945000000001,21.557328,5.0168845000000015,2.87939
-0.30433750000000015,21.56732,5.016727500000002,2.879390000000001
-0.30418050000000013,21.576296,5.016570500000001,2.87939
-0.3040235000000001,21.586296,5.016413500000001,2.879390000000001
-0.3038665000000001,21.596296,5.016256500000001,2.87939
-0.3037095000000001,21.606296,5.016099500000001,2.879390000000001
-0.3035525000000001,21.615272,5.015942500000001,2.87939
-0.3033955000000001,21.625272,5.015785500000001,2.879390000000001
-0.3032385000000001,21.635272,5.015628500000001,2.87939
-0.30308150000000006,21.645272,5.015471500000001,2.879390000000001
-0.30292450000000004,21.654248,5.0153145000000015,2.87939
-0.3027675000000001,21.664248,5.015157500000001,2.879390000000001
-0.30261050000000006,21.674248,5.015000500000001,2.87939
-0.3024535000000001,21.684248,5.014843500000001,2.879390000000001
-0.3022965000000001,21.693224,5.014686500000001,2.87939
-0.30213950000000006,21.703224,5.014529500000002,2.879390000000001
-0.30198250000000004,21.713224,5.014372500000001,2.87939
-0.3018255000000001,21.723224,5.014215500000002,2.879390000000001
-0.30166850000000006,21.733224,5.014058500000002,2.87939
-0.30159,21.7422,5.013980000000003,2.879390000000001
-0.30159,21.7522,5.013980000000003,2.87939
-0.30159,21.7622,5.013980000000003,2.879390000000001
-0.30159,21.7722,5.013980000000003,2.87939
-0.30159,21.781176,5.013980000000003,2.879390000000001
-0.30159,21.791176,5.013980000000003,2.87939
-0.30159,21.801176,5.013980000000003,2.879390000000001
-0.30159,21.811176,5.013980000000003,2.87939
-0.30159,21.820152,5.013980000000003,2.879390000000001
-0.30159,21.830152,5.013980000000003,2.87939
-0.30159,21.840152,5.013980000000003,2.879390000000001
-0.30159,21.850152,5.013980000000003,1.7453
-0.30159,21.859128,5.013980000000003,2.8226855000000004
-0.30159,21.869128,5.013980000000003,1.7453
-0.30159,21.879128,5.013980000000003,2.7659810000000005
-0.30159,21.889128,5.013980000000003,1.7453
-0.30159,21.899128,5.013980000000003,2.7092765000000005
-0.30159,21.908104,5.013980000000003,1.7453
-0.30159,21.918104,5.013980000000003,2.6525720000000006
-0.30159,21.928104,5.013980000000003,1.7453
-0.30159,21.938104,5.013980000000003,2.5958675000000007
-0.30159,21.94708,5.013980000000003,1.7453
-0.30159,21.95708,5.013980000000003,2.5391630000000003
-0.30159,21.96708,5.013980000000003,1.7453
-0.30159,21.97708,5.013980000000003,2.4824585000000003
-0.30159,21.986056,5.013980000000003,1.74533
-0.30159,21.996056,5.013980000000003,2.4257555000000006
-0.30159,22.006056,5.013980000000003,1.74533
-0.30159,22.01606,5.013980000000003,2.3690525000000004
-0.30159,22.026056,5.013980000000003,1.74533
-0.30159,22.035032,5.013980000000003,2.3123495000000007
-0.30159,22.045032,5.013980000000003,1.74533
-0.30159,22.055032,5.013980000000003,2.2556465000000006
-0.30159,22.065032,5.013980000000003,1.74533
-0.30159,22.074008,5.013980000000003,2.1989435000000004
-0.30159,22.084008,5.013980000000003,1.74533
-0.30159,22.094008,5.013980000000003,2.1422405000000007
-0.30159,22.104008,5.013980000000003,1.74533
-0.30159,22.112984,5.013980000000003,2.0855375000000005
-0.30159,22.122984,5.013980000000003,1.7453
-0.30159,22.132984,5.013980000000003,2.0288330000000006
-0.30159,22.142984,5.013980000000003,1.7453
-0.30159,22.15196,5.013980000000003,1.9721285000000006
-0.30159,22.16196,5.013980000000003,1.7453
-0.30159,22.17196,5.013980000000003,1.9154240000000007
-0.30159,22.18196,5.013980000000003,1.7453
-0.30159,22.19196,5.013980000000003,1.8587195000000005
-0.30159,22.200936,5.013980000000003,1.7453
-0.30159,22.210936,5.013980000000003,1.8020150000000006
-0.30159,22.220936,5.013980000000003,1.7453
-0.30159,22.230936,5.013980000000003,1.7453105000000004
-0.30159,22.239912,5.013980000000003,1.7453
-0.30159,22.249912,5.013980000000003,1.7453105000000004
-0.30159,22.259912,5.013980000000003,1.7453
-0.30159,22.269912,5.013980000000003,1.7453105000000004
-0.30159,22.278888,5.013980000000003,1.74533
-0.30159,22.288888,5.013980000000003,1.7453120000000002
-0.30159,22.298888,5.013980000000003,1.74533
-0.30159,22.308888,5.013980000000003,1.7453135000000004
-0.30159,22.317864,5.013980000000003,1.74533
-0.30159,22.327864,5.013980000000003,1.7453150000000002
-0.30159,22.337864,5.013980000000003,1.74533
-0.30159,22.347864,5.013980000000003,1.7453165000000004
-0.30159,22.357864,5.013980000000003,1.74533
-0.30159,22.36684,5.013980000000003,1.7453180000000001
-0.30159,22.37684,5.013980000000003,1.74533
-0.30159,22.38684,5.013980000000003,1.7453180000000001
-0.30159,22.39684,5.013980000000003,1.7453
-0.30159,22.405816,5.013980000000003,1.7453165
-0.30159,22.415816,5.013980000000003,1.7453
-0.30159,22.425816,5.013980000000003,1.7453150000000002
-0.30159,22.435816,5.013980000000003,1.7453
-0.30159,22.444792,5.013980000000003,1.7453135
-0.30159,22.454792,5.013980000000003,1.74533
-0.30159,22.464792,5.013980000000003,1.7453135
-0.30159,22.474792,5.013980000000003,1.74533
-0.30159,22.483768,5.013980000000003,1.7453135
-0.30159,22.493768,5.013980000000003,1.74533
-0.30159,22.503768,5.013980000000003,1.7453135
-0.30159,22.513768,5.013980000000003,1.74533
-0.30159,22.523768,5.013980000000003,1.7453150000000002
-0.30159,22.532744,5.013980000000003,1.74533
-0.30159,22.542744,5.013980000000003,1.7453165
-0.30159,22.552744,5.013980000000003,1.74533
-0.30159,22.562744,5.013980000000003,1.7453180000000001
-0.30159,22.57172,5.013980000000003,1.74533
-0.30159,22.58172,5.013980000000003,1.7453195
-0.30159,22.59172,5.013980000000003,1.74533
-0.30159,22.60172,5.013980000000003,1.745321
-0.30159,22.610696,5.013980000000003,1.74533
-0.30159,22.620696,5.013980000000003,1.7453224999999997
-0.30159,22.630696,5.013980000000003,1.74533
-0.30159,22.6407,5.013980000000003,1.7453239999999999
-0.30159,22.650696,5.013980000000003,1.74533
-0.30159,22.659672,5.013980000000003,1.7453254999999996
-0.30159,22.669672,5.013980000000003,1.74533
-0.30159,22.679672,5.013980000000003,1.7453254999999996
-0.30159,22.689672,5.013980000000003,1.74533
-0.30159,22.698648,5.013980000000003,1.7453254999999996
-0.30159,22.708648,5.013980000000003,1.74533
-0.30159,22.718648,5.013980000000003,1.7453254999999996
-0.30159,22.728648,5.013980000000003,1.74533
-0.30159,22.737624,5.013980000000003,1.7453254999999996
-0.30159,22.747624,5.013980000000003,1.74533
-0.30159,22.757624,5.013980000000003,1.7453254999999996
-0.30159,22.767624,5.013980000000003,1.74533
-0.30159,22.7766,5.013980000000003,1.7453254999999996
-0.30159,22.7866,5.013980000000003,1.74533
-0.30159,22.7966,5.013980000000003,1.7453269999999996
-0.30159,22.8066,5.013980000000003,1.74533
-0.30159,22.8166,5.013980000000003,1.7453284999999998
-0.30159,22.825576,5.013980000000003,1.74533
-0.30159,22.835576,5.013980000000003,1.7453299999999996
-0.30159,22.845576,5.013980000000003,1.74533
-0.30159,22.855576,5.013980000000003,1.7453299999999996
-0.30159,22.864552,5.013980000000003,1.74533
-0.30159,22.874552,5.013980000000003,1.7453299999999996
-0.30159,22.884552,5.013980000000003,1.74533
-0.30159,22.894552,5.013980000000003,1.7453299999999996
-0.30159,22.903528,5.013980000000003,1.74533
-0.30159,22.913528,5.013980000000003,1.7453299999999996
-0.30159,22.923528,5.013980000000003,1.74533
-0.30159,22.933528,5.013980000000003,1.7453299999999996
-0.30159,22.942504,5.013980000000003,1.74533
-0.30159,22.952504,5.013980000000003,1.7453299999999996
-0.30159,22.962504,5.013980000000003,1.74533
-0.30159,22.972504,5.013980000000003,1.7453299999999996
-0.30159,22.982504,5.013980000000003,1.74533
-0.30159,22.99148,5.013980000000003,1.7453299999999996
-0.5197560000000003,23.00148,5.013980000000003,1.74533
-0.7367440000000007,23.0115,5.012802000000002,1.7453299999999996
-0.9485485000000008,23.021508,5.006440500000003,1.74533
-1.1502215000000007,23.030484,4.989947000000003,1.7453299999999996
-1.3390140000000006,23.040484,4.960573000000003,1.74533
-1.5138260000000008,23.050484,4.917219000000003,1.7453299999999996
-1.6734014999999998,23.060484,4.858628500000002,1.74533
-1.8168764999999985,23.06946,4.783937000000002,1.7453299999999996
-1.9438579999999985,23.079476,4.692752500000002,1.74533
-2.0533249999999987,23.08946,4.584053500000002,1.7453299999999996
-2.144492499999999,23.09946,4.457054500000002,1.74533
-2.2166529999999987,23.108436,4.3110490000000015,1.7453299999999996
-2.269099999999999,23.117412,4.145330000000001,1.74533
-2.301283999999999,23.127412,3.9593475000000016,1.7453299999999996
-2.3124189999999993,23.137412,3.752316500000001,1.74533
-2.3018769999999993,23.147424,3.5236085000000004,1.7453299999999996
-2.2692654999999995,23.156388,3.272831,1.74533
-2.2189824999999996,23.166388,3.0043820000000006,1.7453299999999996
-2.1606099999999997,23.176388,2.7278435000000005,1.74533
-2.10263,23.186388,2.4516975,1.7453299999999996
-1.8310395000000002,23.195364,2.180107,1.74533
-1.5659675000000002,23.205364,1.915035,1.7453299999999996
-1.3122055000000001,23.215364,1.6612725,1.74533
-1.0756435,23.22536,1.4247105,1.7453299999999996
-0.8603655,23.234336,1.209433,1.74533
-0.6691210000000001,23.243312,1.0181885,1.7453299999999996
-0.5041090000000001,23.253312,0.853176,1.74533
-0.3653290000000001,23.263316,0.714396,1.7453299999999996
-0.2471265,23.27332,0.5961935,1.74533
-0.14416099999999996,23.282292,0.4932275000000001,1.7453299999999996
-0.05541100000000004,23.292292,0.4044775,1.74533
0.018101999999999976,23.302292,0.330964,1.7453299999999996
0.0756715,23.312292,0.2733945,1.74533
0.1178475,23.321268,0.23121899999999998,1.7453299999999996
0.1447865,23.331268,0.20428000000000002,1.74533
0.156253,23.341264,0.192813,1.7453299999999996
0.1498125,23.351264,0.199253,1.74533
0.126015,23.360244,0.22305049999999996,1.7453299999999996
0.0924785,23.370244,0.256587,1.74533
0.057527999999999996,23.380244,0.291537,1.7453299999999996
0.02501249999999999,23.390244,0.32405249999999997,1.74533
-0.0046754999999999896,23.39922,0.3537405,1.7453299999999996
-0.031064500000000012,23.40922,0.38013,1.74533
-0.053291000000000005,23.41922,0.4023570000000001,1.7453299999999996
-0.0686065,23.429224,0.41767200000000004,1.74533
-0.07363349999999995,23.43922,0.4226985000000001,1.7453299999999996
-0.06664350000000001,23.448196,0.41570850000000004,1.74533
-0.048422000000000014,23.4582,0.3974875,1.7453299999999996
-0.025017000000000008,23.4682,0.3740825,1.74533
-0.00278999999999999,23.4782,0.35185600000000006,1.7453299999999996
0.0159025,23.487172,0.3331635,1.74533
0.030668,23.497172,0.31839800000000007,1.7453299999999996
0.04119250000000001,23.507176,0.3078735000000001,1.74533
0.046533000000000005,23.517172,0.30253250000000004,1.7453299999999996
0.04598300000000001,23.526128,0.3030820000000001,1.74533
0.039228500000000006,23.53612,0.30983650000000007,1.7453299999999996
0.028311500000000003,23.54612,0.32075350000000014,1.74533
0.01708,23.55612,0.3319845000000001,1.7453299999999996
0.007498000000000002,23.565096,0.34156600000000015,1.74533
-0.00027749999999999894,23.575096,0.3493415000000002,1.7453299999999996
-0.005932500000000004,23.585096,0.35499600000000014,1.74533
-0.009074500000000004,23.595096,0.35813750000000016,1.7453299999999996
-0.009389000000000002,23.605096,0.35845150000000015,1.74533
-0.006797500000000002,23.614072,0.35585950000000016,1.7453299999999996
-0.002713500000000001,23.624072,0.35177550000000013,1.74533
0.0011350000000000004,23.634072,0.34792700000000015,1.7453299999999996
0.0039625,23.644072,0.3450995000000001,1.74533
0.005689999999999998,23.653048,0.34337150000000016,1.7453299999999996
0.006317999999999997,23.663048,0.34274300000000013,1.74533
0.0058464999999999975,23.673048,0.34321400000000013,1.7453299999999996
0.004825499999999998,23.683048,0.3442350000000001,1.74533
0.003961499999999999,23.692024,0.34509900000000016,1.7453299999999996
0.0035684999999999996,23.702024,0.3454915000000002,1.74533
0.00349,23.712024,0.34557000000000015,1.7453299999999996
0.00349,23.722024,0.34557000000000015,1.74533
0.00349,23.731,0.34557000000000015,1.7453299999999996
0.00349,23.741,0.34557000000000015,1.74533
0.00349,23.751,0.34557000000000015,1.7453299999999996
0.00349,23.761,0.34557000000000015,1.74533
0.00349,23.771,0.34557000000000015,1.7453299999999996
0.00349,23.779976,0.34557000000000015,1.74533
0.00349,23.789976,0.34557000000000015,1.7453299999999996
0.00349,23.799976,0.34557000000000015,1.74533
0.00349,23.809976,0.34557000000000015,1.7453299999999996
0.00349,23.818952,0.34557000000000015,1.74533
0.00349,23.828952,0.34557000000000015,1.7453299999999996
0.00349,23.838952,0.34557000000000015,1.74533
0.00349,23.848952,0.34557000000000015,1.7453299999999996
0.00349,23.857928,0.34557000000000015,1.74533
0.00349,23.867928,0.34557000000000015,1.7453299999999996
0.00349,23.877928,0.34557000000000015,1.74533
0.00349,23.887932,0.34557000000000015,1.7453299999999996
0.00349,23.897928,0.34557000000000015,1.74533
0.00349,23.907928,0.34557000000000015,1.7453299999999996
0.00349,23.917928,0.34557000000000015,1.74533
0.00349,23.927928,0.34557000000000015,1.7453299999999996
0.00349,23.937928,0.34557000000000015,1.74533
0.00349,23.946904,0.34557000000000015,1.7453299999999996
0.00349,23.956904,0.34557000000000015,1.74533
0.00349,23.966904,0.34557000000000015,1.7453299999999996
0.00349,23.976904,0.34557000000000015,1.74533
0.00349,23.98588,0.34557000000000015,1.7453299999999996
0.00349,23.99588,0.34557000000000015,1.74533
0.00349,24.00588,0.34557000000000015,1.7453299999999996
