0.0,0.0,0.0,0.0
0.0,0.0,0.0,0.0
0.0,0.0,0.0,0.0
0.0,0.0,0.0,0.0
0.0,0.0,0.0,0.0
0.0,0.010056,0.0,0.0
0.0,0.010056,0.0,0.0
0.0,0.010056,0.0,0.0
0.0,0.010056,0.0,0.0
0.0,0.060056,0.0,0.0
0.0,0.060056,0.0,0.0
0.0,0.060056,0.0,0.0
0.0,0.070056,0.0,0.0
0.0,0.070056,0.0,0.0
0.0,0.070056,0.0,0.0
0.0,0.080056,0.0,0.0
0.0,0.080056,0.0,0.0
0.0,0.080056,0.0,0.0
0.0,0.080056,0.0,0.0
0.0,0.090056,0.0,0.0
0.0,0.090056,0.0,0.0
0.0,0.090056,0.0,0.0
0.0,0.090056,0.0,0.0
0.0,0.100056,0.0,0.0
0.0,0.100056,0.0,0.0
0.0,0.100056,0.0,0.0
0.0,0.100056,0.0,0.0
0.0,0.110056,0.0,0.0
0.0,0.110056,0.0,0.0
0.0,0.110056,0.0,0.0
0.0,0.120056,0.0,0.0
0.0,0.120056,0.0,0.0
0.0,0.120056,0.0,0.0
0.0,0.120056,0.0,0.0
0.0,0.130056,0.0,0.0
0.0,0.130056,0.0,0.0
0.0,0.130056,0.0,0.0
0.0,0.130056,0.0,0.0
0.0,0.140056,0.0,0.0
0.0,0.140056,0.0,0.0
0.0,0.140056,0.0,0.0
0.0,0.150056,0.0,0.0
0.0,0.150056,0.0,0.0
0.0,0.150056,0.0,0.0
0.0,0.150056,0.0,0.0
0.0,0.160056,0.0,0.0
0.0,0.160056,0.0,0.0
0.0,0.160056,0.0,0.0
0.0,0.160056,0.0,0.0
0.0,0.170056,0.0,0.0
0.0,0.170056,0.0,0.0
0.0,0.170056,0.0,0.0
0.0,0.180056,0.0,0.0
0.0,0.180056,0.0,0.0
0.0,0.180056,0.0,0.0
0.0,0.180056,0.0,0.0
0.0,0.190056,0.0,0.0
0.0,0.190056,0.0,0.0
0.0,0.190056,0.0,0.0
0.0,0.190056,0.0,0.0
0.0,0.200056,0.0,0.0
0.0,0.200056,0.0,0.0
0.0,0.200056,0.0,0.0
0.0,0.210056,0.0,0.0
0.0,0.210056,0.0,0.0
0.0,0.210056,0.0,0.0
0.0,0.210056,0.0,0.0
0.0,0.220056,0.0,0.0
0.0,0.220056,0.0,0.0
0.0,0.220056,0.0,0.0
0.0,0.220056,0.0,0.0
0.0,0.230056,0.0,0.0
0.0,0.230056,0.0,0.0
0.0,0.230056,0.0,0.0
0.0,0.240056,0.0,0.0
0.0,0.240056,0.0,0.0
0.0,0.240056,0.0,0.0
0.0,0.240056,0.0,0.0
0.0,0.250056,0.0,0.0
0.0,0.250056,0.0,0.0
0.0,0.250056,0.0,0.0
0.0,0.250056,0.0,0.0
0.0,0.260056,0.0,0.0
0.0,0.260056,0.0,0.0
0.0,0.260056,0.0,0.0
0.0,0.270056,0.0,0.0
0.0,0.270056,0.0,0.0
0.0,0.270056,0.0,0.0
0.0,0.270056,0.0,0.0
0.0,0.280056,0.0,0.0
0.0,0.280056,0.0,0.0
0.0,0.280056,0.0,0.0
0.0,0.280056,0.0,0.0
0.0,0.290056,0.0,0.0
0.0,0.290056,0.0,0.0
0.0,0.290056,0.0,0.0
0.0,0.300056,0.0,0.0
0.0,0.300056,0.0,0.0
0.0,0.300056,0.0,0.0
0.0,0.300056,0.0,0.0
0.0,0.310056,0.0,0.0
0.0,0.310056,0.0,0.0
0.0,0.310056,0.0,0.0
0.0,0.320056,0.0,0.0
0.0,0.320056,0.0,0.0
0.0,0.320056,0.0,0.0
0.0,0.320056,0.0,0.0
0.0,0.330056,0.0,0.0
0.0,0.330056,0.0,0.0
0.0,0.330056,0.0,0.0
0.0,0.330056,0.0,0.0
0.0,0.340056,0.0,0.0
0.0,0.340056,0.0,0.0
0.0,0.340056,0.0,0.0
0.0,0.350056,0.0,0.0
0.0,0.350056,0.0,0.0
0.0,0.350056,0.0,0.0
0.0,0.350056,0.0,0.0
0.0,0.360056,0.0,0.0
0.0,0.360056,0.0,0.0
0.0,0.360056,0.0,0.0
0.0,0.360056,0.0,0.0
0.0,0.370056,0.0,0.0
0.0,0.370056,0.0,0.0
0.0,0.370056,0.0,0.0
0.0,0.380056,0.0,0.0
0.0,0.380056,0.0,0.0
0.0,0.380056,0.0,0.0
0.0,0.380056,0.0,0.0
0.0,0.390056,0.0,0.0
0.0,0.390056,0.0,0.0
0.0,0.390056,0.0,0.0
0.0,0.390056,0.0,0.0
0.0,0.400056,0.0,0.0
0.0,0.400056,0.0,0.0
0.0,0.400056,0.0,0.0
0.0,0.410056,0.0,0.0
0.0,0.410056,0.0,0.0
0.0,0.410056,0.0,0.0
0.0,0.410056,0.0,0.0
0.0,0.420056,0.0,0.0
0.0,0.420056,0.0,0.0
0.0,0.420056,0.0,0.0
0.0,0.420056,0.0,0.0
0.0,0.430056,0.0,0.0
0.0,0.430056,0.0,0.0
0.0,0.430056,0.0,0.0
0.0,0.440056,0.0,0.0
0.0,0.440056,0.0,0.0
0.0,0.440056,0.0,0.0
0.0,0.440056,0.0,0.0
0.0,0.450056,0.0,0.0
0.0,0.450056,0.0,0.0
0.0,0.450056,0.0,0.0
0.0,0.450056,0.0,0.0
0.0,0.460056,0.0,0.0
0.0,0.460056,0.0,0.0
0.0,0.460056,0.0,0.0
0.0,0.470056,0.0,0.0
0.0,0.470056,0.0,0.0
0.0,0.470056,0.0,0.0
0.0,0.470056,0.0,0.0
0.0,0.480056,0.0,0.0
0.0,0.480056,0.0,0.0
0.0,0.480056,0.0,0.0
0.0,0.480056,0.0,0.0
0.0,0.490056,0.0,0.0
0.0,0.490056,0.0,0.0
0.0,0.490056,0.0,0.0
0.0,0.500056,0.0,0.0
0.0,0.500056,0.0,0.0
0.0,0.500056,0.0,0.0
0.0,0.500056,0.0,0.0
0.0,0.510056,0.0,0.0
0.0,0.510056,0.0,0.0
0.0,0.510056,0.0,0.0
0.0,0.510056,0.0,0.0
0.0,0.520056,0.0,0.0
0.0,0.520056,0.0,0.0
0.0,0.520056,0.0,0.0
0.0,0.530056,0.0,0.0
0.0,0.530056,0.0,0.0
0.0,0.530056,0.0,0.0
0.0,0.530056,0.0,0.0
0.0,0.540056,0.0,0.0
0.0,0.540056,0.0,0.0
0.0,0.540056,0.0,0.0
0.0,0.540056,0.0,0.0
0.0,0.550056,0.0,0.0
0.0,0.550056,0.0,0.0
0.0,0.550056,0.0,0.0
0.0,0.560056,0.0,0.0
0.0,0.560056,0.0,0.0
0.0,0.560056,0.0,0.0
0.0,0.560056,0.0,0.0
0.0,0.570056,0.0,0.0
0.0,0.570056,0.0,0.0
0.0,0.570056,0.0,0.0
0.0,0.570056,0.0,0.0
0.0,0.580056,0.0,0.0
0.0,0.580056,0.0,0.0
0.0,0.580056,0.0,0.0
0.0,0.590056,0.0,0.0
0.0,0.590056,0.0,0.0
0.0,0.590056,0.0,0.0
0.0,0.590056,0.0,0.0
0.0,0.600056,0.0,0.0
0.0,0.600056,0.0,0.0
0.0,0.600056,0.0,0.0
0.0,0.600056,0.0,0.0
0.0,0.610056,0.0,0.0
0.0,0.610056,0.0,0.0
0.0,0.610056,0.0,0.0
0.0,0.620056,0.0,0.0
0.0,0.620056,0.0,0.0
0.0,0.620056,0.0,0.0
0.0,0.620056,0.0,0.0
0.0,0.630056,0.0,0.0
0.0,0.630056,0.0,0.0
0.0,0.630056,0.0,0.0
0.0,0.64006,0.0,0.0
0.0,0.64006,0.0,0.0
0.0,0.64006,0.0,0.0
0.0,0.64006,0.0,0.0
0.0,0.650056,0.0,0.0
0.0,0.650056,0.0,0.0
0.0,0.650056,0.0,0.0
0.0,0.650056,0.0,0.0
0.0,0.660056,0.0,0.0
0.0,0.660056,0.0,0.0
0.0,0.660056,0.0,0.0
0.0,0.670056,0.0,0.0
0.0,0.670056,0.0,0.0
0.0,0.670056,0.0,0.0
0.0,0.670056,0.0,0.0
0.0,0.680056,0.0,0.0
0.0,0.680056,0.0,0.0
0.0,0.680056,0.0,0.0
0.0,0.680056,0.0,0.0
0.0,0.690056,0.0,0.0
0.0,0.690056,0.0,0.0
0.0,0.690056,0.0,0.0
0.0,0.700056,0.0,0.0
0.0,0.700056,0.0,0.0
0.0,0.700056,0.0,0.0
0.0,0.700056,0.0,0.0
0.0,0.710056,0.0,0.0
0.0,0.710056,0.0,0.0
0.0,0.710056,0.0,0.0
0.0,0.710056,0.0,0.0
0.0,0.720056,0.0,0.0
0.0,0.720056,0.0,0.0
0.0,0.720056,0.0,0.0
0.0,0.730056,0.0,0.0
0.0,0.730056,0.0,0.0
0.0,0.730056,0.0,0.0
0.0,0.730056,0.0,0.0
0.0,0.740056,0.0,0.0
0.0,0.740056,0.0,0.0
0.0,0.740056,0.0,0.0
0.0,0.740056,0.0,0.0
0.0,0.750056,0.0,0.0
0.0,0.750056,0.0,0.0
0.0,0.750056,0.0,0.0
0.0,0.760056,0.0,0.0
0.0,0.760056,0.0,0.0
0.0,0.760056,0.0,0.0
0.0,0.760056,0.0,0.0
0.0,0.770056,0.0,0.0
0.0,0.770056,0.0,0.0
0.0,0.770056,0.0,0.0
0.0,0.770056,0.0,0.0
0.0,0.780056,0.0,0.0
0.0,0.780056,0.0,0.0
0.0,0.780056,0.0,0.0
0.0,0.790056,0.0,0.0
0.0,0.790056,0.0,0.0
0.0,0.790056,0.0,0.0
0.0,0.790056,0.0,0.0
0.0,0.800056,0.0,0.0
0.0,0.800056,0.0,0.0
0.0,0.800056,0.0,0.0
0.0,0.800056,0.0,0.0
0.0,0.810056,0.0,0.0
0.0,0.810056,0.0,0.0
0.0,0.810056,0.0,0.0
0.0,0.820056,0.0,0.0
0.0,0.820056,0.0,0.0
0.0,0.820056,0.0,0.0
0.0,0.820056,0.0,0.0
0.0,0.830056,0.0,0.0
0.0,0.830056,0.0,0.0
0.0,0.830056,0.0,0.0
0.0,0.830056,0.0,0.0
0.0,0.840056,0.0,0.0
0.0,0.840056,0.0,0.0
0.0,0.840056,0.0,0.0
0.0,0.850056,0.0,0.0
0.0,0.850056,0.0,0.0
0.0,0.850056,0.0,0.0
0.0,0.850056,0.0,0.0
0.0,0.860056,0.0,0.0
0.0,0.860056,0.0,0.0
0.0,0.860056,0.0,0.0
0.0,0.860056,0.0,0.0
0.0,0.870056,0.0,0.0
0.0,0.870056,0.0,0.0
0.0,0.870056,0.0,0.0
0.0,0.880056,0.0,0.0
0.0,0.880056,0.0,0.0
0.0,0.880056,0.0,0.0
0.0,0.880056,0.0,0.0
0.0,0.890056,0.0,0.0
0.0,0.890056,0.0,0.0
0.0,0.890056,0.0,0.0
0.0,0.890056,0.0,0.0
0.0,0.900056,0.0,0.0
0.0,0.900056,0.0,0.0
0.0,0.900056,0.0,0.0
0.0,0.910056,0.0,0.0
0.0,0.910056,0.0,0.0
0.0,0.910056,0.0,0.0
0.0,0.910056,0.0,0.0
0.0,0.920056,0.0,0.0
0.0,0.920056,0.0,0.0
0.0,0.920056,0.0,0.0
0.0,0.920056,0.0,0.0
0.0,0.930056,0.0,0.0
0.0,0.930056,0.0,0.0
0.0,0.930056,0.0,0.0
0.0,0.940056,0.0,0.0
0.0,0.940056,0.0,0.0
0.0,0.940056,0.0,0.0
0.0,0.940056,0.0,0.0
0.0,0.950056,0.0,0.0
0.0,0.950056,0.0,0.0
0.0,0.950056,0.0,0.0
0.0,0.960056,0.0,0.0
0.0,0.960056,0.0,0.0
0.0,0.960056,0.0,0.0
0.0,0.960056,0.0,0.0
0.0,0.970056,0.0,0.0
0.0,0.970056,0.0,0.0
0.0,0.970056,0.0,0.0
0.0,0.970056,0.0,0.0
0.0,0.980056,0.0,0.0
0.0,0.980056,0.0,0.0
0.0,0.980056,0.0,0.0
0.0,0.990056,0.0,0.0
0.0,0.990056,0.0,0.0
0.0,0.990056,0.0,0.0
0.0,0.990056,0.0,0.0
0.0,1.000056,0.0,0.0
0.0,1.000056,0.0,0.0
0.0,1.000056,0.0,0.0
0.0,1.000056,0.0,0.0
0.0,1.010056,0.0,0.0
0.0,1.010056,0.0,0.0
0.0,1.010056,0.0,0.0
0.0,1.020056,0.0,0.0
0.0,1.020056,0.0,0.0
0.0,1.020056,0.0,0.0
0.0,1.020056,0.0,0.0
0.0,1.030056,0.0,0.0
0.0,1.030056,0.0,0.0
0.0,1.080056,0.0,0.0
0.0,1.090056,0.0,0.0
0.0,1.090056,0.0,0.0
0.0,1.090056,0.0,0.0
0.0,1.090056,0.0,0.0
0.0,1.100056,0.0,0.0
0.0,1.100056,0.0,0.0
0.0,1.100056,0.0,0.0
0.0,1.110056,0.0,0.0
0.0,1.110056,0.0,0.0
0.0,1.110056,0.0,0.0
0.0,1.110056,0.0,0.0
0.0,1.120056,0.0,0.0
0.0,1.120056,0.0,0.0
0.0,1.170056,0.0,0.0
0.0,1.180056,0.0,0.0
0.0,1.180056,0.0,0.0
0.0,1.180056,0.0,0.0
0.0,1.190056,0.0,0.0
0.0,1.190056,0.0,0.0
0.0,1.190056,0.0,0.0
0.0,1.190056,0.0,0.0
0.0,1.200056,0.0,0.0
0.0,1.200056,0.0,0.0
0.0,1.200056,0.0,0.0
0.0,1.200056,0.0,0.0
0.0,1.210056,0.0,0.0
0.0,1.210056,0.0,0.0
0.0,1.260056,0.0,0.0
0.0,1.270056,0.0,0.0
0.0,1.270056,0.0,0.0
0.0,1.270056,0.0,0.0
0.0,1.28006,0.0,0.0
0.0,1.28006,0.0,0.0
0.0,1.28006,0.0,0.0
0.0,1.28006,0.0,0.0
0.0,1.290056,0.0,0.0
0.0,1.290056,0.0,0.0
0.0,1.290056,0.0,0.0
0.0,1.300056,0.0,0.0
0.0,1.300056,0.0,0.0
0.0,1.300056,0.0,0.0
0.0,1.350056,0.0,0.0
0.0,1.360056,0.0,0.0
0.0,1.360056,0.0,0.0
0.0,1.360056,0.0,0.0
0.0,1.370056,0.0,0.0
0.0,1.370056,0.0,0.0
0.0,1.370056,0.0,0.0
0.0,1.370056,0.0,0.0
0.0,1.380056,0.0,0.0
0.0,1.380056,0.0,0.0
0.0,1.380056,0.0,0.0
0.0,1.390056,0.0,0.0
0.0,1.390056,0.0,0.0
0.0,1.390056,0.0,0.0
0.0,1.440056,0.0,0.0
0.0,1.450056,0.0,0.0
0.0,1.450056,0.0,0.0
0.0,1.450056,0.0,0.0
0.0,1.460056,0.0,0.0
0.0,1.460056,0.0,0.0
0.0,1.460056,0.0,0.0
0.0,1.460056,0.0,0.0
0.0,1.470056,0.0,0.0
0.0,1.470056,0.0,0.0
0.0,1.470056,0.0,0.0
0.0,1.480056,0.0,0.0
0.0,1.480056,0.0,0.0
0.0,1.480056,0.0,0.0
0.0,1.530056,0.0,0.0
0.0,1.540056,0.0,0.0
0.0,1.540056,0.0,0.0
0.0,1.540056,0.0,0.0
0.0,1.550056,0.0,0.0
0.0,1.550056,0.0,0.0
0.0,1.550056,0.0,0.0
0.0,1.550056,0.0,0.0
0.0,1.560056,0.0,0.0
0.0,1.560056,0.0,0.0
0.0,1.560056,0.0,0.0
0.0,1.570056,0.0,0.0
0.0,1.570056,0.0,0.0
0.0,1.570056,0.0,0.0
0.0,1.570056,0.0,0.0
0.0,1.580056,0.0,0.0
0.0,1.580056,0.0,0.0
0.0,1.580056,0.0,0.0
0.0,1.590056,0.0,0.0
0.0,1.590056,0.0,0.0
0.0,1.590056,0.0,0.0
0.0,1.590056,0.0,0.0
0.0,1.600056,0.0,0.0
0.0,1.600056,0.0,0.0
0.0,1.600056,0.0,0.0
0.0,1.610056,0.0,0.0
0.0,1.610056,0.0,0.0
0.0,1.610056,0.0,0.0
0.0,1.610056,0.0,0.0
0.0,1.620056,0.0,0.0
0.0,1.620056,0.0,0.0
0.0,1.620056,0.0,0.0
0.0,1.630056,0.0,0.0
0.0,1.630056,0.0,0.0
0.0,1.630056,0.0,0.0
0.0,1.630056,0.0,0.0
0.0,1.640056,0.0,0.0
0.0,1.640056,0.0,0.0
0.0,1.640056,0.0,0.0
0.0,1.640056,0.0,0.0
0.0,1.650056,0.0,0.0
0.0,1.650056,0.0,0.0
0.0,1.650056,0.0,0.0
0.0,1.660056,0.0,0.0
0.0,1.660056,0.0,0.0
0.0,1.660056,0.0,0.0
0.0,1.720056,0.0,0.0
0.0,1.720056,0.0,0.0
0.0,1.720056,0.0,0.0
0.0,1.720056,0.0,0.0
0.0,1.730056,0.0,0.0
0.0,1.730056,0.0,0.0
0.0,1.730056,0.0,0.0
0.0,1.740056,0.0,0.0
0.0,1.740056,0.0,0.0
0.0,1.740056,0.0,0.0
0.0,1.740056,0.0,0.0
0.0,1.750056,0.0,0.0
0.0,1.750056,0.0,0.0
0.0,1.750056,0.0,0.0
0.0,1.810056,0.0,0.0
0.0,1.810056,0.0,0.0
0.0,1.810056,0.0,0.0
0.0,1.810056,0.0,0.0
0.0,1.820056,0.0,0.0
0.0,1.820056,0.0,0.0
0.0,1.820056,0.0,0.0
0.0,1.830056,0.0,0.0
0.0,1.830056,0.0,0.0
0.0,1.830056,0.0,0.0
0.0,1.830056,0.0,0.0
0.0,1.840056,0.0,0.0
0.0,1.840056,0.0,0.0
0.0,1.840056,0.0,0.0
0.0,1.900056,0.0,0.0
0.0,1.900056,0.0,0.0
0.0,1.900056,0.0,0.0
0.0,1.900056,0.0,0.0
0.0,1.910056,0.0,0.0
0.0,1.910056,0.0,0.0
0.0,1.910056,0.0,0.0
0.0,1.92006,0.0,0.0
0.0,1.92006,0.0,0.0
0.0,1.92006,0.0,0.0
0.0,1.92006,0.0,0.0
0.0,1.930056,0.0,0.0
0.0,1.930056,0.0,0.0
0.0,1.930056,0.0,0.0
0.0,1.990056,0.0,0.0
0.0,1.990056,0.0,0.0
0.0,1.990056,0.0,0.0
0.0,1.990056,0.0,0.0
0.0,2.000056,0.0,0.0
0.0,2.000056,0.0,0.0
0.0,2.000056,0.0,0.0
0.0,2.010056,0.0,0.0
0.0,2.010056,0.0,0.0
0.0,2.010056,0.0,0.0
0.0,2.010056,0.0,0.0
0.0,2.020056,0.0,0.0
0.0,2.020056,0.0,0.0
0.0,2.020056,0.0,0.0
0.0,2.080056,0.0,0.0
0.0,2.080056,0.0,0.0
0.0,2.080056,0.0,0.0
0.0,2.080056,0.0,0.0
0.0,2.090056,0.0,0.0
0.0,2.090056,0.0,0.0
0.0,2.090056,0.0,0.0
0.0,2.100056,0.0,0.0
0.0,2.100056,0.0,0.0
0.0,2.100056,0.0,0.0
0.0,2.100056,0.0,0.0
0.0,2.110056,0.0,0.0
0.0,2.110056,0.0,0.0
0.0,2.110056,0.0,0.0
0.0,2.170056,0.0,0.0
0.0,2.170056,0.0,0.0
0.0,2.170056,0.0,0.0
0.0,2.180056,0.0,0.0
0.0,2.180056,0.0,0.0
0.0,2.180056,0.0,0.0
0.0,2.180056,0.0,0.0
0.0,2.190056,0.0,0.0
0.0,2.190056,0.0,0.0
0.0,2.190056,0.0,0.0
0.0,2.190056,0.0,0.0
0.0,2.200056,0.0,0.0
0.0,2.200056,0.0,0.0
0.0,2.200056,0.0,0.0
0.0,2.260056,0.0,0.0
0.0,2.260056,0.0,0.0
0.0,2.260056,0.0,0.0
0.0,2.270056,0.0,0.0
0.0,2.270056,0.0,0.0
0.0,2.270056,0.0,0.0
0.0,2.270056,0.0,0.0
0.0,2.280056,0.0,0.0
0.0,2.280056,0.0,0.0
0.0,2.280056,0.0,0.0
0.0,2.290056,0.0,0.0
0.0,2.290056,0.0,0.0
0.0,2.290056,0.0,0.0
0.0,2.290056,0.0,0.0
0.0,2.350056,0.0,0.0
0.0,2.350056,0.0,0.0
0.0,2.350056,0.0,0.0
0.0,2.360056,0.0,0.0
0.0,2.360056,0.0,0.0
0.0,2.360056,0.0,0.0
0.0,2.360056,0.0,0.0
0.0,2.370056,0.0,0.0
0.0,2.370056,0.0,0.0
0.0,2.370056,0.0,0.0
0.0,2.380056,0.0,0.0
0.0,2.380056,0.0,0.0
0.0,2.380056,0.0,0.0
0.0,2.380056,0.0,0.0
0.0,2.440056,0.0,0.0
0.0,2.440056,0.0,0.0
0.0,2.440056,0.0,0.0
0.0,2.450056,0.0,0.0
0.0,2.450056,0.0,0.0
0.0,2.450056,0.0,0.0
0.0,2.450056,0.0,0.0
0.0,2.460056,0.0,0.0
0.0,2.460056,0.0,0.0
0.0,2.460056,0.0,0.0
0.0,2.470056,0.0,0.0
0.0,2.470056,0.0,0.0
0.0,2.470056,0.0,0.0
0.0,2.470056,0.0,0.0
0.0,2.530056,0.0,0.0
0.0,2.530056,0.0,0.0
0.0,2.530056,0.0,0.0
0.0,2.540056,0.0,0.0
0.0,2.540056,0.0,0.0
0.0,2.540056,0.0,0.0
0.0,2.540056,0.0,0.0
0.0,2.550056,0.0,0.0
0.0,2.550056,0.0,0.0
0.0,2.550056,0.0,0.0
0.0,2.56006,0.0,0.0
0.0,2.56006,0.0,0.0
0.0,2.56006,0.0,0.0
0.0,2.56006,0.0,0.0
0.0,2.620056,0.0,0.0
0.0,2.620056,0.0,0.0
0.0,2.620056,0.0,0.0
0.0,2.630056,0.0,0.0
0.0,2.630056,0.0,0.0
0.0,2.630056,0.0,0.0
0.0,2.630056,0.0,0.0
0.0,2.640056,0.0,0.0
0.0,2.640056,0.0,0.0
0.0,2.640056,0.0,0.0
0.0,2.650056,0.0,0.0
0.0,2.650056,0.0,0.0
0.0,2.650056,0.0,0.0
0.0,2.650056,0.0,0.0
0.0,2.710056,0.0,0.0
0.0,2.710056,0.0,0.0
0.0,2.710056,0.0,0.0
0.0,2.720056,0.0,0.0
0.0,2.720056,0.0,0.0
0.0,2.720056,0.0,0.0
0.0,2.730056,0.0,0.0
0.0,2.730056,0.0,0.0
0.0,2.730056,0.0,0.0
0.0,2.730056,0.0,0.0
0.0,2.740056,0.0,0.0
0.0,2.740056,0.0,0.0
0.0,2.740056,0.0,0.0
0.0,2.740056,0.0,0.0
0.0,2.800056,0.0,0.0
0.0,2.800056,0.0,0.0
0.0,2.800056,0.0,0.0
0.0,2.810056,0.0,0.0
0.0,2.810056,0.0,0.0
0.0,2.810056,0.0,0.0
0.0,2.820056,0.0,0.0
0.0,2.820056,0.0,0.0
0.0,2.820056,0.0,0.0
0.0,2.820056,0.0,0.0
0.0,2.830056,0.0,0.0
0.0,2.830056,0.0,0.0
0.0,2.830056,0.0,0.0
0.0,2.840056,0.0,0.0
0.0,2.890056,0.0,0.0
0.0,2.890056,0.0,0.0
0.0,2.890056,0.0,0.0
0.0,2.900056,0.0,0.0
0.0,2.900056,0.0,0.0
0.0,2.900056,0.0,0.0
0.0,2.910056,0.0,0.0
0.0,2.910056,0.0,0.0
0.0,2.910056,0.0,0.0
0.0,2.910056,0.0,0.0
0.0,2.920056,0.0,0.0
0.0,2.920056,0.0,0.0
0.0,2.920056,0.0,0.0
0.0,2.930056,0.0,0.0
0.0,2.980056,0.0,0.0
0.0,2.980056,0.0,0.0
0.0,2.980056,0.0,0.0
0.0,2.990056,0.0,0.0
0.0,2.990056,0.0,0.0
0.0,2.990056,0.0,0.0
0.0,3.000056,0.0,0.0
0.0,3.000056,0.0,0.0
0.0,3.000056,0.0,0.0
0.0,3.000056,0.0,0.0
0.0,3.010056,0.0,0.0
0.0,3.010056,0.0,0.0
0.0,3.010056,0.0,0.0
0.0,3.020056,0.0,0.0
0.0,3.070056,0.0,0.0
0.0,3.070056,0.0,0.0
0.0,3.070056,0.0,0.0
0.0,3.080056,0.0,0.0
0.0,3.080056,0.0,0.0
0.0,3.080056,0.0,0.0
0.0,3.090056,0.0,0.0
0.0,3.090056,0.0,0.0
0.0,3.090056,0.0,0.0
0.0,3.090056,0.0,0.0
0.0,3.100056,0.0,0.0
0.0,3.100056,0.0,0.0
0.0,3.100056,0.0,0.0
0.0,3.110056,0.0,0.0
0.0,3.160056,0.0,0.0
0.0,3.160056,0.0,0.0
0.0,3.170056,0.0,0.0
0.0,3.170056,0.0,0.0
0.0,3.170056,0.0,0.0
0.0,3.170056,0.0,0.0
0.0,3.180056,0.0,0.0
0.0,3.180056,0.0,0.0
0.0,3.180056,0.0,0.0
0.0,3.180056,0.0,0.0
0.0,3.190056,0.0,0.0
0.0,3.190056,0.0,0.0
0.0,3.190056,0.0,0.0
0.0,3.20006,0.0,0.0
0.0,3.250056,0.0,0.0
0.0,3.250056,0.0,0.0
0.0,3.260056,0.0,0.0
0.0,3.260056,0.0,0.0
0.0,3.260056,0.0,0.0
0.0,3.260056,0.0,0.0
0.0,3.270056,0.0,0.0
0.0,3.270056,0.0,0.0
0.0,3.270056,0.0,0.0
0.0,3.280056,0.0,0.0
0.0,3.280056,0.0,0.0
0.0,3.280056,0.0,0.0
0.0,3.280056,0.0,0.0
0.0,3.290056,0.0,0.0
0.0,3.340056,0.0,0.0
0.0,3.340056,0.0,0.0
0.0,3.350056,0.0,0.0
0.0,3.350056,0.0,0.0
0.0,3.350056,0.0,0.0
0.0,3.350056,0.0,0.0
0.0,3.360056,0.0,0.0
0.0,3.360056,0.0,0.0
0.0,3.360056,0.0,0.0
0.0,3.370056,0.0,0.0
0.0,3.370056,0.0,0.0
0.0,3.370056,0.0,0.0
0.0,3.370056,0.0,0.0
0.0,3.380056,0.0,0.0
0.0,3.430056,0.0,0.0
0.0,3.430056,0.0,0.0
0.0,3.440056,0.0,0.0
0.0,3.440056,0.0,0.0
0.0,3.440056,0.0,0.0
0.0,3.440056,0.0,0.0
0.0,3.450056,0.0,0.0
0.0,3.450056,0.0,0.0
0.0,3.450056,0.0,0.0
0.0,3.460056,0.0,0.0
0.0,3.460056,0.0,0.0
0.0,3.460056,0.0,0.0
0.0,3.460056,0.0,0.0
0.0,3.470056,0.0,0.0
0.0,3.520056,0.0,0.0
0.0,3.520056,0.0,0.0
0.0,3.530056,0.0,0.0
0.0,3.530056,0.0,0.0
0.0,3.530056,0.0,0.0
0.0,3.530056,0.0,0.0
0.0,3.540056,0.0,0.0
0.0,3.540056,0.0,0.0
0.0,3.540056,0.0,0.0
0.0,3.550056,0.0,0.0
0.0,3.550056,0.0,0.0
0.0,3.550056,0.0,0.0
0.0,3.550056,0.0,0.0
0.0,3.560056,0.0,0.0
0.0,3.610056,0.0,0.0
0.0,3.610056,0.0,0.0
0.0,3.620056,0.0,0.0
0.0,3.620056,0.0,0.0
0.0,3.620056,0.0,0.0
0.0,3.620056,0.0,0.0
0.0,3.630056,0.0,0.0
0.0,3.630056,0.0,0.0
0.0,3.630056,0.0,0.0
0.0,3.640056,0.0,0.0
0.0,3.640056,0.0,0.0
0.0,3.640056,0.0,0.0
0.0,3.640056,0.0,0.0
0.0,3.650056,0.0,0.0
0.0,3.700056,0.0,0.0
0.0,3.700056,0.0,0.0
0.0,3.710056,0.0,0.0
0.0,3.710056,0.0,0.0
0.0,3.710056,0.0,0.0
0.0,3.720056,0.0,0.0
0.0,3.720056,0.0,0.0
0.0,3.720056,0.0,0.0
0.0,3.720056,0.0,0.0
0.0,3.730056,0.0,0.0
0.0,3.730056,0.0,0.0
0.0,3.730056,0.0,0.0
0.0,3.730056,0.0,0.0
0.0,3.740056,0.0,0.0
0.0,3.790056,0.0,0.0
0.0,3.790056,0.0,0.0
0.0,3.800056,0.0,0.0
0.0,3.800056,0.0,0.0
0.0,3.800056,0.0,0.0
0.0,3.810056,0.0,0.0
0.0,3.810056,0.0,0.0
0.0,3.810056,0.0,0.0
0.0,3.810056,0.0,0.0
0.0,3.820056,0.0,0.0
0.0,3.820056,0.0,0.0
0.0,3.820056,0.0,0.0
0.0,3.830056,0.0,0.0
0.0,3.830056,0.0,0.0
0.0,3.880056,0.0,0.0
0.0,3.880056,0.0,0.0
0.0,3.890056,0.0,0.0
0.0,3.890056,0.0,0.0
0.0,3.890056,0.0,0.0
0.0,3.900056,0.0,0.0
0.0,3.900056,0.0,0.0
0.0,3.900056,0.0,0.0
0.0,3.900056,0.0,0.0
0.0,3.910056,0.0,0.0
0.0,3.910056,0.0,0.0
0.0,3.910056,0.0,0.0
0.0,3.920056,0.0,0.0
0.0,3.920056,0.0,0.0
0.0,3.970056,0.0,0.0
0.0,3.970056,0.0,0.0
0.0,3.980056,0.0,0.0
0.0,3.980056,0.0,0.0
0.0,3.980056,0.0,0.0
0.0,3.990056,0.0,0.0
0.0,3.990056,0.0,0.0
0.0,3.990056,0.0,0.0
0.0,3.990056,0.0,0.0
0.0,4.000056,0.0,0.0
0.0,4.000056,0.0,0.0
0.0,4.000056,0.0,0.0
0.0,4.010056,0.0,0.0
0.0,4.010056,0.0,0.0
0.0,4.060056,0.0,0.0
0.0,4.060056,0.0,0.0
0.0,4.070056,0.0,0.0
0.0,4.070056,0.0,0.0
0.0,4.070056,0.0,0.0
0.0,4.080056,0.0,0.0
0.0,4.080056,0.0,0.0
0.0,4.080056,0.0,0.0
0.0,4.080056,0.0,0.0
0.0,4.090056,0.0,0.0
0.0,4.090056,0.0,0.0
0.0,4.090056,0.0,0.0
0.0,4.100056,0.0,0.0
0.0,4.100056,0.0,0.0
0.0,4.100056,0.0,0.0
0.0,4.100056,0.0,0.0
0.0,4.110056,0.0,0.0
0.0,4.110056,0.0,0.0
0.0,4.110056,0.0,0.0
0.0,4.120056,0.0,0.0
0.0,4.120056,0.0,0.0
0.0,4.120056,0.0,0.0
0.0,4.120056,0.0,0.0
0.0,4.130056,0.0,0.0
0.0,4.130056,0.0,0.0
0.0,4.130056,0.0,0.0
0.0,4.140056,0.0,0.0
0.0,4.140056,0.0,0.0
0.0,4.140056,0.0,0.0
0.0,4.140056,0.0,0.0
0.0,4.150056,0.0,0.0
0.0,4.150056,0.0,0.0
0.0,4.150056,0.0,0.0
0.0,4.160056,0.0,0.0
0.0,4.160056,0.0,0.0
0.0,4.160056,0.0,0.0
0.0,4.160056,0.0,0.0
0.0,4.170056,0.0,0.0
0.0,4.170056,0.0,0.0
0.0,4.170056,0.0,0.0
0.0,4.170056,0.0,0.0
0.0,4.180056,0.0,0.0
0.0,4.180056,0.0,0.0
0.0,4.180056,0.0,0.0
0.0,4.190056,0.0,0.0
0.0,4.190056,0.0,0.0
0.0,4.240056,0.0,0.0
0.0,4.250056,0.0,0.0
0.0,4.250056,0.0,0.0
0.0,4.250056,0.0,0.0
0.0,4.250056,0.0,0.0
0.0,4.260056,0.0,0.0
0.0,4.260056,0.0,0.0
0.0,4.260056,0.0,0.0
0.0,4.270056,0.0,0.0
0.0,4.270056,0.0,0.0
0.0,4.270056,0.0,0.0
0.0,4.270056,0.0,0.0
0.0,4.280056,0.0,0.0
0.0,4.280056,0.0,0.0
0.0,4.330056,0.0,0.0
0.0,4.340056,0.0,0.0
0.0,4.340056,0.0,0.0
0.0,4.340056,0.0,0.0
0.0,4.340056,0.0,0.0
0.0,4.350056,0.0,0.0
0.0,4.350056,0.0,0.0
0.0,4.350056,0.0,0.0
0.0,4.360056,0.0,0.0
0.0,4.360056,0.0,0.0
0.0,4.360056,0.0,0.0
0.0,4.360056,0.0,0.0
0.0,4.370056,0.0,0.0
0.0,4.370056,0.0,0.0
0.0,4.420056,0.0,0.0
0.0,4.430056,0.0,0.0
0.0,4.430056,0.0,0.0
0.0,4.430056,0.0,0.0
0.0,4.430056,0.0,0.0
0.0,4.440056,0.0,0.0
0.0,4.440056,0.0,0.0
0.0,4.440056,0.0,0.0
0.0,4.450056,0.0,0.0
0.0,4.450056,0.0,0.0
0.0,4.450056,0.0,0.0
0.0,4.450056,0.0,0.0
0.0,4.460056,0.0,0.0
0.0,4.460056,0.0,0.0
0.0,4.510056,0.0,0.0
0.0,4.520056,0.0,0.0
0.0,4.520056,0.0,0.0
0.0,4.520056,0.0,0.0
0.0,4.520056,0.0,0.0
0.0,4.530056,0.0,0.0
0.0,4.530056,0.0,0.0
0.0,4.530056,0.0,0.0
0.0,4.540056,0.0,0.0
0.0,4.540056,0.0,0.0
0.0,4.540056,0.0,0.0
0.0,4.540056,0.0,0.0
0.0,4.550056,0.0,0.0
0.0,4.550056,0.0,0.0
0.0,4.600056,0.0,0.0
0.0,4.610056,0.0,0.0
0.0,4.610056,0.0,0.0
0.0,4.610056,0.0,0.0
0.0,4.610056,0.0,0.0
0.0,4.620056,0.0,0.0
0.0,4.620056,0.0,0.0
0.0,4.620056,0.0,0.0
0.0,4.630056,0.0,0.0
0.0,4.630056,0.0,0.0
0.0,4.630056,0.0,0.0
0.0,4.630056,0.0,0.0
0.0,4.640056,0.0,0.0
0.0,4.640056,0.0,0.0
0.0,4.690056,0.0,0.0
0.0,4.700056,0.0,0.0
0.0,4.700056,0.0,0.0
0.0,4.700056,0.0,0.0
0.0,4.710056,0.0,0.0
0.0,4.710056,0.0,0.0
0.0,4.710056,0.0,0.0
0.0,4.710056,0.0,0.0
0.0,4.720056,0.0,0.0
0.0,4.720056,0.0,0.0
0.0,4.720056,0.0,0.0
0.0,4.720056,0.0,0.0
0.0,4.730056,0.0,0.0
0.0,4.730056,0.0,0.0
0.0,4.780056,0.0,0.0
0.0,4.790056,0.0,0.0
0.0,4.790056,0.0,0.0
0.0,4.790056,0.0,0.0
0.0,4.800056,0.0,0.0
0.0,4.800056,0.0,0.0
0.0,4.800056,0.0,0.0
0.0,4.800056,0.0,0.0
0.0,4.810056,0.0,0.0
0.0,4.810056,0.0,0.0
0.0,4.810056,0.0,0.0
0.0,4.820056,0.0,0.0
0.0,4.820056,0.0,0.0
0.0,4.820056,0.0,0.0
0.0,4.870056,0.0,0.0
0.0,4.880056,0.0,0.0
0.0,4.880056,0.0,0.0
0.0,4.880056,0.0,0.0
0.0,4.890056,0.0,0.0
0.0,4.890056,0.0,0.0
0.0,4.890056,0.0,0.0
0.0,4.890056,0.0,0.0
0.0,4.900056,0.0,0.0
0.0,4.900056,0.0,0.0
0.0,4.900056,0.0,0.0
0.0,4.910056,0.0,0.0
0.0,4.910056,0.0,0.0
0.0,4.910056,0.0,0.0
0.0,4.960056,0.0,0.0
0.0,4.970056,0.0,0.0
0.0,4.970056,0.0,0.0
0.0,4.970056,0.0,0.0
0.0,4.980056,0.0,0.0
0.0,4.980056,0.0,0.0
0.0,4.980056,0.0,0.0
0.0,4.980056,0.0,0.0
0.0,4.990056,0.0,0.0
0.0,4.990056,0.0,0.0
0.0,4.990056,0.0,0.0
0.02618,5.000056,0.0,0.5
0.05236,5.000056,0.0,0.0
0.07854,5.000056,0.0,0.0
0.27854,5.060084,0.021363,0.5236
1.97854,5.060084,0.042726,0.5236
33.67854,5.060084,0.064089,0.5236
515.37854,5.060084,0.085452,0.5236
515.3785925000001,5.070084,0.11168449999999999,0.5236
515.37854,5.070084,0.137917,0.5236
515.3784875,5.070084,0.1641495,0.523
515.374665,5.080084,0.1941515,0.5
515.3708425,5.080084,0.2241535,0.0
517.4708425,5.110076,0.25690450000000004,0.5236
674.5708425,5.110076,0.2896555,0.5236
674.5774135,5.110076,0.32240650000000004,0.5236
674.5717065,5.120088,0.3542935000000001,0.5236
674.5659995000001,5.120088,0.38618050000000004,0.523
674.5602925000001,5.120088,0.4180675000000001,0.5
674.5552135,5.130084,0.44932650000000013,0.0
676.7552135000001,5.150056,0.48042850000000015,0.5236
1168.9290335,5.160056,0.5115305000000001,0.5236
1168.9077755,5.160056,0.5426325000000002,0.5236
1168.8766735,5.160056,0.5737345000000001,0.5236
1168.6717514999998,5.170056,0.5834735000000001,0.523
1166.9668295,5.170056,0.5932125000000001,0.5
1135.2619074999998,5.170056,0.6029515000000001,0.0
655.7619075000001,5.200056,0.6126905000000001,0.5236
1147.9618549999996,5.200056,0.6175600000000001,0.5236
1147.9668294999997,5.210056,0.6224295000000001,0.5236
1147.9619599999999,5.210056,0.6272990000000002,0.5236
1147.9608604999999,5.210056,0.6283990000000002,0.523
1147.9597609999998,5.220056,0.6294990000000001,0.5
1145.8548389999999,5.220056,0.6278500000000001,0.0
990.9548389999999,5.250056,0.6262010000000001,0.5236
1483.148268,5.250056,0.6245520000000001,0.5236
1483.158897,5.250056,0.6237670000000001,0.5236
1483.159682,5.260056,0.6229820000000001,0.5236
1483.160467,5.260056,0.6221970000000001,0.523
1483.1606239999999,5.260056,0.6220400000000001,0.5
1480.9557019999997,5.270056,0.6220400000000001,0.0
990.9557019999997,5.300056,0.6220400000000001,0.5236
1483.1507799999997,5.300056,0.6220400000000001,0.5236
1483.1606239999999,5.300056,0.6220400000000001,0.5236
1483.1606239999999,5.300056,0.6220400000000001,0.5236
1483.1606239999999,5.310056,0.6220400000000001,0.523
1483.1606239999999,5.310056,0.6220400000000001,0.5
1480.9557019999997,5.310056,0.6220400000000001,0.0
990.9557019999999,5.340056,0.6220400000000001,0.5236
1483.1507799999997,5.350056,0.6220400000000001,0.5236
1483.1606239999999,5.350056,0.6220400000000001,0.5236
1483.1606239999999,5.350056,0.6220400000000001,0.5236
1483.1606239999999,5.350056,0.6220400000000001,0.523
1483.1606239999999,5.360056,0.6220400000000001,0.5
1480.9557019999997,5.360056,0.6220400000000001,0.0
990.9557020000001,5.390056,0.6220400000000001,0.5236
1483.1507799999997,5.390056,0.6220400000000001,0.5236
1483.1606239999999,5.400056,0.6220400000000001,0.5236
1483.1606239999999,5.400056,0.6220400000000001,0.5236
1483.1606239999999,5.400056,0.6220400000000001,0.523
1483.1606239999999,5.400056,0.6220400000000001,0.5
1480.9557019999997,5.410056,0.6220400000000001,0.0
990.9557019999997,5.440056,0.6220400000000001,0.5236
1483.1507799999997,5.440056,0.6220400000000001,0.5236
1483.1606239999999,5.440056,0.6220400000000001,0.5236
1483.1606239999999,5.450056,0.6220400000000001,0.5236
1483.1606239999999,5.450056,0.6220400000000001,0.523
1483.1606239999999,5.450056,0.6220400000000001,0.5
1480.9557019999997,5.450056,0.6220400000000001,0.0
990.9557020000001,5.480056,0.6220400000000001,0.5236
1483.15078,5.490056,0.6220400000000001,0.5236
1483.1606239999999,5.490056,0.6220400000000001,0.5236
1483.1606239999999,5.490056,0.6220400000000001,0.5236
1483.1606239999999,5.490056,0.6220400000000001,0.523
1483.1606239999999,5.500056,0.6220400000000001,0.5
1480.9557019999997,5.500056,0.6220400000000001,0.0
990.9557020000001,5.530056,0.6220400000000001,0.5236
1483.1507799999997,5.530056,0.6220400000000001,0.5236
1483.1606239999999,5.540056,0.6220400000000001,0.5236
1483.1606239999999,5.540056,0.6220400000000001,0.5236
1483.1606239999999,5.540056,0.6220400000000001,0.523
1483.1606239999999,5.540056,0.6220400000000001,0.5
1480.9557019999997,5.550056,0.6220400000000001,0.0
990.9557019999997,5.580056,0.6220400000000001,0.5236
1483.1507799999997,5.580056,0.6220400000000001,0.5236
1483.1606239999999,5.580056,0.6220400000000001,0.5236
1483.1606239999999,5.590056,0.6220400000000001,0.5236
1483.1606239999999,5.590056,0.6220400000000001,0.523
1483.1606239999999,5.590056,0.6220400000000001,0.5
1480.955702,5.590056,0.6220400000000001,0.0
990.9557020000001,5.620056,0.6220400000000001,0.5236
1483.15078,5.630056,0.6220400000000001,0.5236
1483.1606239999999,5.630056,0.6220400000000001,0.5236
1483.1606239999999,5.630056,0.6220400000000001,0.5236
1483.1606239999999,5.640056,0.6220400000000001,0.523
1483.1606239999999,5.640056,0.6220400000000001,0.5
1480.955702,5.640056,0.6220400000000001,0.0
990.9557020000001,5.670056,0.6220400000000001,0.5236
1483.15078,5.670056,0.6220400000000001,0.5236
1483.160624,5.680056,0.6220400000000001,0.5236
1483.160624,5.680056,0.6220400000000001,0.5236
1483.160624,5.680056,0.6220400000000001,0.523
1483.160624,5.690056,0.6220400000000001,0.5
1480.955702,5.690056,0.6220400000000001,0.0
990.9557019999999,5.720056,0.6220400000000001,0.5236
1483.15078,5.720056,0.6220400000000001,0.5236
1483.160624,5.720056,0.6220400000000001,0.5236
1483.160624,5.730056,0.6220400000000001,0.5236
1483.160624,5.730056,0.6220400000000001,0.523
1483.160624,5.730056,0.6220400000000001,0.5
1480.955702,5.740056,0.6220400000000001,0.0
990.9557020000001,5.76006,0.6220400000000001,0.5236
1483.15078,5.770056,0.6220400000000001,0.5236
1483.1606239999999,5.770056,0.6220400000000001,0.5236
1483.1606239999999,5.770056,0.6220400000000001,0.5236
1483.1606239999999,5.780056,0.6220400000000001,0.523
1483.1606239999999,5.780056,0.6220400000000001,0.5
1480.955702,5.780056,0.6220400000000001,0.0
990.9557020000001,5.810056,0.6220400000000001,0.5236
1483.15078,5.810056,0.6220400000000001,0.5236
1483.160624,5.820056,0.6220400000000001,0.5236
1483.160624,5.820056,0.6220400000000001,0.5236
1483.160624,5.820056,0.6220400000000001,0.523
1483.160624,5.830056,0.6220400000000001,0.5
1480.955702,5.830056,0.6220400000000001,0.0
990.9557019999999,5.860056,0.6220400000000001,0.5236
1483.15078,5.860056,0.6220400000000001,0.5236
1483.1606239999999,5.860056,0.6220400000000001,0.5236
1483.1606239999999,5.870056,0.6220400000000001,0.5236
1483.1606239999999,5.870056,0.6220400000000001,0.523
1483.1606239999999,5.870056,0.6220400000000001,0.5
1480.955702,5.880056,0.6220400000000001,0.0
990.9557020000001,5.910056,0.6220400000000001,0.5236
1483.15078,5.910056,0.6220400000000001,0.5236
1483.1606239999999,5.910056,0.6220400000000001,0.5236
1483.1606239999999,5.910056,0.6220400000000001,0.5236
1483.1606239999999,5.920056,0.6220400000000001,0.523
1483.1606239999999,5.920056,0.6220400000000001,0.5
1480.955702,5.920056,0.6220400000000001,0.0
990.9557020000001,5.950056,0.6220400000000001,0.5236
1483.15078,5.960056,0.6220400000000001,0.5236
1483.160624,5.960056,0.6220400000000001,0.5236
1483.160624,5.960056,0.6220400000000001,0.5236
1483.160624,5.960056,0.6220400000000001,0.523
1483.160624,5.970056,0.6220400000000001,0.5
1480.955702,5.970056,0.6220400000000001,0.0
990.9557019999999,6.000056,0.6220400000000001,0.5236
1483.1507799999997,6.000056,0.6220400000000001,0.5236
1483.1606239999996,6.000056,0.6220400000000001,0.5236
1483.1606239999996,6.010056,0.6220400000000001,0.5236
1483.1606239999996,6.010056,0.6220400000000001,0.523
1483.1606239999996,6.010056,0.6220400000000001,0.5
1480.9557019999997,6.020056,0.6220400000000001,0.0
990.9557019999999,6.050056,0.6220400000000001,0.5236
1483.1507799999997,6.050056,0.6220400000000001,0.5236
1483.1606239999999,6.050056,0.6220400000000001,0.5236
1483.1606239999999,6.050056,0.6220400000000001,0.5236
1483.1606239999999,6.060056,0.6220400000000001,0.523
1483.1606239999999,6.060056,0.6220400000000001,0.5
1480.9557019999997,6.060056,0.6220400000000001,0.0
990.9557019999997,6.090056,0.6220400000000001,0.5236
1483.1507799999997,6.100056,0.6220400000000001,0.5236
1483.1606239999999,6.100056,0.6220400000000001,0.5236
1483.1606239999999,6.100056,0.6220400000000001,0.5236
1483.1606239999999,6.100056,0.6220400000000001,0.523
1483.1606239999999,6.110056,0.6220400000000001,0.5
1480.9557019999997,6.110056,0.6220400000000001,0.0
990.9557019999999,6.140056,0.6220400000000001,0.5236
1483.1507799999997,6.140056,0.6220400000000001,0.5236
1483.1606239999996,6.150056,0.6220400000000001,0.5236
1483.1606239999996,6.150056,0.6220400000000001,0.5236
1483.1606239999996,6.150056,0.6220400000000001,0.523
1483.1606239999996,6.150056,0.6220400000000001,0.5
1480.9557019999997,6.160056,0.6220400000000001,0.0
990.9557019999999,6.190056,0.6220400000000001,0.5236
1483.1507799999997,6.190056,0.6220400000000001,0.5236
1483.1606239999999,6.190056,0.6220400000000001,0.5236
1483.1606239999999,6.200056,0.6220400000000001,0.5236
1483.1606239999999,6.200056,0.6220400000000001,0.523
1483.1606239999999,6.200056,0.6220400000000001,0.5
1480.9557019999997,6.200056,0.6220400000000001,0.0
990.9557019999997,6.230056,0.6220400000000001,0.5236
1483.1507799999997,6.240056,0.6220400000000001,0.5236
1483.1606239999999,6.240056,0.6220400000000001,0.5236
1483.1606239999999,6.240056,0.6220400000000001,0.5236
1483.1606239999999,6.250056,0.6220400000000001,0.523
1483.1606239999999,6.250056,0.6220400000000001,0.5
1480.9557019999997,6.250056,0.6220400000000001,0.0
990.9557019999999,6.280056,0.6220400000000001,0.5236
1483.1507799999997,6.280056,0.6220400000000001,0.5236
1483.1606239999999,6.290056,0.6220400000000001,0.5236
1483.1606239999999,6.290056,0.6220400000000001,0.5236
1483.1606239999999,6.290056,0.6220400000000001,0.523
1483.1606239999999,6.300056,0.6220400000000001,0.5
1480.9557019999997,6.300056,0.6220400000000001,0.0
990.9557020000001,6.330056,0.6220400000000001,0.5236
1483.1507799999997,6.330056,0.6220400000000001,0.5236
1483.1606239999999,6.330056,0.6220400000000001,0.5236
1483.1606239999999,6.340056,0.6220400000000001,0.5236
1483.1606239999999,6.340056,0.6220400000000001,0.523
1483.1606239999999,6.340056,0.6220400000000001,0.5
1480.9557019999997,6.340056,0.6220400000000001,0.0
990.9557019999997,6.370056,0.6220400000000001,0.5236
1483.1507799999997,6.380056,0.6220400000000001,0.5236
1483.1606239999999,6.380056,0.6220400000000001,0.5236
1483.1606239999999,6.380056,0.6220400000000001,0.5236
1483.1606239999999,6.390056,0.6220400000000001,0.523
1483.1606239999999,6.390056,0.6220400000000001,0.5
1480.9557019999997,6.390056,0.6220400000000001,0.0
990.9557020000001,6.420056,0.6220400000000001,0.5236
1483.15078,6.420056,0.6220400000000001,0.5236
1483.1606239999999,6.430056,0.6220400000000001,0.5236
1483.1606239999999,6.430056,0.6220400000000001,0.5236
1483.1606239999999,6.430056,0.6220400000000001,0.523
1483.1606239999999,6.440056,0.6220400000000001,0.5
1480.9557019999997,6.440056,0.6220400000000001,0.0
988.75078,6.460056,0.6220400000000001,0.5236
988.7409360000001,6.460056,0.6220400000000001,0.5236
988.7409360000001,6.470056,0.6220400000000001,0.5236
988.7409360000001,6.470056,0.6220400000000001,0.5236
988.7409360000001,6.470056,0.6220400000000001,0.5236
988.7409360000001,6.470056,0.6220400000000001,0.5236
986.5360140000001,6.480056,0.6220400000000001,0.5236
494.3310920000002,6.480056,0.6220400000000001,0.5236
494.3212480000002,6.480056,0.6220400000000001,0.5236
494.3212480000002,6.490056,0.6220400000000001,0.5236
494.3212480000002,6.490056,0.6220400000000001,0.5236
494.3212480000002,6.490056,0.6220400000000001,0.5236
494.3212480000002,6.490056,0.6220400000000001,0.5236
492.11632600000024,6.500056,0.6220400000000001,0.5236
-0.08859600000000002,6.500056,0.6220400000000001,0.5236
-0.09844000000000003,6.500056,0.6220400000000001,0.5236
-0.09844000000000003,6.510056,0.6220400000000001,0.5236
2.1064820000000024,6.510056,0.6220400000000001,0.5236
494.31140400000015,6.520056,0.6220400000000001,0.5236
494.32124800000014,6.520056,0.6220400000000001,0.5236
494.32124800000014,6.520056,0.6220400000000001,0.5236
494.32124800000014,6.530056,0.6220400000000001,0.523
494.32124800000014,6.530056,0.6220400000000001,0.5
494.32124800000014,6.530056,0.6220400000000001,0.0
496.5261700000001,6.560056,0.6220400000000001,0.5236
988.7310919999996,6.560056,0.6220400000000001,0.5236
988.7409359999998,6.570056,0.6220400000000001,0.5236
988.7409359999998,6.570056,0.6220400000000001,0.5236
988.7409359999998,6.570056,0.6220400000000001,0.523
988.7409359999998,6.580056,0.6220400000000001,0.5
988.7409359999998,6.580056,0.6220400000000001,0.0
990.9458579999999,6.610056,0.6220400000000001,0.5236
1483.1507799999997,6.610056,0.6220400000000001,0.5236
1483.1606239999996,6.610056,0.6220400000000001,0.5236
1483.1606239999996,6.620056,0.6220400000000001,0.5236
1483.1606239999996,6.620056,0.6220400000000001,0.523
1483.1606239999996,6.620056,0.6220400000000001,0.5
1480.9557019999997,6.630056,0.6220400000000001,0.0
990.9557019999999,6.660056,0.6220400000000001,0.5236
1483.1507799999997,6.660056,0.6220400000000001,0.5236
1483.1606239999999,6.660056,0.6220400000000001,0.5236
1483.1606239999999,6.660056,0.6220400000000001,0.5236
1483.1606239999999,6.670056,0.6220400000000001,0.523
1483.1606239999999,6.670056,0.6220400000000001,0.5
1480.9557019999997,6.670056,0.6220400000000001,0.0
990.9557019999997,6.700056,0.6220400000000001,0.5236
1483.1507799999997,6.710056,0.6220400000000001,0.5236
1483.1606239999999,6.710056,0.6220400000000001,0.5236
1483.1606239999999,6.710056,0.6220400000000001,0.5236
1483.1606239999999,6.710056,0.6220400000000001,0.523
1483.1606239999999,6.720056,0.6220400000000001,0.5
1480.9557019999997,6.720056,0.6220400000000001,0.0
990.9557019999999,6.750056,0.6220400000000001,0.5236
1483.1507799999997,6.750056,0.6220400000000001,0.5236
1483.1606239999999,6.760056,0.6220400000000001,0.5236
1483.1606239999999,6.760056,0.6220400000000001,0.5236
1483.1606239999999,6.760056,0.6220400000000001,0.523
1483.1606239999999,6.760056,0.6220400000000001,0.5
1480.9557019999997,6.770056,0.6220400000000001,0.0
990.9557020000001,6.800056,0.6220400000000001,0.5236
1483.1507799999997,6.800056,0.6220400000000001,0.5236
1483.1606239999999,6.800056,0.6220400000000001,0.5236
1483.1606239999999,6.810056,0.6220400000000001,0.5236
1483.1606239999999,6.810056,0.6220400000000001,0.523
1483.1606239999999,6.810056,0.6220400000000001,0.5
1480.9557019999997,6.810056,0.6220400000000001,0.0
990.9557019999997,6.840056,0.6220400000000001,0.5236
1483.1507799999997,6.850056,0.6220400000000001,0.5236
1483.1606239999999,6.850056,0.6220400000000001,0.5236
1483.1606239999999,6.850056,0.6220400000000001,0.5236
1483.1606239999999,6.850056,0.6220400000000001,0.523
1483.1606239999999,6.860056,0.6220400000000001,0.5
1480.9557019999997,6.860056,0.6220400000000001,0.0
990.9557020000001,6.890056,0.6220400000000001,0.5236
1483.15078,6.890056,0.6220400000000001,0.5236
1483.1606239999999,6.900056,0.6220400000000001,0.5236
1483.1606239999999,6.900056,0.6220400000000001,0.5236
1483.1606239999999,6.900056,0.6220400000000001,0.523
1483.1606239999999,6.900056,0.6220400000000001,0.5
1480.9557019999997,6.910056,0.6220400000000001,0.0
990.9557020000001,6.940056,0.6220400000000001,0.5236
1483.1507799999997,6.940056,0.6220400000000001,0.5236
1483.1606239999999,6.940056,0.6220400000000001,0.5236
1483.1606239999999,6.950056,0.6220400000000001,0.5236
1483.1606239999999,6.950056,0.6220400000000001,0.523
1483.1606239999999,6.950056,0.6220400000000001,0.5
1480.9557019999997,6.950056,0.6220400000000001,0.0
990.9557019999997,6.980056,0.6220400000000001,0.5236
1483.1507799999997,6.990056,0.6220400000000001,0.5236
1483.1606239999999,6.990056,0.6220400000000001,0.5236
1483.1606239999999,6.990056,0.6220400000000001,0.5236
1483.1955309999998,7.000056,0.6220400000000001,1.2217
1483.2304379999998,7.000056,0.6220400000000001,1.221
1481.060423,7.000056,0.6220400000000001,1.22
988.8904080000001,7.000056,0.6220400000000001,1.2
988.914921,7.010076,0.6225895000000001,1.0
988.949278,7.010076,0.6231390000000001,1.0
989.0542000000002,7.060084,0.6455225000000001,1.22173
991.5591220000001,7.070084,0.6745820000000001,1.22173
1034.064044,7.070084,0.7036415000000001,1.22173
1124.364044,7.070084,0.732701,1.22173
632.1686955,7.080084,0.767337,1.22173
632.159122,7.080084,0.8019729999999999,1.22173
632.1593925,7.080084,0.8366089999999998,1.221
632.159663,7.080084,0.8712449999999997,1.2
632.155928,7.090084,0.9098864999999997,1.0
635.6608500000001,7.120088,0.9497059999999996,1.22173
1116.9608500000002,7.120088,0.9895254999999997,1.22173
624.7706850000001,7.120088,1.029345,1.22173
624.7574990000002,7.130088,1.0675934999999999,1.22173
624.7541570000002,7.130088,1.105842,1.221
624.7159080000001,7.130088,1.1440905000000001,1.2
624.6776590000002,7.130088,1.182339,1.0
625.5476740000001,7.160088,1.2160325,1.22173
925.717689,7.170084,1.249019,1.22173
925.691256,7.170084,1.2814560000000002,1.22173
925.6588189999999,7.170084,1.3138930000000002,1.22173
925.5559739999999,7.180064,1.3243390000000002,1.221
923.0531289999999,7.180064,1.3281090000000002,1.2
880.5502839999999,7.180064,1.3318790000000003,1.0
792.5502840000001,7.210056,1.335649,1.22173
1077.0456325,7.210056,1.3338425000000003,1.22173
1077.053129,7.220056,1.3320360000000002,1.22173
1077.0549355,7.220056,1.3302295000000002,1.22173
1077.056742,7.220056,1.3284230000000001,1.221
1077.062554,7.230056,1.3226110000000002,1.2
1073.5597089999999,7.230056,1.3156210000000002,1.0
594.5597090000002,7.260056,1.308631,1.22173
879.0498739999999,7.260056,1.301641,1.22173
879.060983,7.260056,1.296222,1.22173
879.066402,7.270056,1.290803,1.22173
879.0718210000001,7.270056,1.2853839999999999,1.221
879.0772400000002,7.270056,1.2799649999999998,1.2
878.1743950000002,7.270056,1.2791009999999998,1.0
582.4743950000001,7.300056,1.278944,1.22173
866.9713930000003,7.310056,1.278787,1.22173
866.9772400000002,7.310056,1.27863,1.22173
866.9772400000002,7.310056,1.27863,1.22173
866.9772400000002,7.320056,1.27863,1.221
866.9772400000002,7.320056,1.27863,1.2
862.4743950000002,7.320056,1.27863,1.0
582.4743950000002,7.350056,1.27863,1.22173
866.9715500000002,7.350056,1.27863,1.22173
866.9772400000002,7.360056,1.27863,1.22173
866.9772400000002,7.360056,1.27863,1.22173
866.9772400000002,7.360056,1.27863,1.221
866.9772400000002,7.370056,1.27863,1.2
862.4743950000002,7.370056,1.27863,1.0
582.4743950000002,7.400056,1.27863,1.22173
866.9715500000002,7.400056,1.27863,1.22173
866.9772400000002,7.400056,1.27863,1.22173
866.9772400000002,7.410056,1.27863,1.22173
866.9772400000002,7.410056,1.27863,1.221
866.9772400000002,7.410056,1.27863,1.2
862.4743950000002,7.420056,1.27863,1.0
582.4743950000001,7.440056,1.27863,1.22173
866.9715500000001,7.450056,1.27863,1.22173
866.97724,7.450056,1.27863,1.22173
866.97724,7.450056,1.27863,1.22173
866.97724,7.460056,1.27863,1.221
866.97724,7.460056,1.27863,1.2
862.4743950000002,7.460056,1.27863,1.0
582.4743950000001,7.490056,1.27863,1.22173
866.9715500000001,7.490056,1.27863,1.22173
866.97724,7.500056,1.27863,1.22173
866.97724,7.500056,1.27863,1.22173
866.97724,7.500056,1.27863,1.221
866.97724,7.510056,1.27863,1.2
862.4743950000002,7.510056,1.27863,1.0
582.4743950000001,7.540056,1.27863,1.22173
866.9715500000002,7.540056,1.27863,1.22173
866.9772400000002,7.540056,1.27863,1.22173
866.9772400000002,7.550056,1.27863,1.22173
866.9772400000002,7.550056,1.27863,1.221
866.9772400000002,7.550056,1.27863,1.2
862.4743950000002,7.560056,1.27863,1.0
582.4743950000001,7.590056,1.27863,1.22173
866.9715500000002,7.590056,1.27863,1.22173
866.9772400000002,7.590056,1.27863,1.22173
866.9772400000002,7.590056,1.27863,1.22173
866.9772400000002,7.600056,1.27863,1.221
866.9772400000002,7.600056,1.27863,1.2
862.4743950000002,7.600056,1.27863,1.0
582.4743950000002,7.630056,1.27863,1.22173
866.9715500000002,7.640056,1.27863,1.22173
866.9772400000002,7.640056,1.27863,1.22173
866.9772400000002,7.640056,1.27863,1.22173
866.9772400000002,7.640056,1.27863,1.221
866.9772400000002,7.650056,1.27863,1.2
862.4743950000002,7.650056,1.27863,1.0
582.4743950000002,7.68006,1.27863,1.22173
866.9715500000002,7.68006,1.27863,1.22173
866.9772400000002,7.690056,1.27863,1.22173
866.9772400000002,7.690056,1.27863,1.22173
866.9772400000002,7.690056,1.27863,1.221
866.9772400000002,7.690056,1.27863,1.2
862.4743950000002,7.700056,1.27863,1.0
582.4743950000002,7.730056,1.27863,1.22173
866.9715500000002,7.730056,1.27863,1.22173
866.9772400000002,7.730056,1.27863,1.22173
866.9772400000002,7.740056,1.27863,1.22173
866.9772400000002,7.740056,1.27863,1.221
866.9772400000002,7.740056,1.27863,1.2
862.4743950000002,7.740056,1.27863,1.0
582.4743950000002,7.770056,1.27863,1.22173
866.9715500000002,7.780056,1.27863,1.22173
866.9772400000002,7.780056,1.27863,1.22173
866.9772400000002,7.780056,1.27863,1.22173
866.9772400000002,7.780056,1.27863,1.221
866.9772400000002,7.790056,1.27863,1.2
862.4743950000002,7.790056,1.27863,1.0
582.4743950000002,7.820056,1.27863,1.22173
866.9715500000002,7.820056,1.27863,1.22173
866.9772400000002,7.830056,1.27863,1.22173
866.9772400000002,7.830056,1.27863,1.22173
866.9772400000002,7.830056,1.27863,1.221
866.9772400000002,7.830056,1.27863,1.2
862.4743950000002,7.840056,1.27863,1.0
582.4743950000002,7.870056,1.27863,1.22173
866.9715500000002,7.870056,1.27863,1.22173
866.9772400000002,7.870056,1.27863,1.22173
866.9772400000002,7.880056,1.27863,1.22173
866.9772400000002,7.880056,1.27863,1.221
866.9772400000002,7.880056,1.27863,1.2
862.4743950000002,7.880056,1.27863,1.0
582.4743950000002,7.910056,1.27863,1.22173
866.9715500000002,7.920056,1.27863,1.22173
866.9772400000002,7.920056,1.27863,1.22173
866.9772400000002,7.920056,1.27863,1.22173
866.9772400000002,7.930056,1.27863,1.221
866.9772400000002,7.930056,1.27863,1.2
862.4743950000002,7.930056,1.27863,1.0
582.4743950000001,7.960056,1.27863,1.22173
866.9715500000002,7.960056,1.27863,1.22173
866.9772400000002,7.970056,1.27863,1.22173
866.9772400000002,7.970056,1.27863,1.22173
866.9772400000002,7.970056,1.27863,1.221
866.9772400000002,7.980056,1.27863,1.2
862.4743950000002,7.980056,1.27863,1.0
582.4743950000002,8.010056,1.27863,1.22173
866.9715500000002,8.010056,1.27863,1.22173
866.9772400000002,8.010056,1.27863,1.22173
866.9772400000002,8.020056,1.27863,1.22173
866.9772400000002,8.020056,1.27863,1.221
866.9772400000002,8.020056,1.27863,1.2
862.4743950000002,8.030056,1.27863,1.0
582.4743950000002,8.050056,1.27863,1.22173
866.9715500000002,8.060056,1.27863,1.22173
866.9772400000002,8.060056,1.27863,1.22173
866.9772400000002,8.060056,1.27863,1.22173
866.9772400000002,8.070056,1.27863,1.221
866.9772400000002,8.070056,1.27863,1.2
862.4743950000002,8.070056,1.27863,1.0
582.4743950000001,8.100056,1.27863,1.22173
866.9715500000002,8.100056,1.27863,1.22173
866.9772400000002,8.110056,1.27863,1.22173
866.9772400000002,8.110056,1.27863,1.22173
866.9772400000002,8.110056,1.27863,1.221
866.9772400000002,8.120056,1.27863,1.2
862.4743950000002,8.120056,1.27863,1.0
582.4743950000002,8.150056,1.27863,1.22173
866.9715500000002,8.150056,1.27863,1.22173
866.9772400000002,8.150056,1.27863,1.22173
866.9772400000002,8.160056,1.27863,1.22173
866.9772400000002,8.160056,1.27863,1.221
866.9772400000002,8.160056,1.27863,1.2
862.4743950000002,8.170056,1.27863,1.0
582.4743950000002,8.200056,1.27863,1.22173
866.9715500000002,8.200056,1.27863,1.22173
866.9772400000002,8.200056,1.27863,1.22173
866.9772400000002,8.200056,1.27863,1.22173
866.9772400000002,8.210056,1.27863,1.221
866.9772400000002,8.210056,1.27863,1.2
862.4743950000002,8.210056,1.27863,1.0
582.4743950000001,8.240056,1.27863,1.22173
866.9715500000002,8.250056,1.27863,1.22173
866.9772400000002,8.250056,1.27863,1.22173
866.9772400000002,8.250056,1.27863,1.22173
866.9772400000002,8.250056,1.27863,1.221
866.9772400000002,8.260056,1.27863,1.2
862.4743950000002,8.260056,1.27863,1.0
582.4743950000002,8.290056,1.27863,1.22173
866.9715500000002,8.290056,1.27863,1.22173
866.9772400000002,8.290056,1.27863,1.22173
866.9772400000002,8.300056,1.27863,1.22173
866.9772400000002,8.300056,1.27863,1.221
866.9772400000002,8.300056,1.27863,1.2
862.4743950000002,8.310056,1.27863,1.0
582.4743950000002,8.340056,1.27863,1.22173
866.9715500000002,8.340056,1.27863,1.22173
866.9772400000002,8.340056,1.27863,1.22173
866.9772400000002,8.340056,1.27863,1.22173
866.9772400000002,8.350056,1.27863,1.221
866.9772400000002,8.350056,1.27863,1.2
862.4743950000002,8.350056,1.27863,1.0
582.4743950000001,8.380056,1.27863,1.22173
866.9715500000001,8.390056,1.27863,1.22173
866.97724,8.390056,1.27863,1.22173
866.97724,8.390056,1.27863,1.22173
866.97724,8.390056,1.27863,1.221
866.97724,8.400056,1.27863,1.2
862.4743950000002,8.400056,1.27863,1.0
582.4743950000001,8.430056,1.27863,1.22173
866.9715500000001,8.430056,1.27863,1.22173
866.97724,8.440056,1.27863,1.22173
866.97724,8.440056,1.27863,1.22173
866.97724,8.440056,1.27863,1.221
866.97724,8.440056,1.27863,1.2
862.4743950000002,8.450056,1.27863,1.0
582.4743950000001,8.480056,1.27863,1.22173
866.9715500000002,8.480056,1.27863,1.22173
866.9772400000002,8.480056,1.27863,1.22173
866.9772400000002,8.490056,1.27863,1.22173
866.9772400000002,8.490056,1.27863,1.221
866.9772400000002,8.490056,1.27863,1.2
862.4743950000002,8.490056,1.27863,1.0
582.4743950000001,8.520056,1.27863,1.22173
866.9715500000002,8.530056,1.27863,1.22173
866.9772400000002,8.530056,1.27863,1.22173
866.9772400000002,8.530056,1.27863,1.22173
866.9772400000002,8.540056,1.27863,1.221
866.9772400000002,8.540056,1.27863,1.2
862.4743950000002,8.540056,1.27863,1.0
582.4743950000002,8.570056,1.27863,1.22173
866.9715500000002,8.570056,1.27863,1.22173
866.9772400000002,8.580056,1.27863,1.22173
866.9772400000002,8.580056,1.27863,1.22173
866.9772400000002,8.580056,1.27863,1.221
866.9772400000002,8.590056,1.27863,1.2
862.4743950000002,8.590056,1.27863,1.0
582.4743950000002,8.620056,1.27863,1.22173
866.9715500000002,8.620056,1.27863,1.22173
866.9772400000002,8.620056,1.27863,1.22173
866.9772400000002,8.630056,1.27863,1.22173
866.9772400000002,8.630056,1.27863,1.221
866.9772400000002,8.630056,1.27863,1.2
862.4743950000002,8.630056,1.27863,1.0
582.4743950000002,8.660056,1.27863,1.22173
866.9715500000002,8.670056,1.27863,1.22173
866.9772400000002,8.670056,1.27863,1.22173
866.9772400000002,8.670056,1.27863,1.22173
866.9772400000002,8.680056,1.27863,1.221
866.9772400000002,8.680056,1.27863,1.2
862.4743950000002,8.680056,1.27863,1.0
582.4743950000002,8.710056,1.27863,1.22173
866.9715500000002,8.710056,1.27863,1.22173
866.9772400000002,8.720056,1.27863,1.22173
866.9772400000002,8.720056,1.27863,1.22173
866.9772400000002,8.720056,1.27863,1.221
866.9772400000002,8.730056,1.27863,1.2
862.4743950000002,8.730056,1.27863,1.0
582.4743950000002,8.760056,1.27863,1.22173
582.4687050000001,8.760056,1.27863,1.22173
582.4687050000001,8.760056,1.27863,1.22173
582.4687050000001,8.770056,1.27863,1.22173
582.4687050000001,8.770056,1.27863,1.22173
582.4687050000001,8.770056,1.27863,1.22173
577.9658600000001,8.780056,1.27863,1.22173
293.46301500000004,8.780056,1.27863,1.22173
293.4573250000001,8.780056,1.27863,1.22173
293.4573250000001,8.780056,1.27863,1.22173
293.4573250000001,8.790056,1.27863,1.22173
293.4573250000001,8.790056,1.27863,1.22173
293.4573250000001,8.790056,1.27863,1.22173
288.95448000000005,8.800056,1.27863,1.22173
4.451635000000001,8.800056,1.27863,1.22173
4.445945000000001,8.800056,1.27863,1.22173
4.445945000000001,8.800056,1.27863,1.22173
4.445945000000001,8.810056,1.27863,1.22173
4.445945000000001,8.810056,1.27863,1.22173
4.445945000000001,8.810056,1.27863,1.22173
-0.05689999999999998,8.820056,1.27863,1.221
-0.05689999999999998,8.820056,1.27863,1.22173
-0.05689999999999998,8.820056,1.27863,1.0
4.445945000000001,8.850056,1.27863,1.22173
288.9487900000003,8.850056,1.27863,1.22173
288.9544800000003,8.860056,1.27863,1.22173
288.9544800000003,8.860056,1.27863,1.22173
288.9544800000003,8.860056,1.27863,1.221
288.9544800000003,8.870056,1.27863,1.2
288.9544800000003,8.870056,1.27863,1.0
293.45732500000025,8.900056,1.27863,1.22173
577.9601700000003,8.900056,1.27863,1.22173
577.9658600000002,8.900056,1.27863,1.22173
577.9658600000002,8.910056,1.27863,1.22173
577.9658600000002,8.910056,1.27863,1.221
577.9658600000002,8.910056,1.27863,1.2
577.9658600000002,8.920056,1.27863,1.0
582.4687050000002,8.950056,1.27863,1.22173
866.9715500000002,8.950056,1.27863,1.22173
866.9772400000002,8.950056,1.27863,1.22173
866.9772400000002,8.950056,1.27863,1.22173
866.9772400000002,8.96006,1.27863,1.221
866.9772400000002,8.96006,1.27863,1.2
862.4743950000002,8.96006,1.27863,1.0
582.4743950000001,8.990056,1.27863,1.22173
588.27155,9.000056,1.27863,2.87979
594.074395,9.000056,1.27863,2.87979
3599.8772400000003,9.000056,1.27863,2.87979
3599.9101430000005,9.000056,1.27863,2.87979
3599.9919465000003,9.010084,1.2797295,2.87979
3595.5709050000005,9.010084,1.280829,2.87979
3311.149863499999,9.010084,1.2819285,2.8797
3311.222599999999,9.020084,1.286405,2.879
3311.3010264999994,9.020084,1.2908815,2.87
3311.3794529999996,9.020084,1.295358,2.8
3311.4519104999995,9.020084,1.2998345,2.0
3311.5243679999994,9.030084,1.31028,2.0
3307.3243679999996,9.08008,1.3877199999999998,2.87979
3026.8243679999996,9.0901,1.4803185,2.87979
4280.821523,9.0901,1.5729170000000001,2.87979
4280.836907999999,9.0901,1.6655154999999997,2.87979
4280.815589,9.0901,1.758114,2.8797
4280.794269999999,9.10008,1.8623359999999995,2.87
4280.772950999999,9.10008,1.966558,2.0
4276.322950999999,9.130084,2.0725865,2.87979
4317.572950999999,9.130084,2.178615,2.87979
6209.822950999999,9.140084,2.2776535000000004,2.87979
3204.0419315,9.140084,2.3766920000000007,2.87979
3203.9928929999996,9.140084,2.475730500000001,2.8797
3203.9031219999997,9.150084,2.565501500000001,2.87
3203.8133510000002,9.150084,2.655272500000001,2.0
3203.7843925,9.190084,2.719910500000001,2.87979
3205.758811,9.190084,2.781171500000001,2.87979
3250.5832295,9.200084,2.8418045000000007,2.87979
3745.4076480000003,9.200084,2.902437500000001,2.87979
5240.2380355000005,9.200084,2.9630705000000006,2.87979
5240.181801,9.210084,3.0193050000000006,2.87979
5239.895178999999,9.210084,3.0085450000000002,2.87979
5235.908556999999,9.210084,2.9826265000000003,2.87979
3981.9219349999985,9.210084,2.956708,2.8797
3981.920259499999,9.220088,2.9333029999999995,2.879
3981.955287999999,9.220088,2.909898,2.87
3981.990316499999,9.220088,2.8748695,2.8
3982.022517999999,9.230088,2.8426684999999994,2.0
3981.9805554999984,9.230088,2.8086609999999994,2.0
3935.0305554999986,9.280064,2.7821144999999996,2.87979
2039.5805555,9.290056,2.7625579999999994,2.87979
2047.161575,9.290056,2.743001499999999,2.87979
2104.7805555,9.290056,2.723445,2.87979
2162.391368,9.290056,2.712056499999999,2.87979
2162.4027565,9.300056,2.700668,2.87979
2162.3533325000003,9.300056,2.7144125,2.87979
2160.3039085,9.300056,2.7281569999999995,2.87979
2115.4044845000003,9.310056,2.7425295,2.8797
1620.5050605000001,9.310056,2.7569019999999997,2.879
125.60563649999995,9.310056,2.7712744999999996,2.87
125.59283449999997,9.310056,2.7840765,2.8
125.58003249999997,9.320056,2.7968785,2.0
125.5672305,9.320056,2.8096805000000007,2.0
125.6538525,9.370056,2.822482500000001,2.87979
128.24298800000003,9.380056,2.832771000000001,2.87979
135.83212350000002,9.380056,2.8430595000000007,2.87979
193.42125900000002,9.380056,2.853348000000001,2.87979
251.01322150000001,9.390056,2.860809000000001,2.87979
251.00576,9.390056,2.8682700000000008,2.87979
250.906336,9.390056,2.8682700000000008,2.87979
248.306912,9.390056,2.8682700000000008,2.87979
240.707488,9.400056,2.8682700000000008,2.8797
183.108064,9.400056,2.8682700000000008,2.879
125.50864000000001,9.400056,2.8682700000000008,2.87
125.50864000000001,9.410056,2.8682700000000008,2.8
125.50864000000001,9.410056,2.8682700000000008,2.0
125.50864000000001,9.410056,2.8682700000000008,2.0
125.60806400000001,9.470056,2.8682700000000008,2.87979
128.207488,9.470056,2.8682700000000008,2.87979
135.806912,9.470056,2.8682700000000008,2.87979
193.406336,9.470056,2.8682700000000008,2.87979
251.00576,9.480056,2.8682700000000008,2.87979
251.00576,9.480056,2.8682700000000008,2.87979
250.906336,9.480056,2.8682700000000008,2.87979
248.306912,9.480056,2.8682700000000008,2.87979
240.707488,9.490056,2.8682700000000008,2.8797
183.108064,9.490056,2.8682700000000008,2.879
125.50864000000001,9.490056,2.8682700000000008,2.87
125.50864000000001,9.500056,2.8682700000000008,2.8
125.50864000000001,9.500056,2.8682700000000008,2.0
125.50864000000001,9.500056,2.8682700000000008,2.0
125.60806400000001,9.560056,2.8682700000000008,2.87979
128.207488,9.560056,2.8682700000000008,2.87979
135.806912,9.560056,2.8682700000000008,2.87979
193.406336,9.560056,2.8682700000000008,2.87979
251.00576,9.570056,2.8682700000000008,2.87979
251.00576,9.570056,2.8682700000000008,2.87979
250.906336,9.570056,2.8682700000000008,2.87979
248.306912,9.580056,2.8682700000000008,2.87979
240.707488,9.580056,2.8682700000000008,2.8797
183.108064,9.580056,2.8682700000000008,2.879
125.50864000000001,9.580056,2.8682700000000008,2.87
125.50864000000001,9.590056,2.8682700000000008,2.8
125.50864000000001,9.590056,2.8682700000000008,2.0
125.50864000000001,9.590056,2.8682700000000008,2.0
125.60806400000001,9.650056,2.8682700000000008,2.87979
128.207488,9.650056,2.8682700000000008,2.87979
135.806912,9.650056,2.8682700000000008,2.87979
193.406336,9.660056,2.8682700000000008,2.87979
251.00576,9.660056,2.8682700000000008,2.87979
251.00576,9.660056,2.8682700000000008,2.87979
250.906336,9.660056,2.8682700000000008,2.87979
248.306912,9.670056,2.8682700000000008,2.87979
240.707488,9.670056,2.8682700000000008,2.8797
183.108064,9.670056,2.8682700000000008,2.879
125.50864000000001,9.680056,2.8682700000000008,2.87
125.50864000000001,9.680056,2.8682700000000008,2.8
125.50864000000001,9.680056,2.8682700000000008,2.0
125.50864000000001,9.680056,2.8682700000000008,2.0
125.60806400000001,9.740056,2.8682700000000008,2.87979
128.207488,9.740056,2.8682700000000008,2.87979
135.806912,9.740056,2.8682700000000008,2.87979
193.406336,9.750056,2.8682700000000008,2.87979
251.00576,9.750056,2.8682700000000008,2.87979
251.00576,9.750056,2.8682700000000008,2.87979
250.906336,9.760056,2.8682700000000008,2.87979
248.306912,9.760056,2.8682700000000008,2.87979
240.707488,9.760056,2.8682700000000008,2.8797
183.108064,9.760056,2.8682700000000008,2.879
125.50864000000001,9.770056,2.8682700000000008,2.87
125.50864000000001,9.770056,2.8682700000000008,2.8
125.50864000000001,9.770056,2.8682700000000008,2.0
125.50864000000001,9.780056,2.8682700000000008,2.0
125.60806400000001,9.830056,2.8682700000000008,2.87979
128.207488,9.830056,2.8682700000000008,2.87979
135.806912,9.830056,2.8682700000000008,2.87979
193.406336,9.840056,2.8682700000000008,2.87979
251.00576,9.840056,2.8682700000000008,2.87979
251.00576,9.840056,2.8682700000000008,2.87979
250.906336,9.850056,2.8682700000000008,2.87979
248.306912,9.850056,2.8682700000000008,2.87979
240.707488,9.850056,2.8682700000000008,2.8797
183.108064,9.850056,2.8682700000000008,2.879
125.50864000000001,9.860056,2.8682700000000008,2.87
125.50864000000001,9.860056,2.8682700000000008,2.8
125.50864000000001,9.860056,2.8682700000000008,2.0
125.50864000000001,9.870056,2.8682700000000008,2.0
125.60806400000001,9.920056,2.8682700000000008,2.87979
128.207488,9.920056,2.8682700000000008,2.87979
135.806912,9.930056,2.8682700000000008,2.87979
193.406336,9.930056,2.8682700000000008,2.87979
251.00576,9.930056,2.8682700000000008,2.87979
251.00576,9.930056,2.8682700000000008,2.87979
250.906336,9.940056,2.8682700000000008,2.87979
248.306912,9.940056,2.8682700000000008,2.87979
240.707488,9.940056,2.8682700000000008,2.8797
183.108064,9.950056,2.8682700000000008,2.879
125.50864000000001,9.950056,2.8682700000000008,2.87
125.50864000000001,9.950056,2.8682700000000008,2.8
125.50864000000001,9.950056,2.8682700000000008,2.0
125.50864000000001,9.960056,2.8682700000000008,2.0
128.108064,10.010056,2.8682700000000008,2.87979
185.707488,10.010056,2.8682700000000008,2.87979
185.707488,10.010056,2.8682700000000008,2.87979
185.707488,10.010056,2.8682700000000008,2.8797
185.707488,10.020056,2.8682700000000008,2.87
185.707488,10.020056,2.8682700000000008,2.0
188.207488,10.050056,2.8682700000000008,2.87979
243.207488,10.060056,2.8682700000000008,2.87979
235.608064,10.060056,2.8682700000000008,2.87979
178.00864,10.060056,2.8682700000000008,2.8797
120.40921600000001,10.060056,2.8682700000000008,2.87
120.40921600000001,10.070056,2.8682700000000008,2.0
123.00864000000001,10.100056,2.8682700000000008,2.87979
180.608064,10.100056,2.8682700000000008,2.87979
180.608064,10.110056,2.8682700000000008,2.87979
180.608064,10.110056,2.8682700000000008,2.8797
180.608064,10.110056,2.8682700000000008,2.87
180.608064,10.110056,2.8682700000000008,2.0
183.207488,10.150056,2.8682700000000008,2.87979
240.806912,10.150056,2.8682700000000008,2.87979
238.207488,10.150056,2.8682700000000008,2.87979
180.608064,10.160056,2.8682700000000008,2.8797
180.608064,10.160056,2.8682700000000008,2.87
180.608064,10.160056,2.8682700000000008,2.0
183.207488,10.190056,2.8682700000000008,2.87979
240.806912,10.200056,2.8682700000000008,2.87979
238.207488,10.200056,2.8682700000000008,2.87979
180.608064,10.200056,2.8682700000000008,2.8797
180.608064,10.210056,2.8682700000000008,2.87
180.608064,10.210056,2.8682700000000008,2.0
183.207488,10.24006,2.8682700000000008,2.87979
240.806912,10.24006,2.8682700000000008,2.87979
238.207488,10.250056,2.8682700000000008,2.87979
180.608064,10.250056,2.8682700000000008,2.8797
180.608064,10.250056,2.8682700000000008,2.87
180.608064,10.250056,2.8682700000000008,2.0
183.207488,10.290056,2.8682700000000008,2.87979
240.806912,10.290056,2.8682700000000008,2.87979
238.207488,10.290056,2.8682700000000008,2.87979
180.608064,10.300056,2.8682700000000008,2.8797
180.608064,10.300056,2.8682700000000008,2.87
180.608064,10.300056,2.8682700000000008,2.0
183.207488,10.330056,2.8682700000000008,2.87979
240.806912,10.340056,2.8682700000000008,2.87979
238.207488,10.340056,2.8682700000000008,2.87979
180.608064,10.340056,2.8682700000000008,2.8797
180.608064,10.350056,2.8682700000000008,2.87
180.608064,10.350056,2.8682700000000008,2.0
183.207488,10.380056,2.8682700000000008,2.87979
240.806912,10.380056,2.8682700000000008,2.87979
238.207488,10.390056,2.8682700000000008,2.87979
180.608064,10.390056,2.8682700000000008,2.8797
180.608064,10.390056,2.8682700000000008,2.87
180.608064,10.400056,2.8682700000000008,2.0
183.207488,10.430056,2.8682700000000008,2.87979
240.806912,10.430056,2.8682700000000008,2.87979
238.207488,10.430056,2.8682700000000008,2.87979
180.608064,10.440056,2.8682700000000008,2.8797
180.608064,10.440056,2.8682700000000008,2.87
180.608064,10.440056,2.8682700000000008,2.0
183.207488,10.470056,2.8682700000000008,2.87979
240.806912,10.480056,2.8682700000000008,2.87979
238.207488,10.480056,2.8682700000000008,2.87979
180.608064,10.480056,2.8682700000000008,2.8797
180.608064,10.490056,2.8682700000000008,2.87
180.608064,10.490056,2.8682700000000008,2.0
183.207488,10.520056,2.8682700000000008,2.87979
240.806912,10.520056,2.8682700000000008,2.87979
238.207488,10.530056,2.8682700000000008,2.87979
180.608064,10.530056,2.8682700000000008,2.8797
180.608064,10.530056,2.8682700000000008,2.87
180.608064,10.540056,2.8682700000000008,2.0
183.207488,10.570056,2.8682700000000008,2.87979
240.806912,10.570056,2.8682700000000008,2.87979
238.207488,10.570056,2.8682700000000008,2.87979
180.608064,10.580056,2.8682700000000008,2.8797
180.608064,10.580056,2.8682700000000008,2.87
180.608064,10.580056,2.8682700000000008,2.0
183.207488,10.620056,2.8682700000000008,2.87979
240.806912,10.620056,2.8682700000000008,2.87979
238.207488,10.620056,2.8682700000000008,2.87979
180.608064,10.620056,2.8682700000000008,2.8797
180.608064,10.630056,2.8682700000000008,2.87
180.608064,10.630056,2.8682700000000008,2.0
183.207488,10.660056,2.8682700000000008,2.87979
240.806912,10.670056,2.8682700000000008,2.87979
238.207488,10.670056,2.8682700000000008,2.87979
180.608064,10.670056,2.8682700000000008,2.8797
180.608064,10.670056,2.8682700000000008,2.87
180.608064,10.680056,2.8682700000000008,2.0
183.207488,10.710056,2.8682700000000008,2.87979
240.806912,10.710056,2.8682700000000008,2.87979
238.207488,10.720056,2.8682700000000008,2.87979
180.608064,10.720056,2.8682700000000008,2.8797
180.608064,10.720056,2.8682700000000008,2.87
180.608064,10.720056,2.8682700000000008,2.0
183.207488,10.760056,2.8682700000000008,2.87979
240.806912,10.760056,2.8682700000000008,2.87979
238.207488,10.760056,2.8682700000000008,2.87979
180.608064,10.760056,2.8682700000000008,2.8797
180.608064,10.770056,2.8682700000000008,2.87
180.608064,10.770056,2.8682700000000008,2.0
183.207488,10.800056,2.8682700000000008,2.87979
240.806912,10.810056,2.8682700000000008,2.87979
238.207488,10.810056,2.8682700000000008,2.87979
180.608064,10.810056,2.8682700000000008,2.8797
180.608064,10.810056,2.8682700000000008,2.87
180.608064,10.820056,2.8682700000000008,2.0
183.207488,10.850056,2.8682700000000008,2.87979
240.806912,10.850056,2.8682700000000008,2.87979
238.207488,10.860056,2.8682700000000008,2.87979
180.608064,10.860056,2.8682700000000008,2.8797
180.608064,10.860056,2.8682700000000008,2.87
180.608064,10.860056,2.8682700000000008,2.0
183.207488,10.900056,2.8682700000000008,2.87979
240.806912,10.900056,2.8682700000000008,2.87979
238.207488,10.900056,2.8682700000000008,2.87979
180.608064,10.910056,2.8682700000000008,2.8797
180.608064,10.910056,2.8682700000000008,2.87
180.608064,10.910056,2.8682700000000008,2.0
183.207488,10.940056,2.8682700000000008,2.87979
240.806912,10.950056,2.8682700000000008,2.87979
238.207488,10.950056,2.8682700000000008,2.87979
180.608064,10.950056,2.8682700000000008,2.8797
180.608064,10.960056,2.8682700000000008,2.87
180.608064,10.960056,2.8682700000000008,2.0
183.207488,10.990056,2.8682700000000008,2.87979
240.806912,10.990056,2.8682700000000008,2.87979
238.26305900000003,11.000056,2.8682700000000008,1.74533
180.60691200000002,11.000056,2.8682700000000008,1.74
180.55018900000002,11.000056,2.8682700000000008,1.0
182.699613,11.020088,2.8615945000000007,1.74533
4265.899037,11.030084,2.846279500000001,1.74533
4265.857629,11.030084,2.8309645000000008,1.7453
4263.216797,11.030084,2.815649500000001,1.7
4244.5667969999995,11.060084,2.7638920000000007,1.74533
4244.5706105,11.060084,2.712134500000001,1.74533
4244.565645,11.060084,2.6603770000000004,1.745
4244.5731675,11.070088,2.5961315000000003,1.7
4244.58069,11.070088,2.531886,1.0
4242.18069,11.100088,2.447927,1.74533
4215.78069,11.100088,2.363968,1.74533
6722.080114,11.110084,2.282758,1.74533
6722.104600999999,11.110084,2.201548,1.74533
6722.129087999999,11.110084,2.120338,1.745
6722.147763,11.120084,2.039128,1.7
6719.567014,11.120084,1.96373,1.0
6664.667014000001,11.150084,1.90781,1.74533
6687.310866999999,11.150084,1.85189,1.74533
6687.366787000001,11.150084,1.7959700000000003,1.7453
6687.417444999999,11.160084,1.745312,1.7
6686.817445,11.180088,1.706356,1.74533
2603.6279605,11.180088,1.6760395,1.74533
2603.6586695000005,11.190084,1.6453305,1.745
2603.6893785,11.190084,1.6146215000000002,1.0
2564.7393785000004,11.210088,1.6172920000000002,1.74533
2770.7349890000005,11.210088,1.6199625000000002,1.74533
2770.7448675,11.220088,1.621062,1.74533
2770.73128,11.220088,1.6346495,1.74
2770.7176925000003,11.220088,1.648237,1.0
2775.2176925000003,11.240084,1.679496,1.74533
3057.3176925000002,11.250084,1.7104410000000003,1.74533
551.0145595,11.250084,1.738637,1.7453
550.9863635,11.250084,1.7668329999999999,1.7
556.4113005000002,11.280056,1.7949505,1.74533
556.3951040000001,11.280056,1.8230679999999997,1.74533
556.3727985,11.280056,1.8453734999999996,1.745
553.669744,11.290056,1.8482009999999995,1.0
531.419744,11.310056,1.8510284999999997,1.74533
836.869971,11.310056,1.8538559999999997,1.74533
836.8785145,11.310056,1.8514214999999998,1.74533
835.3254599999999,11.320056,1.8439604999999997,1.74
835.31189,11.320056,1.8364994999999997,1.0
835.772013,11.340056,1.8294309999999996,1.74533
1141.232136,11.340056,1.8223624999999997,1.74533
1141.2290815000003,11.350056,1.8183569999999993,1.7453
935.2260270000002,11.350056,1.8143514999999995,1.7
940.6705380000002,11.370056,1.8119169999999993,1.74533
940.6790815,11.380056,1.8094824999999994,1.74533
940.6815160000001,11.380056,1.8070479999999993,1.745
935.9784615000003,11.380056,1.8066554999999995,1.0
623.1284615000002,11.400056,1.8065769999999999,1.74533
928.5815945000003,11.410056,1.8064985,1.74533
928.5877820000002,11.410056,1.8064200000000001,1.74533
923.1347275,11.410056,1.8064200000000001,1.74
923.1286185000001,11.420056,1.8064200000000001,1.74533
923.1286185000001,11.420056,1.8064200000000001,1.74533
923.1286185000001,11.420056,1.8064200000000001,1.74533
922.6755640000001,11.420056,1.8064200000000001,1.74533
617.2225095,11.430056,1.8064200000000001,1.74533
617.2164005,11.430056,1.8064200000000001,1.74533
617.2164005,11.430056,1.8064200000000001,1.74533
617.2164005,11.440056,1.8064200000000001,1.74533
616.763346,11.440056,1.8064200000000001,1.74533
311.3102915,11.440056,1.8064200000000001,1.74533
311.3102915,11.450056,1.8064200000000001,1.74533
311.3102915,11.450056,1.8064200000000001,1.74533
305.857237,11.450056,1.8064200000000001,1.74533
305.851128,11.450056,1.8064200000000001,1.74533
305.851128,11.460056,1.8064200000000001,1.74533
305.851128,11.460056,1.8064200000000001,1.74533
305.3980735,11.460056,1.8064200000000001,1.74533
-0.054980999999999995,11.470056,1.8064200000000001,1.74533
-0.061090000000000005,11.470056,1.8064200000000001,1.74533
-0.061090000000000005,11.470056,1.8064200000000001,1.74533
-0.061090000000000005,11.480056,1.8064200000000001,1.74533
-0.061090000000000005,11.480056,1.8064200000000001,1.74533
-0.061090000000000005,11.480056,1.8064200000000001,1.74533
-0.061090000000000005,11.490056,1.8064200000000001,1.74533
-0.061090000000000005,11.490056,1.8064200000000001,1.74533
0.39196449999999994,11.500056,1.8064200000000001,1.74533
305.8450189999999,11.500056,1.8064200000000001,1.74533
305.85112799999996,11.510056,1.8064200000000001,1.74533
305.85112799999996,11.510056,1.8064200000000001,1.74
305.85112799999996,11.510056,1.8064200000000001,1.0
306.30418249999997,11.530056,1.8064200000000001,1.74533
611.7572370000001,11.540056,1.8064200000000001,1.74533
611.7572370000001,11.540056,1.8064200000000001,1.7453
611.7572370000001,11.540056,1.8064200000000001,1.7
617.2102915000002,11.570056,1.8064200000000001,1.74533
617.2164005000001,11.570056,1.8064200000000001,1.74533
617.2164005000001,11.570056,1.8064200000000001,1.745
617.2164005000001,11.580056,1.8064200000000001,1.0
617.6694550000002,11.600056,1.8064200000000001,1.74533
923.1225095000002,11.600056,1.8064200000000001,1.74533
923.1286185000001,11.600056,1.8064200000000001,1.74533
923.1286185000001,11.610056,1.8064200000000001,1.74
923.1286185000001,11.610056,1.8064200000000001,1.0
923.5816730000001,11.630056,1.8064200000000001,1.74533
1229.0347275000004,11.630056,1.8064200000000001,1.74533
1228.5816730000004,11.640056,1.8064200000000001,1.7453
923.1286185000004,11.640056,1.8064200000000001,1.7
928.5755640000003,11.660056,1.8064200000000001,1.74533
928.5816730000003,11.670056,1.8064200000000001,1.74533
928.5816730000003,11.670056,1.8064200000000001,1.745
928.1286185000004,11.670056,1.8064200000000001,1.0
623.1286185000004,11.690056,1.8064200000000001,1.74533
928.5816730000003,11.700056,1.8064200000000001,1.74533
928.5877820000002,11.700056,1.8064200000000001,1.74533
923.1347275000003,11.700056,1.8064200000000001,1.74
923.1286185000004,11.710056,1.8064200000000001,1.0
923.5816730000003,11.730056,1.8064200000000001,1.74533
1229.0347275000004,11.730056,1.8064200000000001,1.74533
1228.5816730000001,11.730056,1.8064200000000001,1.7453
923.1286185000001,11.740056,1.8064200000000001,1.7
928.575564,11.760056,1.8064200000000001,1.74533
928.5816730000001,11.760056,1.8064200000000001,1.74533
928.5816730000001,11.770056,1.8064200000000001,1.745
928.1286185000001,11.770056,1.8064200000000001,1.0
623.1286185,11.790056,1.8064200000000001,1.74533
928.5816730000001,11.790056,1.8064200000000001,1.74533
928.5877820000002,11.800056,1.8064200000000001,1.74533
923.1347275,11.800056,1.8064200000000001,1.74
923.1286185000001,11.800056,1.8064200000000001,1.0
923.5816730000001,11.820056,1.8064200000000001,1.74533
1229.0347275000001,11.830056,1.8064200000000001,1.74533
1228.5816730000001,11.830056,1.8064200000000001,1.7453
923.1286185000001,11.830056,1.8064200000000001,1.7
928.5755640000002,11.860056,1.8064200000000001,1.74533
928.5816730000001,11.860056,1.8064200000000001,1.74533
928.5816730000001,11.860056,1.8064200000000001,1.745
928.1286185000001,11.870056,1.8064200000000001,1.0
623.1286185000001,11.890056,1.8064200000000001,1.74533
928.5816730000001,11.890056,1.8064200000000001,1.74533
928.5877820000002,11.890056,1.8064200000000001,1.74533
923.1347275000003,11.900056,1.8064200000000001,1.74
923.1286185000001,11.900056,1.8064200000000001,1.0
923.5816730000001,11.920056,1.8064200000000001,1.74533
1229.0347275000004,11.920056,1.8064200000000001,1.74533
1228.5816730000004,11.930056,1.8064200000000001,1.7453
923.1286185000004,11.930056,1.8064200000000001,1.7
928.5755640000003,11.950056,1.8064200000000001,1.74533
928.5816730000003,11.960056,1.8064200000000001,1.74533
928.5816730000003,11.960056,1.8064200000000001,1.745
928.1286185000004,11.960056,1.8064200000000001,1.0
623.1286185000004,11.980056,1.8064200000000001,1.74533
928.5816730000003,11.990056,1.8064200000000001,1.74533
928.5877820000002,11.990056,1.8064200000000001,1.74533
923.1347275000003,11.990056,1.8064200000000001,1.74
923.1286185000004,12.000056,1.8064200000000001,1.0
923.5816730000003,12.020056,1.8064200000000001,1.74533
1229.0347275000004,12.020056,1.8064200000000001,1.74533
1228.5816730000004,12.020056,1.8064200000000001,1.7453
923.1286185000001,12.030056,1.8064200000000001,1.7
928.5755640000002,12.050056,1.8064200000000001,1.74533
928.5816730000001,12.050056,1.8064200000000001,1.74533
928.5816730000001,12.060056,1.8064200000000001,1.745
928.1286185000001,12.060056,1.8064200000000001,1.0
623.1286185000001,12.080056,1.8064200000000001,1.74533
928.5816730000001,12.080056,1.8064200000000001,1.74533
928.5877820000001,12.090056,1.8064200000000001,1.74533
923.1347275,12.090056,1.8064200000000001,1.74
923.1286185000001,12.090056,1.8064200000000001,1.0
923.5816730000001,12.110056,1.8064200000000001,1.74533
1229.0347275000001,12.120056,1.8064200000000001,1.74533
1228.5816730000001,12.120056,1.8064200000000001,1.7453
923.1286185000001,12.120056,1.8064200000000001,1.7
928.5755640000002,12.150056,1.8064200000000001,1.74533
928.5816730000001,12.150056,1.8064200000000001,1.74533
928.5816730000001,12.150056,1.8064200000000001,1.745
928.1286185000001,12.150056,1.8064200000000001,1.0
623.1286185000001,12.180056,1.8064200000000001,1.74533
928.5816730000001,12.180056,1.8064200000000001,1.74533
928.5877820000002,12.180056,1.8064200000000001,1.74533
923.1347275,12.190056,1.8064200000000001,1.74
923.1286185000001,12.190056,1.8064200000000001,1.0
923.5816730000001,12.210056,1.8064200000000001,1.74533
1229.0347275000004,12.210056,1.8064200000000001,1.74533
1228.5816730000001,12.220056,1.8064200000000001,1.7453
923.1286185000001,12.220056,1.8064200000000001,1.7
928.5755640000002,12.240056,1.8064200000000001,1.74533
928.5816730000001,12.250056,1.8064200000000001,1.74533
928.5816730000001,12.250056,1.8064200000000001,1.745
928.1286185000001,12.250056,1.8064200000000001,1.0
623.1286184999999,12.270056,1.8064200000000001,1.74533
928.5816730000001,12.280056,1.8064200000000001,1.74533
928.5877820000001,12.280056,1.8064200000000001,1.74533
923.1347275,12.280056,1.8064200000000001,1.74
923.1286185000001,12.280056,1.8064200000000001,1.0
923.5816730000001,12.310056,1.8064200000000001,1.74533
1229.0347275000001,12.310056,1.8064200000000001,1.74533
1228.5816730000001,12.310056,1.8064200000000001,1.7453
923.1286185000001,12.310056,1.8064200000000001,1.7
928.5755640000002,12.340056,1.8064200000000001,1.74533
928.5816730000001,12.340056,1.8064200000000001,1.74533
928.5816730000001,12.350056,1.8064200000000001,1.745
928.1286185000001,12.350056,1.8064200000000001,1.0
623.1286185000001,12.370056,1.8064200000000001,1.74533
928.5816730000001,12.370056,1.8064200000000001,1.74533
928.5877820000002,12.380056,1.8064200000000001,1.74533
923.1347275,12.380056,1.8064200000000001,1.74
923.1286185000001,12.380056,1.8064200000000001,1.0
923.5816730000001,12.400056,1.8064200000000001,1.74533
1229.0347275000004,12.410056,1.8064200000000001,1.74533
1228.5816730000001,12.410056,1.8064200000000001,1.7453
923.1286185000001,12.410056,1.8064200000000001,1.7
928.5755640000003,12.440056,1.8064200000000001,1.74533
928.5816730000003,12.440056,1.8064200000000001,1.74533
928.5816730000003,12.440056,1.8064200000000001,1.745
928.1286185000001,12.440056,1.8064200000000001,1.0
623.1286185000002,12.470056,1.8064200000000001,1.74533
928.5816730000001,12.470056,1.8064200000000001,1.74533
928.5877820000001,12.470056,1.8064200000000001,1.74533
923.1347275,12.470056,1.8064200000000001,1.74
923.1286185000001,12.480056,1.8064200000000001,1.0
923.5816730000001,12.500056,1.8064200000000001,1.74533
1229.0347275000001,12.500056,1.8064200000000001,1.74533
1228.5816730000001,12.500056,1.8064200000000001,1.7453
923.1286185000001,12.510056,1.8064200000000001,1.7
928.5755640000002,12.530056,1.8064200000000001,1.74533
928.5816730000001,12.540056,1.8064200000000001,1.74533
928.5816730000001,12.540056,1.8064200000000001,1.745
928.1286185000001,12.540056,1.8064200000000001,1.0
623.1286184999999,12.560056,1.8064200000000001,1.74533
928.5816730000001,12.570056,1.8064200000000001,1.74533
928.5877820000001,12.570056,1.8064200000000001,1.74533
923.1347275,12.570056,1.8064200000000001,1.74
923.1286185000001,12.570056,1.8064200000000001,1.0
923.5816730000001,12.600056,1.8064200000000001,1.74533
1229.0347275000001,12.600056,1.8064200000000001,1.74533
1228.5816730000001,12.600056,1.8064200000000001,1.7453
923.1286185000001,12.600056,1.8064200000000001,1.7
928.5755640000002,12.630056,1.8064200000000001,1.74533
928.5816730000001,12.630056,1.8064200000000001,1.74533
928.5816730000001,12.630056,1.8064200000000001,1.745
928.1286185000001,12.640056,1.8064200000000001,1.0
623.1286185000001,12.660056,1.8064200000000001,1.74533
928.5816730000001,12.660056,1.8064200000000001,1.74533
928.5877820000002,12.660056,1.8064200000000001,1.74533
923.1347275,12.670056,1.8064200000000001,1.74
923.1286185000001,12.670056,1.8064200000000001,1.0
923.5816730000001,12.690056,1.8064200000000001,1.74533
1229.0347275000004,12.700056,1.8064200000000001,1.74533
1228.5816730000001,12.700056,1.8064200000000001,1.7453
923.1286185000001,12.700056,1.8064200000000001,1.7
928.5755640000003,12.730056,1.8064200000000001,1.74533
928.5816730000003,12.730056,1.8064200000000001,1.74533
928.5816730000003,12.730056,1.8064200000000001,1.745
928.1286185000001,12.730056,1.8064200000000001,1.0
623.1286185000002,12.760056,1.8064200000000001,1.74533
928.5816730000001,12.760056,1.8064200000000001,1.74533
928.5877820000001,12.760056,1.8064200000000001,1.74533
923.1347275,12.760056,1.8064200000000001,1.74
923.1286185000001,12.770056,1.8064200000000001,1.0
923.5816730000001,12.790056,1.8064200000000001,1.74533
1229.0347275000004,12.790056,1.8064200000000001,1.74533
1228.5816730000001,12.790056,1.8064200000000001,1.7453
923.1286185000001,12.80006,1.8064200000000001,1.7
928.5755640000002,12.820056,1.8064200000000001,1.74533
928.5816730000001,12.820056,1.8064200000000001,1.74533
928.5816730000001,12.830056,1.8064200000000001,1.745
928.1286185000001,12.830056,1.8064200000000001,1.0
623.1286184999999,12.850056,1.8064200000000001,1.74533
928.5816730000001,12.850056,1.8064200000000001,1.74533
928.5877820000001,12.860056,1.8064200000000001,1.74533
923.1347275,12.860056,1.8064200000000001,1.74
923.1286185000001,12.860056,1.8064200000000001,1.0
923.5816730000001,12.890056,1.8064200000000001,1.74533
1229.0347275000001,12.890056,1.8064200000000001,1.74533
1228.5816730000001,12.890056,1.8064200000000001,1.7453
923.1286185000001,12.890056,1.8064200000000001,1.7
928.5755640000002,12.920056,1.8064200000000001,1.74533
928.5816730000001,12.920056,1.8064200000000001,1.74533
928.5816730000001,12.920056,1.8064200000000001,1.745
928.1286185000001,12.930056,1.8064200000000001,1.0
623.1286185000001,12.950056,1.8064200000000001,1.74533
928.5816730000001,12.950056,1.8064200000000001,1.74533
928.5877820000001,12.950056,1.8064200000000001,1.74533
923.1347275,12.960056,1.8064200000000001,1.74
923.1286185000001,12.960056,1.8064200000000001,1.0
923.5816730000001,12.980056,1.8064200000000001,1.74533
1229.0347275000001,12.980056,1.8064200000000001,1.74533
1228.5816730000001,12.990056,1.8064200000000001,1.7453
923.1286185000001,12.990056,1.8064200000000001,1.7
923.1755640000001,13.020088,1.8120745,5.41052
1022.1286185000001,13.030092,1.82629,5.41052
1022.1476625000001,13.030092,1.8405055000000001,5.41052
1021.863652,13.030092,1.854721,5.4105
716.568332,13.040084,1.8802460000000005,5.41
716.7260665,13.040084,1.9057710000000005,5.0
717.429121,13.07008,1.9806190000000001,5.41052
744.8791209999999,13.080096,2.075495,5.41052
744.9113955,13.080096,2.1703710000000003,5.41052
744.9997790000001,13.080096,2.265247,5.4105
745.0881625000002,13.080096,2.360123,5.41
744.7021290000001,13.090084,2.4763615000000003,5.0
439.552129,13.120084,2.6595945000000003,5.41052
742.3490745,13.120084,2.8428275000000007,5.41052
742.3551570000001,13.120084,3.026060500000001,5.41052
742.335313,13.130096,3.229164000000001,5.41
741.8624145000001,13.130096,3.4322675000000014,5.0
439.81241449999993,13.150084,3.653906500000001,5.41052
4379.015468999998,13.160084,3.8735035000000004,5.41052
4378.979131499998,13.160084,4.0931005,5.4105
4378.889739499998,13.160084,4.307042999999999,5.4
4284.639739499998,13.190084,4.482579499999999,5.41052
4284.6332969999985,13.190084,4.658116,5.41052
4284.457760499999,13.190084,4.8336525,5.41
4284.304843499999,13.190084,4.997879500000001,5.4
4284.1519265,13.200092,5.150796500000001,5.0
4283.9019265,13.230084,5.233499000000001,5.41052
4266.4519265,13.230084,5.296173500000001,5.41052
6531.8665975,13.230084,5.358848000000001,5.41052
6531.8034515,13.24008,5.4219940000000015,5.41052
6531.7403055,13.24008,5.485140000000001,5.41
6531.698522000001,13.24008,5.526923500000001,5.4
6531.417485,13.24008,5.501712500000001,5.0
6228.917485000001,13.270088,5.489931500000001,5.41052
6262.264457,13.280092,5.48357,5.41052
6595.6373555,13.280092,5.457338000000001,5.41052
6595.663587500001,13.280092,5.431106000000001,5.41052
6592.262208500001,13.290084,5.391051000000001,5.41
2653.0608295,13.290084,5.3530380000000015,5.0
2655.7502215000004,13.310084,5.320522500000001,5.41052
3343.4396135000006,13.310084,5.288007000000001,5.41052
3338.7321085000003,13.320064,5.285965000000001,5.4105
3338.7150565000006,13.320064,5.2839230000000015,5.4
3384.2246035000007,13.340088,5.2813310000000016,5.41052
3384.2295599999998,13.350088,5.278503500000001,5.41052
3384.2210775000003,13.350088,5.2869860000000015,5.41
3383.7643580000004,13.350088,5.316360000000001,5.0
3368.5143580000004,13.370088,5.345341500000001,5.41052
1204.3143580000003,13.380084,5.374008500000001,5.41052
1204.2981875000003,13.380084,5.402204000000001,5.41052
1204.2699920000002,13.380084,5.430399500000001,5.41
1204.2422675000003,13.390084,5.4581240000000015,5.0
1208.3733045000001,13.410064,5.485298500000002,5.41052
1707.2233045000003,13.410064,5.499043000000001,5.41052
1673.8683130000002,13.410064,5.507368000000001,5.4105
1340.5133215000003,13.420056,5.5156930000000015,5.4
1389.6599880000003,13.44006,5.524018000000002,5.41052
1389.6663585000003,13.44006,5.527630500000001,5.41052
1389.6627460000004,13.450056,5.531243000000002,5.41
1387.0077545000004,13.450056,5.529358000000002,5.0
699.5077545000001,13.470056,5.527473000000001,5.41052
1198.6652595000003,13.470056,5.524959500000001,5.41052
1198.6777560000003,13.480056,5.522446000000002,5.41052
1153.1727645000003,13.480056,5.520482500000002,5.41
1153.1610535000004,13.480056,5.518754500000002,5.0
1157.3177730000004,13.500056,5.517026500000002,5.41052
1656.4744925000005,13.510056,5.515298500000002,5.41052
1656.2695010000004,13.510056,5.513963000000002,5.4105
1555.0145095000005,13.510056,5.5129420000000025,5.4
1604.1584970000004,13.540056,5.511921000000002,5.41052
1604.1695010000003,13.540056,5.510900000000002,5.41052
1604.1700510000003,13.540056,5.5103500000000025,5.41
1600.0150595000005,13.550056,5.5103500000000025,5.0
1101.0150595000002,13.570056,5.5103500000000025,5.41052
1600.1700510000003,13.570056,5.5103500000000025,5.41052
1600.1800340000002,13.570056,5.5103500000000025,5.41052
1551.0250425000004,13.580056,5.5103500000000025,5.41
1551.0150595000005,13.580056,5.5103500000000025,5.0
1555.1700510000003,13.600056,5.5103500000000025,5.41052
2054.3250425,13.600056,5.5103500000000025,5.41052
2054.1700510000005,13.610056,5.5103500000000025,5.4105
1555.0150595000005,13.610056,5.5103500000000025,5.4
1604.1600680000004,13.630056,5.5103500000000025,5.41052
1604.1700510000003,13.640056,5.5103500000000025,5.41052
1604.1700510000003,13.640056,5.5103500000000025,5.41
1600.0150595000005,13.640056,5.5103500000000025,5.0
1101.0150595000002,13.660056,5.5103500000000025,5.41052
1600.1700510000003,13.670056,5.5103500000000025,5.41052
1600.1800340000002,13.670056,5.5103500000000025,5.41052
1551.0250425000004,13.670056,5.5103500000000025,5.41
1551.0150595000002,13.670056,5.5103500000000025,5.0
1555.1700510000003,13.700056,5.5103500000000025,5.41052
2054.3250425,13.700056,5.5103500000000025,5.41052
2054.1700510000005,13.700056,5.5103500000000025,5.4105
1555.0150595000005,13.710056,5.5103500000000025,5.4
1604.1600680000004,13.730056,5.5103500000000025,5.41052
1604.1700510000003,13.730056,5.5103500000000025,5.41052
1604.1700510000003,13.740056,5.5103500000000025,5.41
1600.0150595000005,13.740056,5.5103500000000025,5.0
1101.0150595000002,13.760056,5.5103500000000025,5.41052
1600.1700510000003,13.760056,5.5103500000000025,5.41052
1600.1800340000002,13.770056,5.5103500000000025,5.41052
1551.0250425000004,13.770056,5.5103500000000025,5.41
1551.0150595000005,13.770056,5.5103500000000025,5.0
1555.1700510000003,13.790056,5.5103500000000025,5.41052
2054.3250425,13.800056,5.5103500000000025,5.41052
2054.1700510000005,13.800056,5.5103500000000025,5.4105
1555.0150595000005,13.800056,5.5103500000000025,5.4
1604.1600680000004,13.830056,5.5103500000000025,5.41052
1604.1700510000003,13.830056,5.5103500000000025,5.41052
1604.1700510000003,13.830056,5.5103500000000025,5.41052
1600.0150595000005,13.830056,5.5103500000000025,5.41052
1100.8600680000002,13.840056,5.5103500000000025,5.41052
1100.8600680000002,13.840056,5.5103500000000025,5.41052
1100.8600680000002,13.840056,5.5103500000000025,5.41052
1051.7050765000001,13.850056,5.5103500000000025,5.41052
1051.6950935000002,13.850056,5.5103500000000025,5.41052
1051.6950935000002,13.850056,5.5103500000000025,5.41052
1051.6950935000002,13.860056,5.5103500000000025,5.41052
1051.5401020000002,13.860056,5.5103500000000025,5.41052
552.3851105000001,13.860056,5.5103500000000025,5.41052
552.3751275000001,13.870056,5.5103500000000025,5.41052
552.3751275000001,13.870056,5.5103500000000025,5.41052
552.3751275000001,13.870056,5.5103500000000025,5.41052
548.2201360000001,13.870056,5.5103500000000025,5.41052
49.0651445,13.880056,5.5103500000000025,5.41052
49.0651445,13.880056,5.5103500000000025,5.41052
49.0651445,13.880056,5.5103500000000025,5.41052
-0.08984700000000002,13.890056,5.5103500000000025,5.41052
-0.09983000000000003,13.890056,5.5103500000000025,5.41052
-0.09983000000000003,13.890056,5.5103500000000025,5.41052
-0.09983000000000003,13.900056,5.5103500000000025,5.41052
-0.09983000000000003,13.900056,5.5103500000000025,5.41052
49.055161500000004,13.920056,5.5103500000000025,5.41052
49.0651445,13.930056,5.5103500000000025,5.41052
49.0651445,13.930056,5.5103500000000025,5.41
49.0651445,13.930056,5.5103500000000025,5.0
49.220136000000004,13.950056,5.5103500000000025,5.41052
548.3751275000004,13.960056,5.5103500000000025,5.41052
548.3851105000003,13.960056,5.5103500000000025,5.41052
548.3851105000003,13.960056,5.5103500000000025,5.41
548.3851105000003,13.960056,5.5103500000000025,5.0
552.5401020000003,13.990056,5.5103500000000025,5.41052
1051.6950935000002,13.990056,5.5103500000000025,5.41052
1051.6950935000002,13.990056,5.5103500000000025,5.4105
1051.6950935000002,13.990056,5.5103500000000025,5.4
1100.8500850000003,14.020056,5.5103500000000025,5.41052
1100.8600680000002,14.020056,5.5103500000000025,5.41052
1100.8600680000002,14.020056,5.5103500000000025,5.41
1100.8600680000002,14.030056,5.5103500000000025,5.0
1101.0150595000002,14.050056,5.5103500000000025,5.41052
1600.1700510000003,14.050056,5.5103500000000025,5.41052
1600.1800340000002,14.060056,5.5103500000000025,5.41052
1551.0250425000004,14.060056,5.5103500000000025,5.41
1551.0150595000005,14.060056,5.5103500000000025,5.0
1555.1700510000003,14.08006,5.5103500000000025,5.41052
2054.3250425,14.090056,5.5103500000000025,5.41052
2054.1700510000005,14.090056,5.5103500000000025,5.4105
1555.0150595000005,14.090056,5.5103500000000025,5.4
1604.1600680000004,14.120056,5.5103500000000025,5.41052
1604.1700510000003,14.120056,5.5103500000000025,5.41052
1604.1700510000003,14.120056,5.5103500000000025,5.41
1600.0150595000005,14.120056,5.5103500000000025,5.0
1101.0150595000002,14.150056,5.5103500000000025,5.41052
1600.1700510000003,14.150056,5.5103500000000025,5.41052
1600.1800340000002,14.150056,5.5103500000000025,5.41052
1551.0250425000004,14.150056,5.5103500000000025,5.41
1551.0150595000005,14.160056,5.5103500000000025,5.0
1555.1700510000003,14.180056,5.5103500000000025,5.41052
2054.3250425,14.180056,5.5103500000000025,5.41052
2054.1700510000005,14.180056,5.5103500000000025,5.4105
1555.0150595000005,14.190056,5.5103500000000025,5.4
1604.1600680000004,14.210056,5.5103500000000025,5.41052
1604.1700510000003,14.220056,5.5103500000000025,5.41052
1604.1700510000003,14.220056,5.5103500000000025,5.41
1600.0150595000005,14.220056,5.5103500000000025,5.0
1101.0150595000002,14.240056,5.5103500000000025,5.41052
1600.1700510000003,14.250056,5.5103500000000025,5.41052
1600.1800340000002,14.250056,5.5103500000000025,5.41052
1551.0250425000004,14.250056,5.5103500000000025,5.41
1551.0150595000005,14.250056,5.5103500000000025,5.0
1555.1700510000003,14.280056,5.5103500000000025,5.41052
2054.3250425,14.280056,5.5103500000000025,5.41052
2054.1700510000005,14.280056,5.5103500000000025,5.4105
1555.0150595000005,14.280056,5.5103500000000025,5.4
1604.1600680000004,14.310056,5.5103500000000025,5.41052
1604.1700510000003,14.310056,5.5103500000000025,5.41052
1604.1700510000003,14.310056,5.5103500000000025,5.41
1600.0150595000005,14.320056,5.5103500000000025,5.0
1101.0150595000002,14.340056,5.5103500000000025,5.41052
1600.1700510000003,14.340056,5.5103500000000025,5.41052
1600.1800340000002,14.340056,5.5103500000000025,5.41052
1551.0250425000004,14.350056,5.5103500000000025,5.41
1551.0150595000005,14.350056,5.5103500000000025,5.0
1555.1700510000003,14.370056,5.5103500000000025,5.41052
2054.3250425,14.370056,5.5103500000000025,5.41052
2054.1700510000005,14.380056,5.5103500000000025,5.4105
1555.0150595000005,14.380056,5.5103500000000025,5.4
1604.1600680000004,14.410056,5.5103500000000025,5.41052
1604.1700510000003,14.410056,5.5103500000000025,5.41052
1604.1700510000003,14.410056,5.5103500000000025,5.41
1600.0150595000005,14.410056,5.5103500000000025,5.0
1101.0150595000002,14.440056,5.5103500000000025,5.41052
1600.1700510000003,14.440056,5.5103500000000025,5.41052
1600.1800340000002,14.440056,5.5103500000000025,5.41052
1551.0250425000004,14.440056,5.5103500000000025,5.41
1551.0150595000005,14.450056,5.5103500000000025,5.0
1555.1700510000003,14.470056,5.5103500000000025,5.41052
2054.3250425,14.470056,5.5103500000000025,5.41052
2054.1700510000005,14.470056,5.5103500000000025,5.4105
1555.0150595000005,14.480056,5.5103500000000025,5.4
1604.1600680000001,14.500056,5.5103500000000025,5.41052
1604.1700510000003,14.500056,5.5103500000000025,5.41052
1604.1700510000003,14.510056,5.5103500000000025,5.41
1600.0150595000005,14.510056,5.5103500000000025,5.0
1101.0150595,14.530056,5.5103500000000025,5.41052
1600.1700510000003,14.530056,5.5103500000000025,5.41052
1600.1800340000002,14.540056,5.5103500000000025,5.41052
1551.0250425000004,14.540056,5.5103500000000025,5.41
1551.0150595000005,14.540056,5.5103500000000025,5.0
1555.1700510000003,14.570056,5.5103500000000025,5.41052
2054.3250425,14.570056,5.5103500000000025,5.41052
2054.1700510000005,14.570056,5.5103500000000025,5.4105
1555.0150595000005,14.570056,5.5103500000000025,5.4
1604.1600680000004,14.600056,5.5103500000000025,5.41052
1604.1700510000003,14.600056,5.5103500000000025,5.41052
1604.1700510000003,14.600056,5.5103500000000025,5.41
1600.0150595000005,14.610056,5.5103500000000025,5.0
1101.0150595000002,14.630056,5.5103500000000025,5.41052
1600.1700510000003,14.630056,5.5103500000000025,5.41052
1600.1800340000002,14.630056,5.5103500000000025,5.41052
1551.0250425000004,14.640056,5.5103500000000025,5.41
1551.0150595000005,14.640056,5.5103500000000025,5.0
1555.1700510000003,14.660056,5.5103500000000025,5.41052
2054.3250425,14.660056,5.5103500000000025,5.41052
2054.1700510000005,14.670056,5.5103500000000025,5.4105
1555.0150595000005,14.670056,5.5103500000000025,5.4
1604.1600680000004,14.690056,5.5103500000000025,5.41052
1604.1700510000003,14.700056,5.5103500000000025,5.41052
1604.1700510000003,14.700056,5.5103500000000025,5.41
1600.0150595000005,14.700056,5.5103500000000025,5.0
1101.0150595000002,14.72006,5.5103500000000025,5.41052
1600.1700510000003,14.730056,5.5103500000000025,5.41052
1600.1800340000002,14.730056,5.5103500000000025,5.41052
1551.0250425000004,14.730056,5.5103500000000025,5.41
1551.0150595000005,14.740056,5.5103500000000025,5.0
1555.1700510000003,14.760056,5.5103500000000025,5.41052
2054.3250425,14.760056,5.5103500000000025,5.41052
2054.1700510000005,14.760056,5.5103500000000025,5.4105
1555.0150595000005,14.770056,5.5103500000000025,5.4
1604.1600680000004,14.790056,5.5103500000000025,5.41052
1604.1700510000003,14.790056,5.5103500000000025,5.41052
1604.1700510000003,14.800056,5.5103500000000025,5.41
1600.0150595000005,14.800056,5.5103500000000025,5.0
1101.0150595000002,14.820056,5.5103500000000025,5.41052
1600.1700510000003,14.820056,5.5103500000000025,5.41052
1600.1800340000002,14.830056,5.5103500000000025,5.41052
1551.0250425000004,14.830056,5.5103500000000025,5.41
1551.0150595000005,14.830056,5.5103500000000025,5.0
1555.1700510000003,14.850056,5.5103500000000025,5.41052
2054.3250425,14.860056,5.5103500000000025,5.41052
2054.1700510000005,14.860056,5.5103500000000025,5.4105
1555.0150595000005,14.860056,5.5103500000000025,5.4
1604.1600680000004,14.890056,5.5103500000000025,5.41052
1604.1700510000003,14.890056,5.5103500000000025,5.41052
1604.1700510000003,14.890056,5.5103500000000025,5.41
1600.0150595000005,14.900056,5.5103500000000025,5.0
1101.0150595000002,14.920056,5.5103500000000025,5.41052
1600.1700510000003,14.920056,5.5103500000000025,5.41052
1600.1800340000002,14.920056,5.5103500000000025,5.41052
1551.0250425000004,14.930056,5.5103500000000025,5.41
1551.0150595000005,14.930056,5.5103500000000025,5.0
1555.1700510000003,14.950056,5.5103500000000025,5.41052
2054.3250425,14.950056,5.5103500000000025,5.41052
2054.1700510000005,14.960056,5.5103500000000025,5.4105
1555.0150595000005,14.960056,5.5103500000000025,5.4
1604.1600680000004,14.980056,5.5103500000000025,5.41052
1604.1700510000003,14.990056,5.5103500000000025,5.41052
1604.1700510000003,14.990056,5.5103500000000025,5.41
1600.0150595000005,14.990056,5.5103500000000025,5.0
1101.2150595000003,15.02008,5.5034385000000015,4.01426
1390.5700510000004,15.02008,5.496527000000001,4.01426
1390.6429360000002,15.02008,5.489615500000001,4.01426
1341.4341535000003,15.02008,5.482704000000001,4.01
1341.3703795000001,15.030096,5.4666820000000005,4.0
1341.4253710000003,15.050084,5.423878,4.01426
4541.4803625,15.050084,5.381074,4.01426
4541.315091,15.060084,5.321541,4.0142
4042.149819500001,15.060084,5.262007999999999,4.0
4043.1948280000015,15.090084,5.1579429999999995,4.01426
4526.899819500001,15.100088,5.048301499999999,4.01426
4526.939648000001,15.100088,4.938659999999999,4.01426
4522.824485,15.100088,4.8290185,4.0142
4023.7099500000013,15.100088,4.719377,4.01
4023.750406500001,15.110088,4.6091074999999995,4.0
4026.7053980000005,15.140084,4.5168235,4.01426
4225.505398,15.140084,4.4245395,4.01426
4225.508225500001,15.150084,4.341916,4.01426
4225.521036000001,15.150084,4.2592925,4.0142
4225.533846500001,15.150084,4.1766689999999995,4.01
4225.182555000001,15.160088,4.100957,4.0
3939.4325550000012,15.180084,4.0481,4.01426
5442.964661500001,15.180084,3.9952429999999994,4.01426
5443.0084080000015,15.180084,3.942385999999999,4.0142
5443.049405500001,15.190084,3.8986395,4.0
5473.049405500001,15.210084,3.881439499999999,4.01426
2273.014206,15.210084,3.8642394999999996,4.01426
2273.0182115000002,15.220084,3.860234,4.014
2273.022217,15.220084,3.8562285000000003,4.0
2272.372217,15.240084,3.889058000000001,4.01426
2145.5722170000004,15.240084,3.9274640000000005,4.01426
2145.5378075000003,15.250084,3.9627285000000008,4.01426
2145.502543,15.250084,3.9979930000000006,4.01
2145.4666505,15.250084,4.0332575,4.0
2148.9811855000003,15.280084,4.066087000000001,4.01426
2409.5811855000006,15.280084,4.0809310000000005,4.01426
2161.6335855,15.290084,4.096010500000001,4.01426
2161.6281665,15.290084,4.101429500000001,4.0142
2161.6227475000005,15.290084,4.106848500000001,4.01
2161.6171715000005,15.300084,4.1124245,4.0
2163.0684630000005,15.330056,4.118079000000001,4.01426
2375.9184630000004,15.330056,4.1008785,4.01426
872.3206275000001,15.330056,4.083678000000001,4.01426
872.3378280000002,15.340056,4.0664775,4.0142
872.3577775000002,15.340056,4.049277000000001,4.01
842.3099420000003,15.340056,4.032312,4.0
843.7451415000004,15.370056,4.015347,4.01426
1060.2064075000005,15.380056,4.001916499999999,4.01426
1060.2198380000007,15.380056,3.988485999999999,4.01426
1059.8220025000005,15.380056,3.982752499999999,4.0142
702.9241669999999,15.390056,3.9770189999999994,4.01
702.9259039999998,15.390056,3.9744269999999995,4.0
704.3763315,15.420056,3.9718349999999987,4.01426
920.8267590000002,15.420056,3.9692429999999987,4.01426
917.2789235,15.430056,3.9697139999999993,4.01426
653.7310879999999,15.430056,3.9701849999999994,4.0142
653.7308524999999,15.430056,3.9704204999999995,4.01
653.7306169999998,15.440056,3.970656,4.0
655.1782169999998,15.470056,3.9708915,4.01426
871.625974,15.470056,3.97097,4.01426
870.1781384999999,15.470056,3.97097,4.01426
653.7303029999998,15.480056,3.97097,4.0142
653.7303029999998,15.480056,3.97097,4.01
653.7303029999998,15.480056,3.97097,4.0
655.1781384999999,15.520056,3.97097,4.01426
871.625974,15.520056,3.97097,4.01426
870.1781384999999,15.520056,3.97097,4.01426
653.7303029999998,15.520056,3.97097,4.0142
653.7303029999998,15.530056,3.97097,4.01
653.7303029999998,15.530056,3.97097,4.0
655.1781384999998,15.560056,3.97097,4.01426
871.6259740000002,15.570056,3.97097,4.01426
870.1781385,15.570056,3.97097,4.01426
653.7303029999998,15.570056,3.97097,4.0142
653.7303029999998,15.570056,3.97097,4.01
653.7303029999998,15.580056,3.97097,4.0
655.1781384999998,15.610056,3.97097,4.01426
871.6259740000002,15.610056,3.97097,4.01426
870.1781385,15.620056,3.97097,4.01426
653.7303029999998,15.620056,3.97097,4.0142
653.7303029999998,15.620056,3.97097,4.01
653.7303029999998,15.620056,3.97097,4.0
655.1781384999998,15.660056,3.97097,4.01426
871.6259740000002,15.660056,3.97097,4.01426
870.1781385,15.660056,3.97097,4.01426
653.7303029999998,15.670056,3.97097,4.0142
653.7303029999998,15.670056,3.97097,4.01
653.7303029999998,15.670056,3.97097,4.0
655.1781384999998,15.700056,3.97097,4.01426
871.6259740000002,15.710056,3.97097,4.01426
870.1781385000003,15.710056,3.97097,4.01426
653.7303029999998,15.710056,3.97097,4.0142
653.7303029999998,15.720056,3.97097,4.01
653.7303029999998,15.720056,3.97097,4.0
655.1781384999998,15.750056,3.97097,4.01426
871.6259740000002,15.750056,3.97097,4.01426
870.1781385000003,15.760056,3.97097,4.01426
653.7303029999998,15.760056,3.97097,4.0142
653.7303029999998,15.760056,3.97097,4.01
653.7303029999998,15.760056,3.97097,4.0
655.1781384999998,15.800056,3.97097,4.01426
871.6259740000002,15.800056,3.97097,4.01426
870.1781385000003,15.800056,3.97097,4.01426
653.7303029999998,15.810056,3.97097,4.0142
653.7303029999998,15.810056,3.97097,4.01
653.7303029999998,15.810056,3.97097,4.0
655.1781384999998,15.840056,3.97097,4.01426
871.6259739999998,15.850056,3.97097,4.01426
870.1781384999999,15.850056,3.97097,4.01426
653.7303029999998,15.850056,3.97097,4.0142
653.7303029999998,15.860056,3.97097,4.01
653.7303029999998,15.860056,3.97097,4.0
655.1781384999999,15.890056,3.97097,4.01426
871.625974,15.890056,3.97097,4.01426
870.1781384999999,15.900056,3.97097,4.01426
653.7303029999998,15.900056,3.97097,4.0142
653.7303029999998,15.900056,3.97097,4.01
653.7303029999998,15.910056,3.97097,4.0
655.1781384999998,15.940056,3.97097,4.01426
871.625974,15.940056,3.97097,4.01426
870.1781384999999,15.940056,3.97097,4.01426
653.7303029999998,15.950056,3.97097,4.0142
653.7303029999998,15.950056,3.97097,4.01
653.7303029999998,15.950056,3.97097,4.0
655.1781384999999,15.980056,3.97097,4.01426
871.625974,15.990056,3.97097,4.01426
870.1781384999999,15.990056,3.97097,4.01426
653.7303029999998,15.990056,3.97097,4.0142
653.7303029999998,16.00006,3.97097,4.01
653.7303029999998,16.00006,3.97097,4.0
655.1781384999998,16.030056,3.97097,4.01426
871.6259740000002,16.030056,3.97097,4.01426
870.1781385,16.040056,3.97097,4.01426
653.7303029999998,16.040056,3.97097,4.0142
653.7303029999998,16.040056,3.97097,4.01
653.7303029999998,16.050056,3.97097,4.0
655.1781384999998,16.080056,3.97097,4.01426
871.6259740000002,16.080056,3.97097,4.01426
870.1781385,16.080056,3.97097,4.01426
653.7303029999998,16.090056,3.97097,4.0142
653.7303029999998,16.090056,3.97097,4.01
653.7303029999998,16.090056,3.97097,4.0
655.1781384999998,16.130056,3.97097,4.01426
871.6259740000002,16.130056,3.97097,4.01426
870.1781385,16.130056,3.97097,4.01426
653.7303029999998,16.130056,3.97097,4.0142
653.7303029999998,16.140056,3.97097,4.01
653.7303029999998,16.140056,3.97097,4.0
655.1781384999998,16.170056,3.97097,4.01426
871.6259740000002,16.180056,3.97097,4.01426
870.1781385000003,16.180056,3.97097,4.01426
653.7303029999998,16.180056,3.97097,4.0142
653.7303029999998,16.180056,3.97097,4.01
653.7303029999998,16.190056,3.97097,4.0
655.1781384999998,16.220056,3.97097,4.01426
871.6259740000002,16.220056,3.97097,4.01426
870.1781385000003,16.230056,3.97097,4.01426
653.7303029999998,16.230056,3.97097,4.0142
653.7303029999998,16.230056,3.97097,4.01
653.7303029999998,16.230056,3.97097,4.0
655.1781384999998,16.270056,3.97097,4.01426
871.6259740000002,16.270056,3.97097,4.01426
870.1781385000003,16.270056,3.97097,4.01426
653.7303029999998,16.270056,3.97097,4.0142
653.7303029999998,16.280056,3.97097,4.01
653.7303029999998,16.280056,3.97097,4.0
655.1781384999998,16.310056,3.97097,4.01426
655.1781384999998,16.320056,3.97097,4.01426
653.7303029999998,16.320056,3.97097,4.01426
437.2824674999998,16.320056,3.97097,4.01426
437.2824674999998,16.320056,3.97097,4.01426
437.2824674999998,16.330056,3.97097,4.01426
437.2824674999998,16.330056,3.97097,4.01426
437.2824674999998,16.330056,3.97097,4.01426
435.8346319999999,16.340056,3.97097,4.01426
219.38679649999992,16.340056,3.97097,4.01426
219.38679649999992,16.340056,3.97097,4.01426
219.38679649999992,16.350056,3.97097,4.01426
220.83463199999989,16.360056,3.97097,4.01426
437.28246749999994,16.360056,3.97097,4.01426
435.8346319999999,16.370056,3.97097,4.01426
219.38679649999986,16.370056,3.97097,4.0142
219.38679649999986,16.370056,3.97097,4.01
219.38679649999986,16.370056,3.97097,4.0
220.83463199999989,16.410056,3.97097,4.01426
437.28246749999994,16.410056,3.97097,4.01426
435.8346319999999,16.410056,3.97097,4.01426
435.8346319999999,16.420056,3.97097,4.0142
435.8346319999999,16.420056,3.97097,4.01
435.8346319999999,16.420056,3.97097,4.0
437.28246749999994,16.450056,3.97097,4.01426
653.7303029999998,16.460056,3.97097,4.01426
653.7303029999998,16.460056,3.97097,4.01426
653.7303029999998,16.460056,3.97097,4.0142
653.7303029999998,16.470056,3.97097,4.01
653.7303029999998,16.470056,3.97097,4.0
655.1781384999998,16.500056,3.97097,4.01426
871.6259740000002,16.500056,3.97097,4.01426
870.1781385,16.510056,3.97097,4.01426
653.7303029999998,16.510056,3.97097,4.0142
653.7303029999998,16.510056,3.97097,4.01
653.7303029999998,16.520056,3.97097,4.0
655.1781384999998,16.550056,3.97097,4.01426
871.6259740000002,16.550056,3.97097,4.01426
870.1781385,16.550056,3.97097,4.01426
653.7303029999998,16.560056,3.97097,4.0142
653.7303029999998,16.560056,3.97097,4.01
653.7303029999998,16.560056,3.97097,4.0
655.1781384999998,16.590056,3.97097,4.01426
871.6259740000002,16.600056,3.97097,4.01426
870.1781385000003,16.600056,3.97097,4.01426
653.7303029999998,16.600056,3.97097,4.0142
653.7303029999998,16.610056,3.97097,4.01
653.7303029999998,16.610056,3.97097,4.0
655.1781384999998,16.64006,3.97097,4.01426
871.6259740000002,16.64006,3.97097,4.01426
870.1781385000003,16.650056,3.97097,4.01426
653.7303029999998,16.650056,3.97097,4.0142
653.7303029999998,16.650056,3.97097,4.01
653.7303029999998,16.660056,3.97097,4.0
655.1781384999998,16.690056,3.97097,4.01426
871.6259740000002,16.690056,3.97097,4.01426
870.1781385000003,16.690056,3.97097,4.01426
653.7303029999998,16.700056,3.97097,4.0142
653.7303029999998,16.700056,3.97097,4.01
653.7303029999998,16.700056,3.97097,4.0
655.1781384999998,16.740056,3.97097,4.01426
871.6259739999998,16.740056,3.97097,4.01426
870.1781384999999,16.740056,3.97097,4.01426
653.7303029999998,16.740056,3.97097,4.0142
653.7303029999998,16.750056,3.97097,4.01
653.7303029999998,16.750056,3.97097,4.0
655.1781384999999,16.780056,3.97097,4.01426
871.625974,16.780056,3.97097,4.01426
870.1781384999999,16.790056,3.97097,4.01426
653.7303029999998,16.790056,3.97097,4.0142
653.7303029999998,16.790056,3.97097,4.01
653.7303029999998,16.800056,3.97097,4.0
655.1781384999998,16.830056,3.97097,4.01426
871.625974,16.830056,3.97097,4.01426
870.1781384999999,16.830056,3.97097,4.01426
653.7303029999998,16.840056,3.97097,4.0142
653.7303029999998,16.840056,3.97097,4.01
653.7303029999998,16.840056,3.97097,4.0
655.1781384999999,16.880056,3.97097,4.01426
871.625974,16.880056,3.97097,4.01426
870.1781384999999,16.880056,3.97097,4.01426
653.7303029999998,16.880056,3.97097,4.0142
653.7303029999998,16.890056,3.97097,4.01
653.7303029999998,16.890056,3.97097,4.0
655.1781384999998,16.920056,3.97097,4.01426
871.6259740000002,16.930056,3.97097,4.01426
870.1781385,16.930056,3.97097,4.01426
653.7303029999998,16.930056,3.97097,4.0142
653.7303029999998,16.930056,3.97097,4.01
653.7303029999998,16.940056,3.97097,4.0
655.1781384999998,16.970056,3.97097,4.01426
871.6259740000002,16.970056,3.97097,4.01426
870.1781385,16.980056,3.97097,4.01426
653.7303029999998,16.980056,3.97097,4.0142
653.7303029999998,16.980056,3.97097,4.01
653.7303029999998,16.980056,3.97097,4.0
653.9781384999998,17.010076,3.9691635,0.7854
901.2259740000002,17.010076,3.967357,0.7854
899.9334465000001,17.010076,3.9655505,0.7854
683.3328069999998,17.020084,3.956911,0.78
683.1800029999998,17.020084,3.9482715,0.0
683.9278384999998,17.040084,3.9128500000000006,0.7854
1341.7756739999998,17.050084,3.860150000000001,0.7854
1341.6669309999997,17.050084,3.807450000000001,0.7854
1340.1103524999999,17.050084,3.754750000000001,0.7
1126.8603524999999,17.080084,3.640003500000001,0.7854
1126.9027199999998,17.080084,3.5252570000000016,0.7854
1126.8560235,17.080084,3.410510500000001,0.785
1126.8326534999999,17.090096,3.272437500000001,0.0
1131.730489,17.120084,3.074910000000001,0.7854
1455.180489,17.120084,2.877382500000001,0.7854
1238.768738,17.120084,2.6798550000000008,0.7854
1238.812755,17.130084,2.4823275000000007,0.7854
1238.856772,17.130084,2.2768675000000003,0.7
1239.8546075000002,17.150084,2.0718785,0.7854
5072.602443000001,17.160088,1.8742725,0.7854
5072.390770500001,17.160088,1.678473,0.7854
4825.1790980000005,17.160088,1.4826735,0.785
4825.049821500001,17.17008,1.2970055,0.7
4825.228657000001,17.17008,1.1181705000000002,0.0
4858.6792965,17.200084,0.9743645000000001,0.7854
4857.936129500001,17.200084,0.8573405000000002,0.7854
4200.0792965,17.200084,0.7575950000000001,0.785
4200.169303000001,17.210084,0.6675885,0.0
4200.4258815,17.230088,0.5851215000000001,0.7854
4608.3758815,17.230088,0.564701,0.7854
4608.352791,17.230088,0.5442805,0.7854
4608.3758815,17.240092,0.5211899999999998,0.78
4608.3756455,17.240092,0.5214259999999998,0.0
4608.025645500001,17.260084,0.5706705000000001,0.7854
4762.225645500001,17.270084,0.6199150000000001,0.7854
4762.182605500001,17.270084,0.6629550000000002,0.7854
4762.131633,17.270084,0.7059950000000002,0.7
4766.7354515,17.300084,0.7439295000000001,0.7854
5192.485451500001,17.310064,0.7803720000000002,0.7854
1359.7447190000003,17.310064,0.8094315000000001,0.7854
1359.7156590000004,17.310064,0.838491,0.7854
1359.6861280000003,17.32008,0.8680219999999998,0.78
1359.6667285000003,17.32008,0.8874215,0.0
1361.5385325000004,17.350088,0.9096484999999999,0.7854
1425.1385325000003,17.350088,0.8968464999999999,0.7854
1425.1372760000004,17.360088,0.884437,0.7854
1425.1496855000003,17.360088,0.8720275000000002,0.7854
1425.171834,17.360088,0.849879,0.78
1425.0272535000001,17.370084,0.820191,0.0
1016.5272535,17.400064,0.791053,0.7854
1019.1558119999999,17.400064,0.761915,0.7854
1019.1822799999999,17.400064,0.735447,0.7854
1019.2086694999998,17.41008,0.7090575,0.7854
1014.6636175,17.41008,0.693114,0.78
535.5685655,17.41008,0.6771705000000001,0.0
537.5233565,17.440056,0.66751,0.7854
1024.4781475,17.450056,0.6578495000000001,0.7854
1019.8330170000002,17.450056,0.6612270000000001,0.7854
593.0878865000001,17.450056,0.6656255,0.7854
593.0834100000001,17.46008,0.6701025,0.78
593.0789335000002,17.46008,0.6745795,0.0
594.3201370000002,17.490056,0.6786635000000001,0.7854
1065.5613405000001,17.490056,0.6827475000000001,0.7854
1063.666053,17.500056,0.6840040000000001,0.7854
966.7707654999999,17.500056,0.6852605,0.7854
966.7699014999998,17.500056,0.6861245,0.78
966.7690374999999,17.510056,0.6869885000000001,0.0
968.0134609999998,17.540056,0.6878525000000001,0.7854
1439.2580414999993,17.540056,0.6887165000000002,0.7854
1436.6127539999995,17.540056,0.6890305000000002,0.7854
1433.9674664999993,17.550056,0.6893445000000001,0.7854
1433.9671524999994,17.550056,0.6896585000000002,0.78
1433.9669169999995,17.550056,0.6898940000000002,0.0
1435.2119689999995,17.580056,0.6901295000000002,0.7854
1906.4570210000002,17.590056,0.6903650000000002,0.7854
1904.5117335000004,17.590056,0.6905220000000002,0.7854
1417.5664459999994,17.590056,0.6906790000000003,0.7854
1417.5662889999994,17.600056,0.6908360000000002,0.78
1417.5661319999992,17.600056,0.6909930000000002,0.0
1418.8113409999994,17.630056,0.6910715000000003,0.7854
1890.0565500000002,17.630056,0.6911500000000004,0.7854
1888.8112625000003,17.640056,0.6911500000000004,0.7854
1417.5659749999993,17.640056,0.6911500000000004,0.7854
1417.5659749999993,17.640056,0.6911500000000004,0.78
1417.5659749999993,17.650056,0.6911500000000004,0.0
1418.8112624999994,17.680056,0.6911500000000004,0.7854
1890.0565499999993,17.680056,0.6911500000000004,0.7854
1888.8112624999994,17.680056,0.6911500000000004,0.7854
1417.5659749999998,17.690056,0.6911500000000004,0.7854
1417.5659749999998,17.690056,0.6911500000000004,0.78
1417.5659749999998,17.690056,0.6911500000000004,0.0
1418.8112624999999,17.730056,0.6911500000000004,0.7854
1890.0565499999993,17.730056,0.6911500000000004,0.7854
1888.8112624999994,17.730056,0.6911500000000004,0.7854
1417.5659749999998,17.730056,0.6911500000000004,0.7854
1417.5659749999998,17.740056,0.6911500000000004,0.78
1417.5659749999998,17.740056,0.6911500000000004,0.0
1418.8112624999999,17.770056,0.6911500000000004,0.7854
1890.0565499999998,17.780056,0.6911500000000004,0.7854
1888.8112624999994,17.780056,0.6911500000000004,0.7854
1417.5659749999995,17.780056,0.6911500000000004,0.7854
1417.5659749999995,17.780056,0.6911500000000004,0.78
1417.5659749999995,17.790056,0.6911500000000004,0.0
1418.8112624999997,17.820056,0.6911500000000004,0.7854
1890.0565499999998,17.820056,0.6911500000000004,0.7854
1888.8112624999994,17.830056,0.6911500000000004,0.7854
1417.5659749999995,17.830056,0.6911500000000004,0.7854
1417.5659749999995,17.830056,0.6911500000000004,0.78
1417.5659749999995,17.830056,0.6911500000000004,0.0
1418.8112624999994,17.870056,0.6911500000000004,0.7854
1890.0565499999998,17.870056,0.6911500000000004,0.7854
1888.8112624999994,17.870056,0.6911500000000004,0.7854
1417.5659749999995,17.880056,0.6911500000000004,0.7854
1417.5659749999995,17.880056,0.6911500000000004,0.78
1417.5659749999995,17.880056,0.6911500000000004,0.0
1418.8112624999994,17.910056,0.6911500000000004,0.7854
1890.0565499999998,17.92006,0.6911500000000004,0.7854
1888.8112624999999,17.92006,0.6911500000000004,0.7854
1417.5659749999995,17.92006,0.6911500000000004,0.7854
1417.5659749999995,17.92006,0.6911500000000004,0.78
1417.5659749999995,17.930056,0.6911500000000004,0.0
1418.8112624999994,17.960056,0.6911500000000004,0.7854
1890.0565499999998,17.960056,0.6911500000000004,0.7854
1888.8112624999999,17.970056,0.6911500000000004,0.7854
1417.5659749999995,17.970056,0.6911500000000004,0.7854
1417.5659749999995,17.970056,0.6911500000000004,0.78
1417.5659749999995,17.970056,0.6911500000000004,0.0
1418.8112624999994,18.010056,0.6911500000000004,0.7854
1890.0565499999998,18.010056,0.6911500000000004,0.7854
1888.8112624999999,18.010056,0.6911500000000004,0.7854
1417.5659749999995,18.020056,0.6911500000000004,0.7854
1417.5659749999995,18.020056,0.6911500000000004,0.78
1417.5659749999995,18.020056,0.6911500000000004,0.0
1418.8112624999994,18.050056,0.6911500000000004,0.7854
1890.0565500000002,18.060056,0.6911500000000004,0.7854
1888.8112625000003,18.060056,0.6911500000000004,0.7854
1417.5659749999993,18.060056,0.6911500000000004,0.7854
1417.5659749999993,18.070056,0.6911500000000004,0.78
1417.5659749999993,18.070056,0.6911500000000004,0.0
1418.8112624999994,18.100056,0.6911500000000004,0.7854
1890.0565500000002,18.100056,0.6911500000000004,0.7854
1888.8112625000003,18.110056,0.6911500000000004,0.7854
1417.5659749999993,18.110056,0.6911500000000004,0.7854
1417.5659749999993,18.110056,0.6911500000000004,0.78
1417.5659749999993,18.120056,0.6911500000000004,0.0
1418.8112624999994,18.150056,0.6911500000000004,0.7854
1890.0565499999993,18.150056,0.6911500000000004,0.7854
1888.8112624999994,18.150056,0.6911500000000004,0.7854
1417.5659749999998,18.160056,0.6911500000000004,0.7854
1417.5659749999998,18.160056,0.6911500000000004,0.78
1417.5659749999998,18.160056,0.6911500000000004,0.0
1418.8112624999999,18.190056,0.6911500000000004,0.7854
1890.0565499999993,18.200056,0.6911500000000004,0.7854
1888.8112624999994,18.200056,0.6911500000000004,0.7854
1417.5659749999998,18.200056,0.6911500000000004,0.7854
1417.5659749999998,18.210056,0.6911500000000004,0.78
1417.5659749999998,18.210056,0.6911500000000004,0.0
1418.8112624999999,18.240056,0.6911500000000004,0.7854
1890.0565499999998,18.240056,0.6911500000000004,0.7854
1888.8112624999994,18.250056,0.6911500000000004,0.7854
1417.5659749999995,18.250056,0.6911500000000004,0.7854
1417.5659749999995,18.250056,0.6911500000000004,0.78
1417.5659749999995,18.260056,0.6911500000000004,0.0
1418.8112624999997,18.290056,0.6911500000000004,0.7854
1890.0565499999998,18.290056,0.6911500000000004,0.7854
1888.8112624999994,18.290056,0.6911500000000004,0.7854
1417.5659749999995,18.300056,0.6911500000000004,0.7854
1417.5659749999995,18.300056,0.6911500000000004,0.78
1417.5659749999995,18.300056,0.6911500000000004,0.0
1418.8112624999994,18.340056,0.6911500000000004,0.7854
1890.0565499999998,18.340056,0.6911500000000004,0.7854
1888.8112624999994,18.340056,0.6911500000000004,0.7854
1417.5659749999995,18.340056,0.6911500000000004,0.7854
1417.5659749999995,18.350056,0.6911500000000004,0.78
1417.5659749999995,18.350056,0.6911500000000004,0.0
1418.8112624999994,18.380056,0.6911500000000004,0.7854
1890.0565499999998,18.390056,0.6911500000000004,0.7854
1888.8112624999999,18.390056,0.6911500000000004,0.7854
1417.5659749999995,18.390056,0.6911500000000004,0.7854
1417.5659749999995,18.390056,0.6911500000000004,0.78
1417.5659749999995,18.400056,0.6911500000000004,0.0
1418.8112624999994,18.430056,0.6911500000000004,0.7854
1890.0565499999998,18.430056,0.6911500000000004,0.7854
1888.8112624999999,18.430056,0.6911500000000004,0.7854
1417.5659749999995,18.440056,0.6911500000000004,0.7854
1417.5659749999995,18.440056,0.6911500000000004,0.78
1417.5659749999995,18.440056,0.6911500000000004,0.0
1418.8112624999994,18.480056,0.6911500000000004,0.7854
1890.0565499999998,18.480056,0.6911500000000004,0.7854
1888.8112624999999,18.480056,0.6911500000000004,0.7854
1417.5659749999995,18.480056,0.6911500000000004,0.7854
1417.5659749999995,18.490056,0.6911500000000004,0.78
1417.5659749999995,18.490056,0.6911500000000004,0.0
1418.8112624999994,18.520056,0.6911500000000004,0.7854
1890.0565500000002,18.530056,0.6911500000000004,0.7854
1888.8112625000003,18.530056,0.6911500000000004,0.7854
1417.5659749999993,18.530056,0.6911500000000004,0.7854
1417.5659749999993,18.530056,0.6911500000000004,0.78
1417.5659749999993,18.540056,0.6911500000000004,0.0
1418.8112624999994,18.570056,0.6911500000000004,0.7854
1890.0565500000002,18.570056,0.6911500000000004,0.7854
1888.8112625000003,18.580056,0.6911500000000004,0.7854
1417.5659749999993,18.580056,0.6911500000000004,0.7854
1417.5659749999993,18.580056,0.6911500000000004,0.78
1417.5659749999993,18.580056,0.6911500000000004,0.0
1418.8112624999994,18.620056,0.6911500000000004,0.7854
1890.0565499999993,18.620056,0.6911500000000004,0.7854
1888.8112624999994,18.620056,0.6911500000000004,0.7854
1417.5659749999998,18.630056,0.6911500000000004,0.7854
1417.5659749999998,18.630056,0.6911500000000004,0.78
1417.5659749999998,18.630056,0.6911500000000004,0.0
1418.8112624999999,18.660056,0.6911500000000004,0.7854
1890.0565499999993,18.670056,0.6911500000000004,0.7854
1888.8112624999994,18.670056,0.6911500000000004,0.7854
1417.5659749999998,18.670056,0.6911500000000004,0.7854
1417.5659749999998,18.680056,0.6911500000000004,0.78
1417.5659749999998,18.680056,0.6911500000000004,0.0
1418.8112624999999,18.710056,0.6911500000000004,0.7854
1890.0565499999998,18.710056,0.6911500000000004,0.7854
1888.8112624999994,18.720056,0.6911500000000004,0.7854
1417.5659749999995,18.720056,0.6911500000000004,0.7854
1417.5659749999995,18.720056,0.6911500000000004,0.78
1417.5659749999995,18.730056,0.6911500000000004,0.0
1418.8112624999997,18.760056,0.6911500000000004,0.7854
1890.0565499999998,18.760056,0.6911500000000004,0.7854
1888.8112624999994,18.760056,0.6911500000000004,0.7854
1417.5659749999995,18.770056,0.6911500000000004,0.7854
1417.5659749999995,18.770056,0.6911500000000004,0.78
1417.5659749999995,18.770056,0.6911500000000004,0.0
1418.8112624999994,18.800056,0.6911500000000004,0.7854
1890.0565499999998,18.810056,0.6911500000000004,0.7854
1888.8112624999994,18.810056,0.6911500000000004,0.7854
1417.5659749999995,18.810056,0.6911500000000004,0.7854
1417.5659749999995,18.820056,0.6911500000000004,0.78
1417.5659749999995,18.820056,0.6911500000000004,0.0
1418.8112624999994,18.850056,0.6911500000000004,0.7854
1890.0565499999998,18.850056,0.6911500000000004,0.7854
1888.8112624999999,18.860056,0.6911500000000004,0.7854
1417.5659749999995,18.860056,0.6911500000000004,0.7854
1417.5659749999995,18.860056,0.6911500000000004,0.78
1417.5659749999995,18.870056,0.6911500000000004,0.0
1418.8112624999994,18.900056,0.6911500000000004,0.7854
1890.0565499999998,18.900056,0.6911500000000004,0.7854
1888.8112624999999,18.900056,0.6911500000000004,0.7854
1417.5659749999995,18.910056,0.6911500000000004,0.7854
1417.5659749999995,18.910056,0.6911500000000004,0.78
1417.5659749999995,18.910056,0.6911500000000004,0.0
1418.8112624999994,18.940056,0.6911500000000004,0.7854
1418.8112624999994,18.950056,0.6911500000000004,0.7854
1417.5659749999995,18.950056,0.6911500000000004,0.7854
946.3206874999996,18.950056,0.6911500000000004,0.7854
946.3206874999996,18.960056,0.6911500000000004,0.7854
946.3206874999996,18.960056,0.6911500000000004,0.7854
946.3206874999996,18.960056,0.6911500000000004,0.7854
946.3206874999996,18.970056,0.6911500000000004,0.7854
945.0753999999997,18.970056,0.6911500000000004,0.7854
475.0754,18.990056,0.6911500000000004,0.7854
946.3206874999996,18.990056,0.6911500000000004,0.7854
946.3623169999997,19.000056,0.6911500000000004,2.61799
946.4539464999998,19.000056,0.6911500000000004,2.6179
946.5455759999998,19.000056,0.6911500000000004,2.61
945.3908969999998,19.010084,0.6921710000000003,2.0
477.14089700000005,19.040084,0.7151830000000002,2.61799
810.1361845000001,19.040084,0.7381950000000002,2.61799
810.140665,19.05008,0.7753445000000001,2.61799
810.1951455,19.05008,0.812494,2.6179
810.2496259999999,19.05008,0.8496435,2.61
809.0424824999999,19.060084,0.8867929999999999,2.0
819.0877699999999,19.090084,0.9942355000000002,2.61799
819.0941579999999,19.090084,1.1016780000000002,2.61799
819.0783449999999,19.090084,1.2091205,2.617
819.0485519999999,19.100084,1.3305429999999998,2.0
819.0438394999999,19.120084,1.4613905,2.61799
1269.5391270000002,19.120084,1.592238,2.61799
1269.5646000000002,19.120084,1.7230854999999998,2.61799
1269.529702,19.130084,1.8496129999999997,2.61
1268.2495165000003,19.130084,1.9761404999999996,2.0
799.7995164999999,19.150084,2.0858605,2.61799
1187.2031745000002,19.160084,2.1955804999999997,2.61799
1187.1029580000002,19.160084,2.2957975,2.6179
1187.0027415000002,19.160084,2.3960144999999997,2.6
1189.3074205000003,19.190084,2.4741614999999997,2.61799
1521.5074205000003,19.200088,2.5291395,2.61799
1188.5257725000004,19.200088,2.5841175,2.61799
1188.5349315000003,19.200088,2.6249580000000003,2.6179
1188.4925985000004,19.210084,2.6672910000000005,2.61
1188.4502655000003,19.210084,2.7096240000000003,2.0
1192.7074090000003,19.240084,2.7628740000000005,2.61799
1276.9574090000006,19.240084,2.745831000000001,2.61799
1276.9486385000005,19.250084,2.7324005000000007,2.61799
1276.9620690000004,19.250084,2.7189700000000006,2.6179
1276.9894795000005,19.250084,2.6915595000000003,2.61
1276.9889820000005,19.260084,2.6547240000000003,2.0
831.1389820000004,19.280084,2.6229150000000003,2.61799
1100.7587965000002,19.280084,2.5911060000000004,2.61799
1100.7862855000003,19.280084,2.5636170000000007,2.6179
1100.8140100000003,19.290084,2.5358925000000005,2.6
1112.7140100000004,19.310064,2.5246615000000006,2.61799
725.266157,19.310064,2.5134305000000006,2.61799
725.2678844999999,19.320056,2.5117025000000006,2.617
725.2696119999999,19.320056,2.5099745000000007,2.0
723.0696119999999,19.340056,2.529295500000001,2.61799
602.5696119999999,19.340056,2.549794500000001,2.61799
602.5534069999999,19.350056,2.5702935000000005,2.61799
602.532908,19.350056,2.5907925000000005,2.61
602.513901,19.350056,2.6097990000000006,2.0
607.197041,19.370056,2.6288055000000004,2.61799
817.597041,19.380056,2.6368950000000004,2.61799
723.294894,19.380056,2.6449845000000005,2.6179
723.290417,19.380056,2.6494615000000006,2.6
737.9880870000001,19.410056,2.6539385000000006,2.61799
737.9879040000001,19.410056,2.6584155000000003,2.61799
737.9862545000001,19.410056,2.6628925000000003,2.617
733.3341075,19.420056,2.6623430000000003,2.0
463.8841075,19.440056,2.6617935000000004,2.61799
678.586804,19.440056,2.6612440000000004,2.61799
678.591412,19.440056,2.6609300000000005,2.61799
663.889265,19.450056,2.6609300000000005,2.61
663.8849710000001,19.450056,2.6609300000000005,2.0
668.587118,19.470056,2.6609300000000005,2.61799
883.289265,19.470056,2.6609300000000005,2.61799
883.087118,19.480056,2.6609300000000005,2.6179
668.3849710000001,19.480056,2.6609300000000005,2.6
683.0828240000001,19.500056,2.6609300000000005,2.61799
683.087118,19.510056,2.6609300000000005,2.61799
683.087118,19.510056,2.6609300000000005,2.617
678.3849710000001,19.510056,2.6609300000000005,2.0
463.88497100000006,19.530056,2.6609300000000005,2.61799
678.5871180000001,19.540056,2.6609300000000005,2.61799
678.5914120000002,19.540056,2.6609300000000005,2.61799
663.8892650000003,19.540056,2.6609300000000005,2.61
663.8849710000001,19.540056,2.6609300000000005,2.0
668.5871180000001,19.570056,2.6609300000000005,2.61799
883.2892650000002,19.570056,2.6609300000000005,2.61799
883.0871180000003,19.570056,2.6609300000000005,2.6179
668.3849710000003,19.570056,2.6609300000000005,2.6
683.0828240000003,19.600056,2.6609300000000005,2.61799
683.0871180000003,19.600056,2.6609300000000005,2.61799
683.0871180000003,19.610056,2.6609300000000005,2.617
678.3849710000003,19.610056,2.6609300000000005,2.0
463.88497100000023,19.630056,2.6609300000000005,2.61799
678.5871180000003,19.630056,2.6609300000000005,2.61799
678.5914120000002,19.640056,2.6609300000000005,2.61799
663.8892650000003,19.640056,2.6609300000000005,2.61
663.8849710000003,19.640056,2.6609300000000005,2.0
668.5871180000003,19.660056,2.6609300000000005,2.61799
883.2892650000002,19.670056,2.6609300000000005,2.61799
883.0871180000003,19.670056,2.6609300000000005,2.6179
668.3849710000001,19.670056,2.6609300000000005,2.6
683.0828240000001,19.700056,2.6609300000000005,2.61799
683.087118,19.700056,2.6609300000000005,2.61799
683.087118,19.700056,2.6609300000000005,2.617
678.3849710000001,19.700056,2.6609300000000005,2.0
463.88497100000006,19.730056,2.6609300000000005,2.61799
678.587118,19.730056,2.6609300000000005,2.61799
678.5914120000001,19.730056,2.6609300000000005,2.61799
663.889265,19.730056,2.6609300000000005,2.61
663.8849710000001,19.740056,2.6609300000000005,2.0
668.587118,19.760056,2.6609300000000005,2.61799
883.289265,19.760056,2.6609300000000005,2.61799
883.087118,19.770056,2.6609300000000005,2.6179
668.3849710000001,19.770056,2.6609300000000005,2.6
683.0828240000001,19.790056,2.6609300000000005,2.61799
683.087118,19.800056,2.6609300000000005,2.61799
683.087118,19.800056,2.6609300000000005,2.617
678.3849710000001,19.800056,2.6609300000000005,2.0
463.88497100000006,19.820056,2.6609300000000005,2.61799
678.5871180000001,19.830056,2.6609300000000005,2.61799
678.5914120000002,19.830056,2.6609300000000005,2.61799
663.8892650000003,19.830056,2.6609300000000005,2.61
663.8849710000001,19.830056,2.6609300000000005,2.0
668.5871180000001,19.860056,2.6609300000000005,2.61799
883.2892650000002,19.860056,2.6609300000000005,2.61799
883.0871180000003,19.860056,2.6609300000000005,2.6179
668.3849710000003,19.860056,2.6609300000000005,2.6
683.0828240000003,19.890056,2.6609300000000005,2.61799
683.0871180000003,19.890056,2.6609300000000005,2.61799
683.0871180000003,19.890056,2.6609300000000005,2.617
678.3849710000003,19.900056,2.6609300000000005,2.0
463.88497100000023,19.920056,2.6609300000000005,2.61799
678.5871180000003,19.920056,2.6609300000000005,2.61799
678.5914120000002,19.920056,2.6609300000000005,2.61799
663.8892650000003,19.930056,2.6609300000000005,2.61
663.8849710000003,19.930056,2.6609300000000005,2.0
668.5871180000003,19.950056,2.6609300000000005,2.61799
883.2892650000002,19.960056,2.6609300000000005,2.61799
883.0871180000003,19.960056,2.6609300000000005,2.6179
668.3849710000001,19.960056,2.6609300000000005,2.6
683.0828240000001,19.990056,2.6609300000000005,2.61799
683.087118,19.990056,2.6609300000000005,2.61799
683.087118,19.990056,2.6609300000000005,2.617
678.3849710000001,19.990056,2.6609300000000005,2.0
463.88497100000006,20.020056,2.6609300000000005,2.61799
678.587118,20.020056,2.6609300000000005,2.61799
678.5914120000002,20.020056,2.6609300000000005,2.61799
663.8892650000001,20.020056,2.6609300000000005,2.61
663.8849710000001,20.030056,2.6609300000000005,2.0
668.587118,20.050056,2.6609300000000005,2.61799
883.2892650000002,20.050056,2.6609300000000005,2.61799
883.0871180000003,20.050056,2.6609300000000005,2.6179
668.3849710000002,20.060056,2.6609300000000005,2.6
683.0828240000002,20.080056,2.6609300000000005,2.61799
683.0871180000001,20.080056,2.6609300000000005,2.61799
683.0871180000001,20.090056,2.6609300000000005,2.617
678.3849710000002,20.090056,2.6609300000000005,2.0
463.8849710000002,20.110056,2.6609300000000005,2.61799
678.5871180000001,20.120056,2.6609300000000005,2.61799
678.5914120000002,20.120056,2.6609300000000005,2.61799
663.8892650000001,20.120056,2.6609300000000005,2.61
663.8849710000001,20.120056,2.6609300000000005,2.0
668.5871180000001,20.150056,2.6609300000000005,2.61799
883.2892650000002,20.150056,2.6609300000000005,2.61799
883.0871180000003,20.150056,2.6609300000000005,2.6179
668.3849710000001,20.150056,2.6609300000000005,2.6
683.0828240000001,20.180056,2.6609300000000005,2.61799
683.087118,20.180056,2.6609300000000005,2.61799
683.087118,20.180056,2.6609300000000005,2.617
678.3849710000001,20.190056,2.6609300000000005,2.0
463.8849709999999,20.210056,2.6609300000000005,2.61799
678.587118,20.210056,2.6609300000000005,2.61799
678.591412,20.210056,2.6609300000000005,2.61799
663.889265,20.220056,2.6609300000000005,2.61
663.8849710000001,20.220056,2.6609300000000005,2.0
668.587118,20.240056,2.6609300000000005,2.61799
883.289265,20.240056,2.6609300000000005,2.61799
883.087118,20.250056,2.6609300000000005,2.6179
668.3849710000001,20.250056,2.6609300000000005,2.6
683.0828240000001,20.270056,2.6609300000000005,2.61799
683.087118,20.280056,2.6609300000000005,2.61799
683.087118,20.280056,2.6609300000000005,2.617
678.3849710000001,20.280056,2.6609300000000005,2.0
463.88497100000006,20.310056,2.6609300000000005,2.61799
678.587118,20.310056,2.6609300000000005,2.61799
678.5914120000002,20.310056,2.6609300000000005,2.61799
663.8892650000001,20.310056,2.6609300000000005,2.61
663.8849710000001,20.320056,2.6609300000000005,2.0
668.587118,20.340056,2.6609300000000005,2.61799
883.2892650000002,20.340056,2.6609300000000005,2.61799
883.0871180000003,20.340056,2.6609300000000005,2.6179
668.3849710000002,20.350056,2.6609300000000005,2.6
683.0828240000002,20.370056,2.6609300000000005,2.61799
683.0871180000001,20.370056,2.6609300000000005,2.61799
683.0871180000001,20.380056,2.6609300000000005,2.617
678.3849710000002,20.380056,2.6609300000000005,2.0
463.8849710000002,20.400056,2.6609300000000005,2.61799
678.5871180000001,20.400056,2.6609300000000005,2.61799
678.5914120000001,20.410056,2.6609300000000005,2.61799
663.8892650000001,20.410056,2.6609300000000005,2.61
663.8849710000001,20.410056,2.6609300000000005,2.0
668.587118,20.430056,2.6609300000000005,2.61799
883.2892650000002,20.440056,2.6609300000000005,2.61799
883.0871180000003,20.440056,2.6609300000000005,2.6179
668.3849710000001,20.440056,2.6609300000000005,2.6
683.0828240000001,20.470056,2.6609300000000005,2.61799
683.087118,20.470056,2.6609300000000005,2.61799
683.087118,20.470056,2.6609300000000005,2.617
678.3849710000001,20.48006,2.6609300000000005,2.0
463.8849709999999,20.500056,2.6609300000000005,2.61799
678.587118,20.500056,2.6609300000000005,2.61799
678.591412,20.500056,2.6609300000000005,2.61799
663.889265,20.510056,2.6609300000000005,2.61
663.8849710000001,20.510056,2.6609300000000005,2.0
668.587118,20.530056,2.6609300000000005,2.61799
883.289265,20.530056,2.6609300000000005,2.61799
883.087118,20.540056,2.6609300000000005,2.6179
668.3849710000001,20.540056,2.6609300000000005,2.6
683.0828240000001,20.560056,2.6609300000000005,2.61799
683.087118,20.570056,2.6609300000000005,2.61799
683.087118,20.570056,2.6609300000000005,2.617
678.3849710000001,20.570056,2.6609300000000005,2.0
463.88497100000006,20.590056,2.6609300000000005,2.61799
678.587118,20.600056,2.6609300000000005,2.61799
678.5914120000002,20.600056,2.6609300000000005,2.61799
663.8892650000001,20.600056,2.6609300000000005,2.61
663.8849710000001,20.610056,2.6609300000000005,2.0
668.587118,20.630056,2.6609300000000005,2.61799
883.2892650000002,20.630056,2.6609300000000005,2.61799
883.0871180000003,20.630056,2.6609300000000005,2.6179
668.3849710000002,20.640056,2.6609300000000005,2.6
683.0828240000002,20.660056,2.6609300000000005,2.61799
683.0871180000001,20.660056,2.6609300000000005,2.61799
683.0871180000001,20.670056,2.6609300000000005,2.617
678.3849710000002,20.670056,2.6609300000000005,2.0
463.8849710000002,20.690056,2.6609300000000005,2.61799
678.5871180000001,20.690056,2.6609300000000005,2.61799
678.5914120000001,20.700056,2.6609300000000005,2.61799
663.8892650000001,20.700056,2.6609300000000005,2.61
663.8849710000001,20.700056,2.6609300000000005,2.0
668.5871180000001,20.720056,2.6609300000000005,2.61799
883.2892650000002,20.730056,2.6609300000000005,2.61799
883.0871180000003,20.730056,2.6609300000000005,2.6179
668.3849710000001,20.730056,2.6609300000000005,2.6
683.0828240000001,20.760056,2.6609300000000005,2.61799
683.087118,20.760056,2.6609300000000005,2.61799
683.087118,20.760056,2.6609300000000005,2.617
678.3849710000001,20.770056,2.6609300000000005,2.0
463.8849709999999,20.790056,2.6609300000000005,2.61799
678.587118,20.790056,2.6609300000000005,2.61799
678.591412,20.790056,2.6609300000000005,2.61799
663.889265,20.800056,2.6609300000000005,2.61
663.8849710000001,20.800056,2.6609300000000005,2.0
668.587118,20.820056,2.6609300000000005,2.61799
883.289265,20.820056,2.6609300000000005,2.61799
883.087118,20.830056,2.6609300000000005,2.6179
668.3849710000001,20.830056,2.6609300000000005,2.6
683.0828240000001,20.850056,2.6609300000000005,2.61799
683.087118,20.860056,2.6609300000000005,2.61799
683.087118,20.860056,2.6609300000000005,2.617
678.3849710000001,20.860056,2.6609300000000005,2.0
463.88497100000006,20.880056,2.6609300000000005,2.61799
678.587118,20.890056,2.6609300000000005,2.61799
678.5914120000002,20.890056,2.6609300000000005,2.61799
663.8892650000001,20.890056,2.6609300000000005,2.61
663.8849710000001,20.900056,2.6609300000000005,2.0
668.587118,20.920056,2.6609300000000005,2.61799
883.2892650000002,20.920056,2.6609300000000005,2.61799
883.0871180000003,20.920056,2.6609300000000005,2.6179
668.3849710000002,20.930056,2.6609300000000005,2.6
683.0828240000002,20.950056,2.6609300000000005,2.61799
683.0871180000001,20.950056,2.6609300000000005,2.61799
683.0871180000001,20.960056,2.6609300000000005,2.617
678.3849710000002,20.960056,2.6609300000000005,2.0
463.8849710000002,20.980056,2.6609300000000005,2.61799
678.5871180000001,20.980056,2.6609300000000005,2.61799
678.5914120000001,20.990056,2.6609300000000005,2.61799
663.8892650000001,20.990056,2.6609300000000005,2.61
663.8849710000002,20.990056,2.6609300000000005,2.0
663.9371180000002,21.020088,2.6656425000000006,4.71239
666.6892650000002,21.030084,2.6771880000000006,4.71239
4769.239265,21.030084,2.6887335000000006,4.71239
4554.630292500001,21.030084,2.700279,4.71239
4554.708963,21.040084,2.7220345000000004,4.712
4554.7919275,21.040084,2.7437900000000006,4.7
4554.874892,21.040084,2.7655455,4.0
4550.224892,21.070084,2.833718,4.71239
4375.574892,21.070084,2.9018905000000004,4.71239
5907.077039,21.080084,2.989148,4.71239
5907.094501,21.080084,3.0764055000000003,4.71239
5892.409815999999,21.080084,3.1636630000000006,4.712
5892.4041345000005,21.090084,3.2697705,4.0
5892.4062815,21.110084,3.4046234999999996,4.71239
6120.4084285,21.110084,3.5394764999999992,4.71239
6120.2407085,21.110084,3.674329499999999,4.71239
5905.5040305,21.120092,3.813580499999999,4.71
5905.465205500001,21.120092,3.9528314999999994,4.0
5906.467352500001,21.140092,4.0833645,4.71239
7767.8694995000005,21.140092,4.213897500000001,4.71239
7767.800885500001,21.150088,4.330372,4.7123
7765.0322715,21.150088,4.4400135,4.7
3662.6322715000006,21.180092,4.5202025,4.71239
3696.3912440000004,21.180092,4.6003915,4.71239
4780.1604265000005,21.180092,4.6703705,4.71239
4780.0968875,21.190084,4.733909,4.71239
4780.0333485,21.190084,4.7974475000000005,4.712
4780.000627,21.190084,4.8145690000000005,4.7
4739.970262,21.200064,4.829334500000001,4.0
3208.5702620000006,21.220084,4.829099,4.71239
3213.1049470000003,21.230088,4.8328690000000005,4.71239
4367.639632,21.230088,4.836639,4.71239
4367.6547120000005,21.230088,4.821559000000001,4.71239
4367.6619375,21.240084,4.7820535,4.712
4139.6691630000005,21.240084,4.742548,4.7
4139.6441085,21.240084,4.7030425000000005,4.0
4139.6807865,21.27008,4.6687995,4.71239
4383.2174645000005,21.27008,4.6345565,4.71239
4382.2198995,21.27008,4.6090314999999995,4.71239
2520.8164460000003,21.27008,4.5835064999999995,4.71
2520.831604,21.280084,4.568348499999999,4.0
2522.150218,21.300088,4.5527975,4.71239
2828.100218,21.300088,4.566698999999999,4.71239
2794.247312,21.300088,4.580600499999999,4.7123
1710.394406,21.310088,4.594345,4.7
1743.1271275,21.330056,4.6144514999999995,4.71239
1743.1126765,21.340056,4.634557999999999,4.71239
1743.0925705,21.340056,4.654664499999999,4.712
1743.070108,21.340056,4.677127,4.0
1743.220108,21.360056,4.695505499999999,4.71239
2021.420108,21.370056,4.709878499999999,4.71239
866.8672805000001,21.370056,4.7242515,4.71239
866.8529075000001,21.370056,4.738624499999999,4.71239
866.8428545000002,21.370056,4.748677499999999,4.71239
866.8328015000002,21.380056,4.7587304999999995,4.71239
866.8227485000002,21.380056,4.7687835,4.71239
866.8199210000001,21.380056,4.769176,4.71239
623.3170935000003,21.390056,4.7695685,4.71239
623.3118310000003,21.390056,4.769961,4.71239
623.3124570000003,21.390056,4.770353500000001,4.71239
623.3130855000004,21.400056,4.769725,4.71239
622.0102580000004,21.400056,4.769489500000001,4.71239
315.7074304999999,21.400056,4.769254,4.71239
315.7075089999999,21.400056,4.7690185000000005,4.71239
315.70758749999993,21.410056,4.76894,4.71239
282.9547599999999,21.410056,4.76894,4.71239
282.94910499999986,21.410056,4.76894,4.71239
282.94910499999986,21.420056,4.76894,4.71239
282.94910499999986,21.420056,4.76894,4.71239
282.6962774999999,21.430056,4.76894,4.71239
-0.05655000000000002,21.430056,4.76894,4.71239
-0.05655000000000002,21.430056,4.76894,4.71239
-0.05655000000000002,21.430056,4.76894,4.71239
-0.05655000000000002,21.440056,4.76894,4.71239
-0.05655000000000002,21.440056,4.76894,4.71239
-0.05655000000000002,21.440056,4.76894,4.71239
-0.05655000000000002,21.450056,4.76894,4.71239
-0.05655000000000002,21.450056,4.76894,4.71239
-0.05655000000000002,21.450056,4.76894,4.71239
-0.05655000000000002,21.460056,4.76894,4.71239
-0.05655000000000002,21.460056,4.76894,4.71239
-0.05655000000000002,21.460056,4.76894,4.71239
-0.05655000000000002,21.460056,4.76894,4.71239
-0.05655000000000002,21.470056,4.76894,4.71239
-0.05655000000000002,21.470056,4.76894,4.71239
-0.05655000000000002,21.470056,4.76894,4.71239
-0.05655000000000002,21.480056,4.76894,4.71239
-0.05655000000000002,21.480056,4.76894,4.71239
-0.05655000000000002,21.480056,4.76894,4.71239
-0.05655000000000002,21.490056,4.76894,4.71239
-0.05655000000000002,21.490056,4.76894,4.71239
-0.05655000000000002,21.490056,4.76894,4.71239
-0.05655000000000002,21.500056,4.76894,4.71239
-0.05655000000000002,21.500056,4.76894,4.71239
-0.05655000000000002,21.500056,4.76894,4.71239
-0.05655000000000002,21.500056,4.76894,4.71239
-0.05655000000000002,21.510056,4.76894,4.71239
-0.05655000000000002,21.510056,4.76894,4.71239
-0.05655000000000002,21.510056,4.76894,4.71239
-0.05655000000000002,21.520056,4.76894,4.71239
-0.05655000000000002,21.520056,4.76894,4.71239
-0.05655000000000002,21.520056,4.76894,4.71239
-0.05655000000000002,21.530056,4.76894,4.71239
-0.05655000000000002,21.530056,4.76894,4.71239
-0.05655000000000002,21.530056,4.76894,4.71239
-0.05655000000000002,21.530056,4.76894,4.71239
-0.05655000000000002,21.540056,4.76894,4.71239
-0.05655000000000002,21.540056,4.76894,4.71239
-0.05655000000000002,21.540056,4.76894,4.71239
-0.05655000000000002,21.550056,4.76894,4.71239
-0.05655000000000002,21.550056,4.76894,4.71239
-0.05655000000000002,21.550056,4.76894,4.71239
-0.05655000000000002,21.560056,4.76894,4.71239
-0.05655000000000002,21.560056,4.76894,4.71239
-0.05655000000000002,21.560056,4.76894,4.71239
-0.05655000000000002,21.560056,4.76894,4.71239
-0.05655000000000002,21.570056,4.76894,4.71239
-0.05655000000000002,21.570056,4.76894,4.71239
-0.05655000000000002,21.570056,4.76894,4.71239
-0.05655000000000002,21.580056,4.76894,4.71239
-0.05655000000000002,21.580056,4.76894,4.71239
-0.05655000000000002,21.580056,4.76894,4.71239
-0.05655000000000002,21.590056,4.76894,4.71239
-0.05655000000000002,21.590056,4.76894,4.71239
-0.05655000000000002,21.590056,4.76894,4.71239
-0.05655000000000002,21.590056,4.76894,4.71239
-0.05655000000000002,21.600056,4.76894,4.71239
-0.05655000000000002,21.600056,4.76894,4.71239
-0.05655000000000002,21.600056,4.76894,4.71239
-0.05655000000000002,21.610056,4.76894,4.71239
-0.05655000000000002,21.610056,4.76894,4.71239
-0.05655000000000002,21.610056,4.76894,4.71239
-0.05655000000000002,21.620056,4.76894,4.71239
-0.05655000000000002,21.620056,4.76894,4.71239
-0.05655000000000002,21.620056,4.76894,4.71239
-0.05655000000000002,21.620056,4.76894,4.71239
-0.05655000000000002,21.630056,4.76894,4.71239
-0.05655000000000002,21.630056,4.76894,4.71239
-0.05655000000000002,21.630056,4.76894,4.71239
-0.05655000000000002,21.640056,4.76894,4.71239
-0.05655000000000002,21.640056,4.76894,4.71239
-0.05655000000000002,21.640056,4.76894,4.71239
-0.05655000000000002,21.650056,4.76894,4.71239
-0.05655000000000002,21.650056,4.76894,4.71239
-0.05655000000000002,21.650056,4.76894,4.71239
-0.05655000000000002,21.650056,4.76894,4.71239
-0.05655000000000002,21.660056,4.76894,4.71239
-0.05655000000000002,21.660056,4.76894,4.71239
-0.05655000000000002,21.660056,4.76894,4.71239
-0.05655000000000002,21.670056,4.76894,4.71239
2.6962774999999994,21.690056,4.76894,4.71239
285.4491049999999,21.690056,4.76894,4.71239
285.4491049999999,21.690056,4.76894,4.7123
285.4491049999999,21.690056,4.76894,4.7
318.20193249999994,21.720056,4.76894,4.71239
318.2075875,21.720056,4.76894,4.71239
318.2075875,21.720056,4.76894,4.712
318.2075875,21.730056,4.76894,4.0
318.460415,21.750056,4.76894,4.71239
601.2132425,21.750056,4.76894,4.71239
601.2188974999999,21.750056,4.76894,4.71239
601.2188974999999,21.76006,4.76894,4.71
601.2188974999999,21.76006,4.76894,4.0
603.971725,21.780056,4.76894,4.71239
886.7245525000001,21.780056,4.76894,4.71239
886.7245525000001,21.790056,4.76894,4.7123
886.7245525000001,21.790056,4.76894,4.7
919.4773799999999,21.810056,4.76894,4.71239
919.4830350000001,21.820056,4.76894,4.71239
919.4830350000001,21.820056,4.76894,4.712
916.7302075,21.820056,4.76894,4.0
634.2302075,21.850056,4.76894,4.71239
916.9830350000001,21.850056,4.76894,4.71239
916.98869,21.850056,4.76894,4.71239
884.2358625000002,21.850056,4.76894,4.71
884.2302075,21.860056,4.76894,4.0
886.9830350000001,21.880056,4.76894,4.71239
1169.7358625000002,21.880056,4.76894,4.71239
1169.483035,21.880056,4.76894,4.7123
886.7302075,21.890056,4.76894,4.7
919.4773799999999,21.910056,4.76894,4.71239
919.4830350000001,21.910056,4.76894,4.71239
919.4830350000001,21.920056,4.76894,4.712
916.7302075,21.920056,4.76894,4.0
634.2302075000001,21.940056,4.76894,4.71239
916.9830350000001,21.940056,4.76894,4.71239
916.9886899999998,21.950056,4.76894,4.71239
884.2358624999999,21.950056,4.76894,4.71
884.2302075,21.950056,4.76894,4.0
886.9830350000001,21.970056,4.76894,4.71239
1169.7358624999997,21.980056,4.76894,4.71239
1169.483035,21.980056,4.76894,4.7123
886.7302075,21.980056,4.76894,4.7
919.4773799999999,22.010056,4.76894,4.71239
919.4830350000001,22.010056,4.76894,4.71239
919.4830350000001,22.010056,4.76894,4.712
916.7302075,22.020056,4.76894,4.0
634.2302075000002,22.040056,4.76894,4.71239
916.9830350000001,22.040056,4.76894,4.71239
916.9886900000001,22.040056,4.76894,4.71239
884.2358625000002,22.050056,4.76894,4.71
884.2302075000002,22.050056,4.76894,4.0
886.9830350000001,22.070056,4.76894,4.71239
1169.7358625000002,22.070056,4.76894,4.71239
1169.483035,22.080056,4.76894,4.7123
886.7302075000002,22.080056,4.76894,4.7
919.4773800000003,22.100056,4.76894,4.71239
919.4830350000001,22.110056,4.76894,4.71239
919.4830350000001,22.110056,4.76894,4.712
916.7302075000002,22.110056,4.76894,4.0
634.2302074999999,22.130056,4.76894,4.71239
916.9830350000001,22.140056,4.76894,4.71239
916.9886900000001,22.140056,4.76894,4.71239
884.2358625000002,22.140056,4.76894,4.71
884.2302075000002,22.150056,4.76894,4.0
886.9830350000001,22.170056,4.76894,4.71239
1169.7358625000002,22.170056,4.76894,4.71239
1169.483035,22.170056,4.76894,4.7123
886.7302075,22.180056,4.76894,4.7
919.4773799999999,22.200056,4.76894,4.71239
919.4830350000001,22.200056,4.76894,4.71239
919.4830350000001,22.210056,4.76894,4.712
916.7302075,22.210056,4.76894,4.0
634.2302075000001,22.230056,4.76894,4.71239
916.9830350000001,22.230056,4.76894,4.71239
916.9886899999998,22.240056,4.76894,4.71239
884.2358624999999,22.240056,4.76894,4.71
884.2302075,22.240056,4.76894,4.0
886.9830350000001,22.260056,4.76894,4.71239
1169.7358624999997,22.270056,4.76894,4.71239
1169.483035,22.270056,4.76894,4.7123
886.7302075,22.270056,4.76894,4.7
919.4773799999999,22.300056,4.76894,4.71239
919.4830350000001,22.300056,4.76894,4.71239
919.4830350000001,22.300056,4.76894,4.712
916.7302075,22.310056,4.76894,4.0
634.2302075000002,22.330056,4.76894,4.71239
916.9830350000001,22.330056,4.76894,4.71239
916.9886900000001,22.330056,4.76894,4.71239
884.2358625000002,22.340056,4.76894,4.71
884.2302075,22.340056,4.76894,4.0
886.9830350000001,22.360056,4.76894,4.71239
1169.7358624999997,22.360056,4.76894,4.71239
1169.483035,22.370056,4.76894,4.7123
886.7302075,22.370056,4.76894,4.7
919.4773799999999,22.390056,4.76894,4.71239
919.4830350000001,22.40006,4.76894,4.71239
919.4830350000001,22.40006,4.76894,4.712
916.7302075,22.40006,4.76894,4.0
634.2302075,22.420056,4.76894,4.71239
916.9830350000001,22.430056,4.76894,4.71239
916.98869,22.430056,4.76894,4.71239
884.2358625000002,22.430056,4.76894,4.71
884.2302075,22.440056,4.76894,4.0
886.9830350000001,22.460056,4.76894,4.71239
1169.7358625000002,22.460056,4.76894,4.71239
1169.483035,22.460056,4.76894,4.7123
886.7302075,22.470056,4.76894,4.7
919.4773799999999,22.490056,4.76894,4.71239
919.4830350000001,22.490056,4.76894,4.71239
919.4830350000001,22.500056,4.76894,4.712
916.7302075,22.500056,4.76894,4.0
634.2302075000001,22.520056,4.76894,4.71239
916.9830350000001,22.520056,4.76894,4.71239
916.9886900000001,22.530056,4.76894,4.71239
884.2358625000002,22.530056,4.76894,4.71
884.2302075,22.530056,4.76894,4.0
886.9830350000001,22.550056,4.76894,4.71239
1169.7358625,22.560056,4.76894,4.71239
1169.483035,22.560056,4.76894,4.7123
886.7302075,22.560056,4.76894,4.7
919.4773800000002,22.590056,4.76894,4.71239
919.4830350000001,22.590056,4.76894,4.71239
919.4830350000001,22.590056,4.76894,4.712
916.7302075,22.600056,4.76894,4.0
634.2302075000002,22.620056,4.76894,4.71239
916.9830350000001,22.620056,4.76894,4.71239
916.9886900000001,22.620056,4.76894,4.71239
884.2358625000002,22.630056,4.76894,4.71
884.2302075,22.630056,4.76894,4.0
886.9830350000001,22.650056,4.76894,4.71239
1169.7358624999997,22.650056,4.76894,4.71239
1169.4830349999997,22.660056,4.76894,4.7123
886.7302075,22.660056,4.76894,4.7
919.4773799999999,22.680056,4.76894,4.71239
919.4830350000001,22.690056,4.76894,4.71239
919.4830350000001,22.690056,4.76894,4.712
916.7302075,22.690056,4.76894,4.0
634.2302075,22.710056,4.76894,4.71239
916.9830350000001,22.720056,4.76894,4.71239
916.98869,22.720056,4.76894,4.71239
884.2358625000002,22.720056,4.76894,4.71
884.2302075,22.730056,4.76894,4.0
886.9830350000001,22.750056,4.76894,4.71239
1169.7358625000002,22.750056,4.76894,4.71239
1169.483035,22.750056,4.76894,4.7123
886.7302075,22.760056,4.76894,4.7
919.4773799999999,22.780056,4.76894,4.71239
919.4830350000001,22.780056,4.76894,4.71239
919.4830350000001,22.790056,4.76894,4.712
916.7302075,22.790056,4.76894,4.0
634.2302075000001,22.810056,4.76894,4.71239
916.9830350000001,22.810056,4.76894,4.71239
916.9886899999998,22.820056,4.76894,4.71239
884.2358624999999,22.820056,4.76894,4.71
884.2302075,22.820056,4.76894,4.0
884.2302075,22.830056,4.76894,4.71239
886.9830350000001,22.840056,4.76894,4.71239
1169.483035,22.850056,4.76894,4.71239
886.7302075,22.850056,4.76894,4.7123
886.7245525000001,22.850056,4.76894,4.7
919.4773799999999,22.880056,4.76894,4.71239
919.4830350000001,22.880056,4.76894,4.71239
916.7302075,22.880056,4.76894,4.712
633.9773800000003,22.890056,4.76894,4.0
634.2302075000002,22.910056,4.76894,4.71239
916.9830350000001,22.910056,4.76894,4.71239
884.2358625000002,22.910056,4.76894,4.71239
884.2302075,22.920056,4.76894,4.71
884.2302075,22.920056,4.76894,4.0
886.9830350000001,22.940056,4.76894,4.71239
1169.483035,22.940056,4.76894,4.71239
886.7302075,22.950056,4.76894,4.7123
886.7245524999998,22.950056,4.76894,4.7
919.4773799999999,22.970056,4.76894,4.71239
919.4830350000001,22.980056,4.76894,4.71239
919.4830350000001,22.980056,4.76894,4.712
916.7302075,22.980056,4.76894,4.0
634.3302075,23.000056,4.76894,0.34907
1108.0330350000002,23.010076,4.7676835,0.34907
1108.2555995,23.010076,4.766427,0.34907
1075.2858625000001,23.010076,4.7651705,0.34
1075.068796,23.020084,4.7584159999999995,0.0
1075.7216235,23.040088,4.725979000000001,0.34907
4931.374451000001,23.040088,4.693542,0.34907
4930.9527020000005,23.040088,4.661105,0.349
4648.030953,23.050096,4.6118605,0.3
4675.2781255,23.070084,4.522639,0.34907
4675.290577,23.080088,4.4334175,0.34907
4675.1837805,23.080088,4.322048,0.349
4672.3241565,23.080088,4.210678499999999,0.0
4389.6241565,23.100084,4.052185,0.34907
4697.076983999999,23.110084,3.8692654999999996,0.34907
4697.117885999999,23.110084,3.686346,0.34907
4664.3298115,23.110084,3.5034264999999998,0.34
4664.288909499999,23.110084,3.320507,0.0
4664.291737,23.140084,3.069258,0.34907
4689.794564499999,23.140084,2.818009,0.34907
4689.4890355,23.150084,2.5525444999999998,0.349
4215.833506499999,23.150084,2.2883365,0.3
4217.3637695,23.170084,2.0153320000000003,0.34907
9151.6335065,23.180088,1.7462545,0.34907
9151.897086,23.180088,1.4826750000000002,0.349
9151.296426500003,23.180088,1.2447780000000002,0.0
5299.3964264999995,23.21008,1.0346840000000002,0.34907
5299.589713,23.21008,0.8245899999999999,0.34907
5299.7829995,23.21008,0.6313035,0.34
5272.541420500001,23.2201,0.49110999999999994,0.0
5273.7317965,23.240084,0.3749499999999999,0.34907
6835.041420500002,23.240084,0.2809379999999999,0.34907
6835.1281285000005,23.250084,0.19423,0.349
6835.0552125,23.250084,0.15464599999999998,0.3
6549.3052125,23.270084,0.141216,0.34907
6549.2878550000005,23.280084,0.12385900000000004,0.34907
6549.3052125,23.280084,0.10650200000000004,0.349
6549.32257,23.280084,0.08914500000000006,0.0
6549.472570000001,23.3001,0.126844,0.34907
6608.622570000001,23.310084,0.15794599999999998,0.34907
6608.578945500001,23.310084,0.20326349999999996,0.34907
6608.533628000001,23.310084,0.248581,0.34
6606.788358,23.320084,0.2971185,0.0
1674.7383580000003,23.350096,0.3352885,0.34907
1791.6890175,23.350096,0.37345849999999997,0.34907
1791.6495905000002,23.360084,0.41162849999999995,0.34907
1787.9095040000002,23.360084,0.42325250000000003,0.349
1787.8978800000002,23.360084,0.43487650000000005,0.34
1787.8862560000002,23.360084,0.4465005000000001,0.0
1792.327835,23.400088,0.45097750000000003,0.34907
2185.577835,23.400088,0.43142100000000005,0.34907
624.3817795,23.400088,0.4118645,0.34907
624.4081685000001,23.400088,0.385004,0.349
624.4345575000001,23.410088,0.35861449999999995,0.34
602.7380305,23.410088,0.33049700000000004,0.0
604.3173135000001,23.440056,0.3064635,0.34907
935.9380305000003,23.450056,0.28243,0.34907
935.9620635000001,23.450056,0.25839650000000003,0.34907
935.8153795000003,23.450056,0.24763649999999995,0.349
851.1686955000004,23.450056,0.24347349999999995,0.34
851.1711650000003,23.460056,0.23931049999999995,0.0
852.7720115000002,23.490056,0.23514749999999995,0.34907
1184.3672815000002,23.490056,0.23656099999999994,0.34907
1182.3705975000003,23.500056,0.24441499999999997,0.34907
1065.3739135000003,23.500056,0.252269,0.349
1065.367316,23.500056,0.26012300000000005,0.34
1065.3607185,23.500056,0.26672,0.0
1066.9508050000002,23.540056,0.27331700000000003,0.34907
1398.5408915,23.540056,0.27991400000000005,0.34907
1394.0942075000003,23.540056,0.28054200000000007,0.34907
999.6475235000003,23.550056,0.2811700000000001,0.349
999.6468950000003,23.550056,0.28179800000000016,0.34
999.6467380000003,23.550056,0.28242600000000007,0.0
1001.2432650000003,23.580056,0.2825830000000001,0.34907
1332.8397920000007,23.590056,0.2827400000000001,0.34907
1331.2431080000006,23.590056,0.2827400000000001,0.34907
999.6464240000004,23.590056,0.2827400000000001,0.349
999.6464240000004,23.600056,0.2827400000000001,0.34
999.6464240000004,23.600056,0.2827400000000001,0.0
1001.2431080000002,23.630056,0.2827400000000001,0.34907
1332.8397920000007,23.630056,0.2827400000000001,0.34907
1331.2431080000006,23.640056,0.2827400000000001,0.34907
999.6464240000004,23.640056,0.2827400000000001,0.349
999.6464240000004,23.640056,0.2827400000000001,0.34
999.6464240000004,23.650056,0.2827400000000001,0.0
1001.2431080000002,23.68006,0.2827400000000001,0.34907
1332.8397920000002,23.68006,0.2827400000000001,0.34907
1331.2431080000003,23.68006,0.2827400000000001,0.34907
999.6464240000004,23.690056,0.2827400000000001,0.349
999.6464240000004,23.690056,0.2827400000000001,0.34
999.6464240000004,23.690056,0.2827400000000001,0.0
1001.2431080000002,23.720056,0.2827400000000001,0.34907
1332.8397920000007,23.730056,0.2827400000000001,0.34907
1331.2431080000006,23.730056,0.2827400000000001,0.34907
999.6464240000004,23.730056,0.2827400000000001,0.349
999.6464240000004,23.740056,0.2827400000000001,0.34
999.6464240000004,23.740056,0.2827400000000001,0.0
1001.2431080000002,23.770056,0.2827400000000001,0.34907
1332.8397920000007,23.770056,0.2827400000000001,0.34907
1331.2431080000006,23.780056,0.2827400000000001,0.34907
999.6464240000004,23.780056,0.2827400000000001,0.349
999.6464240000004,23.780056,0.2827400000000001,0.34
999.6464240000004,23.790056,0.2827400000000001,0.0
1001.2431080000002,23.820056,0.2827400000000001,0.34907
1332.8397920000004,23.820056,0.2827400000000001,0.34907
1331.2431080000006,23.820056,0.2827400000000001,0.34907
999.6464240000005,23.830056,0.2827400000000001,0.349
999.6464240000005,23.830056,0.2827400000000001,0.34
999.6464240000005,23.830056,0.2827400000000001,0.0
1001.2431080000005,23.870056,0.2827400000000001,0.34907
1001.2431080000005,23.870056,0.2827400000000001,0.34907
999.6464240000005,23.870056,0.2827400000000001,0.34907
668.04974,23.870056,0.2827400000000001,0.34907
668.04974,23.880056,0.2827400000000001,0.34907
668.04974,23.880056,0.2827400000000001,0.34907
668.04974,23.880056,0.2827400000000001,0.34907
668.04974,23.890056,0.2827400000000001,0.34907
666.453056,23.890056,0.2827400000000001,0.34907
334.85637199999996,23.890056,0.2827400000000001,0.34907
334.85637199999996,23.890056,0.2827400000000001,0.34907
334.85637199999996,23.900056,0.2827400000000001,0.34907
334.85637199999996,23.900056,0.2827400000000001,0.34907
334.85637199999996,23.900056,0.2827400000000001,0.34907
333.259688,23.910056,0.2827400000000001,0.34907
1.663004,23.910056,0.2827400000000001,0.34907
1.663004,23.910056,0.2827400000000001,0.34907
1.663004,23.910056,0.2827400000000001,0.34907
1.663004,23.920056,0.2827400000000001,0.34907
1.663004,23.920056,0.2827400000000001,0.34907
0.06632,23.920056,0.2827400000000001,0.34
0.06632,23.930056,0.2827400000000001,0.0
1.6630040000000001,23.960056,0.2827400000000001,0.34907
333.2596879999999,23.960056,0.2827400000000001,0.34907
333.2596879999999,23.960056,0.2827400000000001,0.34907
333.2596879999999,23.970056,0.2827400000000001,0.349
333.2596879999999,23.970056,0.2827400000000001,0.34
333.2596879999999,23.970056,0.2827400000000001,0.0
334.85637199999996,24.010056,0.2827400000000001,0.34907
