0.0,0.0,0.0,0.0
0.0,0.0,0.0,0.0
0.0,0.0,0.0,0.0
0.0,0.0,0.0,0.0
0.0,0.0,0.0,0.0
0.0,0.010056,0.0,0.0
0.0,0.010056,0.0,0.0
0.0,0.010056,0.0,0.0
0.0,0.020056,0.0,0.0
0.0,0.020056,0.0,0.0
0.0,0.030056,0.0,0.0
0.0,0.030056,0.0,0.0
0.0,0.040056,0.0,0.0
0.0,0.040056,0.0,0.0
0.0,0.050056,0.0,0.0
0.0,0.050056,0.0,0.0
0.0,0.060056,0.0,0.0
0.0,0.060056,0.0,0.0
0.0,0.060056,0.0,0.0
0.0,0.070056,0.0,0.0
0.0,0.070056,0.0,0.0
0.0,0.080056,0.0,0.0
0.0,0.080056,0.0,0.0
0.0,0.080056,0.0,0.0
0.0,0.090056,0.0,0.0
0.0,0.090056,0.0,0.0
0.0,0.100056,0.0,0.0
0.0,0.100056,0.0,0.0
0.0,0.110056,0.0,0.0
0.0,0.110056,0.0,0.0
0.0,0.120056,0.0,0.0
0.0,0.120056,0.0,0.0
0.0,0.130056,0.0,0.0
0.0,0.140056,0.0,0.0
0.0,0.140056,0.0,0.0
0.0,0.150056,0.0,0.0
0.0,0.150056,0.0,0.0
0.0,0.150056,0.0,0.0
0.0,0.160056,0.0,0.0
0.0,0.160056,0.0,0.0
0.0,0.170056,0.0,0.0
0.0,0.170056,0.0,0.0
0.0,0.180056,0.0,0.0
0.0,0.180056,0.0,0.0
0.0,0.190056,0.0,0.0
0.0,0.200056,0.0,0.0
0.0,0.200056,0.0,0.0
0.0,0.200056,0.0,0.0
0.0,0.200056,0.0,0.0
0.0,0.200056,0.0,0.0
0.0,0.210056,0.0,0.0
0.0,0.210056,0.0,0.0
0.0,0.210056,0.0,0.0
0.0,0.210056,0.0,0.0
0.0,0.210056,0.0,0.0
0.0,0.220056,0.0,0.0
0.0,0.220056,0.0,0.0
0.0,0.220056,0.0,0.0
0.0,0.220056,0.0,0.0
0.0,0.230056,0.0,0.0
0.0,0.230056,0.0,0.0
0.0,0.230056,0.0,0.0
0.0,0.230056,0.0,0.0
0.0,0.230056,0.0,0.0
0.0,0.240056,0.0,0.0
0.0,0.240056,0.0,0.0
0.0,0.240056,0.0,0.0
0.0,0.240056,0.0,0.0
0.0,0.250056,0.0,0.0
0.0,0.250056,0.0,0.0
0.0,0.250056,0.0,0.0
0.0,0.250056,0.0,0.0
0.0,0.250056,0.0,0.0
0.0,0.260056,0.0,0.0
0.0,0.260056,0.0,0.0
0.0,0.260056,0.0,0.0
0.0,0.260056,0.0,0.0
0.0,0.270056,0.0,0.0
0.0,0.270056,0.0,0.0
0.0,0.280056,0.0,0.0
0.0,0.280056,0.0,0.0
0.0,0.290056,0.0,0.0
0.0,0.290056,0.0,0.0
0.0,0.290056,0.0,0.0
0.0,0.300056,0.0,0.0
0.0,0.300056,0.0,0.0
0.0,0.310056,0.0,0.0
0.0,0.310056,0.0,0.0
0.0,0.320056,0.0,0.0
0.0,0.330056,0.0,0.0
0.0,0.330056,0.0,0.0
0.0,0.340056,0.0,0.0
0.0,0.340056,0.0,0.0
0.0,0.350056,0.0,0.0
0.0,0.350056,0.0,0.0
0.0,0.360056,0.0,0.0
0.0,0.360056,0.0,0.0
0.0,0.360056,0.0,0.0
0.0,0.370056,0.0,0.0
0.0,0.370056,0.0,0.0
0.0,0.380056,0.0,0.0
0.0,0.390056,0.0,0.0
0.0,0.390056,0.0,0.0
0.0,0.400056,0.0,0.0
0.0,0.400056,0.0,0.0
0.0,0.410056,0.0,0.0
0.0,0.410056,0.0,0.0
0.0,0.420056,0.0,0.0
0.0,0.420056,0.0,0.0
0.0,0.430056,0.0,0.0
0.0,0.430056,0.0,0.0
0.0,0.430056,0.0,0.0
0.0,0.440056,0.0,0.0
0.0,0.450056,0.0,0.0
0.0,0.450056,0.0,0.0
0.0,0.460056,0.0,0.0
0.0,0.470056,0.0,0.0
0.0,0.470056,0.0,0.0
0.0,0.470056,0.0,0.0
0.0,0.480056,0.0,0.0
0.0,0.480056,0.0,0.0
0.0,0.490056,0.0,0.0
0.0,0.490056,0.0,0.0
0.0,0.500056,0.0,0.0
0.0,0.500056,0.0,0.0
0.0,0.500056,0.0,0.0
0.0,0.510056,0.0,0.0
0.0,0.520056,0.0,0.0
0.0,0.520056,0.0,0.0
0.0,0.530056,0.0,0.0
0.0,0.540056,0.0,0.0
0.0,0.540056,0.0,0.0
0.0,0.540056,0.0,0.0
0.0,0.550056,0.0,0.0
0.0,0.550056,0.0,0.0
0.0,0.560056,0.0,0.0
0.0,0.560056,0.0,0.0
0.0,0.570056,0.0,0.0
0.0,0.570056,0.0,0.0
0.0,0.580056,0.0,0.0
0.0,0.580056,0.0,0.0
0.0,0.590056,0.0,0.0
0.0,0.600056,0.0,0.0
0.0,0.600056,0.0,0.0
0.0,0.610056,0.0,0.0
0.0,0.610056,0.0,0.0
0.0,0.610056,0.0,0.0
0.0,0.620056,0.0,0.0
0.0,0.620056,0.0,0.0
0.0,0.630056,0.0,0.0
0.0,0.630056,0.0,0.0
0.0,0.640056,0.0,0.0
0.0,0.640056,0.0,0.0
0.0,0.650056,0.0,0.0
0.0,0.660056,0.0,0.0
0.0,0.660056,0.0,0.0
0.0,0.670056,0.0,0.0
0.0,0.670056,0.0,0.0
0.0,0.680056,0.0,0.0
0.0,0.680056,0.0,0.0
0.0,0.680056,0.0,0.0
0.0,0.690056,0.0,0.0
0.0,0.690056,0.0,0.0
0.0,0.700056,0.0,0.0
0.0,0.700056,0.0,0.0
0.0,0.710056,0.0,0.0
0.0,0.720056,0.0,0.0
0.0,0.720056,0.0,0.0
0.0,0.730056,0.0,0.0
0.0,0.730056,0.0,0.0
0.0,0.740056,0.0,0.0
0.0,0.740056,0.0,0.0
0.0,0.750056,0.0,0.0
0.0,0.750056,0.0,0.0
0.0,0.750056,0.0,0.0
0.0,0.760056,0.0,0.0
0.0,0.760056,0.0,0.0
0.0,0.770056,0.0,0.0
0.0,0.770056,0.0,0.0
0.0,0.780056,0.0,0.0
0.0,0.790056,0.0,0.0
0.0,0.790056,0.0,0.0
0.0,0.800056,0.0,0.0
0.0,0.800056,0.0,0.0
0.0,0.810056,0.0,0.0
0.0,0.810056,0.0,0.0
0.0,0.820056,0.0,0.0
0.0,0.820056,0.0,0.0
0.0,0.820056,0.0,0.0
0.0,0.830056,0.0,0.0
0.0,0.830056,0.0,0.0
0.0,0.840056,0.0,0.0
0.0,0.850056,0.0,0.0
0.0,0.850056,0.0,0.0
0.0,0.860056,0.0,0.0
0.0,0.860056,0.0,0.0
0.0,0.870056,0.0,0.0
0.0,0.870056,0.0,0.0
0.0,0.880056,0.0,0.0
0.0,0.880056,0.0,0.0
0.0,0.890056,0.0,0.0
0.0,0.890056,0.0,0.0
0.0,0.890056,0.0,0.0
0.0,0.900056,0.0,0.0
0.0,0.910056,0.0,0.0
0.0,0.910056,0.0,0.0
0.0,0.920056,0.0,0.0
0.0,0.930056,0.0,0.0
0.0,0.930056,0.0,0.0
0.0,0.930056,0.0,0.0
0.0,0.940056,0.0,0.0
0.0,0.940056,0.0,0.0
0.0,0.950056,0.0,0.0
0.0,0.950056,0.0,0.0
0.0,0.960056,0.0,0.0
0.0,0.960056,0.0,0.0
0.0,0.970056,0.0,0.0
0.0,0.970056,0.0,0.0
0.0,0.980056,0.0,0.0
0.0,0.990056,0.0,0.0
0.0,0.990056,0.0,0.0
0.0,1.000056,0.0,0.0
0.0,1.000056,0.0,0.0
0.0,1.000056,0.0,0.0
0.0,1.010056,0.0,0.0
0.0,1.010056,0.0,0.0
0.0,1.020056,0.0,0.0
0.0,1.030056,0.0,0.0
0.0,1.030056,0.0,0.0
0.0,1.030056,0.0,0.0
0.0,1.040056,0.0,0.0
0.0,1.040056,0.0,0.0
0.0,1.060056,0.0,0.0
0.0,1.060056,0.0,0.0
0.0,1.060056,0.0,0.0
0.0,1.070056,0.0,0.0
0.0,1.070056,0.0,0.0
0.0,1.070056,0.0,0.0
0.0,1.090056,0.0,0.0
0.0,1.090056,0.0,0.0
0.0,1.090056,0.0,0.0
0.0,1.100056,0.0,0.0
0.0,1.100056,0.0,0.0
0.0,1.100056,0.0,0.0
0.0,1.120056,0.0,0.0
0.0,1.120056,0.0,0.0
0.0,1.130056,0.0,0.0
0.0,1.130056,0.0,0.0
0.0,1.130056,0.0,0.0
0.0,1.140056,0.0,0.0
0.0,1.150056,0.0,0.0
0.0,1.150056,0.0,0.0
0.0,1.160056,0.0,0.0
0.0,1.160056,0.0,0.0
0.0,1.160056,0.0,0.0
0.0,1.170056,0.0,0.0
0.0,1.180056,0.0,0.0
0.0,1.180056,0.0,0.0
0.0,1.190056,0.0,0.0
0.0,1.190056,0.0,0.0
0.0,1.200056,0.0,0.0
0.0,1.210056,0.0,0.0
0.0,1.210056,0.0,0.0
0.0,1.220056,0.0,0.0
0.0,1.220056,0.0,0.0
0.0,1.220056,0.0,0.0
0.0,1.230056,0.0,0.0
0.0,1.240056,0.0,0.0
0.0,1.240056,0.0,0.0
0.0,1.250056,0.0,0.0
0.0,1.250056,0.0,0.0
0.0,1.250056,0.0,0.0
0.0,1.260056,0.0,0.0
0.0,1.260056,0.0,0.0
0.0,1.280056,0.0,0.0
0.0,1.280056,0.0,0.0
0.0,1.280056,0.0,0.0
0.0,1.290056,0.0,0.0
0.0,1.290056,0.0,0.0
0.0,1.290056,0.0,0.0
0.0,1.310056,0.0,0.0
0.0,1.310056,0.0,0.0
0.0,1.310056,0.0,0.0
0.0,1.320056,0.0,0.0
0.0,1.320056,0.0,0.0
0.0,1.320056,0.0,0.0
0.0,1.340056,0.0,0.0
0.0,1.340056,0.0,0.0
0.0,1.350056,0.0,0.0
0.0,1.350056,0.0,0.0
0.0,1.350056,0.0,0.0
0.0,1.360056,0.0,0.0
0.0,1.370056,0.0,0.0
0.0,1.370056,0.0,0.0
0.0,1.380056,0.0,0.0
0.0,1.380056,0.0,0.0
0.0,1.380056,0.0,0.0
0.0,1.390056,0.0,0.0
0.0,1.400056,0.0,0.0
0.0,1.400056,0.0,0.0
0.0,1.410056,0.0,0.0
0.0,1.410056,0.0,0.0
0.0,1.420056,0.0,0.0
0.0,1.430056,0.0,0.0
0.0,1.430056,0.0,0.0
0.0,1.440056,0.0,0.0
0.0,1.440056,0.0,0.0
0.0,1.440056,0.0,0.0
0.0,1.450056,0.0,0.0
0.0,1.460056,0.0,0.0
0.0,1.460056,0.0,0.0
0.0,1.470056,0.0,0.0
0.0,1.470056,0.0,0.0
0.0,1.470056,0.0,0.0
0.0,1.480056,0.0,0.0
0.0,1.490056,0.0,0.0
0.0,1.500056,0.0,0.0
0.0,1.500056,0.0,0.0
0.0,1.500056,0.0,0.0
0.0,1.510056,0.0,0.0
0.0,1.510056,0.0,0.0
0.0,1.520056,0.0,0.0
0.0,1.530056,0.0,0.0
0.0,1.530056,0.0,0.0
0.0,1.530056,0.0,0.0
0.0,1.540056,0.0,0.0
0.0,1.540056,0.0,0.0
0.0,1.550056,0.0,0.0
0.0,1.560056,0.0,0.0
0.0,1.560056,0.0,0.0
0.0,1.570056,0.0,0.0
0.0,1.570056,0.0,0.0
0.0,1.580056,0.0,0.0
0.0,1.580056,0.0,0.0
0.0,1.590056,0.0,0.0
0.0,1.590056,0.0,0.0
0.0,1.600056,0.0,0.0
0.0,1.600056,0.0,0.0
0.0,1.610056,0.0,0.0
0.0,1.610056,0.0,0.0
0.0,1.620056,0.0,0.0
0.0,1.620056,0.0,0.0
0.0,1.630056,0.0,0.0
0.0,1.630056,0.0,0.0
0.0,1.640056,0.0,0.0
0.0,1.650056,0.0,0.0
0.0,1.650056,0.0,0.0
0.0,1.660056,0.0,0.0
0.0,1.660056,0.0,0.0
0.0,1.660056,0.0,0.0
0.0,1.670056,0.0,0.0
0.0,1.680056,0.0,0.0
0.0,1.680056,0.0,0.0
0.0,1.690056,0.0,0.0
0.0,1.690056,0.0,0.0
0.0,1.690056,0.0,0.0
0.0,1.700056,0.0,0.0
0.0,1.710056,0.0,0.0
0.0,1.720056,0.0,0.0
0.0,1.720056,0.0,0.0
0.0,1.720056,0.0,0.0
0.0,1.730056,0.0,0.0
0.0,1.730056,0.0,0.0
0.0,1.740056,0.0,0.0
0.0,1.750056,0.0,0.0
0.0,1.750056,0.0,0.0
0.0,1.750056,0.0,0.0
0.0,1.760056,0.0,0.0
0.0,1.760056,0.0,0.0
0.0,1.770056,0.0,0.0
0.0,1.780056,0.0,0.0
0.0,1.780056,0.0,0.0
0.0,1.790056,0.0,0.0
0.0,1.790056,0.0,0.0
0.0,1.800056,0.0,0.0
0.0,1.800056,0.0,0.0
0.0,1.810056,0.0,0.0
0.0,1.810056,0.0,0.0
0.0,1.820056,0.0,0.0
0.0,1.820056,0.0,0.0
0.0,1.830056,0.0,0.0
0.0,1.830056,0.0,0.0
0.0,1.840056,0.0,0.0
0.0,1.840056,0.0,0.0
0.0,1.850056,0.0,0.0
0.0,1.850056,0.0,0.0
0.0,1.860056,0.0,0.0
0.0,1.870056,0.0,0.0
0.0,1.870056,0.0,0.0
0.0,1.880056,0.0,0.0
0.0,1.880056,0.0,0.0
0.0,1.880056,0.0,0.0
0.0,1.890056,0.0,0.0
0.0,1.900056,0.0,0.0
0.0,1.900056,0.0,0.0
0.0,1.910056,0.0,0.0
0.0,1.910056,0.0,0.0
0.0,1.910056,0.0,0.0
0.0,1.920056,0.0,0.0
0.0,1.930056,0.0,0.0
0.0,1.940056,0.0,0.0
0.0,1.940056,0.0,0.0
0.0,1.940056,0.0,0.0
0.0,1.950056,0.0,0.0
0.0,1.950056,0.0,0.0
0.0,1.960056,0.0,0.0
0.0,1.970056,0.0,0.0
0.0,1.970056,0.0,0.0
0.0,1.970056,0.0,0.0
0.0,1.980056,0.0,0.0
0.0,1.980056,0.0,0.0
0.0,1.990056,0.0,0.0
0.0,2.000056,0.0,0.0
0.0,2.000056,0.0,0.0
0.0,2.010056,0.0,0.0
0.0,2.010056,0.0,0.0
0.0,2.020056,0.0,0.0
0.0,2.030056,0.0,0.0
0.0,2.030056,0.0,0.0
0.0,2.030056,0.0,0.0
0.0,2.040056,0.0,0.0
0.0,2.040056,0.0,0.0
0.0,2.050056,0.0,0.0
0.0,2.060056,0.0,0.0
0.0,2.060056,0.0,0.0
0.0,2.060056,0.0,0.0
0.0,2.070056,0.0,0.0
0.0,2.070056,0.0,0.0
0.0,2.090056,0.0,0.0
0.0,2.090056,0.0,0.0
0.0,2.090056,0.0,0.0
0.0,2.100056,0.0,0.0
0.0,2.100056,0.0,0.0
0.0,2.100056,0.0,0.0
0.0,2.120056,0.0,0.0
0.0,2.120056,0.0,0.0
0.0,2.120056,0.0,0.0
0.0,2.130056,0.0,0.0
0.0,2.130056,0.0,0.0
0.0,2.130056,0.0,0.0
0.0,2.150056,0.0,0.0
0.0,2.150056,0.0,0.0
0.0,2.160056,0.0,0.0
0.0,2.160056,0.0,0.0
0.0,2.160056,0.0,0.0
0.0,2.170056,0.0,0.0
0.0,2.170056,0.0,0.0
0.0,2.180056,0.0,0.0
0.0,2.190056,0.0,0.0
0.0,2.190056,0.0,0.0
0.0,2.190056,0.0,0.0
0.0,2.200056,0.0,0.0
0.0,2.200056,0.0,0.0
0.0,2.210056,0.0,0.0
0.0,2.220056,0.0,0.0
0.0,2.220056,0.0,0.0
0.0,2.230056,0.0,0.0
0.0,2.230056,0.0,0.0
0.0,2.240056,0.0,0.0
0.0,2.250056,0.0,0.0
0.0,2.250056,0.0,0.0
0.0,2.250056,0.0,0.0
0.0,2.260056,0.0,0.0
0.0,2.260056,0.0,0.0
0.0,2.270056,0.0,0.0
0.0,2.280056,0.0,0.0
0.0,2.280056,0.0,0.0
0.0,2.280056,0.0,0.0
0.0,2.290056,0.0,0.0
0.0,2.290056,0.0,0.0
0.0,2.290056,0.0,0.0
0.0,2.300056,0.0,0.0
0.0,2.300056,0.0,0.0
0.0,2.300056,0.0,0.0
0.0,2.300056,0.0,0.0
0.0,2.310056,0.0,0.0
0.0,2.310056,0.0,0.0
0.0,2.310056,0.0,0.0
0.0,2.310056,0.0,0.0
0.0,2.320056,0.0,0.0
0.0,2.320056,0.0,0.0
0.0,2.320056,0.0,0.0
0.0,2.320056,0.0,0.0
0.0,2.320056,0.0,0.0
0.0,2.330056,0.0,0.0
0.0,2.330056,0.0,0.0
0.0,2.330056,0.0,0.0
0.0,2.330056,0.0,0.0
0.0,2.340056,0.0,0.0
0.0,2.340056,0.0,0.0
0.0,2.340056,0.0,0.0
0.0,2.340056,0.0,0.0
0.0,2.340056,0.0,0.0
0.0,2.350056,0.0,0.0
0.0,2.350056,0.0,0.0
0.0,2.350056,0.0,0.0
0.0,2.350056,0.0,0.0
0.0,2.360056,0.0,0.0
0.0,2.360056,0.0,0.0
0.0,2.360056,0.0,0.0
0.0,2.360056,0.0,0.0
0.0,2.370056,0.0,0.0
0.0,2.370056,0.0,0.0
0.0,2.370056,0.0,0.0
0.0,2.370056,0.0,0.0
0.0,2.370056,0.0,0.0
0.0,2.380056,0.0,0.0
0.0,2.380056,0.0,0.0
0.0,2.380056,0.0,0.0
0.0,2.380056,0.0,0.0
0.0,2.390056,0.0,0.0
0.0,2.390056,0.0,0.0
0.0,2.390056,0.0,0.0
0.0,2.390056,0.0,0.0
0.0,2.400056,0.0,0.0
0.0,2.400056,0.0,0.0
0.0,2.410056,0.0,0.0
0.0,2.410056,0.0,0.0
0.0,2.410056,0.0,0.0
0.0,2.420056,0.0,0.0
0.0,2.430056,0.0,0.0
0.0,2.430056,0.0,0.0
0.0,2.440056,0.0,0.0
0.0,2.440056,0.0,0.0
0.0,2.450056,0.0,0.0
0.0,2.460056,0.0,0.0
0.0,2.460056,0.0,0.0
0.0,2.470056,0.0,0.0
0.0,2.470056,0.0,0.0
0.0,2.470056,0.0,0.0
0.0,2.480056,0.0,0.0
0.0,2.490056,0.0,0.0
0.0,2.490056,0.0,0.0
0.0,2.500056,0.0,0.0
0.0,2.500056,0.0,0.0
0.0,2.500056,0.0,0.0
0.0,2.510056,0.0,0.0
0.0,2.510056,0.0,0.0
0.0,2.530056,0.0,0.0
0.0,2.530056,0.0,0.0
0.0,2.530056,0.0,0.0
0.0,2.540056,0.0,0.0
0.0,2.540056,0.0,0.0
0.0,2.540056,0.0,0.0
0.0,2.560056,0.0,0.0
0.0,2.560056,0.0,0.0
0.0,2.560056,0.0,0.0
0.0,2.570056,0.0,0.0
0.0,2.570056,0.0,0.0
0.0,2.570056,0.0,0.0
0.0,2.590056,0.0,0.0
0.0,2.590056,0.0,0.0
0.0,2.600056,0.0,0.0
0.0,2.600056,0.0,0.0
0.0,2.600056,0.0,0.0
0.0,2.610056,0.0,0.0
0.0,2.620056,0.0,0.0
0.0,2.620056,0.0,0.0
0.0,2.630056,0.0,0.0
0.0,2.630056,0.0,0.0
0.0,2.630056,0.0,0.0
0.0,2.640056,0.0,0.0
0.0,2.650056,0.0,0.0
0.0,2.650056,0.0,0.0
0.0,2.660056,0.0,0.0
0.0,2.660056,0.0,0.0
0.0,2.670056,0.0,0.0
0.0,2.680056,0.0,0.0
0.0,2.680056,0.0,0.0
0.0,2.690056,0.0,0.0
0.0,2.690056,0.0,0.0
0.0,2.690056,0.0,0.0
0.0,2.700056,0.0,0.0
0.0,2.710056,0.0,0.0
0.0,2.710056,0.0,0.0
0.0,2.720056,0.0,0.0
0.0,2.720056,0.0,0.0
0.0,2.720056,0.0,0.0
0.0,2.730056,0.0,0.0
0.0,2.740056,0.0,0.0
0.0,2.750056,0.0,0.0
0.0,2.750056,0.0,0.0
0.0,2.750056,0.0,0.0
0.0,2.760056,0.0,0.0
0.0,2.760056,0.0,0.0
0.0,2.770056,0.0,0.0
0.0,2.780056,0.0,0.0
0.0,2.780056,0.0,0.0
0.0,2.780056,0.0,0.0
0.0,2.790056,0.0,0.0
0.0,2.790056,0.0,0.0
0.0,2.800056,0.0,0.0
0.0,2.810056,0.0,0.0
0.0,2.810056,0.0,0.0
0.0,2.820056,0.0,0.0
0.0,2.820056,0.0,0.0
0.0,2.830056,0.0,0.0
0.0,2.830056,0.0,0.0
0.0,2.840056,0.0,0.0
0.0,2.840056,0.0,0.0
0.0,2.850056,0.0,0.0
0.0,2.850056,0.0,0.0
0.0,2.860056,0.0,0.0
0.0,2.860056,0.0,0.0
0.0,2.870056,0.0,0.0
0.0,2.870056,0.0,0.0
0.0,2.880056,0.0,0.0
0.0,2.880056,0.0,0.0
0.0,2.890056,0.0,0.0
0.0,2.900056,0.0,0.0
0.0,2.900056,0.0,0.0
0.0,2.910056,0.0,0.0
0.0,2.910056,0.0,0.0
0.0,2.910056,0.0,0.0
0.0,2.920056,0.0,0.0
0.0,2.930056,0.0,0.0
0.0,2.930056,0.0,0.0
0.0,2.940056,0.0,0.0
0.0,2.940056,0.0,0.0
0.0,2.940056,0.0,0.0
0.0,2.950056,0.0,0.0
0.0,2.960056,0.0,0.0
0.0,2.970056,0.0,0.0
0.0,2.970056,0.0,0.0
0.0,2.970056,0.0,0.0
0.0,2.980056,0.0,0.0
0.0,2.980056,0.0,0.0
0.0,2.990056,0.0,0.0
0.0,3.000056,0.0,0.0
0.0,3.000056,0.0,0.0
0.0,3.000056,0.0,0.0
0.0,3.010056,0.0,0.0
0.0,3.010056,0.0,0.0
0.0,3.020056,0.0,0.0
0.0,3.030056,0.0,0.0
0.0,3.030056,0.0,0.0
0.0,3.040056,0.0,0.0
0.0,3.040056,0.0,0.0
0.0,3.050056,0.0,0.0
0.0,3.050056,0.0,0.0
0.0,3.060056,0.0,0.0
0.0,3.060056,0.0,0.0
0.0,3.070056,0.0,0.0
0.0,3.070056,0.0,0.0
0.0,3.080056,0.0,0.0
0.0,3.080056,0.0,0.0
0.0,3.090056,0.0,0.0
0.0,3.090056,0.0,0.0
0.0,3.100056,0.0,0.0
0.0,3.100056,0.0,0.0
0.0,3.110056,0.0,0.0
0.0,3.120056,0.0,0.0
0.0,3.120056,0.0,0.0
0.0,3.130056,0.0,0.0
0.0,3.130056,0.0,0.0
0.0,3.130056,0.0,0.0
0.0,3.140056,0.0,0.0
0.0,3.150056,0.0,0.0
0.0,3.150056,0.0,0.0
0.0,3.160056,0.0,0.0
0.0,3.160056,0.0,0.0
0.0,3.160056,0.0,0.0
0.0,3.170056,0.0,0.0
0.0,3.180056,0.0,0.0
0.0,3.190056,0.0,0.0
0.0,3.190056,0.0,0.0
0.0,3.190056,0.0,0.0
0.0,3.200056,0.0,0.0
0.0,3.200056,0.0,0.0
0.0,3.210056,0.0,0.0
0.0,3.220056,0.0,0.0
0.0,3.220056,0.0,0.0
0.0,3.220056,0.0,0.0
0.0,3.230056,0.0,0.0
0.0,3.230056,0.0,0.0
0.0,3.240056,0.0,0.0
0.0,3.250056,0.0,0.0
0.0,3.250056,0.0,0.0
0.0,3.260056,0.0,0.0
0.0,3.260056,0.0,0.0
0.0,3.270056,0.0,0.0
0.0,3.280056,0.0,0.0
0.0,3.280056,0.0,0.0
0.0,3.280056,0.0,0.0
0.0,3.290056,0.0,0.0
0.0,3.290056,0.0,0.0
0.0,3.300056,0.0,0.0
0.0,3.310056,0.0,0.0
0.0,3.310056,0.0,0.0
0.0,3.310056,0.0,0.0
0.0,3.320056,0.0,0.0
0.0,3.320056,0.0,0.0
0.0,3.340056,0.0,0.0
0.0,3.340056,0.0,0.0
0.0,3.340056,0.0,0.0
0.0,3.350056,0.0,0.0
0.0,3.350056,0.0,0.0
0.0,3.350056,0.0,0.0
0.0,3.370056,0.0,0.0
0.0,3.370056,0.0,0.0
0.0,3.370056,0.0,0.0
0.0,3.380056,0.0,0.0
0.0,3.380056,0.0,0.0
0.0,3.380056,0.0,0.0
0.0,3.400056,0.0,0.0
0.0,3.400056,0.0,0.0
0.0,3.410056,0.0,0.0
0.0,3.410056,0.0,0.0
0.0,3.410056,0.0,0.0
0.0,3.420056,0.0,0.0
0.0,3.420056,0.0,0.0
0.0,3.430056,0.0,0.0
0.0,3.440056,0.0,0.0
0.0,3.440056,0.0,0.0
0.0,3.440056,0.0,0.0
0.0,3.450056,0.0,0.0
0.0,3.450056,0.0,0.0
0.0,3.460056,0.0,0.0
0.0,3.470056,0.0,0.0
0.0,3.470056,0.0,0.0
0.0,3.480056,0.0,0.0
0.0,3.480056,0.0,0.0
0.0,3.490056,0.0,0.0
0.0,3.500056,0.0,0.0
0.0,3.500056,0.0,0.0
0.0,3.500056,0.0,0.0
0.0,3.510056,0.0,0.0
0.0,3.510056,0.0,0.0
0.0,3.520056,0.0,0.0
0.0,3.530056,0.0,0.0
0.0,3.530056,0.0,0.0
0.0,3.530056,0.0,0.0
0.0,3.540056,0.0,0.0
0.0,3.540056,0.0,0.0
0.0,3.560056,0.0,0.0
0.0,3.560056,0.0,0.0
0.0,3.560056,0.0,0.0
0.0,3.570056,0.0,0.0
0.0,3.570056,0.0,0.0
0.0,3.570056,0.0,0.0
0.0,3.590056,0.0,0.0
0.0,3.590056,0.0,0.0
0.0,3.590056,0.0,0.0
0.0,3.600056,0.0,0.0
0.0,3.600056,0.0,0.0
0.0,3.600056,0.0,0.0
0.0,3.620056,0.0,0.0
0.0,3.620056,0.0,0.0
0.0,3.630056,0.0,0.0
0.0,3.630056,0.0,0.0
0.0,3.630056,0.0,0.0
0.0,3.640056,0.0,0.0
0.0,3.650056,0.0,0.0
0.0,3.650056,0.0,0.0
0.0,3.660056,0.0,0.0
0.0,3.660056,0.0,0.0
0.0,3.660056,0.0,0.0
0.0,3.670056,0.0,0.0
0.0,3.680056,0.0,0.0
0.0,3.680056,0.0,0.0
0.0,3.690056,0.0,0.0
0.0,3.690056,0.0,0.0
0.0,3.700056,0.0,0.0
0.0,3.710056,0.0,0.0
0.0,3.710056,0.0,0.0
0.0,3.720056,0.0,0.0
0.0,3.720056,0.0,0.0
0.0,3.720056,0.0,0.0
0.0,3.730056,0.0,0.0
0.0,3.740056,0.0,0.0
0.0,3.740056,0.0,0.0
0.0,3.750056,0.0,0.0
0.0,3.750056,0.0,0.0
0.0,3.750056,0.0,0.0
0.0,3.760056,0.0,0.0
0.0,3.770056,0.0,0.0
0.0,3.780056,0.0,0.0
0.0,3.780056,0.0,0.0
0.0,3.780056,0.0,0.0
0.0,3.790056,0.0,0.0
0.0,3.790056,0.0,0.0
0.0,3.790056,0.0,0.0
0.0,3.810056,0.0,0.0
0.0,3.810056,0.0,0.0
0.0,3.810056,0.0,0.0
0.0,3.820056,0.0,0.0
0.0,3.820056,0.0,0.0
0.0,3.820056,0.0,0.0
0.0,3.840056,0.0,0.0
0.0,3.840056,0.0,0.0
0.0,3.850056,0.0,0.0
0.0,3.850056,0.0,0.0
0.0,3.850056,0.0,0.0
0.0,3.860056,0.0,0.0
0.0,3.870056,0.0,0.0
0.0,3.870056,0.0,0.0
0.0,3.880056,0.0,0.0
0.0,3.880056,0.0,0.0
0.0,3.880056,0.0,0.0
0.0,3.890056,0.0,0.0
0.0,3.900056,0.0,0.0
0.0,3.900056,0.0,0.0
0.0,3.910056,0.0,0.0
0.0,3.910056,0.0,0.0
0.0,3.920056,0.0,0.0
0.0,3.930056,0.0,0.0
0.0,3.930056,0.0,0.0
0.0,3.940056,0.0,0.0
0.0,3.940056,0.0,0.0
0.0,3.940056,0.0,0.0
0.0,3.950056,0.0,0.0
0.0,3.960056,0.0,0.0
0.0,3.960056,0.0,0.0
0.0,3.970056,0.0,0.0
0.0,3.970056,0.0,0.0
0.0,3.970056,0.0,0.0
0.0,3.980056,0.0,0.0
0.0,3.990056,0.0,0.0
0.0,4.000056,0.0,0.0
0.0,4.000056,0.0,0.0
0.0,4.000056,0.0,0.0
0.0,4.010056,0.0,0.0
0.0,4.010056,0.0,0.0
0.0,4.020056,0.0,0.0
0.0,4.030056,0.0,0.0
0.0,4.030056,0.0,0.0
0.0,4.030056,0.0,0.0
0.0,4.040056,0.0,0.0
0.0,4.040056,0.0,0.0
0.0,4.050056,0.0,0.0
0.0,4.060056,0.0,0.0
0.0,4.060056,0.0,0.0
0.0,4.070056,0.0,0.0
0.0,4.070056,0.0,0.0
0.0,4.080056,0.0,0.0
0.0,4.080056,0.0,0.0
0.0,4.090056,0.0,0.0
0.0,4.090056,0.0,0.0
0.0,4.100056,0.0,0.0
0.0,4.100056,0.0,0.0
0.0,4.110056,0.0,0.0
0.0,4.110056,0.0,0.0
0.0,4.120056,0.0,0.0
0.0,4.120056,0.0,0.0
0.0,4.130056,0.0,0.0
0.0,4.130056,0.0,0.0
0.0,4.140056,0.0,0.0
0.0,4.150056,0.0,0.0
0.0,4.150056,0.0,0.0
0.0,4.160056,0.0,0.0
0.0,4.160056,0.0,0.0
0.0,4.160056,0.0,0.0
0.0,4.170056,0.0,0.0
0.0,4.180056,0.0,0.0
0.0,4.180056,0.0,0.0
0.0,4.190056,0.0,0.0
0.0,4.190056,0.0,0.0
0.0,4.190056,0.0,0.0
0.0,4.200056,0.0,0.0
0.0,4.210056,0.0,0.0
0.0,4.220056,0.0,0.0
0.0,4.220056,0.0,0.0
0.0,4.220056,0.0,0.0
0.0,4.230056,0.0,0.0
0.0,4.230056,0.0,0.0
0.0,4.240056,0.0,0.0
0.0,4.250056,0.0,0.0
0.0,4.250056,0.0,0.0
0.0,4.250056,0.0,0.0
0.0,4.260056,0.0,0.0
0.0,4.260056,0.0,0.0
0.0,4.270056,0.0,0.0
0.0,4.280056,0.0,0.0
0.0,4.280056,0.0,0.0
0.0,4.290056,0.0,0.0
0.0,4.290056,0.0,0.0
0.0,4.300056,0.0,0.0
0.0,4.310056,0.0,0.0
0.0,4.310056,0.0,0.0
0.0,4.310056,0.0,0.0
0.0,4.320056,0.0,0.0
0.0,4.320056,0.0,0.0
0.0,4.330056,0.0,0.0
0.0,4.330056,0.0,0.0
0.0,4.340056,0.0,0.0
0.0,4.340056,0.0,0.0
0.0,4.350056,0.0,0.0
0.0,4.350056,0.0,0.0
0.0,4.360056,0.0,0.0
0.0,4.370056,0.0,0.0
0.0,4.370056,0.0,0.0
0.0,4.380056,0.0,0.0
0.0,4.380056,0.0,0.0
0.0,4.380056,0.0,0.0
0.0,4.390056,0.0,0.0
0.0,4.400056,0.0,0.0
0.0,4.400056,0.0,0.0
0.0,4.400056,0.0,0.0
0.0,4.410056,0.0,0.0
0.0,4.410056,0.0,0.0
0.0,4.410056,0.0,0.0
0.0,4.410056,0.0,0.0
0.0,4.420056,0.0,0.0
0.0,4.420056,0.0,0.0
0.0,4.420056,0.0,0.0
0.0,4.420056,0.0,0.0
0.0,4.420056,0.0,0.0
0.0,4.430056,0.0,0.0
0.0,4.430056,0.0,0.0
0.0,4.430056,0.0,0.0
0.0,4.430056,0.0,0.0
0.0,4.440056,0.0,0.0
0.0,4.440056,0.0,0.0
0.0,4.440056,0.0,0.0
0.0,4.440056,0.0,0.0
0.0,4.450056,0.0,0.0
0.0,4.450056,0.0,0.0
0.0,4.450056,0.0,0.0
0.0,4.450056,0.0,0.0
0.0,4.450056,0.0,0.0
0.0,4.460056,0.0,0.0
0.0,4.460056,0.0,0.0
0.0,4.460056,0.0,0.0
0.0,4.460056,0.0,0.0
0.0,4.470056,0.0,0.0
0.0,4.470056,0.0,0.0
0.0,4.470056,0.0,0.0
0.0,4.470056,0.0,0.0
0.0,4.480056,0.0,0.0
0.0,4.480056,0.0,0.0
0.0,4.480056,0.0,0.0
0.0,4.480056,0.0,0.0
0.0,4.480056,0.0,0.0
0.0,4.490056,0.0,0.0
0.0,4.490056,0.0,0.0
0.0,4.500056,0.0,0.0
0.0,4.500056,0.0,0.0
0.0,4.500056,0.0,0.0
0.0,4.510056,0.0,0.0
0.0,4.510056,0.0,0.0
0.0,4.520056,0.0,0.0
0.0,4.530056,0.0,0.0
0.0,4.530056,0.0,0.0
0.0,4.530056,0.0,0.0
0.0,4.540056,0.0,0.0
0.0,4.540056,0.0,0.0
0.0,4.550056,0.0,0.0
0.0,4.560056,0.0,0.0
0.0,4.560056,0.0,0.0
0.0,4.560056,0.0,0.0
0.0,4.570056,0.0,0.0
0.0,4.570056,0.0,0.0
0.0,4.590056,0.0,0.0
0.0,4.590056,0.0,0.0
0.0,4.590056,0.0,0.0
0.0,4.600056,0.0,0.0
0.0,4.600056,0.0,0.0
0.0,4.600056,0.0,0.0
0.0,4.620056,0.0,0.0
0.0,4.620056,0.0,0.0
0.0,4.620056,0.0,0.0
0.0,4.630056,0.0,0.0
0.0,4.630056,0.0,0.0
0.0,4.630056,0.0,0.0
0.0,4.650056,0.0,0.0
0.0,4.650056,0.0,0.0
0.0,4.660056,0.0,0.0
0.0,4.660056,0.0,0.0
0.0,4.660056,0.0,0.0
0.0,4.670056,0.0,0.0
0.0,4.670056,0.0,0.0
0.0,4.680056,0.0,0.0
0.0,4.690056,0.0,0.0
0.0,4.690056,0.0,0.0
0.0,4.690056,0.0,0.0
0.0,4.700056,0.0,0.0
0.0,4.700056,0.0,0.0
0.0,4.710056,0.0,0.0
0.0,4.720056,0.0,0.0
0.0,4.720056,0.0,0.0
0.0,4.730056,0.0,0.0
0.0,4.730056,0.0,0.0
0.0,4.740056,0.0,0.0
0.0,4.750056,0.0,0.0
0.0,4.750056,0.0,0.0
0.0,4.750056,0.0,0.0
0.0,4.760056,0.0,0.0
0.0,4.760056,0.0,0.0
0.0,4.770056,0.0,0.0
0.0,4.780056,0.0,0.0
0.0,4.780056,0.0,0.0
0.0,4.780056,0.0,0.0
0.0,4.790056,0.0,0.0
0.0,4.790056,0.0,0.0
0.0,4.810056,0.0,0.0
0.0,4.810056,0.0,0.0
0.0,4.810056,0.0,0.0
0.0,4.820056,0.0,0.0
0.0,4.820056,0.0,0.0
0.0,4.820056,0.0,0.0
0.0,4.840056,0.0,0.0
0.0,4.840056,0.0,0.0
0.0,4.840056,0.0,0.0
0.0,4.850056,0.0,0.0
0.0,4.850056,0.0,0.0
0.0,4.850056,0.0,0.0
0.0,4.870056,0.0,0.0
0.0,4.870056,0.0,0.0
0.0,4.880056,0.0,0.0
0.0,4.880056,0.0,0.0
0.0,4.880056,0.0,0.0
0.0,4.890056,0.0,0.0
0.0,4.900056,0.0,0.0
0.0,4.900056,0.0,0.0
0.0,4.910056,0.0,0.0
0.0,4.910056,0.0,0.0
0.0,4.910056,0.0,0.0
0.0,4.920056,0.0,0.0
0.0,4.930056,0.0,0.0
0.0,4.930056,0.0,0.0
0.0,4.940056,0.0,0.0
0.0,4.940056,0.0,0.0
0.0,4.950056,0.0,0.0
0.0,4.960056,0.0,0.0
0.0,4.960056,0.0,0.0
0.0,4.970056,0.0,0.0
0.0,4.970056,0.0,0.0
0.0,4.970056,0.0,0.0
0.0,4.980056,0.0,0.0
0.0,4.990056,0.0,0.0
0.0,4.990056,0.0,0.0
0.0,5.000056,0.0,0.0
0.0,5.000056,0.0,0.5236
0.0,5.000056,0.0,0.5236
0.0,5.010056,0.0,0.523
0.0,5.020056,0.0,0.5236
0.0,5.030056,0.0,0.5
0.0,5.030056,0.0,0.5236
0.0,5.030056,0.0,0.5236
0.0,5.040056,0.0,0.0
0.0,5.040056,0.0,0.5236
0.0,5.040056,0.0,0.5236
0.0,5.060056,0.0,0.52
0.0,5.060056,0.0,0.5236
0.0,5.060056,0.0,0.5236
0.0,5.070056,0.0,0.0
0.0,5.070056,0.0,0.5236
0.0,5.070056,0.0,0.5236
0.0,5.090056,0.0,0.523
0.0,5.090056,0.0,0.5236
0.0,5.100056,0.0,0.5
0.0,5.100056,0.0,0.5236
0.0,5.100056,0.0,0.5236
0.0,5.110056,0.0,0.0
0.0,5.120056,0.0,0.5236
0.0,5.120056,0.0,0.5236
0.0,5.130056,0.0,0.52
0.0,5.130056,0.0,0.5236
0.0,5.130056,0.0,0.5236
0.0,5.140056,0.0,0.0
0.0,5.150056,0.0,0.5236
0.0,5.150056,0.0,0.5236
0.0,5.160056,0.0,0.523
0.0,5.160056,0.0,0.5236
0.0,5.170056,0.0,0.5
0.0,5.180056,0.0,0.5236
0.0,5.180056,0.0,0.5236
0.0,5.190056,0.0,0.0
0.0,5.190056,0.0,0.5236
0.0,5.190056,0.0,0.5236
0.0,5.200056,0.0,0.52
0.0,5.210056,0.0,0.5236
0.0,5.210056,0.0,0.5236
0.0,5.220056,0.0,0.0
0.0,5.220056,0.0,0.5236
0.0,5.220056,0.0,0.5236
0.0,5.230056,0.0,0.523
0.0,5.240056,0.0,0.5236
0.0,5.250056,0.0,0.5
0.0,5.250056,0.0,0.5236
0.0,5.250056,0.0,0.5236
0.0,5.260056,0.0,0.0
0.0,5.260056,0.0,0.5236
0.0,5.270056,0.0,0.5236
0.0,5.280056,0.0,0.52
0.0,5.280056,0.0,0.5236
0.0,5.280056,0.0,0.5236
0.0,5.290056,0.0,0.0
0.0,5.290056,0.0,0.5236
0.0,5.300056,0.0,0.5236
0.0,5.310056,0.0,0.523
0.0,5.310056,0.0,0.5236
0.0,5.320056,0.0,0.5
0.0,5.320056,0.0,0.5236
0.0,5.330056,0.0,0.5236
0.0,5.330056,0.0,0.0
0.0,5.340056,0.0,0.5236
0.0,5.340056,0.0,0.5236
0.0,5.350056,0.0,0.52
0.0,5.350056,0.0,0.5236
0.0,5.360056,0.0,0.5236
0.0,5.360056,0.0,0.0
0.0,5.370056,0.0,0.5236
0.0,5.370056,0.0,0.5236
0.0,5.380056,0.0,0.523
0.0,5.380056,0.0,0.5236
0.0,5.390056,0.0,0.5
0.0,5.400056,0.0,0.5236
0.0,5.400056,0.0,0.5236
0.0,5.410056,0.0,0.0
0.0,5.410056,0.0,0.5236
0.0,5.410056,0.0,0.5236
0.0,5.420056,0.0,0.52
0.0,5.430056,0.0,0.5236
0.0,5.430056,0.0,0.5236
0.0,5.440056,0.0,0.0
0.0,5.440056,0.0,0.5236
0.0,5.440056,0.0,0.5236
0.0,5.450056,0.0,0.523
0.0,5.460056,0.0,0.5236
0.0,5.470056,0.0,0.5
0.0,5.470056,0.0,0.5236
0.0,5.470056,0.0,0.5236
0.0,5.480056,0.0,0.0
0.0,5.480056,0.0,0.5236
0.0,5.490056,0.0,0.5236
0.0,5.500056,0.0,0.52
0.0,5.500056,0.0,0.5236
0.0,5.500056,0.0,0.5236
0.0,5.510056,0.0,0.0
0.0,5.510056,0.0,0.5236
0.0,5.520056,0.0,0.5236
0.0,5.530056,0.0,0.523
0.0,5.530056,0.0,0.5236
0.0,5.540056,0.0,0.5
0.0,5.540056,0.0,0.5236
0.0,5.550056,0.0,0.5236
0.0,5.560056,0.0,0.0
0.0,5.560056,0.0,0.5236
0.0,5.560056,0.0,0.5236
0.0,5.570056,0.0,0.52
0.0,5.570056,0.0,0.5236
0.0,5.580056,0.0,0.5236
0.0,5.580056,0.0,0.0
0.0,5.590056,0.0,0.5236
0.0,5.590056,0.0,0.5236
0.0,5.600056,0.0,0.523
0.0,5.600056,0.0,0.5236
0.0,5.610056,0.0,0.5
0.0,5.620056,0.0,0.5236
0.0,5.620056,0.0,0.5236
0.0,5.630056,0.0,0.0
0.0,5.630056,0.0,0.5236
0.0,5.630056,0.0,0.5236
0.0,5.640056,0.0,0.52
0.0,5.650056,0.0,0.5236
0.0,5.650056,0.0,0.5236
0.0,5.660056,0.0,0.0
0.0,5.660056,0.0,0.5236
0.0,5.660056,0.0,0.5236
0.0,5.670056,0.0,0.523
0.0,5.680056,0.0,0.5236
0.0,5.690056,0.0,0.5
0.0,5.690056,0.0,0.5236
0.0,5.690056,0.0,0.5236
0.0,5.700056,0.0,0.0
0.0,5.700056,0.0,0.5236
0.0,5.710056,0.0,0.5236
0.0,5.720056,0.0,0.52
0.0,5.720056,0.0,0.5236
0.0,5.720056,0.0,0.5236
0.0,5.730056,0.0,0.0
0.0,5.730056,0.0,0.5236
0.0,5.740056,0.0,0.5236
0.0,5.750056,0.0,0.523
0.0,5.750056,0.0,0.5236
0.0,5.760056,0.0,0.5
0.0,5.760056,0.0,0.5236
0.0,5.770056,0.0,0.5236
0.0,5.780056,0.0,0.0
0.0,5.780056,0.0,0.5236
0.0,5.780056,0.0,0.5236
0.0,5.790056,0.0,0.52
0.0,5.790056,0.0,0.5236
0.0,5.800056,0.0,0.5236
0.0,5.810056,0.0,0.0
0.0,5.810056,0.0,0.5236
0.0,5.810056,0.0,0.5236
0.0,5.820056,0.0,0.523
0.0,5.820056,0.0,0.5236
0.0,5.840056,0.0,0.5
0.0,5.840056,0.0,0.5236
0.0,5.840056,0.0,0.5236
0.0,5.850056,0.0,0.0
0.0,5.850056,0.0,0.5236
0.0,5.850056,0.0,0.5236
0.0,5.870056,0.0,0.52
0.0,5.870056,0.0,0.5236
0.0,5.870056,0.0,0.5236
0.0,5.880056,0.0,0.0
0.0,5.880056,0.0,0.5236
0.0,5.880056,0.0,0.5236
0.0,5.900056,0.0,0.523
0.0,5.900056,0.0,0.5236
0.0,5.910056,0.0,0.5
0.0,5.910056,0.0,0.5236
0.0,5.910056,0.0,0.5236
0.0,5.920056,0.0,0.0
0.0,5.930056,0.0,0.5236
0.0,5.930056,0.0,0.5236
0.0,5.930056,0.0,0.5236
0.0,5.930056,0.0,0.5236
0.0,5.930056,0.0,0.5236
0.0,5.940056,0.0,0.5236
0.0,5.940056,0.0,0.5236
0.0,5.940056,0.0,0.5236
0.0,5.940056,0.0,0.5236
0.0,5.950056,0.0,0.5236
0.0,5.950056,0.0,0.5236
0.0,5.950056,0.0,0.5236
0.0,5.950056,0.0,0.5236
0.0,5.950056,0.0,0.5236
0.0,5.960056,0.0,0.5236
0.0,5.960056,0.0,0.5236
0.0,5.960056,0.0,0.5236
0.0,5.960056,0.0,0.5236
0.0,5.970056,0.0,0.5236
0.0,5.970056,0.0,0.5236
0.0,5.970056,0.0,0.5236
0.0,5.970056,0.0,0.5236
0.0,5.980056,0.0,0.5236
0.0,5.980056,0.0,0.5236
0.0,5.980056,0.0,0.5236
0.0,5.980056,0.0,0.5236
0.0,5.980056,0.0,0.5236
0.0,5.990056,0.0,0.5236
0.0,5.990056,0.0,0.5236
0.0,5.990056,0.0,0.5236
0.0,5.990056,0.0,0.5236
0.0,6.000056,0.0,0.5236
0.0,6.000056,0.0,0.5236
0.0,6.000056,0.0,0.5236
0.0,6.000056,0.0,0.5236
0.0,6.010056,0.0,0.5236
0.0,6.010056,0.0,0.5236
0.0,6.010056,0.0,0.5236
0.0,6.010056,0.0,0.52
0.0,6.010056,0.0,0.5236
0.0,6.020056,0.0,0.5236
0.0,6.030056,0.0,0.0
0.0,6.030056,0.0,0.5236
0.0,6.030056,0.0,0.5236
0.0,6.040056,0.0,0.523
0.0,6.040056,0.0,0.5236
0.0,6.060056,0.0,0.5
0.0,6.060056,0.0,0.5236
0.0,6.060056,0.0,0.5236
0.0,6.070056,0.0,0.0
0.0,6.070056,0.0,0.5236
0.0,6.070056,0.0,0.5236
0.0,6.090056,0.0,0.52
0.0,6.090056,0.0,0.5236
0.0,6.090056,0.0,0.5236
0.0,6.100056,0.0,0.0
0.0,6.100056,0.0,0.5236
0.0,6.100056,0.0,0.5236
0.0,6.120056,0.0,0.523
0.0,6.120056,0.0,0.5236
0.0,6.130056,0.0,0.5
0.0,6.130056,0.0,0.5236
0.0,6.130056,0.0,0.5236
0.0,6.140056,0.0,0.0
0.0,6.150056,0.0,0.5236
0.0,6.150056,0.0,0.5236
0.0,6.160056,0.0,0.52
0.0,6.160056,0.0,0.5236
0.0,6.160056,0.0,0.5236
0.0,6.170056,0.0,0.5236
0.0,6.180056,0.0,0.5236
0.0,6.180056,0.0,0.5236
0.0,6.180056,0.0,0.5236
0.0,6.180056,0.0,0.5236
0.0,6.180056,0.0,0.5236
0.0,6.190056,0.0,0.5236
0.0,6.190056,0.0,0.5236
0.0,6.190056,0.0,0.5236
0.0,6.190056,0.0,0.5236
0.0,6.200056,0.0,0.5236
0.0,6.200056,0.0,0.5236
0.0,6.200056,0.0,0.5236
0.0,6.200056,0.0,0.5236
0.0,6.210056,0.0,0.5236
0.0,6.210056,0.0,0.5236
0.0,6.210056,0.0,0.5236
0.0,6.210056,0.0,0.5236
0.0,6.210056,0.0,0.5236
0.0,6.220056,0.0,0.5236
0.0,6.220056,0.0,0.5236
0.0,6.220056,0.0,0.5236
0.0,6.220056,0.0,0.5236
0.0,6.230056,0.0,0.5236
0.0,6.230056,0.0,0.5236
0.0,6.230056,0.0,0.5236
0.0,6.230056,0.0,0.5236
0.0,6.240056,0.0,0.5236
0.0,6.240056,0.0,0.5236
0.0,6.240056,0.0,0.5236
0.0,6.240056,0.0,0.5236
0.0,6.240056,0.0,0.5236
0.0,6.250056,0.0,0.5236
0.0,6.250056,0.0,0.5236
0.0,6.250056,0.0,0.5236
0.0,6.250056,0.0,0.5236
0.0,6.260056,0.0,0.5236
0.0,6.260056,0.0,0.5236
0.0,6.260056,0.0,0.5236
0.0,6.260056,0.0,0.5236
0.0,6.270056,0.0,0.5236
0.0,6.270056,0.0,0.5236
0.0,6.270056,0.0,0.5236
0.0,6.270056,0.0,0.5236
0.0,6.270056,0.0,0.5236
0.0,6.280056,0.0,0.5236
0.0,6.280056,0.0,0.5236
0.0,6.280056,0.0,0.5236
0.0,6.280056,0.0,0.5236
0.0,6.290056,0.0,0.5236
0.0,6.290056,0.0,0.5236
0.0,6.290056,0.0,0.5236
0.0,6.290056,0.0,0.5236
0.0,6.300056,0.0,0.5236
0.0,6.300056,0.0,0.5236
0.0,6.300056,0.0,0.5236
0.0,6.300056,0.0,0.5236
0.0,6.300056,0.0,0.5236
0.0,6.310056,0.0,0.5236
0.0,6.310056,0.0,0.5236
0.0,6.310056,0.0,0.5236
0.0,6.320056,0.0,0.0
0.0,6.320056,0.0,0.5236
0.0,6.320056,0.0,0.5236
0.0,6.340056,0.0,0.523
0.0,6.340056,0.0,0.5236
0.0,6.350056,0.0,0.5
0.0,6.350056,0.0,0.5236
0.0,6.350056,0.0,0.5236
0.0,6.360056,0.0,0.0
0.0,6.370056,0.0,0.5236
0.0,6.370056,0.0,0.5236
0.0,6.380056,0.0,0.52
0.0,6.380056,0.0,0.5236
0.0,6.380056,0.0,0.5236
0.0,6.390056,0.0,0.0
0.0,6.400056,0.0,0.5236
0.0,6.400056,0.0,0.5236
0.0,6.410056,0.0,0.523
0.0,6.410056,0.0,0.5236
0.0,6.420056,0.0,0.5
0.0,6.430056,0.0,0.5236
0.0,6.430056,0.0,0.5236
0.0,6.440056,0.0,0.0
0.0,6.440056,0.0,0.5236
0.0,6.440056,0.0,0.5236
0.0,6.450056,0.0,0.52
0.0,6.460056,0.0,0.5236
0.0,6.460056,0.0,0.5236
0.0,6.470056,0.0,0.0
0.0,6.470056,0.0,0.5236
0.0,6.470056,0.0,0.5236
0.0,6.480056,0.0,0.523
0.0,6.490056,0.0,0.5236
0.0,6.500056,0.0,0.5
0.0,6.500056,0.0,0.5236
0.0,6.500056,0.0,0.5236
0.0,6.510056,0.0,0.0
0.0,6.510056,0.0,0.5236
0.0,6.520056,0.0,0.5236
0.0,6.530056,0.0,0.52
0.0,6.530056,0.0,0.5236
0.0,6.530056,0.0,0.5236
0.0,6.540056,0.0,0.0
0.0,6.540056,0.0,0.5236
0.0,6.550056,0.0,0.5236
0.0,6.560056,0.0,0.523
0.0,6.560056,0.0,0.5236
0.0,6.570056,0.0,0.5
0.0,6.570056,0.0,0.5236
0.0,6.580056,0.0,0.5236
0.0,6.580056,0.0,0.0
0.0,6.590056,0.0,0.5236
0.0,6.590056,0.0,0.5236
0.0,6.600056,0.0,0.52
0.0,6.600056,0.0,0.5236
0.0,6.610056,0.0,0.5236
0.0,6.610056,0.0,0.0
0.0,6.620056,0.0,0.5236
0.0,6.620056,0.0,0.5236
0.0,6.630056,0.0,0.523
0.0,6.630056,0.0,0.5236
0.0,6.640056,0.0,0.5
0.0,6.650056,0.0,0.5236
0.0,6.650056,0.0,0.5236
0.0,6.660056,0.0,0.0
0.0,6.660056,0.0,0.5236
0.0,6.660056,0.0,0.5236
0.0,6.670056,0.0,0.52
0.0,6.680056,0.0,0.5236
0.0,6.680056,0.0,0.5236
0.0,6.690056,0.0,0.0
0.0,6.690056,0.0,0.5236
0.0,6.690056,0.0,0.5236
0.0,6.700056,0.0,0.523
0.0,6.710056,0.0,0.5236
0.0,6.720056,0.0,0.5
0.0,6.720056,0.0,0.5236
0.0,6.720056,0.0,0.5236
0.0,6.730056,0.0,0.0
0.0,6.730056,0.0,0.5236
0.0,6.740056,0.0,0.5236
0.0,6.750056,0.0,0.52
0.0,6.750056,0.0,0.5236
0.0,6.750056,0.0,0.5236
0.0,6.760056,0.0,0.0
0.0,6.760056,0.0,0.5236
0.0,6.770056,0.0,0.5236
0.0,6.780056,0.0,0.523
0.0,6.780056,0.0,0.5236
0.0,6.790056,0.0,0.5
0.0,6.790056,0.0,0.5236
0.0,6.800056,0.0,0.5236
0.0,6.810056,0.0,0.0
0.0,6.810056,0.0,0.5236
0.0,6.810056,0.0,0.5236
0.0,6.820056,0.0,0.52
0.0,6.820056,0.0,0.5236
0.0,6.830056,0.0,0.5236
0.0,6.840056,0.0,0.0
0.0,6.840056,0.0,0.5236
0.0,6.840056,0.0,0.5236
0.0,6.850056,0.0,0.523
0.0,6.850056,0.0,0.5236
0.0,6.860056,0.0,0.5
0.0,6.870056,0.0,0.5236
0.0,6.870056,0.0,0.5236
0.0,6.870056,0.0,0.5236
0.0,6.880056,0.0,0.5236
0.0,6.880056,0.0,0.5236
0.0,6.880056,0.0,0.5236
0.0,6.880056,0.0,0.5236
0.0,6.890056,0.0,0.5236
0.0,6.890056,0.0,0.5236
0.0,6.890056,0.0,0.5236
0.0,6.890056,0.0,0.5236
0.0,6.890056,0.0,0.5236
0.0,6.900056,0.0,0.5236
0.0,6.900056,0.0,0.5236
0.0,6.900056,0.0,0.5236
0.0,6.900056,0.0,0.5236
0.0,6.910056,0.0,0.5236
0.0,6.910056,0.0,0.5236
0.0,6.910056,0.0,0.5236
0.0,6.910056,0.0,0.5236
0.0,6.920056,0.0,0.5236
0.0,6.920056,0.0,0.5236
0.0,6.920056,0.0,0.5236
0.0,6.920056,0.0,0.523
0.0,6.930056,0.0,0.5236
0.0,6.940056,0.0,0.5
0.0,6.940056,0.0,0.5236
0.0,6.940056,0.0,0.5236
0.0,6.950056,0.0,0.0
0.0,6.950056,0.0,0.5236
0.0,6.960056,0.0,0.5236
0.0,6.970056,0.0,0.52
0.0,6.970056,0.0,0.5236
0.0,6.970056,0.0,0.5236
0.0,6.980056,0.0,0.0
0.0,6.980056,0.0,0.5236
0.0,6.990056,0.0,0.5236
0.0,7.000056,0.0,1.221
0.0,7.000056,0.0,1.22173
0.0,7.010056,0.0,1.2
0.0,7.010056,0.0,1.22173
0.0,7.020056,0.0,1.22173
0.0,7.030056,0.0,1.0
0.0,7.030056,0.0,1.2217
0.0,7.030056,0.0,1.22173
0.0,7.040056,0.0,1.22
0.0,7.040056,0.0,1.22173
0.0,7.050056,0.0,1.22173
0.0,7.060056,0.0,1.0
0.0,7.060056,0.0,1.22173
0.0,7.060056,0.0,1.22173
0.0,7.070056,0.0,1.221
0.0,7.070056,0.0,1.22173
0.0,7.090056,0.0,1.2
0.0,7.090056,0.0,1.22173
0.0,7.090056,0.0,1.22173
0.0,7.100056,0.0,1.0
0.0,7.100056,0.0,1.2217
0.0,7.100056,0.0,1.22173
0.0,7.120056,0.0,1.22
0.0,7.120056,0.0,1.22173
0.0,7.120056,0.0,1.22173
0.0,7.130056,0.0,1.0
0.0,7.130056,0.0,1.22173
0.0,7.130056,0.0,1.22173
0.0,7.150056,0.0,1.221
0.0,7.150056,0.0,1.22173
0.0,7.160056,0.0,1.2
0.0,7.160056,0.0,1.22173
0.0,7.160056,0.0,1.22173
0.0,7.170056,0.0,1.0
0.0,7.180056,0.0,1.2217
0.0,7.180056,0.0,1.22173
0.0,7.190056,0.0,1.22
0.0,7.190056,0.0,1.22173
0.0,7.190056,0.0,1.22173
0.0,7.200056,0.0,1.0
0.0,7.265592,0.0,1.22173
0.0,7.210056,0.0,1.22173
0.0,7.220056,0.0,1.221
0.0,7.220056,0.0,1.22173
0.0,7.230056,0.0,1.2
0.0,7.230056,0.0,1.22173
0.0,7.240056,0.0,1.22173
0.0,7.250056,0.0,1.0
0.0,7.250056,0.0,1.2217
0.0,7.250056,0.0,1.22173
0.0,7.260056,0.0,1.22
0.0,7.260056,0.0,1.22173
0.0,7.270056,0.0,1.22173
0.0,7.280056,0.0,1.0
0.0,7.280056,0.0,1.22173
0.0,7.280056,0.0,1.22173
0.0,7.290056,0.0,1.221
0.0,7.290056,0.0,1.22173
0.0,7.310056,0.0,1.2
0.0,7.310056,0.0,1.22173
0.0,7.310056,0.0,1.22173
0.0,7.320056,0.0,1.0
0.0,7.320056,0.0,1.2217
0.0,7.320056,0.0,1.22173
0.0,7.340056,0.0,1.22
0.0,7.340056,0.0,1.22173
0.0,7.340056,0.0,1.22173
0.0,7.350056,0.0,1.0
0.0,7.350056,0.0,1.22173
0.0,7.350056,0.0,1.22173
0.0,7.370056,0.0,1.221
0.0,7.370056,0.0,1.22173
0.0,7.380056,0.0,1.2
0.0,7.380056,0.0,1.22173
0.0,7.380056,0.0,1.22173
0.0,7.390056,0.0,1.0
0.0,7.400056,0.0,1.2217
0.0,7.400056,0.0,1.22173
0.0,7.410056,0.0,1.22
0.0,7.410056,0.0,1.22173
0.0,7.410056,0.0,1.22173
0.0,7.420056,0.0,1.0
0.0,7.430056,0.0,1.22173
0.0,7.430056,0.0,1.22173
0.0,7.440056,0.0,1.221
0.0,7.440056,0.0,1.22173
0.0,7.450056,0.0,1.2
0.0,7.460056,0.0,1.22173
0.0,7.460056,0.0,1.22173
0.0,7.470056,0.0,1.0
0.0,7.470056,0.0,1.2217
0.0,7.470056,0.0,1.22173
0.0,7.480056,0.0,1.22
0.0,7.490056,0.0,1.22173
0.0,7.490056,0.0,1.22173
0.0,7.500056,0.0,1.0
0.0,7.500056,0.0,1.22173
0.0,7.500056,0.0,1.22173
0.0,7.510056,0.0,1.221
0.0,7.520056,0.0,1.22173
0.0,7.530056,0.0,1.2
0.0,7.530056,0.0,1.22173
0.0,7.530056,0.0,1.22173
0.0,7.540056,0.0,1.0
0.0,7.540056,0.0,1.2217
0.0,7.550056,0.0,1.22173
0.0,7.560056,0.0,1.22
0.0,7.560056,0.0,1.22173
0.0,7.560056,0.0,1.22173
0.0,7.570056,0.0,1.0
0.0,7.570056,0.0,1.22173
0.0,7.570056,0.0,1.22173
0.0,7.590056,0.0,1.221
0.0,7.590056,0.0,1.22173
0.0,7.600056,0.0,1.2
0.0,7.600056,0.0,1.22173
0.0,7.600056,0.0,1.22173
0.0,7.610056,0.0,1.0
0.0,7.620056,0.0,1.2217
0.0,7.620056,0.0,1.22173
0.0,7.630056,0.0,1.22
0.0,7.630056,0.0,1.22173
0.0,7.630056,0.0,1.22173
0.0,7.640056,0.0,1.0
0.0,7.650056,0.0,1.22173
0.0,7.650056,0.0,1.22173
0.0,7.660056,0.0,1.221
0.0,7.660056,0.0,1.22173
0.0,7.670056,0.0,1.2
0.0,7.680056,0.0,1.22173
0.0,7.680056,0.0,1.22173
0.0,7.690056,0.0,1.0
0.0,7.690056,0.0,1.2217
0.0,7.690056,0.0,1.22173
0.0,7.700056,0.0,1.22
0.0,7.710056,0.0,1.22173
0.0,7.710056,0.0,1.22173
0.0,7.720056,0.0,1.0
0.0,7.720056,0.0,1.22173
0.0,7.720056,0.0,1.22173
0.0,7.730056,0.0,1.221
0.0,7.740056,0.0,1.22173
0.0,7.740056,0.0,1.22173
0.0,7.740056,0.0,1.22173
0.0,7.750056,0.0,1.22173
0.0,7.750056,0.0,1.22173
0.0,7.750056,0.0,1.22173
0.0,7.750056,0.0,1.22173
0.0,7.760056,0.0,1.22173
0.0,7.760056,0.0,1.22173
0.0,7.760056,0.0,1.0
0.0,7.760056,0.0,1.2217
0.0,7.770056,0.0,1.22173
0.0,7.770056,0.0,1.22173
0.0,7.770056,0.0,1.22173
0.0,7.770056,0.0,1.22173
0.0,7.770056,0.0,1.22173
0.0,7.780056,0.0,1.22173
0.0,7.780056,0.0,1.22173
0.0,7.780056,0.0,1.22173
0.0,7.780056,0.0,1.22173
0.0,7.790056,0.0,1.0
0.0,7.790056,0.0,1.22173
0.0,7.800056,0.0,1.22173
0.0,7.810056,0.0,1.221
0.0,7.810056,0.0,1.22173
0.0,7.820056,0.0,1.2
0.0,7.820056,0.0,1.22173
0.0,7.830056,0.0,1.22173
0.0,7.830056,0.0,1.0
0.0,7.840056,0.0,1.2217
0.0,7.840056,0.0,1.22173
0.0,7.850056,0.0,1.22
0.0,7.850056,0.0,1.22173
0.0,7.860056,0.0,1.22173
0.0,7.860056,0.0,1.0
0.0,7.870056,0.0,1.22173
0.0,7.870056,0.0,1.22173
0.0,7.880056,0.0,1.221
0.0,7.880056,0.0,1.22173
0.0,7.890056,0.0,1.2
0.0,7.900056,0.0,1.22173
0.0,7.900056,0.0,1.22173
0.0,7.910056,0.0,1.0
0.0,7.910056,0.0,1.2217
0.0,7.910056,0.0,1.22173
0.0,7.920056,0.0,1.22
0.0,7.930056,0.0,1.22173
0.0,7.930056,0.0,1.22173
0.0,7.940056,0.0,1.0
0.0,7.940056,0.0,1.22173
0.0,7.940056,0.0,1.22173
0.0,7.950056,0.0,1.221
0.0,7.960056,0.0,1.22173
0.0,7.970056,0.0,1.2
0.0,7.970056,0.0,1.22173
0.0,7.970056,0.0,1.22173
0.0,7.980056,0.0,1.0
0.0,7.980056,0.0,1.2217
0.0,7.990056,0.0,1.22173
0.0,8.000056,0.0,1.22
0.0,8.000056,0.0,1.22173
0.0,8.000056,0.0,1.22173
0.0,8.010056,0.0,1.0
0.0,8.010056,0.0,1.22173
0.0,8.020056,0.0,1.22173
0.0,8.030056,0.0,1.221
0.0,8.030056,0.0,1.22173
0.0,8.040056,0.0,1.2
0.0,8.040056,0.0,1.22173
0.0,8.050056,0.0,1.22173
0.0,8.050056,0.0,1.22173
0.0,8.060056,0.0,1.0
0.0,8.060056,0.0,1.2217
0.0,8.060056,0.0,1.22173
0.0,8.060056,0.0,1.22173
0.0,8.060056,0.0,1.22173
0.0,8.070056,0.0,1.22
0.0,8.070056,0.0,1.22173
0.0,8.080056,0.0,1.22173
0.0,8.090056,0.0,1.0
0.0,8.090056,0.0,1.22173
0.0,8.090056,0.0,1.22173
0.0,8.100056,0.0,1.221
0.0,8.100056,0.0,1.22173
0.0,8.110056,0.0,1.2
0.0,8.120056,0.0,1.22173
0.0,8.120056,0.0,1.22173
0.0,8.130056,0.0,1.0
0.0,8.130056,0.0,1.2217
0.0,8.130056,0.0,1.22173
0.0,8.140056,0.0,1.22
0.0,8.150056,0.0,1.22173
0.0,8.150056,0.0,1.22173
0.0,8.160056,0.0,1.0
0.0,8.160056,0.0,1.22173
0.0,8.160056,0.0,1.22173
0.0,8.170056,0.0,1.221
0.0,8.180056,0.0,1.22173
0.0,8.190056,0.0,1.2
0.0,8.190056,0.0,1.22173
0.0,8.190056,0.0,1.22173
0.0,8.200056,0.0,1.0
0.0,8.200056,0.0,1.2217
0.0,8.210056,0.0,1.22173
0.0,8.220056,0.0,1.22
0.0,8.220056,0.0,1.22173
0.0,8.220056,0.0,1.22173
0.0,8.230056,0.0,1.0
0.0,8.230056,0.0,1.22173
0.0,8.240056,0.0,1.22173
0.0,8.250056,0.0,1.221
0.0,8.250056,0.0,1.22173
0.0,8.260056,0.0,1.2
0.0,8.260056,0.0,1.22173
0.0,8.270056,0.0,1.22173
0.0,8.280056,0.0,1.0
0.0,8.280056,0.0,1.2217
0.0,8.280056,0.0,1.22173
0.0,8.290056,0.0,1.22
0.0,8.290056,0.0,1.22173
0.0,8.300056,0.0,1.22173
0.0,8.310056,0.0,1.0
0.0,8.310056,0.0,1.22173
0.0,8.310056,0.0,1.22173
0.0,8.320056,0.0,1.221
0.0,8.320056,0.0,1.22173
0.0,8.340056,0.0,1.2
0.0,8.340056,0.0,1.22173
0.0,8.340056,0.0,1.22173
0.0,8.350056,0.0,1.0
0.0,8.350056,0.0,1.2217
0.0,8.350056,0.0,1.22173
0.0,8.370056,0.0,1.22
0.0,8.370056,0.0,1.22173
0.0,8.370056,0.0,1.22173
0.0,8.380056,0.0,1.0
0.0,8.380056,0.0,1.22173
0.0,8.380056,0.0,1.22173
0.0,8.400056,0.0,1.221
0.0,8.400056,0.0,1.22173
0.0,8.410056,0.0,1.2
0.0,8.410056,0.0,1.22173
0.0,8.410056,0.0,1.22173
0.0,8.420056,0.0,1.0
0.0,8.430056,0.0,1.2217
0.0,8.430056,0.0,1.22173
0.0,8.440056,0.0,1.22
0.0,8.440056,0.0,1.22173
0.0,8.440056,0.0,1.22173
0.0,8.450056,0.0,1.22173
0.0,8.450056,0.0,1.22173
0.0,8.450056,0.0,1.0
0.0,8.460056,0.0,1.22173
0.0,8.460056,0.0,1.22173
0.0,8.470056,0.0,1.221
0.0,8.470056,0.0,1.22173
0.0,8.470056,0.0,1.22173
0.0,8.480056,0.0,1.22173
0.0,8.480056,0.0,1.2
0.0,8.480056,0.0,1.22173
0.0,8.490056,0.0,1.22173
0.0,8.490056,0.0,1.22173
0.0,8.490056,0.0,1.22173
0.0,8.490056,0.0,1.22173
0.0,8.500056,0.0,1.22173
0.0,8.500056,0.0,1.22173
0.0,8.500056,0.0,1.22173
0.0,8.500056,0.0,1.22173
0.0,8.510056,0.0,1.22173
0.0,8.510056,0.0,1.22173
0.0,8.510056,0.0,1.22173
0.0,8.510056,0.0,1.22173
0.0,8.510056,0.0,1.22173
0.0,8.520056,0.0,1.22173
0.0,8.520056,0.0,1.22173
0.0,8.520056,0.0,1.22173
0.0,8.520056,0.0,1.22173
0.0,8.530056,0.0,1.22173
0.0,8.530056,0.0,1.22173
0.0,8.530056,0.0,1.22173
0.0,8.530056,0.0,1.22173
0.0,8.540056,0.0,1.22173
0.0,8.540056,0.0,1.22173
0.0,8.540056,0.0,1.22173
0.0,8.540056,0.0,1.22173
0.0,8.540056,0.0,1.22173
0.0,8.550056,0.0,1.22173
0.0,8.550056,0.0,1.22173
0.0,8.550056,0.0,1.22173
0.0,8.550056,0.0,1.22173
0.0,8.560056,0.0,1.22173
0.0,8.560056,0.0,1.22173
0.0,8.560056,0.0,1.22173
0.0,8.560056,0.0,1.22173
0.0,8.570056,0.0,1.22173
0.0,8.570056,0.0,1.22173
0.0,8.570056,0.0,1.22173
0.0,8.570056,0.0,1.22173
0.0,8.570056,0.0,1.22173
0.0,8.580056,0.0,1.22173
0.0,8.580056,0.0,1.22173
0.0,8.580056,0.0,1.22173
0.0,8.580056,0.0,1.22173
0.0,8.590056,0.0,1.22173
0.0,8.590056,0.0,1.22173
0.0,8.590056,0.0,1.22173
0.0,8.590056,0.0,1.22173
0.0,8.600056,0.0,1.22173
0.0,8.600056,0.0,1.22173
0.0,8.600056,0.0,1.22173
0.0,8.600056,0.0,1.22173
0.0,8.600056,0.0,1.22173
0.0,8.610056,0.0,1.22173
0.0,8.610056,0.0,1.22173
0.0,8.610056,0.0,1.22173
0.0,8.610056,0.0,1.22173
0.0,8.620056,0.0,1.22173
0.0,8.620056,0.0,1.22173
0.0,8.620056,0.0,1.22173
0.0,8.620056,0.0,1.22173
0.0,8.630056,0.0,1.22173
0.0,8.630056,0.0,1.22173
0.0,8.630056,0.0,1.22173
0.0,8.630056,0.0,1.22173
0.0,8.630056,0.0,1.22173
0.0,8.640056,0.0,1.22173
0.0,8.640056,0.0,1.0
0.0,8.650056,0.0,1.2217
0.0,8.650056,0.0,1.22173
0.0,8.660056,0.0,1.22
0.0,8.660056,0.0,1.22173
0.0,8.660056,0.0,1.22173
0.0,8.670056,0.0,1.0
0.0,8.680056,0.0,1.22173
0.0,8.680056,0.0,1.22173
0.0,8.690056,0.0,1.221
0.0,8.690056,0.0,1.22173
0.0,8.700056,0.0,1.2
0.0,8.710056,0.0,1.22173
0.0,8.710056,0.0,1.22173
0.0,8.720056,0.0,1.0
0.0,8.720056,0.0,1.2217
0.0,8.720056,0.0,1.22173
0.0,8.730056,0.0,1.22
0.0,8.740056,0.0,1.22173
0.0,8.740056,0.0,1.22173
0.0,8.750056,0.0,1.0
0.0,8.750056,0.0,1.22173
0.0,8.750056,0.0,1.22173
0.0,8.760056,0.0,1.221
0.0,8.770056,0.0,1.22173
0.0,8.780056,0.0,1.2
0.0,8.780056,0.0,1.22173
0.0,8.780056,0.0,1.22173
0.0,8.790056,0.0,1.0
0.0,8.790056,0.0,1.2217
0.0,8.800056,0.0,1.22173
0.0,8.800056,0.0,1.22173
0.0,8.810056,0.0,1.22
0.0,8.810056,0.0,1.22173
0.0,8.810056,0.0,1.22173
0.0,8.820056,0.0,1.0
0.0,8.820056,0.0,1.22173
0.0,8.820056,0.0,1.22173
0.0,8.840056,0.0,1.221
0.0,8.840056,0.0,1.22173
0.0,8.850056,0.0,1.2
0.0,8.850056,0.0,1.22173
0.0,8.850056,0.0,1.22173
0.0,8.860056,0.0,1.0
0.0,8.870056,0.0,1.2217
0.0,8.870056,0.0,1.22173
0.0,8.880056,0.0,1.22
0.0,8.880056,0.0,1.22173
0.0,8.880056,0.0,1.22173
0.0,8.890056,0.0,1.0
0.0,8.900056,0.0,1.22173
0.0,8.900056,0.0,1.22173
0.0,8.900056,0.0,1.22173
0.0,8.900056,0.0,1.22173
0.0,8.910056,0.0,1.221
0.0,8.910056,0.0,1.22173
0.0,8.920056,0.0,1.2
0.0,8.930056,0.0,1.22173
0.0,8.930056,0.0,1.22173
0.0,8.940056,0.0,1.0
0.0,8.940056,0.0,1.2217
0.0,8.940056,0.0,1.22173
0.0,8.950056,0.0,1.22
0.0,8.960056,0.0,1.22173
0.0,8.960056,0.0,1.22173
0.0,8.970056,0.0,1.0
0.0,8.970056,0.0,1.22173
0.0,8.970056,0.0,1.22173
0.0,8.980056,0.0,1.221
0.0,8.990056,0.0,1.22173
0.0,8.990056,0.0,1.22173
0.0,9.000056,0.0,2.8
0.0,9.000056,0.0,2.87939
0.0,9.000056,0.0,2.87939
0.0,9.010076,0.00015700000000000002,2.0
0.0,9.010076,0.00031400000000000004,2.8793
0.0,9.02008,0.0014135,2.87939
0.0,9.030076,0.004398,2.87
0.0,9.030076,0.0073825,2.87939
0.0,9.030076,0.010367000000000001,2.87939
0.0,9.04008,0.015865,2.0
0.0,9.04008,0.021363000000000004,2.87939
0.0,9.05008,0.029924000000000003,2.87939
0.0,9.06008,0.041940500000000006,2.879
0.0,9.06008,0.053957000000000005,2.87939
0.0,9.07008,0.0697435,2.8
0.0,9.07008,0.08553000000000001,2.87939
0.0,9.08008,0.10547900000000002,2.87939
0.0,9.09008,0.125428,2.0
0.0,9.09008,0.14953950000000002,2.8793
0.0,9.09008,0.173651,2.87939
0.0,9.100084,0.2010615,2.87
0.0,9.100084,0.228472,2.87939
0.0,9.110084,0.2580815,2.87939
0.0,9.120084,0.28753399999999996,2.0
0.0,9.120084,0.3181645000000001,2.87939
0.0,9.120084,0.34785250000000006,2.87939
0.0,9.130084,0.3758125000000001,2.879
0.0,9.130084,0.4037725000000001,2.87939
0.0,9.150056,0.4315755000000001,2.8
0.0,9.150056,0.4568650000000001,2.87939
0.0,9.150056,0.48215450000000004,2.87939
0.0,9.160056,0.5043810000000001,2.0
0.0,9.160056,0.523152,2.8793
0.0,9.160056,0.541923,2.87939
0.0,9.170056,0.556924,2.87
0.0,9.180056,0.571925,2.87939
0.0,9.180056,0.5827635,2.87939
0.0,9.190056,0.5936020000000001,2.0
0.0,9.190056,0.6002780000000001,2.87939
0.0,9.190056,0.6069540000000001,2.87939
0.0,9.200056,0.6103310000000002,2.879
0.0,9.210056,0.6137080000000003,2.87939
0.0,9.220056,0.6148860000000003,2.8
0.0,9.220056,0.6160640000000002,2.87939
0.0,9.220056,0.6160640000000002,2.87939
0.0,9.230056,0.6160640000000002,2.0
0.0,9.230056,0.6159070000000002,2.8793
0.0,9.240056,0.6157500000000002,2.87939
0.0,9.250056,0.6157500000000002,2.87
0.0,9.250056,0.6157500000000002,2.87939
0.0,9.250056,0.6157500000000002,2.87939
0.0,9.260056,0.6157500000000002,2.0
0.0,9.260056,0.6157500000000002,2.87939
0.0,9.270056,0.6157500000000002,2.87939
0.0,9.280056,0.6157500000000002,2.879
0.0,9.280056,0.6157500000000002,2.87939
0.0,9.290056,0.6157500000000002,2.8
0.0,9.290056,0.6157500000000002,2.87939
0.0,9.300056,0.6157500000000002,2.87939
0.0,9.310056,0.6157500000000002,2.0
0.0,9.310056,0.6157500000000002,2.8793
0.0,9.310056,0.6157500000000002,2.87939
0.0,9.320056,0.6157500000000002,2.87
0.0,9.320056,0.6157500000000002,2.87939
0.0,9.330056,0.6157500000000002,2.87939
0.0,9.340056,0.6157500000000002,2.0
0.0,9.340056,0.6157500000000002,2.87939
0.0,9.340056,0.6157500000000002,2.87939
0.0,9.350056,0.6157500000000002,2.879
0.0,9.350056,0.6157500000000002,2.87939
0.0,9.370056,0.6157500000000002,2.8
0.0,9.370056,0.6157500000000002,2.87939
0.0,9.370056,0.6157500000000002,2.87939
0.0,9.380056,0.6157500000000002,2.0
0.0,9.380056,0.6157500000000002,2.8793
0.0,9.380056,0.6157500000000002,2.87939
0.0,9.400056,0.6157500000000002,2.87
0.0,9.400056,0.6157500000000002,2.87939
0.0,9.400056,0.6157500000000002,2.87939
0.0,9.410056,0.6157500000000002,2.0
0.0,9.410056,0.6157500000000002,2.87939
0.0,9.410056,0.6157500000000002,2.87939
0.0,9.430056,0.6157500000000002,2.879
0.0,9.430056,0.6157500000000002,2.87939
0.0,9.440056,0.6157500000000002,2.8
0.0,9.440056,0.6157500000000002,2.87939
0.0,9.440056,0.6157500000000002,2.87939
0.0,9.450056,0.6157500000000002,2.0
0.0,9.460056,0.6157500000000002,2.8793
0.0,9.460056,0.6157500000000002,2.87939
0.0,9.470056,0.6157500000000002,2.87
0.0,9.470056,0.6157500000000002,2.87939
0.0,9.470056,0.6157500000000002,2.87939
0.0,9.480056,0.6157500000000002,2.0
0.0,9.490056,0.6157500000000002,2.87939
0.0,9.490056,0.6157500000000002,2.87939
0.0,9.500056,0.6157500000000002,2.879
0.0,9.500056,0.6157500000000002,2.87939
0.0,9.510056,0.6157500000000002,2.8
0.0,9.510056,0.6157500000000002,2.87939
0.0,9.520056,0.6157500000000002,2.87939
0.0,9.530056,0.6157500000000002,2.0
0.0,9.530056,0.6157500000000002,2.8793
0.0,9.530056,0.6157500000000002,2.87939
0.0,9.540056,0.6157500000000002,2.87
0.0,9.540056,0.6157500000000002,2.87939
0.0,9.550056,0.6157500000000002,2.87939
0.0,9.560056,0.6157500000000002,2.0
0.0,9.560056,0.6157500000000002,2.87939
0.0,9.560056,0.6157500000000002,2.87939
0.0,9.570056,0.6157500000000002,2.879
0.0,9.570056,0.6157500000000002,2.87939
0.0,9.590056,0.6157500000000002,2.8
0.0,9.590056,0.6157500000000002,2.87939
0.0,9.590056,0.6157500000000002,2.87939
0.0,9.600056,0.6157500000000002,2.0
0.0,9.600056,0.6157500000000002,2.8793
0.0,9.600056,0.6157500000000002,2.87939
0.0,9.620056,0.6157500000000002,2.87
0.0,9.620056,0.6157500000000002,2.87939
0.0,9.620056,0.6157500000000002,2.87939
0.0,9.630056,0.6157500000000002,2.0
0.0,9.630056,0.6157500000000002,2.87939
0.0,9.630056,0.6157500000000002,2.87939
0.0,9.650056,0.6157500000000002,2.879
0.0,9.650056,0.6157500000000002,2.87939
0.0,9.660056,0.6157500000000002,2.8
0.0,9.660056,0.6157500000000002,2.87939
0.0,9.660056,0.6157500000000002,2.87939
0.0,9.670056,0.6157500000000002,2.0
0.0,9.680056,0.6157500000000002,2.8793
0.0,9.680056,0.6157500000000002,2.87939
0.0,9.690056,0.6157500000000002,2.87
0.0,9.690056,0.6157500000000002,2.87939
0.0,9.690056,0.6157500000000002,2.87939
0.0,9.700056,0.6157500000000002,2.0
0.0,9.710056,0.6157500000000002,2.87939
0.0,9.710056,0.6157500000000002,2.87939
0.0,9.720056,0.6157500000000002,2.879
0.0,9.720056,0.6157500000000002,2.87939
0.0,9.730056,0.6157500000000002,2.8
0.0,9.740056,0.6157500000000002,2.87939
0.0,9.740056,0.6157500000000002,2.87939
0.0,9.750056,0.6157500000000002,2.0
0.0,9.750056,0.6157500000000002,2.8793
0.0,9.750056,0.6157500000000002,2.87939
0.0,9.760056,0.6157500000000002,2.87
0.0,9.770056,0.6157500000000002,2.87939
0.0,9.770056,0.6157500000000002,2.87939
0.0,9.780056,0.6157500000000002,2.0
0.0,9.780056,0.6157500000000002,2.87939
0.0,9.780056,0.6157500000000002,2.87939
0.0,9.790056,0.6157500000000002,2.879
0.0,9.800056,0.6157500000000002,2.87939
0.0,9.810056,0.6157500000000002,2.8
0.0,9.810056,0.6157500000000002,2.87939
0.0,9.810056,0.6157500000000002,2.87939
0.0,9.820056,0.6157500000000002,2.0
0.0,9.820056,0.6157500000000002,2.8793
0.0,9.830056,0.6157500000000002,2.87939
0.0,9.840056,0.6157500000000002,2.87
0.0,9.840056,0.6157500000000002,2.87939
0.0,9.840056,0.6157500000000002,2.87939
0.0,9.850056,0.6157500000000002,2.0
0.0,9.850056,0.6157500000000002,2.87939
0.0,9.860056,0.6157500000000002,2.87939
0.0,9.870056,0.6157500000000002,2.879
0.0,9.870056,0.6157500000000002,2.87939
0.0,9.880056,0.6157500000000002,2.8
0.0,9.880056,0.6157500000000002,2.87939
0.0,9.880056,0.6157500000000002,2.87939
0.0,9.890056,0.6157500000000002,2.0
0.0,9.900056,0.6157500000000002,2.8793
0.0,9.900056,0.6157500000000002,2.87939
0.0,9.910056,0.6157500000000002,2.87
0.0,9.910056,0.6157500000000002,2.87939
0.0,9.910056,0.6157500000000002,2.87939
0.0,9.920056,0.6157500000000002,2.0
0.0,9.930056,0.6157500000000002,2.87939
0.0,9.930056,0.6157500000000002,2.87939
0.0,9.940056,0.6157500000000002,2.879
0.0,9.940056,0.6157500000000002,2.87939
0.0,9.950056,0.6157500000000002,2.8
0.0,9.960056,0.6157500000000002,2.87939
0.0,9.960056,0.6157500000000002,2.87939
0.0,9.970056,0.6157500000000002,2.0
0.0,9.970056,0.6157500000000002,2.8793
0.0,9.970056,0.6157500000000002,2.87939
0.0,9.980056,0.6157500000000002,2.87
0.0,9.990056,0.6157500000000002,2.87939
0.0,9.990056,0.6157500000000002,2.87939
0.0,10.000056,0.6157500000000002,2.87
0.0,10.000056,0.6157500000000002,2.87939
0.0,10.000056,0.6157500000000002,2.87939
0.0,10.020056,0.6157500000000002,2.87
0.0,10.020056,0.6157500000000002,2.87939
0.0,10.020056,0.6157500000000002,2.87939
0.0,10.040056,0.6157500000000002,2.87
0.0,10.040056,0.6157500000000002,2.87939
0.0,10.040056,0.6157500000000002,2.87939
0.0,10.060056,0.6157500000000002,2.87
0.0,10.060056,0.6157500000000002,2.87939
0.0,10.060056,0.6157500000000002,2.87939
0.0,10.060056,0.6157500000000002,2.87939
0.0,10.080056,0.6157500000000002,2.87
0.0,10.080056,0.6157500000000002,2.87939
0.0,10.080056,0.6157500000000002,2.87939
0.0,10.100056,0.6157500000000002,2.87
0.0,10.100056,0.6157500000000002,2.87939
0.0,10.100056,0.6157500000000002,2.87939
0.0,10.100056,0.6157500000000002,2.87939
0.0,10.110056,0.6157500000000002,2.87
0.0,10.120056,0.6157500000000002,2.87939
0.0,10.120056,0.6157500000000002,2.87939
0.0,10.130056,0.6157500000000002,2.87939
0.0,10.130056,0.6157500000000002,2.87939
0.0,10.130056,0.6157500000000002,2.87
0.0,10.140056,0.6157500000000002,2.87939
0.0,10.140056,0.6157500000000002,2.87939
0.0,10.150056,0.6157500000000002,2.87
0.0,10.150056,0.6157500000000002,2.87939
0.0,10.160056,0.6157500000000002,2.87939
0.0,10.170056,0.6157500000000002,2.87
0.0,10.170056,0.6157500000000002,2.87939
0.0,10.180056,0.6157500000000002,2.87939
0.0,10.190056,0.6157500000000002,2.87
0.0,10.190056,0.6157500000000002,2.87939
0.0,10.200056,0.6157500000000002,2.87939
0.0,10.210056,0.6157500000000002,2.87
0.0,10.210056,0.6157500000000002,2.87939
0.0,10.210056,0.6157500000000002,2.87939
0.0,10.230056,0.6157500000000002,2.87
0.0,10.230056,0.6157500000000002,2.87939
0.0,10.230056,0.6157500000000002,2.87939
0.0,10.240056,0.6157500000000002,2.87939
0.0,10.250056,0.6157500000000002,2.87
0.0,10.250056,0.6157500000000002,2.87939
0.0,10.250056,0.6157500000000002,2.87939
0.0,10.270056,0.6157500000000002,2.87
0.0,10.270056,0.6157500000000002,2.87939
0.0,10.270056,0.6157500000000002,2.87939
0.0,10.290056,0.6157500000000002,2.87
0.0,10.290056,0.6157500000000002,2.87939
0.0,10.290056,0.6157500000000002,2.87939
0.0,10.310056,0.6157500000000002,2.87
0.0,10.310056,0.6157500000000002,2.87939
0.0,10.310056,0.6157500000000002,2.87939
0.0,10.320056,0.6157500000000002,2.87
0.0,10.330056,0.6157500000000002,2.87939
0.0,10.330056,0.6157500000000002,2.87939
0.0,10.340056,0.6157500000000002,2.87
0.0,10.350056,0.6157500000000002,2.87939
0.0,10.350056,0.6157500000000002,2.87939
0.0,10.360056,0.6157500000000002,2.87
0.0,10.360056,0.6157500000000002,2.87939
0.0,10.370056,0.6157500000000002,2.87939
0.0,10.380056,0.6157500000000002,2.87
0.0,10.380056,0.6157500000000002,2.87939
0.0,10.390056,0.6157500000000002,2.87939
0.0,10.400056,0.6157500000000002,2.87
0.0,10.400056,0.6157500000000002,2.87939
0.0,10.410056,0.6157500000000002,2.87939
0.0,10.420056,0.6157500000000002,2.87
0.0,10.420056,0.6157500000000002,2.87939
0.0,10.420056,0.6157500000000002,2.87939
0.0,10.440056,0.6157500000000002,2.87
0.0,10.440056,0.6157500000000002,2.87939
0.0,10.440056,0.6157500000000002,2.87939
0.0,10.460056,0.6157500000000002,2.87
0.0,10.460056,0.6157500000000002,2.87939
0.0,10.460056,0.6157500000000002,2.87939
0.0,10.480056,0.6157500000000002,2.87
0.0,10.480056,0.6157500000000002,2.87939
0.0,10.480056,0.6157500000000002,2.87939
0.0,10.500056,0.6157500000000002,2.87
0.0,10.500056,0.6157500000000002,2.87939
0.0,10.500056,0.6157500000000002,2.87939
0.0,10.510056,0.6157500000000002,2.87
0.0,10.520056,0.6157500000000002,2.87939
0.0,10.520056,0.6157500000000002,2.87939
0.0,10.530056,0.6157500000000002,2.87
0.0,10.540056,0.6157500000000002,2.87939
0.0,10.540056,0.6157500000000002,2.87939
0.0,10.550056,0.6157500000000002,2.87
0.0,10.560056,0.6157500000000002,2.87939
0.0,10.560056,0.6157500000000002,2.87939
0.0,10.570056,0.6157500000000002,2.87
0.0,10.570056,0.6157500000000002,2.87939
0.0,10.580056,0.6157500000000002,2.87939
0.0,10.580056,0.6157500000000002,2.87939
0.0,10.590056,0.6157500000000002,2.87
0.0,10.590056,0.6157500000000002,2.87939
0.0,10.600056,0.6157500000000002,2.87939
0.0,10.610056,0.6157500000000002,2.87
0.0,10.610056,0.6157500000000002,2.87939
0.0,10.610056,0.6157500000000002,2.87939
0.0,10.620056,0.6157500000000002,2.87939
0.0,10.620056,0.6157500000000002,2.87939
0.0,10.620056,0.6157500000000002,2.87939
0.0,10.620056,0.6157500000000002,2.87939
0.0,10.630056,0.6157500000000002,2.87939
0.0,10.630056,0.6157500000000002,2.87939
0.0,10.630056,0.6157500000000002,2.87939
0.0,10.630056,0.6157500000000002,2.87939
0.0,10.640056,0.6157500000000002,2.87939
0.0,10.640056,0.6157500000000002,2.87939
0.0,10.640056,0.6157500000000002,2.87939
0.0,10.640056,0.6157500000000002,2.87939
0.0,10.650056,0.6157500000000002,2.87939
0.0,10.650056,0.6157500000000002,2.87939
0.0,10.650056,0.6157500000000002,2.87939
0.0,10.650056,0.6157500000000002,2.87939
0.0,10.660056,0.6157500000000002,2.87939
0.0,10.660056,0.6157500000000002,2.87939
0.0,10.660056,0.6157500000000002,2.87939
0.0,10.660056,0.6157500000000002,2.87939
0.0,10.660056,0.6157500000000002,2.87939
0.0,10.670056,0.6157500000000002,2.87939
0.0,10.670056,0.6157500000000002,2.87939
0.0,10.670056,0.6157500000000002,2.87939
0.0,10.670056,0.6157500000000002,2.87939
0.0,10.680056,0.6157500000000002,2.87939
0.0,10.680056,0.6157500000000002,2.87939
0.0,10.680056,0.6157500000000002,2.87939
0.0,10.680056,0.6157500000000002,2.87939
0.0,10.690056,0.6157500000000002,2.87939
0.0,10.690056,0.6157500000000002,2.87939
0.0,10.690056,0.6157500000000002,2.87939
0.0,10.690056,0.6157500000000002,2.87939
0.0,10.700056,0.6157500000000002,2.87939
0.0,10.700056,0.6157500000000002,2.87939
0.0,10.700056,0.6157500000000002,2.87939
0.0,10.700056,0.6157500000000002,2.87939
0.0,10.710056,0.6157500000000002,2.87939
0.0,10.710056,0.6157500000000002,2.87939
0.0,10.710056,0.6157500000000002,2.87939
0.0,10.710056,0.6157500000000002,2.87939
0.0,10.710056,0.6157500000000002,2.87939
0.0,10.720056,0.6157500000000002,2.87939
0.0,10.720056,0.6157500000000002,2.87939
0.0,10.720056,0.6157500000000002,2.87939
0.0,10.720056,0.6157500000000002,2.87939
0.0,10.730056,0.6157500000000002,2.87939
0.0,10.730056,0.6157500000000002,2.87939
0.0,10.730056,0.6157500000000002,2.87939
0.0,10.730056,0.6157500000000002,2.87939
0.0,10.740056,0.6157500000000002,2.87939
0.0,10.740056,0.6157500000000002,2.87939
0.0,10.740056,0.6157500000000002,2.87939
0.0,10.740056,0.6157500000000002,2.87939
0.0,10.750056,0.6157500000000002,2.87939
0.0,10.750056,0.6157500000000002,2.87939
0.0,10.750056,0.6157500000000002,2.87939
0.0,10.750056,0.6157500000000002,2.87939
0.0,10.760056,0.6157500000000002,2.87939
0.0,10.760056,0.6157500000000002,2.87939
0.0,10.760056,0.6157500000000002,2.87939
0.0,10.760056,0.6157500000000002,2.87939
0.0,10.760056,0.6157500000000002,2.87939
0.0,10.770056,0.6157500000000002,2.87939
0.0,10.770056,0.6157500000000002,2.87939
0.0,10.770056,0.6157500000000002,2.87939
0.0,10.770056,0.6157500000000002,2.87939
0.0,10.780056,0.6157500000000002,2.87939
0.0,10.780056,0.6157500000000002,2.87939
0.0,10.780056,0.6157500000000002,2.87939
0.0,10.780056,0.6157500000000002,2.87939
0.0,10.790056,0.6157500000000002,2.87939
0.0,10.790056,0.6157500000000002,2.87939
0.0,10.790056,0.6157500000000002,2.87939
0.0,10.790056,0.6157500000000002,2.87939
0.0,10.800056,0.6157500000000002,2.87939
0.0,10.800056,0.6157500000000002,2.87939
0.0,10.800056,0.6157500000000002,2.87939
0.0,10.800056,0.6157500000000002,2.87939
0.0,10.810056,0.6157500000000002,2.87939
0.0,10.810056,0.6157500000000002,2.87939
0.0,10.810056,0.6157500000000002,2.87939
0.0,10.810056,0.6157500000000002,2.87939
0.0,10.810056,0.6157500000000002,2.87939
0.0,10.820056,0.6157500000000002,2.87939
0.0,10.820056,0.6157500000000002,2.87939
0.0,10.820056,0.6157500000000002,2.87939
0.0,10.820056,0.6157500000000002,2.87939
0.0,10.830056,0.6157500000000002,2.87939
0.0,10.830056,0.6157500000000002,2.87939
0.0,10.830056,0.6157500000000002,2.87939
0.0,10.830056,0.6157500000000002,2.87939
0.0,10.840056,0.6157500000000002,2.87939
0.0,10.840056,0.6157500000000002,2.87939
0.0,10.840056,0.6157500000000002,2.87939
0.0,10.840056,0.6157500000000002,2.87939
0.0,10.850056,0.6157500000000002,2.87939
0.0,10.850056,0.6157500000000002,2.87939
0.0,10.850056,0.6157500000000002,2.87939
0.0,10.850056,0.6157500000000002,2.87939
0.0,10.860056,0.6157500000000002,2.87939
0.0,10.860056,0.6157500000000002,2.87939
0.0,10.860056,0.6157500000000002,2.87939
0.0,10.860056,0.6157500000000002,2.87939
0.0,10.870056,0.6157500000000002,2.87939
0.0,10.870056,0.6157500000000002,2.87939
0.0,10.870056,0.6157500000000002,2.87939
0.0,10.870056,0.6157500000000002,2.87939
0.0,10.870056,0.6157500000000002,2.87939
0.0,10.88006,0.6157500000000002,2.87939
0.0,10.88006,0.6157500000000002,2.87939
0.0,10.88006,0.6157500000000002,2.87939
0.0,10.88006,0.6157500000000002,2.87939
0.0,10.890056,0.6157500000000002,2.87939
0.0,10.890056,0.6157500000000002,2.87939
0.0,10.890056,0.6157500000000002,2.87939
0.0,10.890056,0.6157500000000002,2.87939
0.0,10.900056,0.6157500000000002,2.87939
0.0,10.900056,0.6157500000000002,2.87939
0.0,10.900056,0.6157500000000002,2.87939
0.0,10.900056,0.6157500000000002,2.87939
0.0,10.910056,0.6157500000000002,2.87939
0.0,10.910056,0.6157500000000002,2.87939
0.0,10.910056,0.6157500000000002,2.87939
0.0,10.910056,0.6157500000000002,2.87939
0.0,10.920056,0.6157500000000002,2.87939
0.0,10.920056,0.6157500000000002,2.87939
0.0,10.920056,0.6157500000000002,2.87939
0.0,10.920056,0.6157500000000002,2.87939
0.0,10.920056,0.6157500000000002,2.87939
0.0,10.930056,0.6157500000000002,2.87939
0.0,10.930056,0.6157500000000002,2.87939
0.0,10.930056,0.6157500000000002,2.87939
0.0,10.930056,0.6157500000000002,2.87939
0.0,10.940056,0.6157500000000002,2.87939
0.0,10.940056,0.6157500000000002,2.87939
0.0,10.940056,0.6157500000000002,2.87939
0.0,10.940056,0.6157500000000002,2.87939
0.0,10.950056,0.6157500000000002,2.87939
0.0,10.950056,0.6157500000000002,2.87939
0.0,10.950056,0.6157500000000002,2.87939
0.0,10.950056,0.6157500000000002,2.87939
0.0,10.960056,0.6157500000000002,2.87939
0.0,10.960056,0.6157500000000002,2.87939
0.0,10.960056,0.6157500000000002,2.87939
0.0,10.960056,0.6157500000000002,2.87939
0.0,10.970056,0.6157500000000002,2.87939
0.0,10.970056,0.6157500000000002,2.87939
0.0,10.970056,0.6157500000000002,2.87939
0.0,10.970056,0.6157500000000002,2.87939
0.0,10.970056,0.6157500000000002,2.87939
0.0,10.980056,0.6157500000000002,2.87939
0.0,10.980056,0.6157500000000002,2.87939
0.0,10.980056,0.6157500000000002,2.87939
0.0,10.980056,0.6157500000000002,2.87939
0.0,10.990056,0.6157500000000002,2.87939
0.0,10.990056,0.6157500000000002,2.87939
0.0,10.990056,0.6157500000000002,2.87939
0.0,10.990056,0.6157500000000002,2.87939
0.0,11.000056,0.6157500000000002,1.74533
0.0,11.000056,0.6157500000000002,1.74533
0.0,11.000056,0.6157500000000002,1.74533
0.0,11.000056,0.6157500000000002,1.74533
0.0,11.010056,0.6157500000000002,1.74533
0.0,11.010056,0.6157500000000002,1.74533
0.0,11.010056,0.6157500000000002,1.74533
0.0,11.010056,0.6157500000000002,1.74533
0.0,11.020056,0.6157500000000002,1.74533
0.0,11.020056,0.6157500000000002,1.74533
0.0,11.020056,0.6157500000000002,1.74533
0.0,11.020056,0.6157500000000002,1.74533
0.0,11.020056,0.6157500000000002,1.74533
0.0,11.030056,0.6157500000000002,1.74533
0.0,11.030056,0.6157500000000002,1.74533
0.0,11.030056,0.6157500000000002,1.74533
0.0,11.030056,0.6157500000000002,1.74533
0.0,11.040056,0.6157500000000002,1.74533
0.0,11.040056,0.6157500000000002,1.74533
0.0,11.040056,0.6157500000000002,1.74533
0.0,11.040056,0.6157500000000002,1.74533
0.0,11.050056,0.6157500000000002,1.74533
0.0,11.050056,0.6157500000000002,1.74533
0.0,11.050056,0.6157500000000002,1.74533
0.0,11.050056,0.6157500000000002,1.74533
0.0,11.060056,0.6157500000000002,1.74533
0.0,11.060056,0.6157500000000002,1.74533
0.0,11.060056,0.6157500000000002,1.74533
0.0,11.060056,0.6157500000000002,1.74533
0.0,11.070056,0.6157500000000002,1.74533
0.0,11.070056,0.6157500000000002,1.74533
0.0,11.070056,0.6157500000000002,1.74533
0.0,11.070056,0.6157500000000002,1.74533
0.0,11.070056,0.6157500000000002,1.74533
0.0,11.080056,0.6157500000000002,1.74533
0.0,11.080056,0.6157500000000002,1.74533
0.0,11.080056,0.6157500000000002,1.74533
0.0,11.080056,0.6157500000000002,1.74533
0.0,11.090056,0.6157500000000002,1.74533
0.0,11.090056,0.6157500000000002,1.74533
0.0,11.090056,0.6157500000000002,1.74533
0.0,11.110056,0.6157500000000002,1.74
0.0,11.110056,0.6157500000000002,1.74533
0.0,11.110056,0.6157500000000002,1.74533
0.0,11.120056,0.6157500000000002,1.74
0.0,11.130056,0.6157500000000002,1.74533
0.0,11.130056,0.6157500000000002,1.74533
0.0,11.140056,0.6157500000000002,1.74
0.0,11.150056,0.6157500000000002,1.74533
0.0,11.150056,0.6157500000000002,1.74533
0.0,11.160056,0.6157500000000002,1.74
0.0,11.170056,0.6157500000000002,1.74533
0.0,11.170056,0.6157500000000002,1.74533
0.0,11.180056,0.6157500000000002,1.74
0.0,11.180056,0.6157500000000002,1.74533
0.0,11.190056,0.6157500000000002,1.74533
0.0,11.200056,0.6157500000000002,1.74
0.0,11.200056,0.6157500000000002,1.74533
0.0,11.210056,0.6157500000000002,1.74533
0.0,11.220056,0.6157500000000002,1.74
0.0,11.220056,0.6157500000000002,1.74533
0.0,11.220056,0.6157500000000002,1.74533
0.0,11.240056,0.6157500000000002,1.74
0.0,11.240056,0.6157500000000002,1.74533
0.0,11.240056,0.6157500000000002,1.74533
0.0,11.260056,0.6157500000000002,1.74
0.0,11.260056,0.6157500000000002,1.74533
0.0,11.260056,0.6157500000000002,1.74533
0.0,11.280056,0.6157500000000002,1.74
0.0,11.280056,0.6157500000000002,1.74533
0.0,11.280056,0.6157500000000002,1.74533
0.0,11.300056,0.6157500000000002,1.74
0.0,11.300056,0.6157500000000002,1.74533
0.0,11.300056,0.6157500000000002,1.74533
0.0,11.320056,0.6157500000000002,1.74
0.0,11.320056,0.6157500000000002,1.74533
0.0,11.320056,0.6157500000000002,1.74533
0.0,11.330056,0.6157500000000002,1.74
0.0,11.340056,0.6157500000000002,1.74533
0.0,11.340056,0.6157500000000002,1.74533
0.0,11.350056,0.6157500000000002,1.74
0.0,11.360056,0.6157500000000002,1.74533
0.0,11.360056,0.6157500000000002,1.74533
0.0,11.370056,0.6157500000000002,1.74
0.0,11.370056,0.6157500000000002,1.74533
0.0,11.380056,0.6157500000000002,1.74533
0.0,11.390056,0.6157500000000002,1.74
0.0,11.390056,0.6157500000000002,1.74533
0.0,11.400056,0.6157500000000002,1.74533
0.0,11.410056,0.6157500000000002,1.74
0.0,11.410056,0.6157500000000002,1.74533
0.0,11.420056,0.6157500000000002,1.74533
0.0,11.430056,0.6157500000000002,1.74
0.0,11.430056,0.6157500000000002,1.74533
0.0,11.430056,0.6157500000000002,1.74533
0.0,11.450056,0.6157500000000002,1.74
0.0,11.450056,0.6157500000000002,1.74533
0.0,11.450056,0.6157500000000002,1.74533
0.0,11.470056,0.6157500000000002,1.74
0.0,11.470056,0.6157500000000002,1.74533
0.0,11.470056,0.6157500000000002,1.74533
0.0,11.490056,0.6157500000000002,1.74
0.0,11.490056,0.6157500000000002,1.74533
0.0,11.490056,0.6157500000000002,1.74533
0.0,11.510056,0.6157500000000002,1.74
0.0,11.510056,0.6157500000000002,1.74533
0.0,11.510056,0.6157500000000002,1.74533
0.0,11.530056,0.6157500000000002,1.74
0.0,11.530056,0.6157500000000002,1.74533
0.0,11.530056,0.6157500000000002,1.74533
0.0,11.540056,0.6157500000000002,1.74
0.0,11.550056,0.6157500000000002,1.74533
0.0,11.550056,0.6157500000000002,1.74533
0.0,11.560056,0.6157500000000002,1.74
0.0,11.570056,0.6157500000000002,1.74533
0.0,11.570056,0.6157500000000002,1.74533
0.0,11.580056,0.6157500000000002,1.74
0.0,11.580056,0.6157500000000002,1.74533
0.0,11.590056,0.6157500000000002,1.74533
0.0,11.600056,0.6157500000000002,1.74
0.0,11.600056,0.6157500000000002,1.74533
0.0,11.610056,0.6157500000000002,1.74533
0.0,11.620056,0.6157500000000002,1.74
0.0,11.620056,0.6157500000000002,1.74533
0.0,11.630056,0.6157500000000002,1.74533
0.0,11.640056,0.6157500000000002,1.74
0.0,11.640056,0.6157500000000002,1.74533
0.0,11.640056,0.6157500000000002,1.74533
0.0,11.660056,0.6157500000000002,1.74
0.0,11.660056,0.6157500000000002,1.74533
0.0,11.660056,0.6157500000000002,1.74533
0.0,11.680056,0.6157500000000002,1.74
0.0,11.680056,0.6157500000000002,1.74533
0.0,11.680056,0.6157500000000002,1.74533
0.0,11.700056,0.6157500000000002,1.74
0.0,11.700056,0.6157500000000002,1.74533
0.0,11.700056,0.6157500000000002,1.74533
0.0,11.700056,0.6157500000000002,1.74533
0.0,11.720056,0.6157500000000002,1.74
0.0,11.720056,0.6157500000000002,1.74533
0.0,11.720056,0.6157500000000002,1.74533
0.0,11.730056,0.6157500000000002,1.74
0.0,11.740056,0.6157500000000002,1.74533
0.0,11.740056,0.6157500000000002,1.74533
0.0,11.750056,0.6157500000000002,1.74
0.0,11.760056,0.6157500000000002,1.74533
0.0,11.760056,0.6157500000000002,1.74533
0.0,11.770056,0.6157500000000002,1.74
0.0,11.780056,0.6157500000000002,1.74533
0.0,11.780056,0.6157500000000002,1.74533
0.0,11.790056,0.6157500000000002,1.74
0.0,11.790056,0.6157500000000002,1.74533
0.0,11.800056,0.6157500000000002,1.74533
0.0,11.810056,0.6157500000000002,1.74
0.0,11.810056,0.6157500000000002,1.74533
0.0,11.820056,0.6157500000000002,1.74533
0.0,11.830056,0.6157500000000002,1.74
0.0,11.830056,0.6157500000000002,1.74533
0.0,11.830056,0.6157500000000002,1.74533
0.0,11.850056,0.6157500000000002,1.74
0.0,11.850056,0.6157500000000002,1.74533
0.0,11.850056,0.6157500000000002,1.74533
0.0,11.870056,0.6157500000000002,1.74
0.0,11.870056,0.6157500000000002,1.74533
0.0,11.870056,0.6157500000000002,1.74533
0.0,11.890056,0.6157500000000002,1.74
0.0,11.890056,0.6157500000000002,1.74533
0.0,11.890056,0.6157500000000002,1.74533
0.0,11.910056,0.6157500000000002,1.74
0.0,11.910056,0.6157500000000002,1.74533
0.0,11.910056,0.6157500000000002,1.74533
0.0,11.930056,0.6157500000000002,1.74
0.0,11.930056,0.6157500000000002,1.74533
0.0,11.930056,0.6157500000000002,1.74533
0.0,11.940056,0.6157500000000002,1.74
0.0,11.950056,0.6157500000000002,1.74533
0.0,11.950056,0.6157500000000002,1.74533
0.0,11.960056,0.6157500000000002,1.74
0.0,11.970056,0.6157500000000002,1.74533
0.0,11.970056,0.6157500000000002,1.74533
0.0,11.980056,0.6157500000000002,1.74
0.0,11.990056,0.6157500000000002,1.74533
0.0,11.990056,0.6157500000000002,1.74533
0.0,12.000056,0.6157500000000002,1.74
0.0,12.000056,0.6157500000000002,1.74533
0.0,12.010056,0.6157500000000002,1.74533
0.0,12.020056,0.6157500000000002,1.74
0.0,12.020056,0.6157500000000002,1.74533
0.0,12.030056,0.6157500000000002,1.74533
0.0,12.040056,0.6157500000000002,1.74
0.0,12.040056,0.6157500000000002,1.74533
0.0,12.040056,0.6157500000000002,1.74533
0.0,12.050056,0.6157500000000002,1.74533
0.0,12.050056,0.6157500000000002,1.74533
0.0,12.050056,0.6157500000000002,1.74533
0.0,12.060056,0.6157500000000002,1.74
0.0,12.060056,0.6157500000000002,1.74533
0.0,12.060056,0.6157500000000002,1.74533
0.0,12.080056,0.6157500000000002,1.74
0.0,12.080056,0.6157500000000002,1.74533
0.0,12.080056,0.6157500000000002,1.74533
0.0,12.100056,0.6157500000000002,1.74
0.0,12.100056,0.6157500000000002,1.74533
0.0,12.100056,0.6157500000000002,1.74533
0.0,12.120056,0.6157500000000002,1.74
0.0,12.120056,0.6157500000000002,1.74533
0.0,12.120056,0.6157500000000002,1.74533
0.0,12.140056,0.6157500000000002,1.74
0.0,12.140056,0.6157500000000002,1.74533
0.0,12.140056,0.6157500000000002,1.74533
0.0,12.150056,0.6157500000000002,1.74
0.0,12.16006,0.6157500000000002,1.74533
0.0,12.16006,0.6157500000000002,1.74533
0.0,12.170056,0.6157500000000002,1.74
0.0,12.180056,0.6157500000000002,1.74533
0.0,12.180056,0.6157500000000002,1.74533
0.0,12.190056,0.6157500000000002,1.74
0.0,12.190056,0.6157500000000002,1.74533
0.0,12.200056,0.6157500000000002,1.74533
0.0,12.200056,0.6157500000000002,1.74533
0.0,12.200056,0.6157500000000002,1.74533
0.0,12.200056,0.6157500000000002,1.74533
0.0,12.210056,0.6157500000000002,1.74533
0.0,12.210056,0.6157500000000002,1.74533
0.0,12.210056,0.6157500000000002,1.74533
0.0,12.210056,0.6157500000000002,1.74533
0.0,12.220056,0.6157500000000002,1.74533
0.0,12.220056,0.6157500000000002,1.74533
0.0,12.220056,0.6157500000000002,1.74533
0.0,12.220056,0.6157500000000002,1.74533
0.0,12.230056,0.6157500000000002,1.74533
0.0,12.230056,0.6157500000000002,1.74533
0.0,12.230056,0.6157500000000002,1.74533
0.0,12.230056,0.6157500000000002,1.74533
0.0,12.240056,0.6157500000000002,1.74533
0.0,12.240056,0.6157500000000002,1.74533
0.0,12.240056,0.6157500000000002,1.74533
0.0,12.240056,0.6157500000000002,1.74533
0.0,12.240056,0.6157500000000002,1.74533
0.0,12.250056,0.6157500000000002,1.74533
0.0,12.250056,0.6157500000000002,1.74
0.0,12.250056,0.6157500000000002,1.74533
0.0,12.250056,0.6157500000000002,1.74533
0.0,12.270056,0.6157500000000002,1.74
0.0,12.270056,0.6157500000000002,1.74533
0.0,12.270056,0.6157500000000002,1.74533
0.0,12.290056,0.6157500000000002,1.74
0.0,12.290056,0.6157500000000002,1.74533
0.0,12.290056,0.6157500000000002,1.74533
0.0,12.310056,0.6157500000000002,1.74
0.0,12.310056,0.6157500000000002,1.74533
0.0,12.310056,0.6157500000000002,1.74533
0.0,12.330056,0.6157500000000002,1.74
0.0,12.330056,0.6157500000000002,1.74533
0.0,12.330056,0.6157500000000002,1.74533
0.0,12.340056,0.6157500000000002,1.74
0.0,12.350056,0.6157500000000002,1.74533
0.0,12.350056,0.6157500000000002,1.74533
0.0,12.350056,0.6157500000000002,1.74533
0.0,12.350056,0.6157500000000002,1.74533
0.0,12.360056,0.6157500000000002,1.74533
0.0,12.360056,0.6157500000000002,1.74533
0.0,12.360056,0.6157500000000002,1.74533
0.0,12.360056,0.6157500000000002,1.74533
0.0,12.370056,0.6157500000000002,1.74533
0.0,12.370056,0.6157500000000002,1.74533
0.0,12.370056,0.6157500000000002,1.74533
0.0,12.370056,0.6157500000000002,1.74533
0.0,12.380056,0.6157500000000002,1.74533
0.0,12.380056,0.6157500000000002,1.74533
0.0,12.380056,0.6157500000000002,1.74533
0.0,12.380056,0.6157500000000002,1.74533
0.0,12.390056,0.6157500000000002,1.74533
0.0,12.390056,0.6157500000000002,1.74533
0.0,12.390056,0.6157500000000002,1.74533
0.0,12.390056,0.6157500000000002,1.74533
0.0,12.390056,0.6157500000000002,1.74533
0.0,12.400056,0.6157500000000002,1.74533
0.0,12.400056,0.6157500000000002,1.74533
0.0,12.400056,0.6157500000000002,1.74533
0.0,12.400056,0.6157500000000002,1.74533
0.0,12.410056,0.6157500000000002,1.74533
0.0,12.410056,0.6157500000000002,1.74533
0.0,12.410056,0.6157500000000002,1.74533
0.0,12.410056,0.6157500000000002,1.74533
0.0,12.420056,0.6157500000000002,1.74533
0.0,12.420056,0.6157500000000002,1.74533
0.0,12.420056,0.6157500000000002,1.74533
0.0,12.420056,0.6157500000000002,1.74533
0.0,12.430056,0.6157500000000002,1.74533
0.0,12.430056,0.6157500000000002,1.74533
0.0,12.430056,0.6157500000000002,1.74533
0.0,12.430056,0.6157500000000002,1.74533
0.0,12.440056,0.6157500000000002,1.74533
0.0,12.440056,0.6157500000000002,1.74533
0.0,12.440056,0.6157500000000002,1.74533
0.0,12.440056,0.6157500000000002,1.74533
0.0,12.440056,0.6157500000000002,1.74533
0.0,12.450056,0.6157500000000002,1.74533
0.0,12.450056,0.6157500000000002,1.74533
0.0,12.450056,0.6157500000000002,1.74533
0.0,12.450056,0.6157500000000002,1.74533
0.0,12.460056,0.6157500000000002,1.74533
0.0,12.460056,0.6157500000000002,1.74533
0.0,12.460056,0.6157500000000002,1.74533
0.0,12.460056,0.6157500000000002,1.74533
0.0,12.470056,0.6157500000000002,1.74533
0.0,12.470056,0.6157500000000002,1.74533
0.0,12.470056,0.6157500000000002,1.74533
0.0,12.470056,0.6157500000000002,1.74533
0.0,12.480056,0.6157500000000002,1.74533
0.0,12.480056,0.6157500000000002,1.74533
0.0,12.480056,0.6157500000000002,1.74533
0.0,12.480056,0.6157500000000002,1.74533
0.0,12.490056,0.6157500000000002,1.74533
0.0,12.490056,0.6157500000000002,1.74533
0.0,12.490056,0.6157500000000002,1.74533
0.0,12.490056,0.6157500000000002,1.74533
0.0,12.490056,0.6157500000000002,1.74533
0.0,12.500056,0.6157500000000002,1.74533
0.0,12.500056,0.6157500000000002,1.74533
0.0,12.500056,0.6157500000000002,1.74533
0.0,12.500056,0.6157500000000002,1.74533
0.0,12.510056,0.6157500000000002,1.74533
0.0,12.510056,0.6157500000000002,1.74533
0.0,12.510056,0.6157500000000002,1.74533
0.0,12.510056,0.6157500000000002,1.74533
0.0,12.520056,0.6157500000000002,1.74533
0.0,12.520056,0.6157500000000002,1.74533
0.0,12.520056,0.6157500000000002,1.74533
0.0,12.520056,0.6157500000000002,1.74533
0.0,12.530056,0.6157500000000002,1.74533
0.0,12.530056,0.6157500000000002,1.74533
0.0,12.530056,0.6157500000000002,1.74533
0.0,12.530056,0.6157500000000002,1.74533
0.0,12.540056,0.6157500000000002,1.74533
0.0,12.540056,0.6157500000000002,1.74533
0.0,12.540056,0.6157500000000002,1.74533
0.0,12.540056,0.6157500000000002,1.74533
0.0,12.550056,0.6157500000000002,1.74533
0.0,12.550056,0.6157500000000002,1.74533
0.0,12.550056,0.6157500000000002,1.74533
0.0,12.550056,0.6157500000000002,1.74533
0.0,12.550056,0.6157500000000002,1.74533
0.0,12.560056,0.6157500000000002,1.74533
0.0,12.560056,0.6157500000000002,1.74533
0.0,12.560056,0.6157500000000002,1.74533
0.0,12.560056,0.6157500000000002,1.74533
0.0,12.570056,0.6157500000000002,1.74533
0.0,12.570056,0.6157500000000002,1.74533
0.0,12.570056,0.6157500000000002,1.74533
0.0,12.570056,0.6157500000000002,1.74533
0.0,12.580056,0.6157500000000002,1.74533
0.0,12.580056,0.6157500000000002,1.74533
0.0,12.580056,0.6157500000000002,1.74533
0.0,12.580056,0.6157500000000002,1.74533
0.0,12.590056,0.6157500000000002,1.74533
0.0,12.590056,0.6157500000000002,1.74533
0.0,12.590056,0.6157500000000002,1.74533
0.0,12.590056,0.6157500000000002,1.74533
0.0,12.600056,0.6157500000000002,1.74533
0.0,12.600056,0.6157500000000002,1.74533
0.0,12.600056,0.6157500000000002,1.74533
0.0,12.600056,0.6157500000000002,1.74533
0.0,12.600056,0.6157500000000002,1.74533
0.0,12.610056,0.6157500000000002,1.74533
0.0,12.610056,0.6157500000000002,1.74533
0.0,12.610056,0.6157500000000002,1.74533
0.0,12.610056,0.6157500000000002,1.74533
0.0,12.620056,0.6157500000000002,1.74533
0.0,12.620056,0.6157500000000002,1.74533
0.0,12.620056,0.6157500000000002,1.74533
0.0,12.620056,0.6157500000000002,1.74533
0.0,12.630056,0.6157500000000002,1.74533
0.0,12.630056,0.6157500000000002,1.74533
0.0,12.630056,0.6157500000000002,1.74533
0.0,12.630056,0.6157500000000002,1.74533
0.0,12.640056,0.6157500000000002,1.74533
0.0,12.640056,0.6157500000000002,1.74533
0.0,12.640056,0.6157500000000002,1.74533
0.0,12.640056,0.6157500000000002,1.74533
0.0,12.650056,0.6157500000000002,1.74533
0.0,12.650056,0.6157500000000002,1.74533
0.0,12.650056,0.6157500000000002,1.74533
0.0,12.650056,0.6157500000000002,1.74533
0.0,12.650056,0.6157500000000002,1.74533
0.0,12.660056,0.6157500000000002,1.74533
0.0,12.660056,0.6157500000000002,1.74533
0.0,12.660056,0.6157500000000002,1.74533
0.0,12.670056,0.6157500000000002,1.74
0.0,12.670056,0.6157500000000002,1.74533
0.0,12.670056,0.6157500000000002,1.74533
0.0,12.690056,0.6157500000000002,1.74
0.0,12.690056,0.6157500000000002,1.74533
0.0,12.690056,0.6157500000000002,1.74533
0.0,12.710056,0.6157500000000002,1.74
0.0,12.710056,0.6157500000000002,1.74533
0.0,12.710056,0.6157500000000002,1.74533
0.0,12.730056,0.6157500000000002,1.74
0.0,12.730056,0.6157500000000002,1.74533
0.0,12.730056,0.6157500000000002,1.74533
0.0,12.750056,0.6157500000000002,1.74
0.0,12.750056,0.6157500000000002,1.74533
0.0,12.750056,0.6157500000000002,1.74533
0.0,12.760056,0.6157500000000002,1.74
0.0,12.770056,0.6157500000000002,1.74533
0.0,12.770056,0.6157500000000002,1.74533
0.0,12.780056,0.6157500000000002,1.74
0.0,12.790056,0.6157500000000002,1.74533
0.0,12.790056,0.6157500000000002,1.74533
0.0,12.800056,0.6157500000000002,1.74
0.0,12.800056,0.6157500000000002,1.74533
0.0,12.810056,0.6157500000000002,1.74533
0.0,12.820056,0.6157500000000002,1.74
0.0,12.820056,0.6157500000000002,1.74533
0.0,12.830056,0.6157500000000002,1.74533
0.0,12.840056,0.6157500000000002,1.74
0.0,12.840056,0.6157500000000002,1.74533
0.0,12.850056,0.6157500000000002,1.74533
0.0,12.860056,0.6157500000000002,1.74
0.0,12.860056,0.6157500000000002,1.74533
0.0,12.860056,0.6157500000000002,1.74533
0.0,12.880056,0.6157500000000002,1.74
0.0,12.880056,0.6157500000000002,1.74533
0.0,12.880056,0.6157500000000002,1.74533
0.0,12.900056,0.6157500000000002,1.74
0.0,12.900056,0.6157500000000002,1.74533
0.0,12.900056,0.6157500000000002,1.74533
0.0,12.920056,0.6157500000000002,1.74
0.0,12.920056,0.6157500000000002,1.74533
0.0,12.920056,0.6157500000000002,1.74533
0.0,12.940056,0.6157500000000002,1.74
0.0,12.940056,0.6157500000000002,1.74533
0.0,12.940056,0.6157500000000002,1.74533
0.0,12.950056,0.6157500000000002,1.74
0.0,12.960056,0.6157500000000002,1.74533
0.0,12.960056,0.6157500000000002,1.74533
0.0,12.970056,0.6157500000000002,1.74
0.0,12.980056,0.6157500000000002,1.74533
0.0,12.980056,0.6157500000000002,1.74533
0.0,12.990056,0.6157500000000002,1.74
0.0,13.000056,0.6157500000000002,5.41052
0.0,13.000056,0.6157500000000002,5.41052
0.0,13.010076,0.6159070000000002,5.41
0.0,13.010076,0.6160640000000002,5.41052
0.0,13.02008,0.6169280000000001,5.41052
0.0,13.030084,0.6192845000000001,5.41
0.0,13.030084,0.6216410000000001,5.41052
0.0,13.0401,0.6261180000000001,5.41052
0.0,13.050084,0.6331865000000001,5.41
0.0,13.050084,0.6402550000000001,5.41052
0.0,13.060084,0.6504655000000001,5.41052
0.0,13.07008,0.6642100000000001,5.41
0.0,13.07008,0.6779545000000001,5.41052
0.0,13.07008,0.6916990000000001,5.41052
0.0,13.090084,0.7136115000000001,5.41
0.0,13.090084,0.7355240000000001,5.41052
0.0,13.090084,0.7574365000000001,5.41052
0.0,13.110084,0.7888525000000001,5.41
0.0,13.110084,0.8202685000000001,5.41052
0.0,13.110084,0.8516845000000002,5.41052
0.0,13.130084,0.8935465000000002,5.41
0.0,13.130084,0.9354085000000003,5.41052
0.0,13.130084,0.9771135000000003,5.41052
0.0,13.130084,1.0188185000000003,5.41052
0.0,13.140084,1.0653925000000002,5.41052
0.0,13.140084,1.110474,5.41052
0.0,13.140084,1.1555555,5.41052
0.0,13.140084,1.1985165,5.41052
0.0,13.150084,1.2446195,5.41052
0.0,13.150084,1.2907225,5.41052
0.0,13.150084,1.3336834999999998,5.41052
0.0,13.150084,1.3731105,5.41052
0.0,13.160084,1.4184279999999998,5.41052
0.0,13.160084,1.4637455,5.41052
0.0,13.160084,1.5008949999999999,5.41052
0.0,13.160084,1.5380444999999998,5.41052
0.0,13.170084,1.5812415,5.41052
0.0,13.170084,1.6149350000000002,5.41052
0.0,13.170084,1.6486285000000003,5.41052
0.0,13.170084,1.6823220000000003,5.41052
0.0,13.170084,1.7055695000000004,5.41052
0.0,13.18008,1.7350220000000005,5.41052
0.0,13.18008,1.7644745000000004,5.41052
0.0,13.18008,1.7939270000000005,5.41052
0.0,13.18008,1.8178035000000001,5.41052
0.0,13.19008,1.8480415000000001,5.41052
0.0,13.19008,1.8782795,5.41052
0.0,13.19008,1.9085175000000003,5.41052
0.0,13.19008,1.9330220000000005,5.41052
0.0,13.200084,1.9640455000000003,5.41052
0.0,13.200084,1.9950690000000002,5.41052
0.0,13.200084,2.0260925000000003,5.41052
0.0,13.200084,2.0512255000000006,5.41052
0.0,13.210084,2.0829555,5.41052
0.0,13.210084,2.1146855,5.41052
0.0,13.210084,2.1464155000000003,5.41052
0.0,13.210084,2.172098,5.41052
0.0,13.220084,2.2044565,5.41052
0.0,13.220084,2.236815,5.41052
0.0,13.220084,2.2691735,5.41052
0.0,13.220084,2.301532,5.41052
0.0,13.230084,2.3276855,5.41052
0.0,13.230084,2.3606719999999997,5.41052
0.0,13.230084,2.3936584999999995,5.41052
0.0,13.230084,2.4266449999999993,5.41052
0.0,13.230084,2.4532699999999994,5.41052
0.0,13.240084,2.4868064999999997,5.41052
0.0,13.240084,2.520343,5.41052
0.0,13.240084,2.5538794999999994,5.41052
0.0,13.240084,2.5808969999999998,5.41052
0.0,13.250084,2.6148259999999994,5.41052
0.0,13.260084,2.6553524999999993,5.41
0.0,13.260084,2.6958789999999997,5.41052
0.0,13.270084,2.7353059999999996,5.41052
0.0,13.280084,2.778895999999999,5.41
0.0,13.280084,2.8224859999999996,5.41052
0.0,13.280084,2.866075999999999,5.41052
0.0,13.300084,2.9079379999999997,5.41
0.0,13.300084,2.9497999999999993,5.41052
0.0,13.300084,2.991662,5.41052
0.0,13.320084,3.0342304999999996,5.41
0.0,13.320084,3.076799,5.41052
0.0,13.320084,3.1125344999999998,5.41052
0.0,13.340064,3.1480345,5.41
0.0,13.340064,3.1835345,5.41052
0.0,13.340064,3.2190344999999994,5.41052
0.0,13.360056,3.2476229999999995,5.41
0.0,13.360056,3.2762114999999996,5.41052
0.0,13.360056,3.3047999999999997,5.41052
0.0,13.380056,3.3333885,5.41
0.0,13.380056,3.3550654999999994,5.41052
0.0,13.380056,3.3701449999999995,5.41052
0.0,13.390056,3.3852244999999996,5.41
0.0,13.400056,3.3948065,5.41052
0.0,13.400056,3.4002255,5.41052
0.0,13.410056,3.4056444999999997,5.41
0.0,13.420056,3.4110634999999996,5.41052
0.0,13.420056,3.4115345,5.41052
0.0,13.430056,3.4120054999999994,5.41
0.0,13.44006,3.4124765,5.41052
0.0,13.44006,3.412241,5.41052
0.0,13.450056,3.4120054999999994,5.41
0.0,13.450056,3.4117699999999993,5.41052
0.0,13.460056,3.4117699999999993,5.41052
0.0,13.470056,3.4117699999999993,5.41
0.0,13.470056,3.4117699999999993,5.41052
0.0,13.480056,3.4117699999999993,5.41052
0.0,13.490056,3.4117699999999993,5.41
0.0,13.490056,3.4117699999999993,5.41052
0.0,13.490056,3.4117699999999993,5.41052
0.0,13.510056,3.4117699999999993,5.41
0.0,13.510056,3.4117699999999993,5.41052
0.0,13.510056,3.4117699999999993,5.41052
0.0,13.530056,3.4117699999999993,5.41
0.0,13.530056,3.4117699999999993,5.41052
0.0,13.530056,3.4117699999999993,5.41052
0.0,13.550056,3.4117699999999993,5.41
0.0,13.550056,3.4117699999999993,5.41052
0.0,13.550056,3.4117699999999993,5.41052
0.0,13.570056,3.4117699999999993,5.41
0.0,13.570056,3.4117699999999993,5.41052
0.0,13.570056,3.4117699999999993,5.41052
0.0,13.590056,3.4117699999999993,5.41
0.0,13.590056,3.4117699999999993,5.41052
0.0,13.590056,3.4117699999999993,5.41052
0.0,13.600056,3.4117699999999993,5.41
0.0,13.610056,3.4117699999999993,5.41052
0.0,13.610056,3.4117699999999993,5.41052
0.0,13.620056,3.4117699999999993,5.41
0.0,13.630056,3.4117699999999993,5.41052
0.0,13.630056,3.4117699999999993,5.41052
0.0,13.640056,3.4117699999999993,5.41
0.0,13.640056,3.4117699999999993,5.41052
0.0,13.650056,3.4117699999999993,5.41052
0.0,13.660056,3.4117699999999993,5.41
0.0,13.660056,3.4117699999999993,5.41052
0.0,13.670056,3.4117699999999993,5.41052
0.0,13.680056,3.4117699999999993,5.41
0.0,13.680056,3.4117699999999993,5.41052
0.0,13.690056,3.4117699999999993,5.41052
0.0,13.700056,3.4117699999999993,5.41
0.0,13.700056,3.4117699999999993,5.41052
0.0,13.700056,3.4117699999999993,5.41052
0.0,13.720056,3.4117699999999993,5.41
0.0,13.720056,3.4117699999999993,5.41052
0.0,13.720056,3.4117699999999993,5.41052
0.0,13.740056,3.4117699999999993,5.41
0.0,13.740056,3.4117699999999993,5.41052
0.0,13.740056,3.4117699999999993,5.41052
0.0,13.760056,3.4117699999999993,5.41
0.0,13.760056,3.4117699999999993,5.41052
0.0,13.760056,3.4117699999999993,5.41052
0.0,13.780056,3.4117699999999993,5.41
0.0,13.780056,3.4117699999999993,5.41052
0.0,13.780056,3.4117699999999993,5.41052
0.0,13.800056,3.4117699999999993,5.41
0.0,13.800056,3.4117699999999993,5.41052
0.0,13.800056,3.4117699999999993,5.41052
0.0,13.810056,3.4117699999999993,5.41052
0.0,13.820056,3.4117699999999993,5.41052
0.0,13.820056,3.4117699999999993,5.41052
0.0,13.830056,3.4117699999999993,5.41
0.0,13.840056,3.4117699999999993,5.41052
0.0,13.840056,3.4117699999999993,5.41052
0.0,13.850056,3.4117699999999993,5.41
0.0,13.850056,3.4117699999999993,5.41052
0.0,13.860056,3.4117699999999993,5.41052
0.0,13.870056,3.4117699999999993,5.41
0.0,13.870056,3.4117699999999993,5.41052
0.0,13.880056,3.4117699999999993,5.41052
0.0,13.890056,3.4117699999999993,5.41
0.0,13.890056,3.4117699999999993,5.41052
0.0,13.900056,3.4117699999999993,5.41052
0.0,13.910056,3.4117699999999993,5.41
0.0,13.910056,3.4117699999999993,5.41052
0.0,13.910056,3.4117699999999993,5.41052
0.0,13.930056,3.4117699999999993,5.41
0.0,13.930056,3.4117699999999993,5.41052
0.0,13.930056,3.4117699999999993,5.41052
0.0,13.950056,3.4117699999999993,5.41
0.0,13.950056,3.4117699999999993,5.41052
0.0,13.950056,3.4117699999999993,5.41052
0.0,13.970056,3.4117699999999993,5.41
0.0,13.970056,3.4117699999999993,5.41052
0.0,13.970056,3.4117699999999993,5.41052
0.0,13.990056,3.4117699999999993,5.41
0.0,13.990056,3.4117699999999993,5.41052
0.0,13.990056,3.4117699999999993,5.41052
0.0,14.000056,3.4117699999999993,5.41
0.0,14.010056,3.4117699999999993,5.41052
0.0,14.010056,3.4117699999999993,5.41052
0.0,14.010056,3.4117699999999993,5.41052
0.0,14.020056,3.4117699999999993,5.41
0.0,14.030056,3.4117699999999993,5.41052
0.0,14.030056,3.4117699999999993,5.41052
0.0,14.040056,3.4117699999999993,5.41
0.0,14.050056,3.4117699999999993,5.41052
0.0,14.050056,3.4117699999999993,5.41052
0.0,14.050056,3.4117699999999993,5.41052
0.0,14.050056,3.4117699999999993,5.41052
0.0,14.050056,3.4117699999999993,5.41052
0.0,14.060056,3.4117699999999993,5.41052
0.0,14.060056,3.4117699999999993,5.41052
0.0,14.060056,3.4117699999999993,5.41052
0.0,14.060056,3.4117699999999993,5.41052
0.0,14.070056,3.4117699999999993,5.41052
0.0,14.070056,3.4117699999999993,5.41052
0.0,14.070056,3.4117699999999993,5.41052
0.0,14.070056,3.4117699999999993,5.41052
0.0,14.08006,3.4117699999999993,5.41052
0.0,14.08006,3.4117699999999993,5.41052
0.0,14.08006,3.4117699999999993,5.41052
0.0,14.08006,3.4117699999999993,5.41052
0.0,14.090056,3.4117699999999993,5.41052
0.0,14.090056,3.4117699999999993,5.41052
0.0,14.090056,3.4117699999999993,5.41052
0.0,14.090056,3.4117699999999993,5.41052
0.0,14.100056,3.4117699999999993,5.41052
0.0,14.100056,3.4117699999999993,5.41052
0.0,14.100056,3.4117699999999993,5.41052
0.0,14.100056,3.4117699999999993,5.41052
0.0,14.100056,3.4117699999999993,5.41052
0.0,14.110056,3.4117699999999993,5.41052
0.0,14.110056,3.4117699999999993,5.41052
0.0,14.110056,3.4117699999999993,5.41052
0.0,14.110056,3.4117699999999993,5.41052
0.0,14.120056,3.4117699999999993,5.41052
0.0,14.120056,3.4117699999999993,5.41052
0.0,14.120056,3.4117699999999993,5.41052
0.0,14.120056,3.4117699999999993,5.41052
0.0,14.130056,3.4117699999999993,5.41052
0.0,14.130056,3.4117699999999993,5.41052
0.0,14.130056,3.4117699999999993,5.41052
0.0,14.130056,3.4117699999999993,5.41052
0.0,14.140056,3.4117699999999993,5.41052
0.0,14.140056,3.4117699999999993,5.41052
0.0,14.140056,3.4117699999999993,5.41052
0.0,14.140056,3.4117699999999993,5.41052
0.0,14.150056,3.4117699999999993,5.41052
0.0,14.150056,3.4117699999999993,5.41052
0.0,14.150056,3.4117699999999993,5.41052
0.0,14.150056,3.4117699999999993,5.41052
0.0,14.150056,3.4117699999999993,5.41052
0.0,14.160056,3.4117699999999993,5.41052
0.0,14.160056,3.4117699999999993,5.41052
0.0,14.160056,3.4117699999999993,5.41052
0.0,14.160056,3.4117699999999993,5.41052
0.0,14.170056,3.4117699999999993,5.41052
0.0,14.170056,3.4117699999999993,5.41052
0.0,14.170056,3.4117699999999993,5.41052
0.0,14.170056,3.4117699999999993,5.41052
0.0,14.180056,3.4117699999999993,5.41052
0.0,14.180056,3.4117699999999993,5.41052
0.0,14.180056,3.4117699999999993,5.41052
0.0,14.180056,3.4117699999999993,5.41052
0.0,14.190056,3.4117699999999993,5.41052
0.0,14.190056,3.4117699999999993,5.41052
0.0,14.190056,3.4117699999999993,5.41052
0.0,14.190056,3.4117699999999993,5.41052
0.0,14.200056,3.4117699999999993,5.41052
0.0,14.200056,3.4117699999999993,5.41052
0.0,14.200056,3.4117699999999993,5.41052
0.0,14.200056,3.4117699999999993,5.41052
0.0,14.200056,3.4117699999999993,5.41052
0.0,14.210056,3.4117699999999993,5.41052
0.0,14.210056,3.4117699999999993,5.41052
0.0,14.210056,3.4117699999999993,5.41052
0.0,14.210056,3.4117699999999993,5.41052
0.0,14.220056,3.4117699999999993,5.41052
0.0,14.220056,3.4117699999999993,5.41052
0.0,14.220056,3.4117699999999993,5.41052
0.0,14.220056,3.4117699999999993,5.41052
0.0,14.230056,3.4117699999999993,5.41052
0.0,14.230056,3.4117699999999993,5.41052
0.0,14.230056,3.4117699999999993,5.41052
0.0,14.230056,3.4117699999999993,5.41052
0.0,14.240056,3.4117699999999993,5.41052
0.0,14.240056,3.4117699999999993,5.41052
0.0,14.240056,3.4117699999999993,5.41052
0.0,14.240056,3.4117699999999993,5.41052
0.0,14.250056,3.4117699999999993,5.41052
0.0,14.250056,3.4117699999999993,5.41052
0.0,14.250056,3.4117699999999993,5.41052
0.0,14.250056,3.4117699999999993,5.41052
0.0,14.250056,3.4117699999999993,5.41052
0.0,14.260056,3.4117699999999993,5.41052
0.0,14.260056,3.4117699999999993,5.41052
0.0,14.260056,3.4117699999999993,5.41052
0.0,14.260056,3.4117699999999993,5.41052
0.0,14.270056,3.4117699999999993,5.41052
0.0,14.270056,3.4117699999999993,5.41052
0.0,14.270056,3.4117699999999993,5.41052
0.0,14.270056,3.4117699999999993,5.41052
0.0,14.280056,3.4117699999999993,5.41052
0.0,14.280056,3.4117699999999993,5.41052
0.0,14.280056,3.4117699999999993,5.41052
0.0,14.280056,3.4117699999999993,5.41052
0.0,14.290056,3.4117699999999993,5.41052
0.0,14.290056,3.4117699999999993,5.41052
0.0,14.290056,3.4117699999999993,5.41052
0.0,14.290056,3.4117699999999993,5.41052
0.0,14.300056,3.4117699999999993,5.41052
0.0,14.300056,3.4117699999999993,5.41052
0.0,14.300056,3.4117699999999993,5.41052
0.0,14.300056,3.4117699999999993,5.41052
0.0,14.310056,3.4117699999999993,5.41052
0.0,14.310056,3.4117699999999993,5.41052
0.0,14.310056,3.4117699999999993,5.41052
0.0,14.310056,3.4117699999999993,5.41052
0.0,14.310056,3.4117699999999993,5.41052
0.0,14.320056,3.4117699999999993,5.41052
0.0,14.320056,3.4117699999999993,5.41052
0.0,14.320056,3.4117699999999993,5.41052
0.0,14.320056,3.4117699999999993,5.41052
0.0,14.330056,3.4117699999999993,5.41052
0.0,14.330056,3.4117699999999993,5.41052
0.0,14.330056,3.4117699999999993,5.41052
0.0,14.330056,3.4117699999999993,5.41052
0.0,14.340056,3.4117699999999993,5.41052
0.0,14.340056,3.4117699999999993,5.41052
0.0,14.340056,3.4117699999999993,5.41052
0.0,14.340056,3.4117699999999993,5.41052
0.0,14.350056,3.4117699999999993,5.41052
0.0,14.350056,3.4117699999999993,5.41052
0.0,14.350056,3.4117699999999993,5.41052
0.0,14.350056,3.4117699999999993,5.41052
0.0,14.360056,3.4117699999999993,5.41052
0.0,14.360056,3.4117699999999993,5.41052
0.0,14.360056,3.4117699999999993,5.41052
0.0,14.360056,3.4117699999999993,5.41052
0.0,14.370056,3.4117699999999993,5.41
0.0,14.370056,3.4117699999999993,5.41052
0.0,14.370056,3.4117699999999993,5.41052
0.0,14.390056,3.4117699999999993,5.41
0.0,14.390056,3.4117699999999993,5.41052
0.0,14.390056,3.4117699999999993,5.41052
0.0,14.410056,3.4117699999999993,5.41
0.0,14.410056,3.4117699999999993,5.41052
0.0,14.410056,3.4117699999999993,5.41052
0.0,14.420056,3.4117699999999993,5.41
0.0,14.430056,3.4117699999999993,5.41052
0.0,14.430056,3.4117699999999993,5.41052
0.0,14.440056,3.4117699999999993,5.41
0.0,14.450056,3.4117699999999993,5.41052
0.0,14.450056,3.4117699999999993,5.41052
0.0,14.460056,3.4117699999999993,5.41
0.0,14.460056,3.4117699999999993,5.41052
0.0,14.470056,3.4117699999999993,5.41052
0.0,14.480056,3.4117699999999993,5.41
0.0,14.480056,3.4117699999999993,5.41052
0.0,14.490056,3.4117699999999993,5.41052
0.0,14.500056,3.4117699999999993,5.41
0.0,14.500056,3.4117699999999993,5.41052
0.0,14.510056,3.4117699999999993,5.41052
0.0,14.520056,3.4117699999999993,5.41
0.0,14.520056,3.4117699999999993,5.41052
0.0,14.520056,3.4117699999999993,5.41052
0.0,14.540056,3.4117699999999993,5.41
0.0,14.540056,3.4117699999999993,5.41052
0.0,14.540056,3.4117699999999993,5.41052
0.0,14.560056,3.4117699999999993,5.41
0.0,14.560056,3.4117699999999993,5.41052
0.0,14.560056,3.4117699999999993,5.41052
0.0,14.580056,3.4117699999999993,5.41
0.0,14.580056,3.4117699999999993,5.41052
0.0,14.580056,3.4117699999999993,5.41052
0.0,14.600056,3.4117699999999993,5.41
0.0,14.600056,3.4117699999999993,5.41052
0.0,14.600056,3.4117699999999993,5.41052
0.0,14.610056,3.4117699999999993,5.41
0.0,14.620056,3.4117699999999993,5.41052
0.0,14.620056,3.4117699999999993,5.41052
0.0,14.630056,3.4117699999999993,5.41
0.0,14.640056,3.4117699999999993,5.41052
0.0,14.640056,3.4117699999999993,5.41052
0.0,14.650056,3.4117699999999993,5.41
0.0,14.660056,3.4117699999999993,5.41052
0.0,14.660056,3.4117699999999993,5.41052
0.0,14.670056,3.4117699999999993,5.41
0.0,14.670056,3.4117699999999993,5.41052
0.0,14.680056,3.4117699999999993,5.41052
0.0,14.690056,3.4117699999999993,5.41
0.0,14.690056,3.4117699999999993,5.41052
0.0,14.700056,3.4117699999999993,5.41052
0.0,14.710056,3.4117699999999993,5.41
0.0,14.710056,3.4117699999999993,5.41052
0.0,14.710056,3.4117699999999993,5.41052
0.0,14.730056,3.4117699999999993,5.41
0.0,14.730056,3.4117699999999993,5.41052
0.0,14.730056,3.4117699999999993,5.41052
0.0,14.750056,3.4117699999999993,5.41
0.0,14.750056,3.4117699999999993,5.41052
0.0,14.750056,3.4117699999999993,5.41052
0.0,14.770056,3.4117699999999993,5.41
0.0,14.770056,3.4117699999999993,5.41052
0.0,14.770056,3.4117699999999993,5.41052
0.0,14.790056,3.4117699999999993,5.41
0.0,14.790056,3.4117699999999993,5.41052
0.0,14.790056,3.4117699999999993,5.41052
0.0,14.810056,3.4117699999999993,5.41
0.0,14.810056,3.4117699999999993,5.41052
0.0,14.810056,3.4117699999999993,5.41052
0.0,14.820056,3.4117699999999993,5.41
0.0,14.830056,3.4117699999999993,5.41052
0.0,14.830056,3.4117699999999993,5.41052
0.0,14.840056,3.4117699999999993,5.41
0.0,14.850056,3.4117699999999993,5.41052
0.0,14.850056,3.4117699999999993,5.41052
0.0,14.860056,3.4117699999999993,5.41
0.0,14.870056,3.4117699999999993,5.41052
0.0,14.870056,3.4117699999999993,5.41052
0.0,14.880056,3.4117699999999993,5.41
0.0,14.880056,3.4117699999999993,5.41052
0.0,14.890056,3.4117699999999993,5.41052
0.0,14.900056,3.4117699999999993,5.41
0.0,14.900056,3.4117699999999993,5.41052
0.0,14.910056,3.4117699999999993,5.41052
0.0,14.920056,3.4117699999999993,5.41
0.0,14.920056,3.4117699999999993,5.41052
0.0,14.920056,3.4117699999999993,5.41052
0.0,14.940056,3.4117699999999993,5.41
0.0,14.940056,3.4117699999999993,5.41052
0.0,14.940056,3.4117699999999993,5.41052
0.0,14.960056,3.4117699999999993,5.41
0.0,14.960056,3.4117699999999993,5.41052
0.0,14.960056,3.4117699999999993,5.41052
0.0,14.980056,3.4117699999999993,5.41
0.0,14.980056,3.4117699999999993,5.41052
0.0,14.980056,3.4117699999999993,5.41052
0.0,15.000056,3.4117699999999993,4.01
0.0,15.000056,3.4117699999999993,4.01426
0.0,15.000056,3.4117699999999993,4.01426
0.0,15.020056,3.4117699999999993,4.01
0.0,15.020056,3.4117699999999993,4.01426
0.0,15.020056,3.4117699999999993,4.01426
0.0,15.03006,3.4117699999999993,4.01
0.0,15.040056,3.4117699999999993,4.01426
0.0,15.040056,3.4117699999999993,4.01426
0.0,15.050056,3.4117699999999993,4.01
0.0,15.060056,3.4117699999999993,4.01426
0.0,15.060056,3.4117699999999993,4.01426
0.0,15.070056,3.4117699999999993,4.01
0.0,15.070056,3.4117699999999993,4.01426
0.0,15.080056,3.4117699999999993,4.01426
0.0,15.090056,3.4117699999999993,4.01
0.0,15.090056,3.4117699999999993,4.01426
0.0,15.100056,3.4117699999999993,4.01426
0.0,15.110056,3.4117699999999993,4.01
0.0,15.110056,3.4117699999999993,4.01426
0.0,15.120056,3.4117699999999993,4.01426
0.0,15.130056,3.4117699999999993,4.01
0.0,15.130056,3.4117699999999993,4.01426
0.0,15.130056,3.4117699999999993,4.01426
0.0,15.150056,3.4117699999999993,4.01
0.0,15.150056,3.4117699999999993,4.01426
0.0,15.150056,3.4117699999999993,4.01426
0.0,15.170056,3.4117699999999993,4.01
0.0,15.170056,3.4117699999999993,4.01426
0.0,15.170056,3.4117699999999993,4.01426
0.0,15.190056,3.4117699999999993,4.01
0.0,15.190056,3.4117699999999993,4.01426
0.0,15.190056,3.4117699999999993,4.01426
0.0,15.210056,3.4117699999999993,4.01
0.0,15.210056,3.4117699999999993,4.01426
0.0,15.210056,3.4117699999999993,4.01426
0.0,15.220056,3.4117699999999993,4.01
0.0,15.230056,3.4117699999999993,4.01426
0.0,15.230056,3.4117699999999993,4.01426
0.0,15.240056,3.4117699999999993,4.01
0.0,15.250056,3.4117699999999993,4.01426
0.0,15.250056,3.4117699999999993,4.01426
0.0,15.260056,3.4117699999999993,4.01
0.0,15.270056,3.4117699999999993,4.01426
0.0,15.270056,3.4117699999999993,4.01426
0.0,15.280056,3.4117699999999993,4.01
0.0,15.280056,3.4117699999999993,4.01426
0.0,15.29006,3.4117699999999993,4.01426
0.0,15.300056,3.4117699999999993,4.01
0.0,15.300056,3.4117699999999993,4.01426
0.0,15.310056,3.4117699999999993,4.01426
0.0,15.320056,3.4117699999999993,4.01
0.0,15.320056,3.4117699999999993,4.01426
0.0,15.320056,3.4117699999999993,4.01426
0.0,15.33006,3.4117699999999993,4.01426
0.0,15.33006,3.4117699999999993,4.01426
0.0,15.33006,3.4117699999999993,4.01426
0.0,15.340056,3.4117699999999993,4.01426
0.0,15.340056,3.4117699999999993,4.01426
0.0,15.340056,3.4117699999999993,4.01426
0.0,15.340056,3.4117699999999993,4.01426
0.0,15.350056,3.4117699999999993,4.01426
0.0,15.350056,3.4117699999999993,4.01426
0.0,15.350056,3.4117699999999993,4.01426
0.0,15.350056,3.4117699999999993,4.01426
0.0,15.36006,3.4117699999999993,4.01426
0.0,15.36006,3.4117699999999993,4.01426
0.0,15.36006,3.4117699999999993,4.01426
0.0,15.36006,3.4117699999999993,4.01426
0.0,15.370056,3.4117699999999993,4.01426
0.0,15.370056,3.4117699999999993,4.01426
0.0,15.370056,3.4117699999999993,4.01426
0.0,15.370056,3.4117699999999993,4.01426
0.0,15.380056,3.4117699999999993,4.01426
0.0,15.380056,3.4117699999999993,4.01426
0.0,15.380056,3.4117699999999993,4.01426
0.0,15.380056,3.4117699999999993,4.01426
0.0,15.380056,3.4117699999999993,4.01426
0.0,15.390056,3.4117699999999993,4.01426
0.0,15.390056,3.4117699999999993,4.01426
0.0,15.390056,3.4117699999999993,4.01426
0.0,15.390056,3.4117699999999993,4.01426
0.0,15.400056,3.4117699999999993,4.01426
0.0,15.400056,3.4117699999999993,4.01426
0.0,15.400056,3.4117699999999993,4.01426
0.0,15.400056,3.4117699999999993,4.01426
0.0,15.410056,3.4117699999999993,4.01426
0.0,15.410056,3.4117699999999993,4.01426
0.0,15.410056,3.4117699999999993,4.01426
0.0,15.410056,3.4117699999999993,4.01426
0.0,15.420056,3.4117699999999993,4.01426
0.0,15.420056,3.4117699999999993,4.01426
0.0,15.420056,3.4117699999999993,4.01426
0.0,15.420056,3.4117699999999993,4.01426
0.0,15.430056,3.4117699999999993,4.01426
0.0,15.430056,3.4117699999999993,4.01426
0.0,15.430056,3.4117699999999993,4.01426
0.0,15.430056,3.4117699999999993,4.01426
0.0,15.430056,3.4117699999999993,4.01426
0.0,15.440056,3.4117699999999993,4.01426
0.0,15.440056,3.4117699999999993,4.01426
0.0,15.440056,3.4117699999999993,4.01426
0.0,15.440056,3.4117699999999993,4.01426
0.0,15.450056,3.4117699999999993,4.01
0.0,15.460056,3.4117699999999993,4.01426
0.0,15.460056,3.4117699999999993,4.01426
0.0,15.470056,3.4117699999999993,4.01
0.0,15.480056,3.4117699999999993,4.01426
0.0,15.480056,3.4117699999999993,4.01426
0.0,15.490056,3.4117699999999993,4.01
0.0,15.490056,3.4117699999999993,4.01426
0.0,15.500056,3.4117699999999993,4.01426
0.0,15.510056,3.4117699999999993,4.01
0.0,15.510056,3.4117699999999993,4.01426
0.0,15.520056,3.4117699999999993,4.01426
0.0,15.530056,3.4117699999999993,4.01
0.0,15.530056,3.4117699999999993,4.01426
0.0,15.530056,3.4117699999999993,4.01426
0.0,15.550056,3.4117699999999993,4.01
0.0,15.550056,3.4117699999999993,4.01426
0.0,15.550056,3.4117699999999993,4.01426
0.0,15.570056,3.4117699999999993,4.01
0.0,15.570056,3.4117699999999993,4.01426
0.0,15.570056,3.4117699999999993,4.01426
0.0,15.590056,3.4117699999999993,4.01
0.0,15.590056,3.4117699999999993,4.01426
0.0,15.590056,3.4117699999999993,4.01426
0.0,15.590056,3.4117699999999993,4.01426
0.0,15.610056,3.4117699999999993,4.01
0.0,15.610056,3.4117699999999993,4.01426
0.0,15.610056,3.4117699999999993,4.01426
0.0,15.63006,3.4117699999999993,4.01
0.0,15.63006,3.4117699999999993,4.01426
0.0,15.63006,3.4117699999999993,4.01426
0.0,15.640056,3.4117699999999993,4.01
0.0,15.650056,3.4117699999999993,4.01426
0.0,15.650056,3.4117699999999993,4.01426
0.0,15.650056,3.4117699999999993,4.01426
0.0,15.660056,3.4117699999999993,4.01
0.0,15.67006,3.4117699999999993,4.01426
0.0,15.67006,3.4117699999999993,4.01426
0.0,15.680056,3.4117699999999993,4.01
0.0,15.680056,3.4117699999999993,4.01426
0.0,15.690056,3.4117699999999993,4.01426
0.0,15.700056,3.4117699999999993,4.01
0.0,15.700056,3.4117699999999993,4.01426
0.0,15.710056,3.4117699999999993,4.01426
0.0,15.720056,3.4117699999999993,4.01
0.0,15.720056,3.4117699999999993,4.01426
0.0,15.730056,3.4117699999999993,4.01426
0.0,15.740056,3.4117699999999993,4.01
0.0,15.740056,3.4117699999999993,4.01426
0.0,15.740056,3.4117699999999993,4.01426
0.0,15.760056,3.4117699999999993,4.01
0.0,15.760056,3.4117699999999993,4.01426
0.0,15.760056,3.4117699999999993,4.01426
0.0,15.780056,3.4117699999999993,4.01
0.0,15.780056,3.4117699999999993,4.01426
0.0,15.780056,3.4117699999999993,4.01426
0.0,15.800056,3.4117699999999993,4.01
0.0,15.800056,3.4117699999999993,4.01426
0.0,15.800056,3.4117699999999993,4.01426
0.0,15.820056,3.4117699999999993,4.01
0.0,15.820056,3.4117699999999993,4.01426
0.0,15.820056,3.4117699999999993,4.01426
0.0,15.820056,3.4117699999999993,4.01426
0.0,15.830056,3.4117699999999993,4.01426
0.0,15.830056,3.4117699999999993,4.01426
0.0,15.830056,3.4117699999999993,4.01426
0.0,15.830056,3.4117699999999993,4.01426
0.0,15.830056,3.4117699999999993,4.01426
0.0,15.840056,3.4117699999999993,4.01426
0.0,15.840056,3.4117699999999993,4.01426
0.0,15.840056,3.4117699999999993,4.01426
0.0,15.840056,3.4117699999999993,4.01426
0.0,15.850056,3.4117699999999993,4.01426
0.0,15.850056,3.4117699999999993,4.01426
0.0,15.850056,3.4117699999999993,4.01426
0.0,15.850056,3.4117699999999993,4.01426
0.0,15.860056,3.4117699999999993,4.01426
0.0,15.860056,3.4117699999999993,4.01426
0.0,15.860056,3.4117699999999993,4.01426
0.0,15.860056,3.4117699999999993,4.01426
0.0,15.870056,3.4117699999999993,4.01426
0.0,15.870056,3.4117699999999993,4.01426
0.0,15.870056,3.4117699999999993,4.01426
0.0,15.870056,3.4117699999999993,4.01426
0.0,15.880056,3.4117699999999993,4.01426
0.0,15.880056,3.4117699999999993,4.01426
0.0,15.880056,3.4117699999999993,4.01426
0.0,15.880056,3.4117699999999993,4.01426
0.0,15.880056,3.4117699999999993,4.01426
0.0,15.890056,3.4117699999999993,4.01426
0.0,15.890056,3.4117699999999993,4.01426
0.0,15.890056,3.4117699999999993,4.01426
0.0,15.890056,3.4117699999999993,4.01426
0.0,15.900056,3.4117699999999993,4.01426
0.0,15.900056,3.4117699999999993,4.01426
0.0,15.900056,3.4117699999999993,4.01426
0.0,15.900056,3.4117699999999993,4.01426
0.0,15.910056,3.4117699999999993,4.01426
0.0,15.910056,3.4117699999999993,4.01426
0.0,15.910056,3.4117699999999993,4.01426
0.0,15.910056,3.4117699999999993,4.01426
0.0,15.920056,3.4117699999999993,4.01426
0.0,15.920056,3.4117699999999993,4.01426
0.0,15.920056,3.4117699999999993,4.01426
0.0,15.920056,3.4117699999999993,4.01426
0.0,15.93006,3.4117699999999993,4.01426
0.0,15.93006,3.4117699999999993,4.01426
0.0,15.93006,3.4117699999999993,4.01426
0.0,15.93006,3.4117699999999993,4.01426
0.0,15.940056,3.4117699999999993,4.01426
0.0,15.940056,3.4117699999999993,4.01426
0.0,15.940056,3.4117699999999993,4.01426
0.0,15.940056,3.4117699999999993,4.01426
0.0,15.940056,3.4117699999999993,4.01426
0.0,15.950056,3.4117699999999993,4.01426
0.0,15.950056,3.4117699999999993,4.01426
0.0,15.950056,3.4117699999999993,4.01426
0.0,15.950056,3.4117699999999993,4.01426
0.0,15.960056,3.4117699999999993,4.01426
0.0,15.960056,3.4117699999999993,4.01426
0.0,15.960056,3.4117699999999993,4.01426
0.0,15.960056,3.4117699999999993,4.01426
0.0,15.97006,3.4117699999999993,4.01426
0.0,15.97006,3.4117699999999993,4.01426
0.0,15.97006,3.4117699999999993,4.01426
0.0,15.97006,3.4117699999999993,4.01426
0.0,15.980056,3.4117699999999993,4.01426
0.0,15.980056,3.4117699999999993,4.01426
0.0,15.980056,3.4117699999999993,4.01426
0.0,15.980056,3.4117699999999993,4.01426
0.0,15.990056,3.4117699999999993,4.01426
0.0,15.990056,3.4117699999999993,4.01426
0.0,15.990056,3.4117699999999993,4.01426
0.0,15.990056,3.4117699999999993,4.01426
0.0,15.990056,3.4117699999999993,4.01426
0.0,16.00006,3.4117699999999993,4.01426
0.0,16.00006,3.4117699999999993,4.01426
0.0,16.00006,3.4117699999999993,4.01426
0.0,16.00006,3.4117699999999993,4.01426
0.0,16.010056,3.4117699999999993,4.01426
0.0,16.010056,3.4117699999999993,4.01426
0.0,16.010056,3.4117699999999993,4.01426
0.0,16.010056,3.4117699999999993,4.01426
0.0,16.020056,3.4117699999999993,4.01426
0.0,16.020056,3.4117699999999993,4.01426
0.0,16.020056,3.4117699999999993,4.01426
0.0,16.020056,3.4117699999999993,4.01426
0.0,16.030056,3.4117699999999993,4.01426
0.0,16.030056,3.4117699999999993,4.01426
0.0,16.030056,3.4117699999999993,4.01426
0.0,16.030056,3.4117699999999993,4.01426
0.0,16.040056,3.4117699999999993,4.01426
0.0,16.040056,3.4117699999999993,4.01426
0.0,16.040056,3.4117699999999993,4.01426
0.0,16.040056,3.4117699999999993,4.01426
0.0,16.040056,3.4117699999999993,4.01426
0.0,16.050056,3.4117699999999993,4.01426
0.0,16.050056,3.4117699999999993,4.01426
0.0,16.050056,3.4117699999999993,4.01426
0.0,16.050056,3.4117699999999993,4.01426
0.0,16.060056,3.4117699999999993,4.01426
0.0,16.060056,3.4117699999999993,4.01426
0.0,16.060056,3.4117699999999993,4.01426
0.0,16.060056,3.4117699999999993,4.01426
0.0,16.070056,3.4117699999999993,4.01426
0.0,16.070056,3.4117699999999993,4.01426
0.0,16.070056,3.4117699999999993,4.01426
0.0,16.070056,3.4117699999999993,4.01426
0.0,16.080056,3.4117699999999993,4.01426
0.0,16.080056,3.4117699999999993,4.01426
0.0,16.080056,3.4117699999999993,4.01426
0.0,16.080056,3.4117699999999993,4.01426
0.0,16.090056,3.4117699999999993,4.01426
0.0,16.090056,3.4117699999999993,4.01426
0.0,16.090056,3.4117699999999993,4.01426
0.0,16.090056,3.4117699999999993,4.01426
0.0,16.090056,3.4117699999999993,4.01426
0.0,16.100056,3.4117699999999993,4.01426
0.0,16.100056,3.4117699999999993,4.01426
0.0,16.100056,3.4117699999999993,4.01426
0.0,16.100056,3.4117699999999993,4.01426
0.0,16.110056,3.4117699999999993,4.01426
0.0,16.110056,3.4117699999999993,4.01426
0.0,16.110056,3.4117699999999993,4.01426
0.0,16.110056,3.4117699999999993,4.01426
0.0,16.120056,3.4117699999999993,4.01426
0.0,16.120056,3.4117699999999993,4.01426
0.0,16.120056,3.4117699999999993,4.01426
0.0,16.120056,3.4117699999999993,4.01426
0.0,16.130056,3.4117699999999993,4.01426
0.0,16.130056,3.4117699999999993,4.01426
0.0,16.130056,3.4117699999999993,4.01426
0.0,16.130056,3.4117699999999993,4.01426
0.0,16.140056,3.4117699999999993,4.01426
0.0,16.140056,3.4117699999999993,4.01426
0.0,16.140056,3.4117699999999993,4.01426
0.0,16.140056,3.4117699999999993,4.01426
0.0,16.140056,3.4117699999999993,4.01426
0.0,16.150056,3.4117699999999993,4.01426
0.0,16.150056,3.4117699999999993,4.01426
0.0,16.150056,3.4117699999999993,4.01426
0.0,16.150056,3.4117699999999993,4.01426
0.0,16.160056,3.4117699999999993,4.01426
0.0,16.160056,3.4117699999999993,4.01
0.0,16.160056,3.4117699999999993,4.01426
0.0,16.160056,3.4117699999999993,4.01426
0.0,16.180056,3.4117699999999993,4.01
0.0,16.180056,3.4117699999999993,4.01426
0.0,16.180056,3.4117699999999993,4.01426
0.0,16.190056,3.4117699999999993,4.01426
0.0,16.200056,3.4117699999999993,4.01
0.0,16.200056,3.4117699999999993,4.01426
0.0,16.200056,3.4117699999999993,4.01426
0.0,16.220056,3.4117699999999993,4.01
0.0,16.220056,3.4117699999999993,4.01426
0.0,16.220056,3.4117699999999993,4.01426
0.0,16.240056,3.4117699999999993,4.01
0.0,16.240056,3.4117699999999993,4.01426
0.0,16.240056,3.4117699999999993,4.01426
0.0,16.250056,3.4117699999999993,4.01
0.0,16.260056,3.4117699999999993,4.01426
0.0,16.260056,3.4117699999999993,4.01426
0.0,16.260056,3.4117699999999993,4.01426
0.0,16.27006,3.4117699999999993,4.01426
0.0,16.27006,3.4117699999999993,4.01
0.0,16.280056,3.4117699999999993,4.01426
0.0,16.280056,3.4117699999999993,4.01426
0.0,16.290056,3.4117699999999993,4.01426
0.0,16.290056,3.4117699999999993,4.01426
0.0,16.290056,3.4117699999999993,4.01426
0.0,16.300056,3.4117699999999993,4.01426
0.0,16.31006,3.4117699999999993,4.01
0.0,16.31006,3.4117699999999993,4.01426
0.0,16.320056,3.4117699999999993,4.01426
0.0,16.330056,3.4117699999999993,4.01
0.0,16.330056,3.4117699999999993,4.01426
0.0,16.340056,3.4117699999999993,4.01426
0.0,16.350056,3.4117699999999993,4.01
0.0,16.350056,3.4117699999999993,4.01426
0.0,16.350056,3.4117699999999993,4.01426
0.0,16.370056,3.4117699999999993,4.01
0.0,16.370056,3.4117699999999993,4.01426
0.0,16.370056,3.4117699999999993,4.01426
0.0,16.390056,3.4117699999999993,4.01
0.0,16.390056,3.4117699999999993,4.01426
0.0,16.390056,3.4117699999999993,4.01426
0.0,16.410056,3.4117699999999993,4.01
0.0,16.410056,3.4117699999999993,4.01426
0.0,16.410056,3.4117699999999993,4.01426
0.0,16.430056,3.4117699999999993,4.01
0.0,16.430056,3.4117699999999993,4.01426
0.0,16.430056,3.4117699999999993,4.01426
0.0,16.440056,3.4117699999999993,4.01
0.0,16.450056,3.4117699999999993,4.01426
0.0,16.450056,3.4117699999999993,4.01426
0.0,16.460056,3.4117699999999993,4.01
0.0,16.470056,3.4117699999999993,4.01426
0.0,16.470056,3.4117699999999993,4.01426
0.0,16.480056,3.4117699999999993,4.01
0.0,16.490056,3.4117699999999993,4.01426
0.0,16.490056,3.4117699999999993,4.01426
0.0,16.500056,3.4117699999999993,4.01
0.0,16.500056,3.4117699999999993,4.01426
0.0,16.510056,3.4117699999999993,4.01426
0.0,16.520056,3.4117699999999993,4.01
0.0,16.520056,3.4117699999999993,4.01426
0.0,16.530056,3.4117699999999993,4.01426
0.0,16.530056,3.4117699999999993,4.01426
0.0,16.540056,3.4117699999999993,4.01
0.0,16.540056,3.4117699999999993,4.01426
0.0,16.550056,3.4117699999999993,4.01426
0.0,16.560056,3.4117699999999993,4.01426
0.0,16.560056,3.4117699999999993,4.01
0.0,16.560056,3.4117699999999993,4.01426
0.0,16.560056,3.4117699999999993,4.01426
0.0,16.580056,3.4117699999999993,4.01
0.0,16.580056,3.4117699999999993,4.01426
0.0,16.580056,3.4117699999999993,4.01426
0.0,16.600056,3.4117699999999993,4.01
0.0,16.600056,3.4117699999999993,4.01426
0.0,16.600056,3.4117699999999993,4.01426
0.0,16.620056,3.4117699999999993,4.01
0.0,16.620056,3.4117699999999993,4.01426
0.0,16.620056,3.4117699999999993,4.01426
0.0,16.640056,3.4117699999999993,4.01
0.0,16.640056,3.4117699999999993,4.01426
0.0,16.640056,3.4117699999999993,4.01426
0.0,16.650056,3.4117699999999993,4.01
0.0,16.660056,3.4117699999999993,4.01426
0.0,16.660056,3.4117699999999993,4.01426
0.0,16.660056,3.4117699999999993,4.01426
0.0,16.670056,3.4117699999999993,4.01
0.0,16.680056,3.4117699999999993,4.01426
0.0,16.680056,3.4117699999999993,4.01426
0.0,16.690056,3.4117699999999993,4.01
0.0,16.700056,3.4117699999999993,4.01426
0.0,16.700056,3.4117699999999993,4.01426
0.0,16.710056,3.4117699999999993,4.01
0.0,16.710056,3.4117699999999993,4.01426
0.0,16.720056,3.4117699999999993,4.01426
0.0,16.730056,3.4117699999999993,4.01
0.0,16.730056,3.4117699999999993,4.01426
0.0,16.740056,3.4117699999999993,4.01426
0.0,16.750056,3.4117699999999993,4.01
0.0,16.750056,3.4117699999999993,4.01426
0.0,16.750056,3.4117699999999993,4.01426
0.0,16.770056,3.4117699999999993,4.01
0.0,16.770056,3.4117699999999993,4.01426
0.0,16.770056,3.4117699999999993,4.01426
0.0,16.790056,3.4117699999999993,4.01
0.0,16.790056,3.4117699999999993,4.01426
0.0,16.790056,3.4117699999999993,4.01426
0.0,16.810056,3.4117699999999993,4.01
0.0,16.810056,3.4117699999999993,4.01426
0.0,16.810056,3.4117699999999993,4.01426
0.0,16.820056,3.4117699999999993,4.01426
0.0,16.830056,3.4117699999999993,4.01
0.0,16.830056,3.4117699999999993,4.01426
0.0,16.830056,3.4117699999999993,4.01426
0.0,16.850056,3.4117699999999993,4.01
0.0,16.850056,3.4117699999999993,4.01426
0.0,16.850056,3.4117699999999993,4.01426
0.0,16.860056,3.4117699999999993,4.01
0.0,16.870056,3.4117699999999993,4.01426
0.0,16.870056,3.4117699999999993,4.01426
0.0,16.880056,3.4117699999999993,4.01
0.0,16.890056,3.4117699999999993,4.01426
0.0,16.890056,3.4117699999999993,4.01426
0.0,16.900056,3.4117699999999993,4.01
0.0,16.900056,3.4117699999999993,4.01426
0.0,16.91006,3.4117699999999993,4.01426
0.0,16.920056,3.4117699999999993,4.01
0.0,16.920056,3.4117699999999993,4.01426
0.0,16.930056,3.4117699999999993,4.01426
0.0,16.940056,3.4117699999999993,4.01
0.0,16.940056,3.4117699999999993,4.01426
0.0,16.95006,3.4117699999999993,4.01426
0.0,16.960056,3.4117699999999993,4.01
0.0,16.960056,3.4117699999999993,4.01426
0.0,16.960056,3.4117699999999993,4.01426
0.0,16.980056,3.4117699999999993,4.01
0.0,16.980056,3.4117699999999993,4.01426
0.0,16.980056,3.4117699999999993,4.01426
0.0,17.000056,3.4117699999999993,0.78
0.0,17.000056,3.4117699999999993,0.7854
0.0,17.000056,3.4117699999999993,0.7854
0.0,17.020084,3.410277999999999,0.78
0.0,17.020084,3.408785999999999,0.7854
0.0,17.020084,3.407293999999999,0.7854
0.0,17.040084,3.4006964999999996,0.78
0.0,17.040084,3.3940989999999993,0.7854
0.0,17.040084,3.3875015,0.7854
0.0,17.060084,3.3754065,0.78
0.0,17.060084,3.3633115,0.7854
0.0,17.060084,3.3512164999999996,0.7854
0.0,17.070084,3.3379435,0.78
0.0,17.08006,3.3244345000000006,0.7854
0.0,17.08006,3.3109254999999997,0.7854
0.0,17.09006,3.2974165,0.78
0.0,17.100056,3.2839075,0.7854
0.0,17.100056,3.2703985000000007,0.7854
0.0,17.110056,3.2568894999999998,0.78
0.0,17.110056,3.2433805,0.7854
0.0,17.120056,3.2298715000000002,0.7854
0.0,17.130056,3.2163625000000007,0.78
0.0,17.130056,3.2028535000000007,0.7854
0.0,17.140056,3.190836500000001,0.7854
0.0,17.150056,3.1788195000000012,0.78
0.0,17.150056,3.166802500000001,0.7854
0.0,17.160056,3.1598910000000013,0.7854
0.0,17.170056,3.152979500000001,0.78
0.0,17.170056,3.1460680000000014,0.7854
0.0,17.170056,3.144654000000001,0.7854
0.0,17.190056,3.143240000000001,0.78
0.0,17.190056,3.141826000000001,0.7854
0.0,17.190056,3.1415900000000008,0.7854
0.0,17.21006,3.1415900000000008,0.78
0.0,17.21006,3.1415900000000008,0.7854
0.0,17.21006,3.1415900000000008,0.7854
0.0,17.230056,3.1415900000000008,0.78
0.0,17.230056,3.1415900000000008,0.7854
0.0,17.230056,3.1415900000000008,0.7854
0.0,17.25006,3.1415900000000008,0.78
0.0,17.25006,3.1415900000000008,0.7854
0.0,17.25006,3.1415900000000008,0.7854
0.0,17.260056,3.1415900000000008,0.78
0.0,17.270056,3.1415900000000008,0.7854
0.0,17.270056,3.1415900000000008,0.7854
0.0,17.28006,3.1415900000000008,0.78
0.0,17.290056,3.1415900000000008,0.7854
0.0,17.290056,3.1415900000000008,0.7854
0.0,17.300056,3.1415900000000008,0.78
0.0,17.310056,3.1415900000000008,0.7854
0.0,17.310056,3.1415900000000008,0.7854
0.0,17.320056,3.1415900000000008,0.78
0.0,17.320056,3.1415900000000008,0.7854
0.0,17.330056,3.1415900000000008,0.7854
0.0,17.340056,3.1415900000000008,0.78
0.0,17.340056,3.1415900000000008,0.7854
0.0,17.350056,3.1415900000000008,0.7854
0.0,17.360056,3.1415900000000008,0.78
0.0,17.360056,3.1415900000000008,0.7854
0.0,17.370056,3.1415900000000008,0.7854
0.0,17.380056,3.1415900000000008,0.78
0.0,17.380056,3.1415900000000008,0.7854
0.0,17.380056,3.1415900000000008,0.7854
0.0,17.400056,3.1415900000000008,0.78
0.0,17.400056,3.1415900000000008,0.7854
0.0,17.400056,3.1415900000000008,0.7854
0.0,17.420056,3.1415900000000008,0.78
0.0,17.420056,3.1415900000000008,0.7854
0.0,17.420056,3.1415900000000008,0.7854
0.0,17.440056,3.1415900000000008,0.78
0.0,17.440056,3.1415900000000008,0.7854
0.0,17.440056,3.1415900000000008,0.7854
0.0,17.460056,3.1415900000000008,0.78
0.0,17.460056,3.1415900000000008,0.7854
0.0,17.460056,3.1415900000000008,0.7854
0.0,17.470056,3.1415900000000008,0.7854
0.0,17.470056,3.1415900000000008,0.78
0.0,17.480056,3.1415900000000008,0.7854
0.0,17.480056,3.1415900000000008,0.7854
0.0,17.490056,3.1415900000000008,0.7854
0.0,17.490056,3.1415900000000008,0.78
0.0,17.500056,3.1415900000000008,0.7854
0.0,17.500056,3.1415900000000008,0.7854
0.0,17.510056,3.1415900000000008,0.78
0.0,17.520056,3.1415900000000008,0.7854
0.0,17.520056,3.1415900000000008,0.7854
0.0,17.530056,3.1415900000000008,0.78
0.0,17.530056,3.1415900000000008,0.7854
0.0,17.540056,3.1415900000000008,0.7854
0.0,17.55006,3.1415900000000008,0.78
0.0,17.55006,3.1415900000000008,0.7854
0.0,17.560056,3.1415900000000008,0.7854
0.0,17.570056,3.1415900000000008,0.78
0.0,17.570056,3.1415900000000008,0.7854
0.0,17.570056,3.1415900000000008,0.7854
0.0,17.580056,3.1415900000000008,0.7854
0.0,17.59006,3.1415900000000008,0.78
0.0,17.59006,3.1415900000000008,0.7854
0.0,17.59006,3.1415900000000008,0.7854
0.0,17.610056,3.1415900000000008,0.78
0.0,17.610056,3.1415900000000008,0.7854
0.0,17.610056,3.1415900000000008,0.7854
0.0,17.630056,3.1415900000000008,0.78
0.0,17.630056,3.1415900000000008,0.7854
0.0,17.630056,3.1415900000000008,0.7854
0.0,17.650056,3.1415900000000008,0.78
0.0,17.650056,3.1415900000000008,0.7854
0.0,17.650056,3.1415900000000008,0.7854
0.0,17.650056,3.1415900000000008,0.7854
0.0,17.660056,3.1415900000000008,0.7854
0.0,17.660056,3.1415900000000008,0.7854
0.0,17.660056,3.1415900000000008,0.7854
0.0,17.660056,3.1415900000000008,0.7854
0.0,17.670056,3.1415900000000008,0.7854
0.0,17.670056,3.1415900000000008,0.7854
0.0,17.670056,3.1415900000000008,0.7854
0.0,17.670056,3.1415900000000008,0.7854
0.0,17.670056,3.1415900000000008,0.7854
0.0,17.680056,3.1415900000000008,0.7854
0.0,17.680056,3.1415900000000008,0.7854
0.0,17.680056,3.1415900000000008,0.7854
0.0,17.680056,3.1415900000000008,0.7854
0.0,17.690056,3.1415900000000008,0.7854
0.0,17.690056,3.1415900000000008,0.7854
0.0,17.690056,3.1415900000000008,0.7854
0.0,17.690056,3.1415900000000008,0.7854
0.0,17.700056,3.1415900000000008,0.7854
0.0,17.700056,3.1415900000000008,0.7854
0.0,17.700056,3.1415900000000008,0.7854
0.0,17.700056,3.1415900000000008,0.7854
0.0,17.710056,3.1415900000000008,0.7854
0.0,17.710056,3.1415900000000008,0.7854
0.0,17.710056,3.1415900000000008,0.7854
0.0,17.710056,3.1415900000000008,0.7854
0.0,17.720056,3.1415900000000008,0.7854
0.0,17.720056,3.1415900000000008,0.7854
0.0,17.720056,3.1415900000000008,0.7854
0.0,17.720056,3.1415900000000008,0.7854
0.0,17.720056,3.1415900000000008,0.7854
0.0,17.730056,3.1415900000000008,0.7854
0.0,17.730056,3.1415900000000008,0.7854
0.0,17.730056,3.1415900000000008,0.7854
0.0,17.730056,3.1415900000000008,0.7854
0.0,17.740056,3.1415900000000008,0.7854
0.0,17.740056,3.1415900000000008,0.7854
0.0,17.740056,3.1415900000000008,0.7854
0.0,17.740056,3.1415900000000008,0.7854
0.0,17.750056,3.1415900000000008,0.7854
0.0,17.750056,3.1415900000000008,0.7854
0.0,17.750056,3.1415900000000008,0.7854
0.0,17.750056,3.1415900000000008,0.7854
0.0,17.760056,3.1415900000000008,0.7854
0.0,17.760056,3.1415900000000008,0.7854
0.0,17.760056,3.1415900000000008,0.78
0.0,17.760056,3.1415900000000008,0.7854
0.0,17.770056,3.1415900000000008,0.7854
0.0,17.780056,3.1415900000000008,0.78
0.0,17.780056,3.1415900000000008,0.7854
0.0,17.780056,3.1415900000000008,0.7854
0.0,17.800056,3.1415900000000008,0.7854
0.0,17.800056,3.1415900000000008,0.7854
0.0,17.800056,3.1415900000000008,0.7854
0.0,17.820056,3.1415900000000008,0.78
0.0,17.820056,3.1415900000000008,0.7854
0.0,17.820056,3.1415900000000008,0.7854
0.0,17.840056,3.1415900000000008,0.78
0.0,17.840056,3.1415900000000008,0.7854
0.0,17.840056,3.1415900000000008,0.7854
0.0,17.860056,3.1415900000000008,0.78
0.0,17.860056,3.1415900000000008,0.7854
0.0,17.860056,3.1415900000000008,0.7854
0.0,17.870056,3.1415900000000008,0.78
0.0,17.880056,3.1415900000000008,0.7854
0.0,17.880056,3.1415900000000008,0.7854
0.0,17.89006,3.1415900000000008,0.78
0.0,17.900056,3.1415900000000008,0.7854
0.0,17.900056,3.1415900000000008,0.7854
0.0,17.910056,3.1415900000000008,0.78
0.0,17.92006,3.1415900000000008,0.7854
0.0,17.92006,3.1415900000000008,0.7854
0.0,17.930056,3.1415900000000008,0.78
0.0,17.930056,3.1415900000000008,0.7854
0.0,17.940056,3.1415900000000008,0.7854
0.0,17.950056,3.1415900000000008,0.78
0.0,17.950056,3.1415900000000008,0.7854
0.0,17.960056,3.1415900000000008,0.7854
0.0,17.970056,3.1415900000000008,0.78
0.0,17.970056,3.1415900000000008,0.7854
0.0,17.980056,3.1415900000000008,0.7854
0.0,17.990056,3.1415900000000008,0.78
0.0,17.990056,3.1415900000000008,0.7854
0.0,17.990056,3.1415900000000008,0.7854
0.0,18.010056,3.1415900000000008,0.78
0.0,18.010056,3.1415900000000008,0.7854
0.0,18.010056,3.1415900000000008,0.7854
0.0,18.030056,3.1415900000000008,0.78
0.0,18.030056,3.1415900000000008,0.7854
0.0,18.030056,3.1415900000000008,0.7854
0.0,18.050056,3.1415900000000008,0.78
0.0,18.050056,3.1415900000000008,0.7854
0.0,18.050056,3.1415900000000008,0.7854
0.0,18.070056,3.1415900000000008,0.78
0.0,18.070056,3.1415900000000008,0.7854
0.0,18.070056,3.1415900000000008,0.7854
0.0,18.080056,3.1415900000000008,0.78
0.0,18.090056,3.1415900000000008,0.7854
0.0,18.090056,3.1415900000000008,0.7854
0.0,18.100056,3.1415900000000008,0.78
0.0,18.110056,3.1415900000000008,0.7854
0.0,18.110056,3.1415900000000008,0.7854
0.0,18.120056,3.1415900000000008,0.78
0.0,18.130056,3.1415900000000008,0.7854
0.0,18.130056,3.1415900000000008,0.7854
0.0,18.140056,3.1415900000000008,0.78
0.0,18.140056,3.1415900000000008,0.7854
0.0,18.150056,3.1415900000000008,0.7854
0.0,18.160056,3.1415900000000008,0.78
0.0,18.160056,3.1415900000000008,0.7854
0.0,18.170056,3.1415900000000008,0.7854
0.0,18.180056,3.1415900000000008,0.78
0.0,18.180056,3.1415900000000008,0.7854
0.0,18.180056,3.1415900000000008,0.7854
0.0,18.200056,3.1415900000000008,0.78
0.0,18.200056,3.1415900000000008,0.7854
0.0,18.200056,3.1415900000000008,0.7854
0.0,18.220056,3.1415900000000008,0.78
0.0,18.220056,3.1415900000000008,0.7854
0.0,18.220056,3.1415900000000008,0.7854
0.0,18.240056,3.1415900000000008,0.78
0.0,18.240056,3.1415900000000008,0.7854
0.0,18.240056,3.1415900000000008,0.7854
0.0,18.260056,3.1415900000000008,0.78
0.0,18.260056,3.1415900000000008,0.7854
0.0,18.260056,3.1415900000000008,0.7854
0.0,18.280056,3.1415900000000008,0.78
0.0,18.280056,3.1415900000000008,0.7854
0.0,18.280056,3.1415900000000008,0.7854
0.0,18.290056,3.1415900000000008,0.78
0.0,18.300056,3.1415900000000008,0.7854
0.0,18.300056,3.1415900000000008,0.7854
0.0,18.310056,3.1415900000000008,0.78
0.0,18.320056,3.1415900000000008,0.7854
0.0,18.320056,3.1415900000000008,0.7854
0.0,18.330056,3.1415900000000008,0.78
0.0,18.330056,3.1415900000000008,0.7854
0.0,18.340056,3.1415900000000008,0.7854
0.0,18.350056,3.1415900000000008,0.78
0.0,18.350056,3.1415900000000008,0.7854
0.0,18.360056,3.1415900000000008,0.7854
0.0,18.370056,3.1415900000000008,0.78
0.0,18.370056,3.1415900000000008,0.7854
0.0,18.380056,3.1415900000000008,0.7854
0.0,18.390056,3.1415900000000008,0.78
0.0,18.390056,3.1415900000000008,0.7854
0.0,18.390056,3.1415900000000008,0.7854
0.0,18.410056,3.1415900000000008,0.78
0.0,18.410056,3.1415900000000008,0.7854
0.0,18.410056,3.1415900000000008,0.7854
0.0,18.430056,3.1415900000000008,0.78
0.0,18.430056,3.1415900000000008,0.7854
0.0,18.430056,3.1415900000000008,0.7854
0.0,18.450056,3.1415900000000008,0.78
0.0,18.450056,3.1415900000000008,0.7854
0.0,18.450056,3.1415900000000008,0.7854
0.0,18.470056,3.1415900000000008,0.78
0.0,18.470056,3.1415900000000008,0.7854
0.0,18.470056,3.1415900000000008,0.7854
0.0,18.49006,3.1415900000000008,0.78
0.0,18.49006,3.1415900000000008,0.7854
0.0,18.49006,3.1415900000000008,0.7854
0.0,18.500056,3.1415900000000008,0.78
0.0,18.510056,3.1415900000000008,0.7854
0.0,18.510056,3.1415900000000008,0.7854
0.0,18.520056,3.1415900000000008,0.78
0.0,18.53006,3.1415900000000008,0.7854
0.0,18.53006,3.1415900000000008,0.7854
0.0,18.540056,3.1415900000000008,0.78
0.0,18.540056,3.1415900000000008,0.7854
0.0,18.550056,3.1415900000000008,0.7854
0.0,18.56006,3.1415900000000008,0.78
0.0,18.56006,3.1415900000000008,0.7854
0.0,18.570056,3.1415900000000008,0.7854
0.0,18.580056,3.1415900000000008,0.78
0.0,18.580056,3.1415900000000008,0.7854
0.0,18.590056,3.1415900000000008,0.7854
0.0,18.600056,3.1415900000000008,0.78
0.0,18.600056,3.1415900000000008,0.7854
0.0,18.600056,3.1415900000000008,0.7854
0.0,18.620056,3.1415900000000008,0.78
0.0,18.620056,3.1415900000000008,0.7854
0.0,18.620056,3.1415900000000008,0.7854
0.0,18.640056,3.1415900000000008,0.78
0.0,18.640056,3.1415900000000008,0.7854
0.0,18.640056,3.1415900000000008,0.7854
0.0,18.660056,3.1415900000000008,0.78
0.0,18.660056,3.1415900000000008,0.7854
0.0,18.660056,3.1415900000000008,0.7854
0.0,18.680056,3.1415900000000008,0.78
0.0,18.680056,3.1415900000000008,0.7854
0.0,18.680056,3.1415900000000008,0.7854
0.0,18.690056,3.1415900000000008,0.78
0.0,18.700056,3.1415900000000008,0.7854
0.0,18.700056,3.1415900000000008,0.7854
0.0,18.710056,3.1415900000000008,0.78
0.0,18.720056,3.1415900000000008,0.7854
0.0,18.720056,3.1415900000000008,0.7854
0.0,18.730056,3.1415900000000008,0.78
0.0,18.740056,3.1415900000000008,0.7854
0.0,18.740056,3.1415900000000008,0.7854
0.0,18.750056,3.1415900000000008,0.78
0.0,18.750056,3.1415900000000008,0.7854
0.0,18.760056,3.1415900000000008,0.7854
0.0,18.770056,3.1415900000000008,0.78
0.0,18.770056,3.1415900000000008,0.7854
0.0,18.780056,3.1415900000000008,0.7854
0.0,18.790056,3.1415900000000008,0.78
0.0,18.790056,3.1415900000000008,0.7854
0.0,18.790056,3.1415900000000008,0.7854
0.0,18.810056,3.1415900000000008,0.78
0.0,18.810056,3.1415900000000008,0.7854
0.0,18.810056,3.1415900000000008,0.7854
0.0,18.83006,3.1415900000000008,0.78
0.0,18.83006,3.1415900000000008,0.7854
0.0,18.83006,3.1415900000000008,0.7854
0.0,18.850056,3.1415900000000008,0.78
0.0,18.850056,3.1415900000000008,0.7854
0.0,18.850056,3.1415900000000008,0.7854
0.0,18.87006,3.1415900000000008,0.7854
0.0,18.87006,3.1415900000000008,0.7854
0.0,18.87006,3.1415900000000008,0.7854
0.0,18.890056,3.1415900000000008,0.78
0.0,18.890056,3.1415900000000008,0.7854
0.0,18.890056,3.1415900000000008,0.7854
0.0,18.900056,3.1415900000000008,0.78
0.0,18.910056,3.1415900000000008,0.7854
0.0,18.910056,3.1415900000000008,0.7854
0.0,18.920056,3.1415900000000008,0.78
0.0,18.930056,3.1415900000000008,0.7854
0.0,18.930056,3.1415900000000008,0.7854
0.0,18.940056,3.1415900000000008,0.78
0.0,18.940056,3.1415900000000008,0.7854
0.0,18.950056,3.1415900000000008,0.7854
0.0,18.960056,3.1415900000000008,0.78
0.0,18.960056,3.1415900000000008,0.7854
0.0,18.970056,3.1415900000000008,0.7854
0.0,18.980056,3.1415900000000008,0.78
0.0,18.980056,3.1415900000000008,0.7854
0.0,18.990056,3.1415900000000008,0.7854
0.0,19.000056,3.1415900000000008,2.61
0.0,19.000056,3.1415900000000008,2.61799
0.0,19.000056,3.1415900000000008,2.61799
0.0,19.020056,3.1415900000000008,2.61
0.0,19.020056,3.1415900000000008,2.61799
0.0,19.020056,3.1415900000000008,2.61799
0.0,19.040056,3.1415900000000008,2.61
0.0,19.040056,3.1415900000000008,2.61799
0.0,19.040056,3.1415900000000008,2.61799
0.0,19.060056,3.1415900000000008,2.61
0.0,19.060056,3.1415900000000008,2.61799
0.0,19.060056,3.1415900000000008,2.61799
0.0,19.080056,3.1415900000000008,2.61
0.0,19.080056,3.1415900000000008,2.61799
0.0,19.080056,3.1415900000000008,2.61799
0.0,19.100056,3.1415900000000008,2.61
0.0,19.100056,3.1415900000000008,2.61799
0.0,19.100056,3.1415900000000008,2.61799
0.0,19.110056,3.1415900000000008,2.61
0.0,19.120056,3.1415900000000008,2.61799
0.0,19.120056,3.1415900000000008,2.61799
0.0,19.13006,3.1415900000000008,2.61
0.0,19.140056,3.1415900000000008,2.61799
0.0,19.140056,3.1415900000000008,2.61799
0.0,19.150056,3.1415900000000008,2.61
0.0,19.150056,3.1415900000000008,2.61799
0.0,19.160056,3.1415900000000008,2.61799
0.0,19.17006,3.1415900000000008,2.61
0.0,19.17006,3.1415900000000008,2.61799
0.0,19.180056,3.1415900000000008,2.61799
0.0,19.190056,3.1415900000000008,2.61
0.0,19.190056,3.1415900000000008,2.61799
0.0,19.200056,3.1415900000000008,2.61799
0.0,19.210056,3.1415900000000008,2.61
0.0,19.210056,3.1415900000000008,2.61799
0.0,19.210056,3.1415900000000008,2.61799
0.0,19.230056,3.1415900000000008,2.61
0.0,19.230056,3.1415900000000008,2.61799
0.0,19.230056,3.1415900000000008,2.61799
0.0,19.250056,3.1415900000000008,2.61
0.0,19.250056,3.1415900000000008,2.61799
0.0,19.250056,3.1415900000000008,2.61799
0.0,19.270056,3.1415900000000008,2.61
0.0,19.270056,3.1415900000000008,2.61799
0.0,19.270056,3.1415900000000008,2.61799
0.0,19.290056,3.1415900000000008,2.61
0.0,19.290056,3.1415900000000008,2.61799
0.0,19.290056,3.1415900000000008,2.61799
0.0,19.300056,3.1415900000000008,2.61
0.0,19.310056,3.1415900000000008,2.61799
0.0,19.310056,3.1415900000000008,2.61799
0.0,19.320056,3.1415900000000008,2.61
0.0,19.330056,3.1415900000000008,2.61799
0.0,19.330056,3.1415900000000008,2.61799
0.0,19.340056,3.1415900000000008,2.61
0.0,19.350056,3.1415900000000008,2.61799
0.0,19.350056,3.1415900000000008,2.61799
0.0,19.360056,3.1415900000000008,2.61
0.0,19.360056,3.1415900000000008,2.61799
0.0,19.370056,3.1415900000000008,2.61799
0.0,19.380056,3.1415900000000008,2.61
0.0,19.380056,3.1415900000000008,2.61799
0.0,19.390056,3.1415900000000008,2.61799
0.0,19.400056,3.1415900000000008,2.61
0.0,19.400056,3.1415900000000008,2.61799
0.0,19.400056,3.1415900000000008,2.61799
0.0,19.420056,3.1415900000000008,2.61
0.0,19.420056,3.1415900000000008,2.61799
0.0,19.420056,3.1415900000000008,2.61799
0.0,19.440056,3.1415900000000008,2.61
0.0,19.440056,3.1415900000000008,2.61799
0.0,19.440056,3.1415900000000008,2.61799
0.0,19.460056,3.1415900000000008,2.61
0.0,19.460056,3.1415900000000008,2.61799
0.0,19.460056,3.1415900000000008,2.61799
0.0,19.480056,3.1415900000000008,2.61
0.0,19.480056,3.1415900000000008,2.61799
0.0,19.480056,3.1415900000000008,2.61799
0.0,19.500056,3.1415900000000008,2.61
0.0,19.500056,3.1415900000000008,2.61799
0.0,19.500056,3.1415900000000008,2.61799
0.0,19.51006,3.1415900000000008,2.61
0.0,19.520056,3.1415900000000008,2.61799
0.0,19.520056,3.1415900000000008,2.61799
0.0,19.530056,3.1415900000000008,2.61
0.0,19.540056,3.1415900000000008,2.61799
0.0,19.540056,3.1415900000000008,2.61799
0.0,19.550056,3.1415900000000008,2.61
0.0,19.560056,3.1415900000000008,2.61799
0.0,19.560056,3.1415900000000008,2.61799
0.0,19.570056,3.1415900000000008,2.61
0.0,19.570056,3.1415900000000008,2.61799
0.0,19.580056,3.1415900000000008,2.61799
0.0,19.590056,3.1415900000000008,2.61
0.0,19.590056,3.1415900000000008,2.61799
0.0,19.600056,3.1415900000000008,2.61799
0.0,19.610056,3.1415900000000008,2.61
0.0,19.610056,3.1415900000000008,2.61799
0.0,19.610056,3.1415900000000008,2.61799
0.0,19.630056,3.1415900000000008,2.61
0.0,19.630056,3.1415900000000008,2.61799
0.0,19.630056,3.1415900000000008,2.61799
0.0,19.650056,3.1415900000000008,2.61
0.0,19.650056,3.1415900000000008,2.61799
0.0,19.650056,3.1415900000000008,2.61799
0.0,19.670056,3.1415900000000008,2.61
0.0,19.670056,3.1415900000000008,2.61799
0.0,19.670056,3.1415900000000008,2.61799
0.0,19.690056,3.1415900000000008,2.61
0.0,19.690056,3.1415900000000008,2.61799
0.0,19.690056,3.1415900000000008,2.61799
0.0,19.710056,3.1415900000000008,2.61
0.0,19.710056,3.1415900000000008,2.61799
0.0,19.710056,3.1415900000000008,2.61799
0.0,19.720056,3.1415900000000008,2.61
0.0,19.730056,3.1415900000000008,2.61799
0.0,19.730056,3.1415900000000008,2.61799
0.0,19.740056,3.1415900000000008,2.61
0.0,19.750056,3.1415900000000008,2.61799
0.0,19.750056,3.1415900000000008,2.61799
0.0,19.760056,3.1415900000000008,2.61
0.0,19.760056,3.1415900000000008,2.61799
0.0,19.77006,3.1415900000000008,2.61799
0.0,19.780056,3.1415900000000008,2.61
0.0,19.780056,3.1415900000000008,2.61799
0.0,19.790056,3.1415900000000008,2.61799
0.0,19.800056,3.1415900000000008,2.61
0.0,19.800056,3.1415900000000008,2.61799
0.0,19.81006,3.1415900000000008,2.61799
0.0,19.820056,3.1415900000000008,2.61
0.0,19.820056,3.1415900000000008,2.61799
0.0,19.820056,3.1415900000000008,2.61799
0.0,19.84006,3.1415900000000008,2.61
0.0,19.84006,3.1415900000000008,2.61799
0.0,19.84006,3.1415900000000008,2.61799
0.0,19.860056,3.1415900000000008,2.61
0.0,19.860056,3.1415900000000008,2.61799
0.0,19.860056,3.1415900000000008,2.61799
0.0,19.880056,3.1415900000000008,2.61
0.0,19.880056,3.1415900000000008,2.61799
0.0,19.880056,3.1415900000000008,2.61799
0.0,19.900056,3.1415900000000008,2.61
0.0,19.900056,3.1415900000000008,2.61799
0.0,19.900056,3.1415900000000008,2.61799
0.0,19.910056,3.1415900000000008,2.61
0.0,19.920056,3.1415900000000008,2.61799
0.0,19.920056,3.1415900000000008,2.61799
0.0,19.930056,3.1415900000000008,2.61
0.0,19.940056,3.1415900000000008,2.61799
0.0,19.940056,3.1415900000000008,2.61799
0.0,19.950056,3.1415900000000008,2.61
0.0,19.960056,3.1415900000000008,2.61799
0.0,19.960056,3.1415900000000008,2.61799
0.0,19.970056,3.1415900000000008,2.61
0.0,19.970056,3.1415900000000008,2.61799
0.0,19.980056,3.1415900000000008,2.61799
0.0,19.990056,3.1415900000000008,2.61799
0.0,19.990056,3.1415900000000008,2.61799
0.0,19.990056,3.1415900000000008,2.61799
0.0,19.990056,3.1415900000000008,2.61799
0.0,20.000056,3.1415900000000008,2.61799
0.0,20.000056,3.1415900000000008,2.61799
0.0,20.000056,3.1415900000000008,2.61799
0.0,20.000056,3.1415900000000008,2.61799
0.0,20.010056,3.1415900000000008,2.61799
0.0,20.010056,3.1415900000000008,2.61799
0.0,20.010056,3.1415900000000008,2.61799
0.0,20.010056,3.1415900000000008,2.61799
0.0,20.010056,3.1415900000000008,2.61799
0.0,20.020056,3.1415900000000008,2.61799
0.0,20.020056,3.1415900000000008,2.61799
0.0,20.020056,3.1415900000000008,2.61799
0.0,20.020056,3.1415900000000008,2.61799
0.0,20.030056,3.1415900000000008,2.61799
0.0,20.030056,3.1415900000000008,2.61799
0.0,20.030056,3.1415900000000008,2.61799
0.0,20.030056,3.1415900000000008,2.61799
0.0,20.040056,3.1415900000000008,2.61799
0.0,20.040056,3.1415900000000008,2.61799
0.0,20.040056,3.1415900000000008,2.61799
0.0,20.040056,3.1415900000000008,2.61799
0.0,20.050056,3.1415900000000008,2.61799
0.0,20.050056,3.1415900000000008,2.61799
0.0,20.050056,3.1415900000000008,2.61799
0.0,20.050056,3.1415900000000008,2.61799
0.0,20.060056,3.1415900000000008,2.61799
0.0,20.060056,3.1415900000000008,2.61799
0.0,20.060056,3.1415900000000008,2.61799
0.0,20.060056,3.1415900000000008,2.61799
0.0,20.060056,3.1415900000000008,2.61799
0.0,20.070056,3.1415900000000008,2.61799
0.0,20.070056,3.1415900000000008,2.61799
0.0,20.070056,3.1415900000000008,2.61799
0.0,20.070056,3.1415900000000008,2.61799
0.0,20.080056,3.1415900000000008,2.61799
0.0,20.080056,3.1415900000000008,2.61799
0.0,20.080056,3.1415900000000008,2.61799
0.0,20.080056,3.1415900000000008,2.61799
0.0,20.090056,3.1415900000000008,2.61799
0.0,20.090056,3.1415900000000008,2.61799
0.0,20.090056,3.1415900000000008,2.61799
0.0,20.090056,3.1415900000000008,2.61799
0.0,20.100056,3.1415900000000008,2.61799
0.0,20.11006,3.1415900000000008,2.61
0.0,20.11006,3.1415900000000008,2.61799
0.0,20.11006,3.1415900000000008,2.61799
0.0,20.120056,3.1415900000000008,2.61
0.0,20.130056,3.1415900000000008,2.61799
0.0,20.130056,3.1415900000000008,2.61799
0.0,20.140056,3.1415900000000008,2.61
0.0,20.15006,3.1415900000000008,2.61799
0.0,20.15006,3.1415900000000008,2.61799
0.0,20.160056,3.1415900000000008,2.61
0.0,20.170056,3.1415900000000008,2.61799
0.0,20.170056,3.1415900000000008,2.61799
0.0,20.180056,3.1415900000000008,2.61
0.0,20.180056,3.1415900000000008,2.61799
0.0,20.190056,3.1415900000000008,2.61799
0.0,20.200056,3.1415900000000008,2.61
0.0,20.200056,3.1415900000000008,2.61799
0.0,20.210056,3.1415900000000008,2.61799
0.0,20.220056,3.1415900000000008,2.61
0.0,20.220056,3.1415900000000008,2.61799
0.0,20.220056,3.1415900000000008,2.61799
0.0,20.240056,3.1415900000000008,2.61
0.0,20.240056,3.1415900000000008,2.61799
0.0,20.240056,3.1415900000000008,2.61799
0.0,20.260056,3.1415900000000008,2.61
0.0,20.260056,3.1415900000000008,2.61799
0.0,20.260056,3.1415900000000008,2.61799
0.0,20.280056,3.1415900000000008,2.61
0.0,20.280056,3.1415900000000008,2.61799
0.0,20.280056,3.1415900000000008,2.61799
0.0,20.300056,3.1415900000000008,2.61
0.0,20.300056,3.1415900000000008,2.61799
0.0,20.300056,3.1415900000000008,2.61799
0.0,20.320056,3.1415900000000008,2.61
0.0,20.320056,3.1415900000000008,2.61799
0.0,20.320056,3.1415900000000008,2.61799
0.0,20.330056,3.1415900000000008,2.61
0.0,20.340056,3.1415900000000008,2.61799
0.0,20.340056,3.1415900000000008,2.61799
0.0,20.350056,3.1415900000000008,2.61
0.0,20.360056,3.1415900000000008,2.61799
0.0,20.360056,3.1415900000000008,2.61799
0.0,20.370056,3.1415900000000008,2.61
0.0,20.370056,3.1415900000000008,2.61799
0.0,20.380056,3.1415900000000008,2.61799
0.0,20.390056,3.1415900000000008,2.61
0.0,20.390056,3.1415900000000008,2.61799
0.0,20.400056,3.1415900000000008,2.61799
0.0,20.41006,3.1415900000000008,2.61
0.0,20.41006,3.1415900000000008,2.61799
0.0,20.420056,3.1415900000000008,2.61799
0.0,20.430056,3.1415900000000008,2.61
0.0,20.430056,3.1415900000000008,2.61799
0.0,20.430056,3.1415900000000008,2.61799
0.0,20.45006,3.1415900000000008,2.61
0.0,20.45006,3.1415900000000008,2.61799
0.0,20.45006,3.1415900000000008,2.61799
0.0,20.470056,3.1415900000000008,2.61799
0.0,20.470056,3.1415900000000008,2.61
0.0,20.470056,3.1415900000000008,2.61799
0.0,20.470056,3.1415900000000008,2.61799
0.0,20.490056,3.1415900000000008,2.61
0.0,20.490056,3.1415900000000008,2.61799
0.0,20.490056,3.1415900000000008,2.61799
0.0,20.510056,3.1415900000000008,2.61
0.0,20.510056,3.1415900000000008,2.61799
0.0,20.510056,3.1415900000000008,2.61799
0.0,20.520056,3.1415900000000008,2.61
0.0,20.530056,3.1415900000000008,2.61799
0.0,20.530056,3.1415900000000008,2.61799
0.0,20.540056,3.1415900000000008,2.61
0.0,20.550056,3.1415900000000008,2.61799
0.0,20.550056,3.1415900000000008,2.61799
0.0,20.560056,3.1415900000000008,2.61
0.0,20.570056,3.1415900000000008,2.61799
0.0,20.570056,3.1415900000000008,2.61799
0.0,20.580056,3.1415900000000008,2.61
0.0,20.580056,3.1415900000000008,2.61799
0.0,20.590056,3.1415900000000008,2.61799
0.0,20.600056,3.1415900000000008,2.61
0.0,20.600056,3.1415900000000008,2.61799
0.0,20.610056,3.1415900000000008,2.61799
0.0,20.620056,3.1415900000000008,2.61
0.0,20.620056,3.1415900000000008,2.61799
0.0,20.620056,3.1415900000000008,2.61799
0.0,20.640056,3.1415900000000008,2.61
0.0,20.640056,3.1415900000000008,2.61799
0.0,20.640056,3.1415900000000008,2.61799
0.0,20.660056,3.1415900000000008,2.61
0.0,20.660056,3.1415900000000008,2.61799
0.0,20.660056,3.1415900000000008,2.61799
0.0,20.680056,3.1415900000000008,2.61
0.0,20.680056,3.1415900000000008,2.61799
0.0,20.680056,3.1415900000000008,2.61799
0.0,20.700056,3.1415900000000008,2.61
0.0,20.700056,3.1415900000000008,2.61799
0.0,20.700056,3.1415900000000008,2.61799
0.0,20.720056,3.1415900000000008,2.61
0.0,20.720056,3.1415900000000008,2.61799
0.0,20.720056,3.1415900000000008,2.61799
0.0,20.730056,3.1415900000000008,2.61
0.0,20.740056,3.1415900000000008,2.61799
0.0,20.740056,3.1415900000000008,2.61799
0.0,20.75006,3.1415900000000008,2.61
0.0,20.760056,3.1415900000000008,2.61799
0.0,20.760056,3.1415900000000008,2.61799
0.0,20.760056,3.1415900000000008,2.61799
0.0,20.770056,3.1415900000000008,2.61
0.0,20.780056,3.1415900000000008,2.61799
0.0,20.780056,3.1415900000000008,2.61799
0.0,20.79006,3.1415900000000008,2.61
0.0,20.79006,3.1415900000000008,2.61799
0.0,20.800056,3.1415900000000008,2.61799
0.0,20.810056,3.1415900000000008,2.61
0.0,20.810056,3.1415900000000008,2.61799
0.0,20.820056,3.1415900000000008,2.61799
0.0,20.830056,3.1415900000000008,2.61
0.0,20.830056,3.1415900000000008,2.61799
0.0,20.830056,3.1415900000000008,2.61799
0.0,20.850056,3.1415900000000008,2.61
0.0,20.850056,3.1415900000000008,2.61799
0.0,20.850056,3.1415900000000008,2.61799
0.0,20.870056,3.1415900000000008,2.61
0.0,20.870056,3.1415900000000008,2.61799
0.0,20.870056,3.1415900000000008,2.61799
0.0,20.890056,3.1415900000000008,2.61
0.0,20.890056,3.1415900000000008,2.61799
0.0,20.890056,3.1415900000000008,2.61799
0.0,20.910056,3.1415900000000008,2.61
0.0,20.910056,3.1415900000000008,2.61799
0.0,20.910056,3.1415900000000008,2.61799
0.0,20.930056,3.1415900000000008,2.61
0.0,20.930056,3.1415900000000008,2.61799
0.0,20.930056,3.1415900000000008,2.61799
0.0,20.940056,3.1415900000000008,2.61
0.0,20.950056,3.1415900000000008,2.61799
0.0,20.950056,3.1415900000000008,2.61799
0.0,20.960056,3.1415900000000008,2.61
0.0,20.970056,3.1415900000000008,2.61799
0.0,20.970056,3.1415900000000008,2.61799
0.0,20.980056,3.1415900000000008,2.61
0.0,20.980056,3.1415900000000008,2.61799
0.0,20.990056,3.1415900000000008,2.61799
0.0,21.000056,3.1415900000000008,4.71
0.0,21.000056,3.1415900000000008,4.71239
0.0,21.010056,3.1415900000000008,4.71239
0.0,21.020056,3.1415900000000008,4.71
0.0,21.020056,3.1415900000000008,4.71239
0.0,21.030056,3.1415900000000008,4.71239
0.0,21.040056,3.1415900000000008,4.71
0.0,21.040056,3.1415900000000008,4.71239
0.0,21.040056,3.1415900000000008,4.71239
0.0,21.060056,3.1415900000000008,4.71
0.0,21.060056,3.1415900000000008,4.71239
0.0,21.060056,3.1415900000000008,4.71239
0.0,21.080056,3.1415900000000008,4.71
0.0,21.080056,3.1415900000000008,4.71239
0.0,21.080056,3.1415900000000008,4.71239
0.0,21.100056,3.1415900000000008,4.71
0.0,21.100056,3.1415900000000008,4.71239
0.0,21.100056,3.1415900000000008,4.71239
0.0,21.120056,3.1415900000000008,4.71
0.0,21.120056,3.1415900000000008,4.71239
0.0,21.120056,3.1415900000000008,4.71239
0.0,21.130056,3.1415900000000008,4.71
0.0,21.140056,3.1415900000000008,4.71239
0.0,21.140056,3.1415900000000008,4.71239
0.0,21.150056,3.1415900000000008,4.71
0.0,21.160056,3.1415900000000008,4.71239
0.0,21.160056,3.1415900000000008,4.71239
0.0,21.170056,3.1415900000000008,4.71
0.0,21.180056,3.1415900000000008,4.71239
0.0,21.180056,3.1415900000000008,4.71239
0.0,21.190056,3.1415900000000008,4.71
0.0,21.190056,3.1415900000000008,4.71239
0.0,21.200056,3.1415900000000008,4.71239
0.0,21.210056,3.1415900000000008,4.71
0.0,21.210056,3.1415900000000008,4.71239
0.0,21.220056,3.1415900000000008,4.71239
0.0,21.230056,3.1415900000000008,4.71
0.0,21.230056,3.1415900000000008,4.71239
0.0,21.240056,3.1415900000000008,4.71239
0.0,21.250056,3.1415900000000008,4.71
0.0,21.250056,3.1415900000000008,4.71239
0.0,21.250056,3.1415900000000008,4.71239
0.0,21.270056,3.1415900000000008,4.71
0.0,21.270056,3.1415900000000008,4.71239
0.0,21.270056,3.1415900000000008,4.71239
0.0,21.290056,3.1415900000000008,4.71
0.0,21.290056,3.1415900000000008,4.71239
0.0,21.290056,3.1415900000000008,4.71239
0.0,21.290056,3.1415900000000008,4.71239
0.0,21.310056,3.1415900000000008,4.71
0.0,21.310056,3.1415900000000008,4.71239
0.0,21.310056,3.1415900000000008,4.71239
0.0,21.330056,3.1415900000000008,4.71
0.0,21.330056,3.1415900000000008,4.71239
0.0,21.330056,3.1415900000000008,4.71239
0.0,21.340056,3.1415900000000008,4.71
0.0,21.350056,3.1415900000000008,4.71239
0.0,21.350056,3.1415900000000008,4.71239
0.0,21.360056,3.1415900000000008,4.71
0.0,21.370056,3.1415900000000008,4.71239
0.0,21.370056,3.1415900000000008,4.71239
0.0,21.380056,3.1415900000000008,4.71
0.0,21.39006,3.1415900000000008,4.71239
0.0,21.39006,3.1415900000000008,4.71239
0.0,21.400056,3.1415900000000008,4.71
0.0,21.400056,3.1415900000000008,4.71239
0.0,21.410056,3.1415900000000008,4.71239
0.0,21.420056,3.1415900000000008,4.71
0.0,21.420056,3.1415900000000008,4.71239
0.0,21.43006,3.1415900000000008,4.71239
0.0,21.440056,3.1415900000000008,4.71
0.0,21.440056,3.1415900000000008,4.71239
0.0,21.440056,3.1415900000000008,4.71239
0.0,21.460056,3.1415900000000008,4.71
0.0,21.460056,3.1415900000000008,4.71239
0.0,21.460056,3.1415900000000008,4.71239
0.0,21.480056,3.1415900000000008,4.71
0.0,21.480056,3.1415900000000008,4.71239
0.0,21.480056,3.1415900000000008,4.71239
0.0,21.500056,3.1415900000000008,4.71
0.0,21.500056,3.1415900000000008,4.71239
0.0,21.500056,3.1415900000000008,4.71239
0.0,21.520056,3.1415900000000008,4.71
0.0,21.520056,3.1415900000000008,4.71239
0.0,21.520056,3.1415900000000008,4.71239
0.0,21.540056,3.1415900000000008,4.71
0.0,21.540056,3.1415900000000008,4.71239
0.0,21.540056,3.1415900000000008,4.71239
0.0,21.550056,3.1415900000000008,4.71
0.0,21.560056,3.1415900000000008,4.71239
0.0,21.560056,3.1415900000000008,4.71239
0.0,21.560056,3.1415900000000008,4.71239
0.0,21.570056,3.1415900000000008,4.71
0.0,21.580056,3.1415900000000008,4.71239
0.0,21.580056,3.1415900000000008,4.71239
0.0,21.590056,3.1415900000000008,4.71
0.0,21.590056,3.1415900000000008,4.71239
0.0,21.600056,3.1415900000000008,4.71239
0.0,21.610056,3.1415900000000008,4.71
0.0,21.610056,3.1415900000000008,4.71239
0.0,21.620056,3.1415900000000008,4.71239
0.0,21.630056,3.1415900000000008,4.71
0.0,21.630056,3.1415900000000008,4.71239
0.0,21.640056,3.1415900000000008,4.71239
0.0,21.650056,3.1415900000000008,4.71
0.0,21.650056,3.1415900000000008,4.71239
0.0,21.650056,3.1415900000000008,4.71239
0.0,21.670056,3.1415900000000008,4.71
0.0,21.670056,3.1415900000000008,4.71239
0.0,21.670056,3.1415900000000008,4.71239
0.0,21.69006,3.1415900000000008,4.71
0.0,21.69006,3.1415900000000008,4.71239
0.0,21.69006,3.1415900000000008,4.71239
0.0,21.710056,3.1415900000000008,4.71
0.0,21.710056,3.1415900000000008,4.71239
0.0,21.710056,3.1415900000000008,4.71239
0.0,21.73006,3.1415900000000008,4.71
0.0,21.73006,3.1415900000000008,4.71239
0.0,21.73006,3.1415900000000008,4.71239
0.0,21.740056,3.1415900000000008,4.71
0.0,21.750056,3.1415900000000008,4.71239
0.0,21.750056,3.1415900000000008,4.71239
0.0,21.760056,3.1415900000000008,4.71
0.0,21.770056,3.1415900000000008,4.71239
0.0,21.770056,3.1415900000000008,4.71239
0.0,21.780056,3.1415900000000008,4.71
0.0,21.790056,3.1415900000000008,4.71239
0.0,21.790056,3.1415900000000008,4.71239
0.0,21.800056,3.1415900000000008,4.71
0.0,21.800056,3.1415900000000008,4.71239
0.0,21.810056,3.1415900000000008,4.71239
0.0,21.820056,3.1415900000000008,4.71
0.0,21.820056,3.1415900000000008,4.71239
0.0,21.830056,3.1415900000000008,4.71239
0.0,21.830056,3.1415900000000008,4.71239
0.0,21.840056,3.1415900000000008,4.71
0.0,21.840056,3.1415900000000008,4.71239
0.0,21.850056,3.1415900000000008,4.71239
0.0,21.860056,3.1415900000000008,4.71
0.0,21.860056,3.1415900000000008,4.71239
0.0,21.860056,3.1415900000000008,4.71239
0.0,21.880056,3.1415900000000008,4.71
0.0,21.880056,3.1415900000000008,4.71239
0.0,21.880056,3.1415900000000008,4.71239
0.0,21.900056,3.1415900000000008,4.71
0.0,21.900056,3.1415900000000008,4.71239
0.0,21.900056,3.1415900000000008,4.71239
0.0,21.920056,3.1415900000000008,4.71
0.0,21.920056,3.1415900000000008,4.71239
0.0,21.920056,3.1415900000000008,4.71239
0.0,21.940056,3.1415900000000008,4.71
0.0,21.940056,3.1415900000000008,4.71239
0.0,21.940056,3.1415900000000008,4.71239
0.0,21.950056,3.1415900000000008,4.71
0.0,21.960056,3.1415900000000008,4.71239
0.0,21.960056,3.1415900000000008,4.71239
0.0,21.970056,3.1415900000000008,4.71
0.0,21.980056,3.1415900000000008,4.71239
0.0,21.980056,3.1415900000000008,4.71239
0.0,21.990056,3.1415900000000008,4.71
0.0,22.000056,3.1415900000000008,4.71239
0.0,22.000056,3.1415900000000008,4.71239
0.0,22.010056,3.1415900000000008,4.71
0.0,22.010056,3.1415900000000008,4.71239
0.0,22.020056,3.1415900000000008,4.71239
0.0,22.03006,3.1415900000000008,4.71
0.0,22.03006,3.1415900000000008,4.71239
0.0,22.040056,3.1415900000000008,4.71239
0.0,22.050056,3.1415900000000008,4.71
0.0,22.050056,3.1415900000000008,4.71239
0.0,22.050056,3.1415900000000008,4.71239
0.0,22.07006,3.1415900000000008,4.71
0.0,22.07006,3.1415900000000008,4.71239
0.0,22.07006,3.1415900000000008,4.71239
0.0,22.090056,3.1415900000000008,4.71
0.0,22.090056,3.1415900000000008,4.71239
0.0,22.090056,3.1415900000000008,4.71239
0.0,22.110056,3.1415900000000008,4.71
0.0,22.110056,3.1415900000000008,4.71239
0.0,22.110056,3.1415900000000008,4.71239
0.0,22.130056,3.1415900000000008,4.71
0.0,22.130056,3.1415900000000008,4.71239
0.0,22.130056,3.1415900000000008,4.71239
0.0,22.150056,3.1415900000000008,4.71
0.0,22.150056,3.1415900000000008,4.71239
0.0,22.150056,3.1415900000000008,4.71239
0.0,22.160056,3.1415900000000008,4.71
0.0,22.170056,3.1415900000000008,4.71239
0.0,22.170056,3.1415900000000008,4.71239
0.0,22.180056,3.1415900000000008,4.71
0.0,22.190056,3.1415900000000008,4.71239
0.0,22.190056,3.1415900000000008,4.71239
0.0,22.200056,3.1415900000000008,4.71
0.0,22.200056,3.1415900000000008,4.71239
0.0,22.210056,3.1415900000000008,4.71239
0.0,22.220056,3.1415900000000008,4.71
0.0,22.220056,3.1415900000000008,4.71239
0.0,22.230056,3.1415900000000008,4.71239
0.0,22.240056,3.1415900000000008,4.71
0.0,22.240056,3.1415900000000008,4.71239
0.0,22.250056,3.1415900000000008,4.71239
0.0,22.260056,3.1415900000000008,4.71
0.0,22.260056,3.1415900000000008,4.71239
0.0,22.260056,3.1415900000000008,4.71239
0.0,22.270056,3.1415900000000008,4.71239
0.0,22.280056,3.1415900000000008,4.71
0.0,22.280056,3.1415900000000008,4.71239
0.0,22.280056,3.1415900000000008,4.71239
0.0,22.300056,3.1415900000000008,4.71
0.0,22.300056,3.1415900000000008,4.71239
0.0,22.300056,3.1415900000000008,4.71239
0.0,22.320056,3.1415900000000008,4.71
0.0,22.320056,3.1415900000000008,4.71239
0.0,22.320056,3.1415900000000008,4.71239
0.0,22.340056,3.1415900000000008,4.71
0.0,22.340056,3.1415900000000008,4.71239
0.0,22.340056,3.1415900000000008,4.71239
0.0,22.350056,3.1415900000000008,4.71239
0.0,22.350056,3.1415900000000008,4.71239
0.0,22.350056,3.1415900000000008,4.71239
0.0,22.360056,3.1415900000000008,4.71239
0.0,22.360056,3.1415900000000008,4.71239
0.0,22.360056,3.1415900000000008,4.71239
0.0,22.360056,3.1415900000000008,4.71239
0.0,22.360056,3.1415900000000008,4.71239
0.0,22.37006,3.1415900000000008,4.71239
0.0,22.37006,3.1415900000000008,4.71239
0.0,22.37006,3.1415900000000008,4.71239
0.0,22.37006,3.1415900000000008,4.71239
0.0,22.380056,3.1415900000000008,4.71239
0.0,22.380056,3.1415900000000008,4.71239
0.0,22.380056,3.1415900000000008,4.71239
0.0,22.380056,3.1415900000000008,4.71239
0.0,22.390056,3.1415900000000008,4.71239
0.0,22.390056,3.1415900000000008,4.71239
0.0,22.390056,3.1415900000000008,4.71239
0.0,22.390056,3.1415900000000008,4.71239
0.0,22.40006,3.1415900000000008,4.71239
0.0,22.40006,3.1415900000000008,4.71239
0.0,22.40006,3.1415900000000008,4.71239
0.0,22.40006,3.1415900000000008,4.71239
0.0,22.410056,3.1415900000000008,4.71239
0.0,22.410056,3.1415900000000008,4.71239
0.0,22.410056,3.1415900000000008,4.71239
0.0,22.410056,3.1415900000000008,4.71239
0.0,22.410056,3.1415900000000008,4.71239
0.0,22.420056,3.1415900000000008,4.71239
0.0,22.420056,3.1415900000000008,4.71239
0.0,22.420056,3.1415900000000008,4.71239
0.0,22.420056,3.1415900000000008,4.71239
0.0,22.430056,3.1415900000000008,4.71239
0.0,22.430056,3.1415900000000008,4.71239
0.0,22.430056,3.1415900000000008,4.71
0.0,22.430056,3.1415900000000008,4.71239
0.0,22.440056,3.1415900000000008,4.71239
0.0,22.450056,3.1415900000000008,4.71
0.0,22.450056,3.1415900000000008,4.71239
0.0,22.460056,3.1415900000000008,4.71239
0.0,22.470056,3.1415900000000008,4.71
0.0,22.470056,3.1415900000000008,4.71239
0.0,22.470056,3.1415900000000008,4.71239
0.0,22.490056,3.1415900000000008,4.71
0.0,22.490056,3.1415900000000008,4.71239
0.0,22.490056,3.1415900000000008,4.71239
0.0,22.510056,3.1415900000000008,4.71
0.0,22.510056,3.1415900000000008,4.71239
0.0,22.510056,3.1415900000000008,4.71239
0.0,22.530056,3.1415900000000008,4.71
0.0,22.530056,3.1415900000000008,4.71239
0.0,22.530056,3.1415900000000008,4.71239
0.0,22.550056,3.1415900000000008,4.71
0.0,22.550056,3.1415900000000008,4.71239
0.0,22.550056,3.1415900000000008,4.71239
0.0,22.560056,3.1415900000000008,4.71
0.0,22.570056,3.1415900000000008,4.71239
0.0,22.570056,3.1415900000000008,4.71239
0.0,22.580056,3.1415900000000008,4.71
0.0,22.590056,3.1415900000000008,4.71239
0.0,22.590056,3.1415900000000008,4.71239
0.0,22.600056,3.1415900000000008,4.71
0.0,22.610056,3.1415900000000008,4.71239
0.0,22.610056,3.1415900000000008,4.71239
0.0,22.620056,3.1415900000000008,4.71
0.0,22.620056,3.1415900000000008,4.71239
0.0,22.630056,3.1415900000000008,4.71239
0.0,22.640056,3.1415900000000008,4.71
0.0,22.640056,3.1415900000000008,4.71239
0.0,22.650056,3.1415900000000008,4.71239
0.0,22.660056,3.1415900000000008,4.71
0.0,22.660056,3.1415900000000008,4.71239
0.0,22.660056,3.1415900000000008,4.71239
0.0,22.680056,3.1415900000000008,4.71
0.0,22.680056,3.1415900000000008,4.71239
0.0,22.680056,3.1415900000000008,4.71239
0.0,22.700056,3.1415900000000008,4.71
0.0,22.700056,3.1415900000000008,4.71239
0.0,22.700056,3.1415900000000008,4.71239
0.0,22.720056,3.1415900000000008,4.71
0.0,22.720056,3.1415900000000008,4.71239
0.0,22.720056,3.1415900000000008,4.71239
0.0,22.740056,3.1415900000000008,4.71
0.0,22.740056,3.1415900000000008,4.71239
0.0,22.740056,3.1415900000000008,4.71239
0.0,22.760056,3.1415900000000008,4.71
0.0,22.760056,3.1415900000000008,4.71239
0.0,22.760056,3.1415900000000008,4.71239
0.0,22.770056,3.1415900000000008,4.71
0.0,22.780056,3.1415900000000008,4.71239
0.0,22.780056,3.1415900000000008,4.71239
0.0,22.790056,3.1415900000000008,4.71
0.0,22.800056,3.1415900000000008,4.71239
0.0,22.800056,3.1415900000000008,4.71239
0.0,22.800056,3.1415900000000008,4.71239
0.0,22.810056,3.1415900000000008,4.71
0.0,22.810056,3.1415900000000008,4.71239
0.0,22.820056,3.1415900000000008,4.71239
0.0,22.830056,3.1415900000000008,4.71
0.0,22.830056,3.1415900000000008,4.71239
0.0,22.840056,3.1415900000000008,4.71239
0.0,22.850056,3.1415900000000008,4.71
0.0,22.850056,3.1415900000000008,4.71239
0.0,22.860056,3.1415900000000008,4.71239
0.0,22.870056,3.1415900000000008,4.71
0.0,22.870056,3.1415900000000008,4.71239
0.0,22.870056,3.1415900000000008,4.71239
0.0,22.890056,3.1415900000000008,4.71
0.0,22.890056,3.1415900000000008,4.71239
0.0,22.890056,3.1415900000000008,4.71239
0.0,22.910056,3.1415900000000008,4.71
0.0,22.910056,3.1415900000000008,4.71239
0.0,22.910056,3.1415900000000008,4.71239
0.0,22.930056,3.1415900000000008,4.71
0.0,22.930056,3.1415900000000008,4.71239
0.0,22.930056,3.1415900000000008,4.71239
0.0,22.950056,3.1415900000000008,4.71
0.0,22.950056,3.1415900000000008,4.71239
0.0,22.950056,3.1415900000000008,4.71239
0.0,22.97006,3.1415900000000008,4.71
0.0,22.97006,3.1415900000000008,4.71239
0.0,22.97006,3.1415900000000008,4.71239
0.0,22.980056,3.1415900000000008,4.71
0.0,22.990056,3.1415900000000008,4.71239
0.0,22.990056,3.1415900000000008,4.71239
0.0,23.000056,3.1415900000000008,0.34
0.0,23.010076,3.141276000000001,0.34907
0.0,23.010076,3.1409620000000005,0.34907
0.0,23.02008,3.139627000000001,0.34
0.0,23.02008,3.1382920000000003,0.34907
0.0,23.03008,3.1351505000000004,0.34907
0.0,23.040088,3.1296530000000007,0.34
0.0,23.040088,3.1241555000000005,0.34907
0.0,23.050084,3.1157520000000005,0.34907
0.0,23.060084,3.1038140000000007,0.34
0.0,23.060084,3.091876000000001,0.34907
0.0,23.070084,3.0760110000000007,0.34907
0.0,23.070084,3.0601460000000005,0.34907
0.0,23.080084,3.0402755000000004,0.34
0.0,23.080084,3.0204050000000002,0.34907
0.0,23.080084,3.0005345000000005,0.34907
0.0,23.100084,2.9750875000000008,0.34
0.0,23.100084,2.9496405000000006,0.34907
0.0,23.100084,2.9241935000000003,0.34907
0.0,23.12006,2.897176,0.34
0.0,23.12006,2.8701585000000005,0.34907
0.0,23.12006,2.8434550000000005,0.34907
0.0,23.140056,2.8167515000000005,0.34
0.0,23.140056,2.7910690000000002,0.34907
0.0,23.140056,2.7653865000000004,0.34907
0.0,23.160056,2.7415105000000004,0.34
0.0,23.160056,2.7199905,0.34907
0.0,23.160056,2.6984705000000004,0.34907
0.0,23.180056,2.6798565,0.34
0.0,23.180056,2.664777,0.34907
0.0,23.180056,2.6496975,0.34907
0.0,23.190056,2.6385449999999997,0.34
0.0,23.200056,2.6273924999999996,0.34907
0.0,23.200056,2.6202454999999993,0.34907
0.0,23.210056,2.6130984999999995,0.34
0.0,23.220056,2.6059514999999993,0.34907
0.0,23.220056,2.6043809999999996,0.34907
0.0,23.230056,2.6028104999999995,0.34
0.0,23.230056,2.6012399999999993,0.34907
0.0,23.240056,2.6012399999999993,0.34907
0.0,23.250056,2.6012399999999993,0.34
0.0,23.250056,2.6012399999999993,0.34907
0.0,23.260056,2.6012399999999993,0.34907
0.0,23.270056,2.6012399999999993,0.34
0.0,23.270056,2.6012399999999993,0.34907
0.0,23.280056,2.6012399999999993,0.34907
0.0,23.290056,2.6012399999999993,0.34
0.0,23.290056,2.6012399999999993,0.34907
0.0,23.290056,2.6012399999999993,0.34907
0.0,23.310064,2.6012399999999993,0.34
0.0,23.310064,2.6012399999999993,0.34907
0.0,23.310064,2.6012399999999993,0.34907
0.0,23.330056,2.6012399999999993,0.34
0.0,23.330056,2.6012399999999993,0.34907
0.0,23.330056,2.6012399999999993,0.34907
0.0,23.330056,2.6012399999999993,0.34907
0.0,23.350064,2.6012399999999993,0.34
0.0,23.350064,2.6012399999999993,0.34907
0.0,23.350064,2.6012399999999993,0.34907
0.0,23.370056,2.6012399999999993,0.34
0.0,23.370056,2.6012399999999993,0.34907
0.0,23.370056,2.6012399999999993,0.34907
0.0,23.380056,2.6012399999999993,0.34
0.0,23.390056,2.6012399999999993,0.34907
0.0,23.390056,2.6012399999999993,0.34907
0.0,23.400056,2.6012399999999993,0.34
0.0,23.410056,2.6012399999999993,0.34907
0.0,23.410056,2.6012399999999993,0.34907
0.0,23.420056,2.6012399999999993,0.34
0.0,23.430056,2.6012399999999993,0.34907
0.0,23.430056,2.6012399999999993,0.34907
0.0,23.440056,2.6012399999999993,0.34
0.0,23.440056,2.6012399999999993,0.34907
0.0,23.450056,2.6012399999999993,0.34907
0.0,23.460056,2.6012399999999993,0.34
0.0,23.460056,2.6012399999999993,0.34907
0.0,23.470056,2.6012399999999993,0.34907
0.0,23.470056,2.6012399999999993,0.34907
0.0,23.480056,2.6012399999999993,0.34
0.0,23.480056,2.6012399999999993,0.34907
0.0,23.490056,2.6012399999999993,0.34907
0.0,23.500056,2.6012399999999993,0.34
0.0,23.500056,2.6012399999999993,0.34907
0.0,23.500056,2.6012399999999993,0.34907
0.0,23.520056,2.6012399999999993,0.34
0.0,23.520056,2.6012399999999993,0.34907
0.0,23.520056,2.6012399999999993,0.34907
0.0,23.540056,2.6012399999999993,0.34
0.0,23.540056,2.6012399999999993,0.34907
0.0,23.540056,2.6012399999999993,0.34907
0.0,23.560056,2.6012399999999993,0.34
0.0,23.560056,2.6012399999999993,0.34907
0.0,23.560056,2.6012399999999993,0.34907
0.0,23.580056,2.6012399999999993,0.34
0.0,23.580056,2.6012399999999993,0.34907
0.0,23.580056,2.6012399999999993,0.34907
0.0,23.590056,2.6012399999999993,0.34
0.0,23.600056,2.6012399999999993,0.34907
0.0,23.600056,2.6012399999999993,0.34907
0.0,23.610064,2.6012399999999993,0.34
0.0,23.620056,2.6012399999999993,0.34907
0.0,23.620056,2.6012399999999993,0.34907
0.0,23.630056,2.6012399999999993,0.34
0.0,23.640056,2.6012399999999993,0.34907
0.0,23.640056,2.6012399999999993,0.34907
0.0,23.650064,2.6012399999999993,0.34
0.0,23.650064,2.6012399999999993,0.34907
0.0,23.660056,2.6012399999999993,0.34907
0.0,23.670056,2.6012399999999993,0.34
0.0,23.670056,2.6012399999999993,0.34907
0.0,23.68006,2.6012399999999993,0.34907
0.0,23.69006,2.6012399999999993,0.34
0.0,23.69006,2.6012399999999993,0.34907
0.0,23.69006,2.6012399999999993,0.34907
0.0,23.710056,2.6012399999999993,0.34
0.0,23.710056,2.6012399999999993,0.34907
0.0,23.710056,2.6012399999999993,0.34907
0.0,23.730056,2.6012399999999993,0.34
0.0,23.730056,2.6012399999999993,0.34907
0.0,23.730056,2.6012399999999993,0.34907
0.0,23.750056,2.6012399999999993,0.34
0.0,23.750056,2.6012399999999993,0.34907
0.0,23.750056,2.6012399999999993,0.34907
0.0,23.770056,2.6012399999999993,0.34
0.0,23.770056,2.6012399999999993,0.34907
0.0,23.770056,2.6012399999999993,0.34907
0.0,23.790056,2.6012399999999993,0.34
0.0,23.790056,2.6012399999999993,0.34907
0.0,23.790056,2.6012399999999993,0.34907
0.0,23.800056,2.6012399999999993,0.34
0.0,23.810056,2.6012399999999993,0.34907
0.0,23.810056,2.6012399999999993,0.34907
0.0,23.820056,2.6012399999999993,0.34
0.0,23.830056,2.6012399999999993,0.34907
0.0,23.830056,2.6012399999999993,0.34907
0.0,23.840056,2.6012399999999993,0.34
0.0,23.840056,2.6012399999999993,0.34907
0.0,23.850056,2.6012399999999993,0.34907
0.0,23.860056,2.6012399999999993,0.34
0.0,23.860056,2.6012399999999993,0.34907
0.0,23.870056,2.6012399999999993,0.34907
0.0,23.870056,2.6012399999999993,0.34907
0.0,23.880056,2.6012399999999993,0.34
0.0,23.880056,2.6012399999999993,0.34907
0.0,23.890056,2.6012399999999993,0.34907
0.0,23.900056,2.6012399999999993,0.34
0.0,23.900056,2.6012399999999993,0.34907
0.0,23.900056,2.6012399999999993,0.34907
0.0,23.920056,2.6012399999999993,0.34
0.0,23.920056,2.6012399999999993,0.34907
0.0,23.920056,2.6012399999999993,0.34907
0.0,23.940056,2.6012399999999993,0.34
0.0,23.940056,2.6012399999999993,0.34907
0.0,23.940056,2.6012399999999993,0.34907
0.0,23.960056,2.6012399999999993,0.34
0.0,23.960056,2.6012399999999993,0.34907
0.0,23.960056,2.6012399999999993,0.34907
0.0,23.980056,2.6012399999999993,0.34
0.0,23.980056,2.6012399999999993,0.34907
0.0,23.980056,2.6012399999999993,0.34907
0.0,23.990064,2.6012399999999993,0.34
0.0,24.000056,2.6012399999999993,0.34907
