0.0,0.0,0.0,0.0
0.0,0.0,0.0,0.0
0.0,0.0,0.0,0.0
0.0,0.0,0.0,0.0
0.0,0.0,0.0,0.0
0.0,0.010056,0.0,0.0
0.0,0.010056,0.0,0.0
0.0,0.010056,0.0,0.0
0.0,0.010056,0.0,0.0
0.0,0.060056,0.0,0.0
0.0,0.060056,0.0,0.0
0.0,0.060056,0.0,0.0
0.0,0.070056,0.0,0.0
0.0,0.070056,0.0,0.0
0.0,0.070056,0.0,0.0
0.0,0.070056,0.0,0.0
0.0,0.080056,0.0,0.0
0.0,0.080056,0.0,0.0
0.0,0.080056,0.0,0.0
0.0,0.090056,0.0,0.0
0.0,0.090056,0.0,0.0
0.0,0.090056,0.0,0.0
0.0,0.090056,0.0,0.0
0.0,0.100056,0.0,0.0
0.0,0.100056,0.0,0.0
0.0,0.100056,0.0,0.0
0.0,0.100056,0.0,0.0
0.0,0.110056,0.0,0.0
0.0,0.110056,0.0,0.0
0.0,0.110056,0.0,0.0
0.0,0.110056,0.0,0.0
0.0,0.120056,0.0,0.0
0.0,0.120056,0.0,0.0
0.0,0.120056,0.0,0.0
0.0,0.130056,0.0,0.0
0.0,0.130056,0.0,0.0
0.0,0.130056,0.0,0.0
0.0,0.130056,0.0,0.0
0.0,0.140056,0.0,0.0
0.0,0.140056,0.0,0.0
0.0,0.140056,0.0,0.0
0.0,0.140056,0.0,0.0
0.0,0.150056,0.0,0.0
0.0,0.150056,0.0,0.0
0.0,0.150056,0.0,0.0
0.0,0.160056,0.0,0.0
0.0,0.160056,0.0,0.0
0.0,0.160056,0.0,0.0
0.0,0.160056,0.0,0.0
0.0,0.170056,0.0,0.0
0.0,0.170056,0.0,0.0
0.0,0.170056,0.0,0.0
0.0,0.170056,0.0,0.0
0.0,0.180056,0.0,0.0
0.0,0.180056,0.0,0.0
0.0,0.180056,0.0,0.0
0.0,0.190056,0.0,0.0
0.0,0.190056,0.0,0.0
0.0,0.190056,0.0,0.0
0.0,0.190056,0.0,0.0
0.0,0.200056,0.0,0.0
0.0,0.200056,0.0,0.0
0.0,0.200056,0.0,0.0
0.0,0.200056,0.0,0.0
0.0,0.210056,0.0,0.0
0.0,0.210056,0.0,0.0
0.0,0.210056,0.0,0.0
0.0,0.220056,0.0,0.0
0.0,0.220056,0.0,0.0
0.0,0.220056,0.0,0.0
0.0,0.220056,0.0,0.0
0.0,0.230056,0.0,0.0
0.0,0.230056,0.0,0.0
0.0,0.230056,0.0,0.0
0.0,0.230056,0.0,0.0
0.0,0.240056,0.0,0.0
0.0,0.240056,0.0,0.0
0.0,0.240056,0.0,0.0
0.0,0.250056,0.0,0.0
0.0,0.250056,0.0,0.0
0.0,0.250056,0.0,0.0
0.0,0.250056,0.0,0.0
0.0,0.260056,0.0,0.0
0.0,0.260056,0.0,0.0
0.0,0.260056,0.0,0.0
0.0,0.260056,0.0,0.0
0.0,0.270056,0.0,0.0
0.0,0.270056,0.0,0.0
0.0,0.270056,0.0,0.0
0.0,0.280056,0.0,0.0
0.0,0.280056,0.0,0.0
0.0,0.280056,0.0,0.0
0.0,0.280056,0.0,0.0
0.0,0.290056,0.0,0.0
0.0,0.290056,0.0,0.0
0.0,0.290056,0.0,0.0
0.0,0.290056,0.0,0.0
0.0,0.300056,0.0,0.0
0.0,0.300056,0.0,0.0
0.0,0.300056,0.0,0.0
0.0,0.310056,0.0,0.0
0.0,0.310056,0.0,0.0
0.0,0.310056,0.0,0.0
0.0,0.310056,0.0,0.0
0.0,0.320056,0.0,0.0
0.0,0.320056,0.0,0.0
0.0,0.320056,0.0,0.0
0.0,0.320056,0.0,0.0
0.0,0.330056,0.0,0.0
0.0,0.330056,0.0,0.0
0.0,0.330056,0.0,0.0
0.0,0.340056,0.0,0.0
0.0,0.340056,0.0,0.0
0.0,0.340056,0.0,0.0
0.0,0.340056,0.0,0.0
0.0,0.350056,0.0,0.0
0.0,0.350056,0.0,0.0
0.0,0.350056,0.0,0.0
0.0,0.350056,0.0,0.0
0.0,0.360056,0.0,0.0
0.0,0.360056,0.0,0.0
0.0,0.360056,0.0,0.0
0.0,0.370056,0.0,0.0
0.0,0.370056,0.0,0.0
0.0,0.370056,0.0,0.0
0.0,0.370056,0.0,0.0
0.0,0.380056,0.0,0.0
0.0,0.380056,0.0,0.0
0.0,0.380056,0.0,0.0
0.0,0.380056,0.0,0.0
0.0,0.390056,0.0,0.0
0.0,0.390056,0.0,0.0
0.0,0.390056,0.0,0.0
0.0,0.400056,0.0,0.0
0.0,0.400056,0.0,0.0
0.0,0.400056,0.0,0.0
0.0,0.400056,0.0,0.0
0.0,0.410056,0.0,0.0
0.0,0.410056,0.0,0.0
0.0,0.410056,0.0,0.0
0.0,0.410056,0.0,0.0
0.0,0.420056,0.0,0.0
0.0,0.420056,0.0,0.0
0.0,0.420056,0.0,0.0
0.0,0.430056,0.0,0.0
0.0,0.430056,0.0,0.0
0.0,0.430056,0.0,0.0
0.0,0.430056,0.0,0.0
0.0,0.440056,0.0,0.0
0.0,0.440056,0.0,0.0
0.0,0.440056,0.0,0.0
0.0,0.440056,0.0,0.0
0.0,0.450056,0.0,0.0
0.0,0.450056,0.0,0.0
0.0,0.450056,0.0,0.0
0.0,0.460056,0.0,0.0
0.0,0.460056,0.0,0.0
0.0,0.460056,0.0,0.0
0.0,0.460056,0.0,0.0
0.0,0.470056,0.0,0.0
0.0,0.470056,0.0,0.0
0.0,0.470056,0.0,0.0
0.0,0.470056,0.0,0.0
0.0,0.480056,0.0,0.0
0.0,0.480056,0.0,0.0
0.0,0.480056,0.0,0.0
0.0,0.490056,0.0,0.0
0.0,0.490056,0.0,0.0
0.0,0.490056,0.0,0.0
0.0,0.490056,0.0,0.0
0.0,0.500056,0.0,0.0
0.0,0.500056,0.0,0.0
0.0,0.500056,0.0,0.0
0.0,0.500056,0.0,0.0
0.0,0.510056,0.0,0.0
0.0,0.510056,0.0,0.0
0.0,0.510056,0.0,0.0
0.0,0.520056,0.0,0.0
0.0,0.520056,0.0,0.0
0.0,0.520056,0.0,0.0
0.0,0.520056,0.0,0.0
0.0,0.530056,0.0,0.0
0.0,0.530056,0.0,0.0
0.0,0.530056,0.0,0.0
0.0,0.530056,0.0,0.0
0.0,0.540056,0.0,0.0
0.0,0.540056,0.0,0.0
0.0,0.540056,0.0,0.0
0.0,0.550056,0.0,0.0
0.0,0.550056,0.0,0.0
0.0,0.550056,0.0,0.0
0.0,0.550056,0.0,0.0
0.0,0.560056,0.0,0.0
0.0,0.560056,0.0,0.0
0.0,0.560056,0.0,0.0
0.0,0.560056,0.0,0.0
0.0,0.570056,0.0,0.0
0.0,0.570056,0.0,0.0
0.0,0.570056,0.0,0.0
0.0,0.580056,0.0,0.0
0.0,0.580056,0.0,0.0
0.0,0.580056,0.0,0.0
0.0,0.580056,0.0,0.0
0.0,0.590056,0.0,0.0
0.0,0.590056,0.0,0.0
0.0,0.590056,0.0,0.0
0.0,0.590056,0.0,0.0
0.0,0.600056,0.0,0.0
0.0,0.600056,0.0,0.0
0.0,0.600056,0.0,0.0
0.0,0.610056,0.0,0.0
0.0,0.610056,0.0,0.0
0.0,0.610056,0.0,0.0
0.0,0.610056,0.0,0.0
0.0,0.620056,0.0,0.0
0.0,0.620056,0.0,0.0
0.0,0.620056,0.0,0.0
0.0,0.620056,0.0,0.0
0.0,0.630056,0.0,0.0
0.0,0.630056,0.0,0.0
0.0,0.630056,0.0,0.0
0.0,0.640056,0.0,0.0
0.0,0.640056,0.0,0.0
0.0,0.640056,0.0,0.0
0.0,0.640056,0.0,0.0
0.0,0.650056,0.0,0.0
0.0,0.650056,0.0,0.0
0.0,0.650056,0.0,0.0
0.0,0.650056,0.0,0.0
0.0,0.660056,0.0,0.0
0.0,0.660056,0.0,0.0
0.0,0.660056,0.0,0.0
0.0,0.670056,0.0,0.0
0.0,0.670056,0.0,0.0
0.0,0.670056,0.0,0.0
0.0,0.670056,0.0,0.0
0.0,0.680056,0.0,0.0
0.0,0.680056,0.0,0.0
0.0,0.680056,0.0,0.0
0.0,0.680056,0.0,0.0
0.0,0.690056,0.0,0.0
0.0,0.690056,0.0,0.0
0.0,0.690056,0.0,0.0
0.0,0.690056,0.0,0.0
0.0,0.700056,0.0,0.0
0.0,0.700056,0.0,0.0
0.0,0.700056,0.0,0.0
0.0,0.710056,0.0,0.0
0.0,0.710056,0.0,0.0
0.0,0.710056,0.0,0.0
0.0,0.710056,0.0,0.0
0.0,0.720056,0.0,0.0
0.0,0.720056,0.0,0.0
0.0,0.720056,0.0,0.0
0.0,0.720056,0.0,0.0
0.0,0.730056,0.0,0.0
0.0,0.730056,0.0,0.0
0.0,0.730056,0.0,0.0
0.0,0.740056,0.0,0.0
0.0,0.740056,0.0,0.0
0.0,0.740056,0.0,0.0
0.0,0.740056,0.0,0.0
0.0,0.750056,0.0,0.0
0.0,0.750056,0.0,0.0
0.0,0.750056,0.0,0.0
0.0,0.750056,0.0,0.0
0.0,0.760056,0.0,0.0
0.0,0.760056,0.0,0.0
0.0,0.760056,0.0,0.0
0.0,0.770056,0.0,0.0
0.0,0.770056,0.0,0.0
0.0,0.770056,0.0,0.0
0.0,0.770056,0.0,0.0
0.0,0.780056,0.0,0.0
0.0,0.780056,0.0,0.0
0.0,0.780056,0.0,0.0
0.0,0.780056,0.0,0.0
0.0,0.790056,0.0,0.0
0.0,0.790056,0.0,0.0
0.0,0.790056,0.0,0.0
0.0,0.800056,0.0,0.0
0.0,0.800056,0.0,0.0
0.0,0.800056,0.0,0.0
0.0,0.800056,0.0,0.0
0.0,0.810056,0.0,0.0
0.0,0.810056,0.0,0.0
0.0,0.810056,0.0,0.0
0.0,0.810056,0.0,0.0
0.0,0.820056,0.0,0.0
0.0,0.820056,0.0,0.0
0.0,0.820056,0.0,0.0
0.0,0.830056,0.0,0.0
0.0,0.830056,0.0,0.0
0.0,0.830056,0.0,0.0
0.0,0.830056,0.0,0.0
0.0,0.840056,0.0,0.0
0.0,0.840056,0.0,0.0
0.0,0.840056,0.0,0.0
0.0,0.840056,0.0,0.0
0.0,0.850056,0.0,0.0
0.0,0.850056,0.0,0.0
0.0,0.850056,0.0,0.0
0.0,0.860056,0.0,0.0
0.0,0.860056,0.0,0.0
0.0,0.860056,0.0,0.0
0.0,0.860056,0.0,0.0
0.0,0.870056,0.0,0.0
0.0,0.870056,0.0,0.0
0.0,0.870056,0.0,0.0
0.0,0.870056,0.0,0.0
0.0,0.880056,0.0,0.0
0.0,0.880056,0.0,0.0
0.0,0.880056,0.0,0.0
0.0,0.890056,0.0,0.0
0.0,0.890056,0.0,0.0
0.0,0.890056,0.0,0.0
0.0,0.890056,0.0,0.0
0.0,0.900056,0.0,0.0
0.0,0.900056,0.0,0.0
0.0,0.900056,0.0,0.0
0.0,0.900056,0.0,0.0
0.0,0.910056,0.0,0.0
0.0,0.910056,0.0,0.0
0.0,0.910056,0.0,0.0
0.0,0.920056,0.0,0.0
0.0,0.920056,0.0,0.0
0.0,0.920056,0.0,0.0
0.0,0.920056,0.0,0.0
0.0,0.930056,0.0,0.0
0.0,0.930056,0.0,0.0
0.0,0.930056,0.0,0.0
0.0,0.930056,0.0,0.0
0.0,0.940056,0.0,0.0
0.0,0.940056,0.0,0.0
0.0,0.940056,0.0,0.0
0.0,0.950056,0.0,0.0
0.0,0.950056,0.0,0.0
0.0,0.950056,0.0,0.0
0.0,0.950056,0.0,0.0
0.0,0.960056,0.0,0.0
0.0,0.960056,0.0,0.0
0.0,0.960056,0.0,0.0
0.0,0.960056,0.0,0.0
0.0,0.970056,0.0,0.0
0.0,0.970056,0.0,0.0
0.0,0.970056,0.0,0.0
0.0,0.980056,0.0,0.0
0.0,0.980056,0.0,0.0
0.0,0.980056,0.0,0.0
0.0,0.980056,0.0,0.0
0.0,0.990056,0.0,0.0
0.0,0.990056,0.0,0.0
0.0,0.990056,0.0,0.0
0.0,0.990056,0.0,0.0
0.0,1.000056,0.0,0.0
0.0,1.000056,0.0,0.0
0.0,1.000056,0.0,0.0
0.0,1.010056,0.0,0.0
0.0,1.010056,0.0,0.0
0.0,1.010056,0.0,0.0
0.0,1.010056,0.0,0.0
0.0,1.020056,0.0,0.0
0.0,1.020056,0.0,0.0
0.0,1.020056,0.0,0.0
0.0,1.030056,0.0,0.0
0.0,1.030056,0.0,0.0
0.0,1.030056,0.0,0.0
0.0,1.080056,0.0,0.0
0.0,1.090056,0.0,0.0
0.0,1.090056,0.0,0.0
0.0,1.090056,0.0,0.0
0.0,1.100056,0.0,0.0
0.0,1.100056,0.0,0.0
0.0,1.100056,0.0,0.0
0.0,1.100056,0.0,0.0
0.0,1.110056,0.0,0.0
0.0,1.110056,0.0,0.0
0.0,1.110056,0.0,0.0
0.0,1.120056,0.0,0.0
0.0,1.120056,0.0,0.0
0.0,1.120056,0.0,0.0
0.0,1.170056,0.0,0.0
0.0,1.180056,0.0,0.0
0.0,1.180056,0.0,0.0
0.0,1.180056,0.0,0.0
0.0,1.190056,0.0,0.0
0.0,1.190056,0.0,0.0
0.0,1.190056,0.0,0.0
0.0,1.190056,0.0,0.0
0.0,1.200056,0.0,0.0
0.0,1.200056,0.0,0.0
0.0,1.200056,0.0,0.0
0.0,1.210056,0.0,0.0
0.0,1.210056,0.0,0.0
0.0,1.210056,0.0,0.0
0.0,1.260056,0.0,0.0
0.0,1.270056,0.0,0.0
0.0,1.270056,0.0,0.0
0.0,1.270056,0.0,0.0
0.0,1.280056,0.0,0.0
0.0,1.280056,0.0,0.0
0.0,1.280056,0.0,0.0
0.0,1.280056,0.0,0.0
0.0,1.290056,0.0,0.0
0.0,1.290056,0.0,0.0
0.0,1.290056,0.0,0.0
0.0,1.290056,0.0,0.0
0.0,1.300056,0.0,0.0
0.0,1.300056,0.0,0.0
0.0,1.350056,0.0,0.0
0.0,1.360056,0.0,0.0
0.0,1.360056,0.0,0.0
0.0,1.360056,0.0,0.0
0.0,1.370056,0.0,0.0
0.0,1.370056,0.0,0.0
0.0,1.370056,0.0,0.0
0.0,1.370056,0.0,0.0
0.0,1.380056,0.0,0.0
0.0,1.380056,0.0,0.0
0.0,1.380056,0.0,0.0
0.0,1.380056,0.0,0.0
0.0,1.390056,0.0,0.0
0.0,1.390056,0.0,0.0
0.0,1.440056,0.0,0.0
0.0,1.450056,0.0,0.0
0.0,1.450056,0.0,0.0
0.0,1.450056,0.0,0.0
0.0,1.460056,0.0,0.0
0.0,1.460056,0.0,0.0
0.0,1.460056,0.0,0.0
0.0,1.460056,0.0,0.0
0.0,1.470056,0.0,0.0
0.0,1.470056,0.0,0.0
0.0,1.470056,0.0,0.0
0.0,1.470056,0.0,0.0
0.0,1.480056,0.0,0.0
0.0,1.480056,0.0,0.0
0.0,1.530056,0.0,0.0
0.0,1.540056,0.0,0.0
0.0,1.540056,0.0,0.0
0.0,1.540056,0.0,0.0
0.0,1.540056,0.0,0.0
0.0,1.550056,0.0,0.0
0.0,1.550056,0.0,0.0
0.0,1.550056,0.0,0.0
0.0,1.560056,0.0,0.0
0.0,1.560056,0.0,0.0
0.0,1.560056,0.0,0.0
0.0,1.560056,0.0,0.0
0.0,1.570056,0.0,0.0
0.0,1.570056,0.0,0.0
0.0,1.620056,0.0,0.0
0.0,1.630056,0.0,0.0
0.0,1.630056,0.0,0.0
0.0,1.630056,0.0,0.0
0.0,1.630056,0.0,0.0
0.0,1.640056,0.0,0.0
0.0,1.640056,0.0,0.0
0.0,1.640056,0.0,0.0
0.0,1.650056,0.0,0.0
0.0,1.650056,0.0,0.0
0.0,1.650056,0.0,0.0
0.0,1.650056,0.0,0.0
0.0,1.660056,0.0,0.0
0.0,1.660056,0.0,0.0
0.0,1.710056,0.0,0.0
0.0,1.720056,0.0,0.0
0.0,1.720056,0.0,0.0
0.0,1.720056,0.0,0.0
0.0,1.720056,0.0,0.0
0.0,1.730056,0.0,0.0
0.0,1.730056,0.0,0.0
0.0,1.730056,0.0,0.0
0.0,1.740056,0.0,0.0
0.0,1.740056,0.0,0.0
0.0,1.740056,0.0,0.0
0.0,1.740056,0.0,0.0
0.0,1.750056,0.0,0.0
0.0,1.750056,0.0,0.0
0.0,1.800056,0.0,0.0
0.0,1.810056,0.0,0.0
0.0,1.810056,0.0,0.0
0.0,1.810056,0.0,0.0
0.0,1.810056,0.0,0.0
0.0,1.820056,0.0,0.0
0.0,1.820056,0.0,0.0
0.0,1.820056,0.0,0.0
0.0,1.830056,0.0,0.0
0.0,1.830056,0.0,0.0
0.0,1.830056,0.0,0.0
0.0,1.830056,0.0,0.0
0.0,1.840056,0.0,0.0
0.0,1.840056,0.0,0.0
0.0,1.890056,0.0,0.0
0.0,1.900056,0.0,0.0
0.0,1.900056,0.0,0.0
0.0,1.900056,0.0,0.0
0.0,1.900056,0.0,0.0
0.0,1.910056,0.0,0.0
0.0,1.910056,0.0,0.0
0.0,1.910056,0.0,0.0
0.0,1.920056,0.0,0.0
0.0,1.920056,0.0,0.0
0.0,1.920056,0.0,0.0
0.0,1.920056,0.0,0.0
0.0,1.930056,0.0,0.0
0.0,1.930056,0.0,0.0
0.0,1.980056,0.0,0.0
0.0,1.990056,0.0,0.0
0.0,1.990056,0.0,0.0
0.0,1.990056,0.0,0.0
0.0,1.990056,0.0,0.0
0.0,2.000056,0.0,0.0
0.0,2.000056,0.0,0.0
0.0,2.000056,0.0,0.0
0.0,2.010056,0.0,0.0
0.0,2.010056,0.0,0.0
0.0,2.010056,0.0,0.0
0.0,2.010056,0.0,0.0
0.0,2.020056,0.0,0.0
0.0,2.020056,0.0,0.0
0.0,2.070056,0.0,0.0
0.0,2.080056,0.0,0.0
0.0,2.080056,0.0,0.0
0.0,2.080056,0.0,0.0
0.0,2.080056,0.0,0.0
0.0,2.090056,0.0,0.0
0.0,2.090056,0.0,0.0
0.0,2.090056,0.0,0.0
0.0,2.100056,0.0,0.0
0.0,2.100056,0.0,0.0
0.0,2.100056,0.0,0.0
0.0,2.100056,0.0,0.0
0.0,2.110056,0.0,0.0
0.0,2.110056,0.0,0.0
0.0,2.160056,0.0,0.0
0.0,2.170056,0.0,0.0
0.0,2.170056,0.0,0.0
0.0,2.170056,0.0,0.0
0.0,2.170056,0.0,0.0
0.0,2.180056,0.0,0.0
0.0,2.180056,0.0,0.0
0.0,2.180056,0.0,0.0
0.0,2.190056,0.0,0.0
0.0,2.190056,0.0,0.0
0.0,2.190056,0.0,0.0
0.0,2.190056,0.0,0.0
0.0,2.200056,0.0,0.0
0.0,2.200056,0.0,0.0
0.0,2.250056,0.0,0.0
0.0,2.260056,0.0,0.0
0.0,2.260056,0.0,0.0
0.0,2.260056,0.0,0.0
0.0,2.260056,0.0,0.0
0.0,2.270056,0.0,0.0
0.0,2.270056,0.0,0.0
0.0,2.270056,0.0,0.0
0.0,2.280056,0.0,0.0
0.0,2.280056,0.0,0.0
0.0,2.280056,0.0,0.0
0.0,2.280056,0.0,0.0
0.0,2.290056,0.0,0.0
0.0,2.290056,0.0,0.0
0.0,2.340056,0.0,0.0
0.0,2.350056,0.0,0.0
0.0,2.350056,0.0,0.0
0.0,2.350056,0.0,0.0
0.0,2.350056,0.0,0.0
0.0,2.360056,0.0,0.0
0.0,2.360056,0.0,0.0
0.0,2.360056,0.0,0.0
0.0,2.370056,0.0,0.0
0.0,2.370056,0.0,0.0
0.0,2.370056,0.0,0.0
0.0,2.370056,0.0,0.0
0.0,2.380056,0.0,0.0
0.0,2.380056,0.0,0.0
0.0,2.430056,0.0,0.0
0.0,2.440056,0.0,0.0
0.0,2.440056,0.0,0.0
0.0,2.440056,0.0,0.0
0.0,2.440056,0.0,0.0
0.0,2.450056,0.0,0.0
0.0,2.450056,0.0,0.0
0.0,2.450056,0.0,0.0
0.0,2.450056,0.0,0.0
0.0,2.460056,0.0,0.0
0.0,2.460056,0.0,0.0
0.0,2.460056,0.0,0.0
0.0,2.470056,0.0,0.0
0.0,2.470056,0.0,0.0
0.0,2.520056,0.0,0.0
0.0,2.530056,0.0,0.0
0.0,2.530056,0.0,0.0
0.0,2.530056,0.0,0.0
0.0,2.530056,0.0,0.0
0.0,2.540056,0.0,0.0
0.0,2.540056,0.0,0.0
0.0,2.540056,0.0,0.0
0.0,2.540056,0.0,0.0
0.0,2.550056,0.0,0.0
0.0,2.550056,0.0,0.0
0.0,2.550056,0.0,0.0
0.0,2.560056,0.0,0.0
0.0,2.560056,0.0,0.0
0.0,2.610056,0.0,0.0
0.0,2.610056,0.0,0.0
0.0,2.620056,0.0,0.0
0.0,2.620056,0.0,0.0
0.0,2.620056,0.0,0.0
0.0,2.630056,0.0,0.0
0.0,2.630056,0.0,0.0
0.0,2.630056,0.0,0.0
0.0,2.630056,0.0,0.0
0.0,2.640056,0.0,0.0
0.0,2.640056,0.0,0.0
0.0,2.640056,0.0,0.0
0.0,2.650056,0.0,0.0
0.0,2.650056,0.0,0.0
0.0,2.700056,0.0,0.0
0.0,2.700056,0.0,0.0
0.0,2.710056,0.0,0.0
0.0,2.710056,0.0,0.0
0.0,2.710056,0.0,0.0
0.0,2.720056,0.0,0.0
0.0,2.720056,0.0,0.0
0.0,2.720056,0.0,0.0
0.0,2.720056,0.0,0.0
0.0,2.730056,0.0,0.0
0.0,2.730056,0.0,0.0
0.0,2.730056,0.0,0.0
0.0,2.740056,0.0,0.0
0.0,2.740056,0.0,0.0
0.0,2.790056,0.0,0.0
0.0,2.790056,0.0,0.0
0.0,2.800056,0.0,0.0
0.0,2.800056,0.0,0.0
0.0,2.800056,0.0,0.0
0.0,2.810056,0.0,0.0
0.0,2.810056,0.0,0.0
0.0,2.810056,0.0,0.0
0.0,2.810056,0.0,0.0
0.0,2.820056,0.0,0.0
0.0,2.820056,0.0,0.0
0.0,2.820056,0.0,0.0
0.0,2.830056,0.0,0.0
0.0,2.830056,0.0,0.0
0.0,2.880056,0.0,0.0
0.0,2.880056,0.0,0.0
0.0,2.890056,0.0,0.0
0.0,2.890056,0.0,0.0
0.0,2.890056,0.0,0.0
0.0,2.900056,0.0,0.0
0.0,2.900056,0.0,0.0
0.0,2.900056,0.0,0.0
0.0,2.900056,0.0,0.0
0.0,2.910056,0.0,0.0
0.0,2.910056,0.0,0.0
0.0,2.910056,0.0,0.0
0.0,2.920056,0.0,0.0
0.0,2.920056,0.0,0.0
0.0,2.970056,0.0,0.0
0.0,2.970056,0.0,0.0
0.0,2.980056,0.0,0.0
0.0,2.980056,0.0,0.0
0.0,2.980056,0.0,0.0
0.0,2.990056,0.0,0.0
0.0,2.990056,0.0,0.0
0.0,2.990056,0.0,0.0
0.0,2.990056,0.0,0.0
0.0,3.000056,0.0,0.0
0.0,3.000056,0.0,0.0
0.0,3.000056,0.0,0.0
0.0,3.010056,0.0,0.0
0.0,3.010056,0.0,0.0
0.0,3.060056,0.0,0.0
0.0,3.060056,0.0,0.0
0.0,3.070056,0.0,0.0
0.0,3.070056,0.0,0.0
0.0,3.070056,0.0,0.0
0.0,3.080056,0.0,0.0
0.0,3.080056,0.0,0.0
0.0,3.080056,0.0,0.0
0.0,3.080056,0.0,0.0
0.0,3.090056,0.0,0.0
0.0,3.090056,0.0,0.0
0.0,3.090056,0.0,0.0
0.0,3.100056,0.0,0.0
0.0,3.100056,0.0,0.0
0.0,3.150056,0.0,0.0
0.0,3.150056,0.0,0.0
0.0,3.160056,0.0,0.0
0.0,3.160056,0.0,0.0
0.0,3.160056,0.0,0.0
0.0,3.170056,0.0,0.0
0.0,3.170056,0.0,0.0
0.0,3.170056,0.0,0.0
0.0,3.170056,0.0,0.0
0.0,3.180056,0.0,0.0
0.0,3.180056,0.0,0.0
0.0,3.180056,0.0,0.0
0.0,3.190056,0.0,0.0
0.0,3.190056,0.0,0.0
0.0,3.240056,0.0,0.0
0.0,3.240056,0.0,0.0
0.0,3.250056,0.0,0.0
0.0,3.250056,0.0,0.0
0.0,3.250056,0.0,0.0
0.0,3.260056,0.0,0.0
0.0,3.260056,0.0,0.0
0.0,3.260056,0.0,0.0
0.0,3.260056,0.0,0.0
0.0,3.270056,0.0,0.0
0.0,3.270056,0.0,0.0
0.0,3.270056,0.0,0.0
0.0,3.270056,0.0,0.0
0.0,3.280056,0.0,0.0
0.0,3.330056,0.0,0.0
0.0,3.330056,0.0,0.0
0.0,3.340056,0.0,0.0
0.0,3.340056,0.0,0.0
0.0,3.340056,0.0,0.0
0.0,3.350056,0.0,0.0
0.0,3.350056,0.0,0.0
0.0,3.350056,0.0,0.0
0.0,3.350056,0.0,0.0
0.0,3.360056,0.0,0.0
0.0,3.360056,0.0,0.0
0.0,3.360056,0.0,0.0
0.0,3.360056,0.0,0.0
0.0,3.370056,0.0,0.0
0.0,3.420056,0.0,0.0
0.0,3.420056,0.0,0.0
0.0,3.430056,0.0,0.0
0.0,3.430056,0.0,0.0
0.0,3.430056,0.0,0.0
0.0,3.440056,0.0,0.0
0.0,3.440056,0.0,0.0
0.0,3.440056,0.0,0.0
0.0,3.440056,0.0,0.0
0.0,3.450056,0.0,0.0
0.0,3.450056,0.0,0.0
0.0,3.450056,0.0,0.0
0.0,3.450056,0.0,0.0
0.0,3.460056,0.0,0.0
0.0,3.510056,0.0,0.0
0.0,3.510056,0.0,0.0
0.0,3.520056,0.0,0.0
0.0,3.520056,0.0,0.0
0.0,3.520056,0.0,0.0
0.0,3.520056,0.0,0.0
0.0,3.530056,0.0,0.0
0.0,3.530056,0.0,0.0
0.0,3.530056,0.0,0.0
0.0,3.540056,0.0,0.0
0.0,3.540056,0.0,0.0
0.0,3.540056,0.0,0.0
0.0,3.540056,0.0,0.0
0.0,3.550056,0.0,0.0
0.0,3.550056,0.0,0.0
0.0,3.550056,0.0,0.0
0.0,3.560056,0.0,0.0
0.0,3.560056,0.0,0.0
0.0,3.560056,0.0,0.0
0.0,3.560056,0.0,0.0
0.0,3.570056,0.0,0.0
0.0,3.570056,0.0,0.0
0.0,3.570056,0.0,0.0
0.0,3.580056,0.0,0.0
0.0,3.580056,0.0,0.0
0.0,3.580056,0.0,0.0
0.0,3.580056,0.0,0.0
0.0,3.590056,0.0,0.0
0.0,3.590056,0.0,0.0
0.0,3.590056,0.0,0.0
0.0,3.600056,0.0,0.0
0.0,3.600056,0.0,0.0
0.0,3.600056,0.0,0.0
0.0,3.600056,0.0,0.0
0.0,3.610056,0.0,0.0
0.0,3.610056,0.0,0.0
0.0,3.610056,0.0,0.0
0.0,3.610056,0.0,0.0
0.0,3.620056,0.0,0.0
0.0,3.620056,0.0,0.0
0.0,3.620056,0.0,0.0
0.0,3.630056,0.0,0.0
0.0,3.630056,0.0,0.0
0.0,3.630056,0.0,0.0
0.0,3.630056,0.0,0.0
0.0,3.640056,0.0,0.0
0.0,3.690056,0.0,0.0
0.0,3.690056,0.0,0.0
0.0,3.700056,0.0,0.0
0.0,3.700056,0.0,0.0
0.0,3.700056,0.0,0.0
0.0,3.700056,0.0,0.0
0.0,3.710056,0.0,0.0
0.0,3.710056,0.0,0.0
0.0,3.710056,0.0,0.0
0.0,3.720056,0.0,0.0
0.0,3.720056,0.0,0.0
0.0,3.720056,0.0,0.0
0.0,3.720056,0.0,0.0
0.0,3.730056,0.0,0.0
0.0,3.780056,0.0,0.0
0.0,3.780056,0.0,0.0
0.0,3.790056,0.0,0.0
0.0,3.790056,0.0,0.0
0.0,3.790056,0.0,0.0
0.0,3.790056,0.0,0.0
0.0,3.800056,0.0,0.0
0.0,3.800056,0.0,0.0
0.0,3.800056,0.0,0.0
0.0,3.810056,0.0,0.0
0.0,3.810056,0.0,0.0
0.0,3.810056,0.0,0.0
0.0,3.810056,0.0,0.0
0.0,3.820056,0.0,0.0
0.0,3.870056,0.0,0.0
0.0,3.870056,0.0,0.0
0.0,3.880056,0.0,0.0
0.0,3.880056,0.0,0.0
0.0,3.880056,0.0,0.0
0.0,3.880056,0.0,0.0
0.0,3.890056,0.0,0.0
0.0,3.890056,0.0,0.0
0.0,3.890056,0.0,0.0
0.0,3.900056,0.0,0.0
0.0,3.900056,0.0,0.0
0.0,3.900056,0.0,0.0
0.0,3.900056,0.0,0.0
0.0,3.910056,0.0,0.0
0.0,3.960056,0.0,0.0
0.0,3.960056,0.0,0.0
0.0,3.970056,0.0,0.0
0.0,3.970056,0.0,0.0
0.0,3.970056,0.0,0.0
0.0,3.970056,0.0,0.0
0.0,3.980056,0.0,0.0
0.0,3.980056,0.0,0.0
0.0,3.980056,0.0,0.0
0.0,3.990056,0.0,0.0
0.0,3.990056,0.0,0.0
0.0,3.990056,0.0,0.0
0.0,3.990056,0.0,0.0
0.0,4.000056,0.0,0.0
0.0,4.050056,0.0,0.0
0.0,4.050056,0.0,0.0
0.0,4.060056,0.0,0.0
0.0,4.060056,0.0,0.0
0.0,4.060056,0.0,0.0
0.0,4.060056,0.0,0.0
0.0,4.070056,0.0,0.0
0.0,4.070056,0.0,0.0
0.0,4.070056,0.0,0.0
0.0,4.080056,0.0,0.0
0.0,4.080056,0.0,0.0
0.0,4.080056,0.0,0.0
0.0,4.080056,0.0,0.0
0.0,4.090056,0.0,0.0
0.0,4.140056,0.0,0.0
0.0,4.140056,0.0,0.0
0.0,4.150056,0.0,0.0
0.0,4.150056,0.0,0.0
0.0,4.150056,0.0,0.0
0.0,4.150056,0.0,0.0
0.0,4.160056,0.0,0.0
0.0,4.160056,0.0,0.0
0.0,4.160056,0.0,0.0
0.0,4.170056,0.0,0.0
0.0,4.170056,0.0,0.0
0.0,4.170056,0.0,0.0
0.0,4.170056,0.0,0.0
0.0,4.180056,0.0,0.0
0.0,4.230056,0.0,0.0
0.0,4.230056,0.0,0.0
0.0,4.240056,0.0,0.0
0.0,4.240056,0.0,0.0
0.0,4.240056,0.0,0.0
0.0,4.240056,0.0,0.0
0.0,4.250056,0.0,0.0
0.0,4.250056,0.0,0.0
0.0,4.250056,0.0,0.0
0.0,4.260056,0.0,0.0
0.0,4.260056,0.0,0.0
0.0,4.260056,0.0,0.0
0.0,4.260056,0.0,0.0
0.0,4.270056,0.0,0.0
0.0,4.320056,0.0,0.0
0.0,4.320056,0.0,0.0
0.0,4.330056,0.0,0.0
0.0,4.330056,0.0,0.0
0.0,4.330056,0.0,0.0
0.0,4.330056,0.0,0.0
0.0,4.340056,0.0,0.0
0.0,4.340056,0.0,0.0
0.0,4.340056,0.0,0.0
0.0,4.350056,0.0,0.0
0.0,4.350056,0.0,0.0
0.0,4.350056,0.0,0.0
0.0,4.350056,0.0,0.0
0.0,4.360056,0.0,0.0
0.0,4.410056,0.0,0.0
0.0,4.410056,0.0,0.0
0.0,4.420056,0.0,0.0
0.0,4.420056,0.0,0.0
0.0,4.420056,0.0,0.0
0.0,4.420056,0.0,0.0
0.0,4.430056,0.0,0.0
0.0,4.430056,0.0,0.0
0.0,4.430056,0.0,0.0
0.0,4.430056,0.0,0.0
0.0,4.440056,0.0,0.0
0.0,4.440056,0.0,0.0
0.0,4.440056,0.0,0.0
0.0,4.450056,0.0,0.0
0.0,4.500056,0.0,0.0
0.0,4.500056,0.0,0.0
0.0,4.510056,0.0,0.0
0.0,4.510056,0.0,0.0
0.0,4.510056,0.0,0.0
0.0,4.510056,0.0,0.0
0.0,4.520056,0.0,0.0
0.0,4.520056,0.0,0.0
0.0,4.520056,0.0,0.0
0.0,4.520056,0.0,0.0
0.0,4.530056,0.0,0.0
0.0,4.530056,0.0,0.0
0.0,4.530056,0.0,0.0
0.0,4.540056,0.0,0.0
0.0,4.590056,0.0,0.0
0.0,4.590056,0.0,0.0
0.0,4.590056,0.0,0.0
0.0,4.600056,0.0,0.0
0.0,4.600056,0.0,0.0
0.0,4.600056,0.0,0.0
0.0,4.610056,0.0,0.0
0.0,4.610056,0.0,0.0
0.0,4.610056,0.0,0.0
0.0,4.610056,0.0,0.0
0.0,4.620056,0.0,0.0
0.0,4.620056,0.0,0.0
0.0,4.620056,0.0,0.0
0.0,4.630056,0.0,0.0
0.0,4.680056,0.0,0.0
0.0,4.680056,0.0,0.0
0.0,4.680056,0.0,0.0
0.0,4.690056,0.0,0.0
0.0,4.690056,0.0,0.0
0.0,4.690056,0.0,0.0
0.0,4.700056,0.0,0.0
0.0,4.700056,0.0,0.0
0.0,4.700056,0.0,0.0
0.0,4.700056,0.0,0.0
0.0,4.710056,0.0,0.0
0.0,4.710056,0.0,0.0
0.0,4.710056,0.0,0.0
0.0,4.720056,0.0,0.0
0.0,4.770056,0.0,0.0
0.0,4.770056,0.0,0.0
0.0,4.770056,0.0,0.0
0.0,4.780056,0.0,0.0
0.0,4.780056,0.0,0.0
0.0,4.780056,0.0,0.0
0.0,4.790056,0.0,0.0
0.0,4.790056,0.0,0.0
0.0,4.790056,0.0,0.0
0.0,4.790056,0.0,0.0
0.0,4.800056,0.0,0.0
0.0,4.800056,0.0,0.0
0.0,4.800056,0.0,0.0
0.0,4.810056,0.0,0.0
0.0,4.860056,0.0,0.0
0.0,4.860056,0.0,0.0
0.0,4.860056,0.0,0.0
0.0,4.870056,0.0,0.0
0.0,4.870056,0.0,0.0
0.0,4.870056,0.0,0.0
0.0,4.880056,0.0,0.0
0.0,4.880056,0.0,0.0
0.0,4.880056,0.0,0.0
0.0,4.880056,0.0,0.0
0.0,4.890056,0.0,0.0
0.0,4.890056,0.0,0.0
0.0,4.890056,0.0,0.0
0.0,4.900056,0.0,0.0
0.0,4.950056,0.0,0.0
0.0,4.950056,0.0,0.0
0.0,4.950056,0.0,0.0
0.0,4.960056,0.0,0.0
0.0,4.960056,0.0,0.0
0.0,4.960056,0.0,0.0
0.0,4.970056,0.0,0.0
0.0,4.970056,0.0,0.0
0.0,4.970056,0.0,0.0
0.0,4.970056,0.0,0.0
0.0,4.980056,0.0,0.0
0.0,4.980056,0.0,0.0
0.0,4.980056,0.0,0.0
0.0,4.990056,0.0,0.0
0.0,5.040056,0.0,0.5236
3.0,5.040056,0.0,0.5236
21.0,5.040056,0.0,0.5236
139.0,5.050056,0.0,0.5236
2757.0,5.050056,0.0,0.5236
2757.0261800000003,5.050056,0.0,0.5236
2757.05236,5.060056,0.0,0.5236
2757.0785400000004,5.060056,0.0,0.5236
2757.1047200000003,5.060056,0.0,0.5236
2757.1309,5.060056,0.0,0.523
2757.1570800000004,5.070056,0.0,0.52
2757.1832600000002,5.070056,0.0,0.5
2757.2094400000005,5.070056,0.0,0.0
2757.2356200000004,5.080056,0.0,0.0
2757.2356200000004,5.130056,0.0,0.5236
2760.2356200000004,5.130056,0.0,0.5236
2778.2356200000004,5.130056,0.0,0.5236
2896.2356200000004,5.140056,0.0,0.5236
5514.23562,5.140056,0.0,0.5236
5514.2618,5.140056,0.0,0.5236
5514.287980000001,5.150056,0.0,0.5236
5511.314160000001,5.150056,0.0,0.5236
5493.340340000001,5.150056,0.0,0.5236
5375.3665200000005,5.150056,0.0,0.523
2757.3927000000003,5.160056,0.0,0.52
2757.3927000000003,5.160056,0.0,0.5
2757.3927000000003,5.160056,0.0,0.0
2757.3927000000003,5.170056,0.0,0.0
2757.36652,5.220056,0.0,0.5236
2760.34034,5.220056,0.0,0.5236
2778.31416,5.220056,0.0,0.5236
2896.28798,5.230056,0.0,0.5236
5514.2618,5.230056,0.0,0.5236
5514.2618,5.230056,0.0,0.5236
5514.28798,5.240056,0.0,0.5236
5511.314160000001,5.240056,0.0,0.5236
5493.34034,5.240056,0.0,0.5236
5375.3665200000005,5.240056,0.0,0.523
2757.3927000000003,5.250056,0.0,0.52
2757.3927000000003,5.250056,0.0,0.5
2757.3927000000003,5.250056,0.0,0.0
2757.3927000000003,5.260056,0.0,0.0
2757.3665200000005,5.310056,0.0,0.5236
2760.3403400000007,5.310056,0.0,0.5236
2778.3141600000004,5.310056,0.0,0.5236
2896.2879800000005,5.320056,0.0,0.5236
5514.2618,5.320056,0.0,0.5236
5514.2618,5.320056,0.0,0.5236
5514.287980000001,5.330056,0.0,0.5236
5511.314160000001,5.330056,0.0,0.5236
5493.340340000001,5.330056,0.0,0.5236
5375.3665200000005,5.330056,0.0,0.523
2757.3927000000003,5.340056,0.0,0.52
2757.3927000000003,5.340056,0.0,0.5
2757.3927000000003,5.340056,0.0,0.0
2757.3927000000003,5.340056,0.0,0.0
2757.3665200000005,5.400056,0.0,0.5236
2760.3403400000007,5.400056,0.0,0.5236
2778.3141600000004,5.400056,0.0,0.5236
2896.2879800000005,5.410056,0.0,0.5236
5514.2618,5.410056,0.0,0.5236
5514.2618,5.410056,0.0,0.5236
5514.287980000001,5.420056,0.0,0.5236
5511.314160000001,5.420056,0.0,0.5236
5493.340340000001,5.420056,0.0,0.5236
5375.3665200000005,5.420056,0.0,0.523
2757.3927000000003,5.430056,0.0,0.52
2757.3927000000003,5.430056,0.0,0.5
2757.3927000000003,5.430056,0.0,0.0
2757.3927000000003,5.430056,0.0,0.0
2757.3665200000005,5.490056,0.0,0.5236
2760.3403400000007,5.490056,0.0,0.5236
2778.3141600000004,5.490056,0.0,0.5236
2896.2879800000005,5.500056,0.0,0.5236
5514.2618,5.500056,0.0,0.5236
5514.2618,5.500056,0.0,0.5236
5514.287980000001,5.500056,0.0,0.5236
5511.314160000001,5.510056,0.0,0.5236
5493.340340000001,5.510056,0.0,0.5236
5375.3665200000005,5.510056,0.0,0.523
2757.3927000000003,5.520056,0.0,0.52
2757.3927000000003,5.520056,0.0,0.5
2757.3927000000003,5.520056,0.0,0.0
2757.3927000000003,5.520056,0.0,0.0
2757.36652,5.580056,0.0,0.5236
2760.34034,5.580056,0.0,0.5236
2778.3141600000004,5.580056,0.0,0.5236
2896.2879800000005,5.590056,0.0,0.5236
5514.2618,5.590056,0.0,0.5236
5514.2618,5.590056,0.0,0.5236
5514.287980000001,5.590056,0.0,0.5236
5511.314160000001,5.600056,0.0,0.5236
5493.340340000001,5.600056,0.0,0.5236
5375.3665200000005,5.600056,0.0,0.523
2757.3927000000003,5.610056,0.0,0.52
2757.3927000000003,5.610056,0.0,0.5
2757.3927000000003,5.610056,0.0,0.0
2757.3927000000003,5.610056,0.0,0.0
2757.3665200000005,5.670056,0.0,0.5236
2760.3403400000007,5.670056,0.0,0.5236
2778.3141600000004,5.670056,0.0,0.5236
2896.2879800000005,5.680056,0.0,0.5236
5514.2618,5.680056,0.0,0.5236
5514.2618,5.680056,0.0,0.5236
5514.287980000001,5.680056,0.0,0.5236
5511.314160000001,5.690056,0.0,0.5236
5493.340340000001,5.690056,0.0,0.5236
5375.3665200000005,5.690056,0.0,0.523
2757.3927000000003,5.700056,0.0,0.52
2757.3927000000003,5.700056,0.0,0.5
2757.3927000000003,5.700056,0.0,0.0
2757.3927000000003,5.700056,0.0,0.0
2757.3665200000005,5.760056,0.0,0.5236
2760.3403400000007,5.760056,0.0,0.5236
2778.3141600000004,5.760056,0.0,0.5236
2896.2879800000005,5.770056,0.0,0.5236
5514.2618,5.770056,0.0,0.5236
5514.2618,5.770056,0.0,0.5236
5514.287980000001,5.770056,0.0,0.5236
5511.314160000001,5.780056,0.0,0.5236
5493.340340000001,5.780056,0.0,0.5236
5375.3665200000005,5.780056,0.0,0.523
2757.3927000000003,5.790056,0.0,0.52
2757.3927000000003,5.790056,0.0,0.5
2757.3927000000003,5.790056,0.0,0.0
2757.3927000000003,5.790056,0.0,0.0
2757.36652,5.850056,0.0,0.5236
2760.34034,5.850056,0.0,0.5236
2778.31416,5.850056,0.0,0.5236
2896.2879800000005,5.860056,0.0,0.5236
5514.2618,5.860056,0.0,0.5236
5514.2618,5.860056,0.0,0.5236
5514.287980000001,5.860056,0.0,0.5236
5511.314160000001,5.870056,0.0,0.5236
5493.340340000001,5.870056,0.0,0.5236
5375.3665200000005,5.870056,0.0,0.523
2757.3927000000003,5.880056,0.0,0.52
2757.3927000000003,5.880056,0.0,0.5
2757.3927000000003,5.880056,0.0,0.0
2757.3927000000003,5.880056,0.0,0.0
2757.3665200000005,5.940056,0.0,0.5236
2760.3403400000007,5.940056,0.0,0.5236
2778.3141600000004,5.940056,0.0,0.5236
2896.2879800000005,5.950056,0.0,0.5236
5514.2618,5.950056,0.0,0.5236
5514.2618,5.950056,0.0,0.5236
5514.287980000001,5.950056,0.0,0.5236
5511.314160000001,5.960056,0.0,0.5236
5493.340340000001,5.960056,0.0,0.5236
5375.3665200000005,5.960056,0.0,0.523
2757.3927000000003,5.970056,0.0,0.52
2757.3927000000003,5.970056,0.0,0.5
2757.3927000000003,5.970056,0.0,0.0
2757.3927000000003,5.970056,0.0,0.0
2757.3665200000005,6.030056,0.0,0.5236
2760.3403400000007,6.030056,0.0,0.5236
2778.3141600000004,6.030056,0.0,0.5236
2896.2879800000005,6.040056,0.0,0.5236
5514.2618,6.040056,0.0,0.5236
5514.2618,6.040056,0.0,0.5236
5514.287980000001,6.040056,0.0,0.5236
5511.314160000001,6.050056,0.0,0.5236
5493.340340000001,6.050056,0.0,0.5236
5375.3665200000005,6.050056,0.0,0.523
2757.3927000000003,6.060056,0.0,0.52
2757.3927000000003,6.060056,0.0,0.5
2757.3927000000003,6.060056,0.0,0.0
2757.3927000000003,6.060056,0.0,0.0
2757.36652,6.120056,0.0,0.5236
2760.34034,6.120056,0.0,0.5236
2778.31416,6.120056,0.0,0.5236
2896.28798,6.130056,0.0,0.5236
5514.2618,6.130056,0.0,0.5236
5514.2618,6.130056,0.0,0.5236
5514.28798,6.130056,0.0,0.5236
5511.314160000001,6.140056,0.0,0.5236
5493.34034,6.140056,0.0,0.5236
5375.3665200000005,6.140056,0.0,0.523
2757.3927000000003,6.150056,0.0,0.52
2757.3927000000003,6.150056,0.0,0.5
2757.3927000000003,6.150056,0.0,0.0
2757.3927000000003,6.150056,0.0,0.0
2757.3665200000005,6.210056,0.0,0.5236
2760.3403400000007,6.210056,0.0,0.5236
2778.3141600000004,6.210056,0.0,0.5236
2896.2879800000005,6.220056,0.0,0.5236
5514.2618,6.220056,0.0,0.5236
5514.2618,6.220056,0.0,0.5236
5514.287980000001,6.220056,0.0,0.5236
5511.314160000001,6.230056,0.0,0.5236
5493.340340000001,6.230056,0.0,0.5236
5375.3665200000005,6.230056,0.0,0.5236
2757.3927000000003,6.240056,0.0,0.5236
2757.3927000000003,6.240056,0.0,0.5236
2757.3927000000003,6.240056,0.0,0.5236
2757.3927000000003,6.240056,0.0,0.5236
2757.3927000000003,6.250056,0.0,0.5236
2757.3927000000003,6.250056,0.0,0.5236
2757.3927000000003,6.250056,0.0,0.5236
2757.3927000000003,6.250056,0.0,0.5236
2757.3927000000003,6.260056,0.0,0.5236
2757.3927000000003,6.260056,0.0,0.5236
2757.4188800000006,6.260056,0.0,0.5236
2754.4450600000005,6.270056,0.0,0.5236
2736.4712400000008,6.270056,0.0,0.5236
2618.4974200000006,6.270056,0.0,0.5236
0.5236,6.270056,0.0,0.5236
0.5236,6.280056,0.0,0.5236
0.5236,6.280056,0.0,0.5236
0.5236,6.280056,0.0,0.5236
0.5236,6.290056,0.0,0.5236
0.5236,6.290056,0.0,0.5236
0.5236,6.290056,0.0,0.5236
0.5236,6.290056,0.0,0.5236
0.5236,6.300056,0.0,0.5236
0.5236,6.300056,0.0,0.5236
0.5236,6.300056,0.0,0.5236
0.5236,6.310056,0.0,0.5236
0.5236,6.310056,0.0,0.5236
0.5236,6.310056,0.0,0.5236
0.5236,6.310056,0.0,0.5236
0.5236,6.320056,0.0,0.5236
0.5236,6.320056,0.0,0.5236
0.5236,6.320056,0.0,0.523
0.5236,6.330056,0.0,0.52
0.5236,6.330056,0.0,0.5
0.5236,6.330056,0.0,0.0
0.5236,6.330056,0.0,0.0
0.49742,6.390056,0.0,0.5236
3.471240000000001,6.390056,0.0,0.5236
21.445059999999998,6.390056,0.0,0.5236
139.41888,6.400056,0.0,0.5236
2757.3927000000003,6.400056,0.0,0.5236
2757.3927000000003,6.400056,0.0,0.5236
2757.3927000000003,6.400056,0.0,0.5236
2757.3927000000003,6.410056,0.0,0.5236
2757.3927000000003,6.410056,0.0,0.5236
2757.3927000000003,6.410056,0.0,0.523
2757.3927000000003,6.410056,0.0,0.52
2757.3927000000003,6.420056,0.0,0.5
2757.3927000000003,6.420056,0.0,0.0
2757.3927000000003,6.420056,0.0,0.0
2757.3665200000005,6.480056,0.0,0.5236
2760.3403400000007,6.480056,0.0,0.5236
2778.3141600000004,6.480056,0.0,0.5236
2896.2879800000005,6.490056,0.0,0.5236
5514.2618,6.490056,0.0,0.5236
5514.2618,6.490056,0.0,0.5236
5514.287980000001,6.490056,0.0,0.5236
5511.314160000001,6.500056,0.0,0.5236
5493.340340000001,6.500056,0.0,0.5236
5375.3665200000005,6.500056,0.0,0.523
2757.3927000000003,6.500056,0.0,0.52
2757.3927000000003,6.510056,0.0,0.5
2757.3927000000003,6.510056,0.0,0.0
2757.3927000000003,6.510056,0.0,0.0
2757.3665200000005,6.570056,0.0,0.5236
2760.3403400000007,6.570056,0.0,0.5236
2778.3141600000004,6.570056,0.0,0.5236
2896.2879800000005,6.580056,0.0,0.5236
5514.2618,6.580056,0.0,0.5236
5514.2618,6.580056,0.0,0.5236
5514.287980000001,6.580056,0.0,0.5236
5511.314160000001,6.590056,0.0,0.5236
5493.340340000001,6.590056,0.0,0.5236
5375.3665200000005,6.590056,0.0,0.523
2757.3927000000003,6.590056,0.0,0.52
2757.3927000000003,6.600056,0.0,0.5
2757.3927000000003,6.600056,0.0,0.0
2757.3927000000003,6.600056,0.0,0.0
2757.3665200000005,6.660056,0.0,0.5236
2760.3403400000007,6.660056,0.0,0.5236
2778.3141600000004,6.660056,0.0,0.5236
2896.2879800000005,6.660056,0.0,0.5236
5514.2618,6.670056,0.0,0.5236
5514.2618,6.670056,0.0,0.5236
5514.287980000001,6.670056,0.0,0.5236
5511.314160000001,6.680056,0.0,0.5236
5493.340340000001,6.680056,0.0,0.5236
5375.3665200000005,6.680056,0.0,0.523
2757.3927000000003,6.680056,0.0,0.52
2757.3927000000003,6.690056,0.0,0.5
2757.3927000000003,6.690056,0.0,0.0
2757.3927000000003,6.690056,0.0,0.0
2757.36652,6.750056,0.0,0.5236
2760.34034,6.750056,0.0,0.5236
2778.3141600000004,6.750056,0.0,0.5236
2896.2879800000005,6.750056,0.0,0.5236
5514.2618,6.760056,0.0,0.5236
5514.2618,6.760056,0.0,0.5236
5514.287980000001,6.760056,0.0,0.5236
5511.314160000001,6.770056,0.0,0.5236
5493.340340000001,6.770056,0.0,0.5236
5375.3665200000005,6.770056,0.0,0.523
2757.3927000000003,6.770056,0.0,0.52
2757.3927000000003,6.780056,0.0,0.5
2757.3927000000003,6.780056,0.0,0.0
2757.3927000000003,6.780056,0.0,0.0
2757.3665200000005,6.840056,0.0,0.5236
2760.3403400000007,6.840056,0.0,0.5236
2778.3141600000004,6.840056,0.0,0.5236
2896.2879800000005,6.840056,0.0,0.5236
5514.2618,6.850056,0.0,0.5236
5514.2618,6.850056,0.0,0.5236
5514.287980000001,6.850056,0.0,0.5236
5511.314160000001,6.860056,0.0,0.5236
5493.340340000001,6.860056,0.0,0.5236
5375.3665200000005,6.860056,0.0,0.523
2757.3927000000003,6.860056,0.0,0.52
2757.3927000000003,6.870056,0.0,0.5
2757.3927000000003,6.870056,0.0,0.0
2757.3927000000003,6.870056,0.0,0.0
2757.3665200000005,6.930056,0.0,0.5236
2760.3403400000007,6.930056,0.0,0.5236
2778.3141600000004,6.930056,0.0,0.5236
2896.2879800000005,6.930056,0.0,0.5236
5514.2618,6.940056,0.0,0.5236
5514.2618,6.940056,0.0,0.5236
5514.287980000001,6.940056,0.0,0.5236
5511.314160000001,6.950056,0.0,0.5236
5493.340340000001,6.950056,0.0,0.5236
5375.3665200000005,6.950056,0.0,0.523
2757.3927000000003,6.950056,0.0,0.52
2757.3927000000003,6.960056,0.0,0.5
2757.3927000000003,6.960056,0.0,0.0
2757.3927000000003,6.960056,0.0,0.0
2757.51652,7.020056,0.0,1.22173
2761.14034,7.020056,0.0,1.22173
2769.76416,7.020056,0.0,1.22173
2878.3879800000004,7.020056,0.0,1.22173
3987.0118,7.030056,0.0,1.22173
3986.9967065000005,7.030056,0.0,1.22173
3987.057793,7.030056,0.0,1.22173
3984.1188795000003,7.040056,0.0,1.22173
3966.1799660000006,7.040056,0.0,1.2217
3848.2410525,7.040056,0.0,1.221
1230.3021390000004,7.040056,0.0,1.22
1230.3370455000004,7.050056,0.0,1.2
1230.3719520000004,7.050056,0.0,1.0
1230.4068585000005,7.050056,0.0,1.0
1230.5306785000005,7.110056,0.0,1.22173
1234.1544985000005,7.110056,0.0,1.22173
1242.7783185000005,7.110056,0.0,1.22173
1351.4021385000005,7.110056,0.0,1.22173
2460.0259584999994,7.120056,0.0,1.22173
2460.0108649999993,7.120056,0.0,1.22173
2459.921951499999,7.120056,0.0,1.22173
2456.3330379999993,7.130056,0.0,1.22173
2447.7441244999995,7.130056,0.0,1.2217
2339.1552109999993,7.130056,0.0,1.221
1230.566297500001,7.130056,0.0,1.22
1230.6162975000009,7.140056,0.0,1.2
1230.6162975000009,7.140056,0.0,1.0
1230.6162975000009,7.140056,0.0,1.0
1230.6162975000009,7.150056,0.0,1.22173
1230.6162975000009,7.150056,0.0,1.22173
1230.7052110000009,7.200056,0.0,1.22173
1234.2941245000009,7.200056,0.0,1.22173
1242.8830380000009,7.200056,0.0,1.22173
1351.4719515000006,7.200056,0.0,1.22173
2459.971951499999,7.210056,0.0,1.22173
2456.333037999999,7.210056,0.0,1.22173
2447.7441244999986,7.210056,0.0,1.22173
2339.155210999999,7.220056,0.0,1.22173
1230.566297500001,7.220056,0.0,1.2217
1230.6162975000009,7.220056,0.0,1.221
1230.6162975000009,7.220056,0.0,1.22
1230.6162975000009,7.230056,0.0,1.2
1230.6162975000009,7.230056,0.0,1.0
1230.6162975000009,7.230056,0.0,1.0
1230.7052110000009,7.290056,0.0,1.22173
1234.2941245000009,7.290056,0.0,1.22173
1242.8830380000009,7.290056,0.0,1.22173
1351.4719515000006,7.290056,0.0,1.22173
2460.060865000001,7.300056,0.0,1.22173
2460.0108650000006,7.300056,0.0,1.22173
2459.9219515000004,7.300056,0.0,1.22173
2456.333038,7.310056,0.0,1.22173
2447.7441245000005,7.310056,0.0,1.2217
2339.1552110000002,7.310056,0.0,1.221
1230.5662975000005,7.310056,0.0,1.22
1230.6162975000004,7.320056,0.0,1.2
1230.6162975000004,7.320056,0.0,1.0
1230.6162975000004,7.320056,0.0,1.0
1230.7052110000004,7.380056,0.0,1.22173
1234.2941245000002,7.380056,0.0,1.22173
1242.8830380000004,7.380056,0.0,1.22173
1351.4719515000004,7.380056,0.0,1.22173
2460.0608649999995,7.390056,0.0,1.22173
2460.0108649999997,7.390056,0.0,1.22173
2459.9219515,7.390056,0.0,1.22173
2456.333038,7.400056,0.0,1.22173
2447.7441245,7.400056,0.0,1.2217
2339.155211,7.400056,0.0,1.221
1230.5662975000007,7.400056,0.0,1.22
1230.6162975000007,7.410056,0.0,1.2
1230.6162975000007,7.410056,0.0,1.0
1230.6162975000007,7.410056,0.0,1.0
1230.7052110000006,7.470056,0.0,1.22173
1234.2941245000006,7.470056,0.0,1.22173
1242.8830380000006,7.470056,0.0,1.22173
1351.4719515000006,7.470056,0.0,1.22173
2460.0608649999995,7.480056,0.0,1.22173
2460.0108649999993,7.480056,0.0,1.22173
2459.921951499999,7.480056,0.0,1.22173
2456.333037999999,7.480056,0.0,1.22173
2447.744124499999,7.490056,0.0,1.2217
2339.1552109999993,7.490056,0.0,1.221
1230.566297500001,7.490056,0.0,1.22
1230.6162975000009,7.500056,0.0,1.2
1230.6162975000009,7.500056,0.0,1.0
1230.6162975000009,7.500056,0.0,1.0
1230.7052110000009,7.560056,0.0,1.22173
1234.2941245000009,7.560056,0.0,1.22173
1242.8830380000009,7.560056,0.0,1.22173
1351.4719515000006,7.560056,0.0,1.22173
2460.060865000001,7.570056,0.0,1.22173
2460.0108650000006,7.570056,0.0,1.22173
2459.9219515000004,7.570056,0.0,1.22173
2456.333038,7.570056,0.0,1.22173
2447.7441245000005,7.580056,0.0,1.2217
2339.1552110000007,7.580056,0.0,1.221
1230.5662975000002,7.580056,0.0,1.22
1230.6162975000002,7.590056,0.0,1.2
1230.6162975000002,7.590056,0.0,1.0
1230.6162975000002,7.590056,0.0,1.0
1230.7052110000002,7.650056,0.0,1.22173
1234.2941245000002,7.650056,0.0,1.22173
1242.8830380000002,7.650056,0.0,1.22173
1351.4719515000002,7.650056,0.0,1.22173
2460.060865,7.660056,0.0,1.22173
2460.010865,7.660056,0.0,1.22173
2459.9219515,7.660056,0.0,1.22173
2456.333038,7.660056,0.0,1.22173
2447.7441245000005,7.670056,0.0,1.2217
2339.1552110000002,7.670056,0.0,1.22173
1230.5662975000005,7.670056,0.0,1.22173
1230.6162975000007,7.680056,0.0,1.22173
1230.6162975000007,7.680056,0.0,1.22173
1230.6162975000007,7.680056,0.0,1.22173
1230.6162975000007,7.680056,0.0,1.22173
1230.6162975000007,7.690056,0.0,1.22173
1230.6162975000007,7.690056,0.0,1.22173
1230.6162975000007,7.690056,0.0,1.22173
1230.6162975000007,7.700056,0.0,1.22173
1230.6162975000007,7.700056,0.0,1.22173
1230.5273840000007,7.700056,0.0,1.22173
1226.9384705000004,7.700056,0.0,1.22173
1218.3495570000005,7.710056,0.0,1.22173
1109.7606435000005,7.710056,0.0,1.22173
1.1717300000000006,7.710056,0.0,1.22173
1.2217300000000006,7.720056,0.0,1.22173
1.2217300000000006,7.720056,0.0,1.22173
1.2217300000000006,7.720056,0.0,1.22173
1.2217300000000006,7.720056,0.0,1.22173
1.2217300000000006,7.730056,0.0,1.22173
1.2217300000000006,7.730056,0.0,1.22173
1.2217300000000006,7.730056,0.0,1.22173
1.3106435000000005,7.730056,0.0,1.22173
4.899556999999994,7.740056,0.0,1.22173
13.488470499999995,7.740056,0.0,1.22173
122.07738400000017,7.740056,0.0,1.22173
1230.6662975000008,7.750056,0.0,1.22173
1230.6162975000009,7.750056,0.0,1.22173
1230.6162975000009,7.750056,0.0,1.22173
1230.6162975000009,7.750056,0.0,1.22173
1230.6162975000009,7.760056,0.0,1.2217
1230.6162975000009,7.760056,0.0,1.221
1230.6162975000009,7.760056,0.0,1.22
1230.6162975000009,7.770056,0.0,1.2
1230.6162975000009,7.770056,0.0,1.0
1230.6162975000009,7.770056,0.0,1.0
1230.7052110000009,7.820056,0.0,1.22173
1234.2941245000009,7.830056,0.0,1.22173
1242.8830380000009,7.830056,0.0,1.22173
1351.4719515000006,7.830056,0.0,1.22173
2460.060865000001,7.840056,0.0,1.22173
2460.0108650000006,7.840056,0.0,1.22173
2459.9219515000004,7.840056,0.0,1.22173
2456.333038,7.840056,0.0,1.22173
2447.7441245000005,7.850056,0.0,1.2217
2339.1552110000007,7.850056,0.0,1.221
1230.5662975000002,7.850056,0.0,1.22
1230.6162975000002,7.860056,0.0,1.2
1230.6162975000002,7.860056,0.0,1.0
1230.6162975000002,7.860056,0.0,1.0
1230.7052110000002,7.910056,0.0,1.22173
1234.2941245000002,7.920056,0.0,1.22173
1242.8830380000002,7.920056,0.0,1.22173
1351.4719515000002,7.920056,0.0,1.22173
2460.060865,7.930056,0.0,1.22173
2460.010865,7.930056,0.0,1.22173
2459.9219515,7.930056,0.0,1.22173
2456.333038,7.930056,0.0,1.22173
2447.7441245000005,7.940056,0.0,1.2217
2339.1552110000002,7.940056,0.0,1.221
1230.5662975000005,7.940056,0.0,1.22
1230.6162975000007,7.950056,0.0,1.2
1230.6162975000007,7.950056,0.0,1.0
1230.6162975000007,7.950056,0.0,1.0
1230.7052110000004,8.000056,0.0,1.22173
1234.2941245000006,8.010056,0.0,1.22173
1242.8830380000006,8.010056,0.0,1.22173
1351.4719515000006,8.010056,0.0,1.22173
2460.0608649999995,8.020056,0.0,1.22173
2460.0108649999993,8.020056,0.0,1.22173
2459.921951499999,8.020056,0.0,1.22173
2456.3330379999993,8.020056,0.0,1.22173
2447.7441244999995,8.030056,0.0,1.2217
2339.1552109999993,8.030056,0.0,1.221
1230.566297500001,8.030056,0.0,1.22
1230.6162975000009,8.040056,0.0,1.2
1230.6162975000009,8.040056,0.0,1.0
1230.6162975000009,8.040056,0.0,1.0
1230.7052110000009,8.090056,0.0,1.22173
1234.2941245000009,8.100056,0.0,1.22173
1242.8830380000009,8.100056,0.0,1.22173
1351.4719515000006,8.100056,0.0,1.22173
2460.060865000001,8.110056,0.0,1.22173
2460.0108650000006,8.110056,0.0,1.22173
2459.9219515000004,8.110056,0.0,1.22173
2456.3330380000007,8.110056,0.0,1.22173
2447.7441245000005,8.120056,0.0,1.2217
2339.1552110000007,8.120056,0.0,1.221
1230.5662975,8.120056,0.0,1.22
1230.6162975,8.130056,0.0,1.2
1230.6162975,8.130056,0.0,1.0
1230.6162975,8.130056,0.0,1.0
1230.7052110000002,8.180056,0.0,1.22173
1234.2941245000002,8.190056,0.0,1.22173
1242.883038,8.190056,0.0,1.22173
1351.4719515000002,8.190056,0.0,1.22173
2460.0608650000004,8.200056,0.0,1.22173
2460.010865,8.200056,0.0,1.22173
2459.9219515000004,8.200056,0.0,1.22173
2456.333038,8.200056,0.0,1.22173
2447.7441245000005,8.210056,0.0,1.2217
2339.1552110000007,8.210056,0.0,1.221
1230.5662975000005,8.210056,0.0,1.22
1230.6162975000004,8.220056,0.0,1.2
1230.6162975000004,8.220056,0.0,1.0
1230.6162975000004,8.220056,0.0,1.0
1230.7052110000004,8.270056,0.0,1.22173
1234.2941245000004,8.280056,0.0,1.22173
1242.8830380000004,8.280056,0.0,1.22173
1351.4719515000006,8.280056,0.0,1.22173
2460.0608649999995,8.290056,0.0,1.22173
2460.0108649999997,8.290056,0.0,1.22173
2459.9219514999995,8.290056,0.0,1.22173
2456.3330379999993,8.290056,0.0,1.22173
2447.7441244999995,8.300056,0.0,1.2217
2339.155211,8.300056,0.0,1.221
1230.5662975000007,8.300056,0.0,1.22
1230.6162975000007,8.310056,0.0,1.2
1230.6162975000007,8.310056,0.0,1.0
1230.6162975000007,8.310056,0.0,1.0
1230.7052110000006,8.360056,0.0,1.22173
1234.2941245000006,8.370056,0.0,1.22173
1242.8830380000006,8.370056,0.0,1.22173
1351.4719515000006,8.370056,0.0,1.22173
2460.0608649999995,8.380056,0.0,1.22173
2460.0108649999993,8.380056,0.0,1.22173
2459.921951499999,8.380056,0.0,1.22173
2456.333037999999,8.380056,0.0,1.22173
2447.744124499999,8.390056,0.0,1.2217
2339.1552109999993,8.390056,0.0,1.221
1230.566297500001,8.390056,0.0,1.22
1230.6162975000009,8.390056,0.0,1.2
1230.6162975000009,8.400056,0.0,1.0
1230.6162975000009,8.400056,0.0,1.0
1230.7052110000009,8.450056,0.0,1.22173
1234.2941245000009,8.460056,0.0,1.22173
1242.8830380000009,8.460056,0.0,1.22173
1351.4719515000006,8.460056,0.0,1.22173
2460.060865000001,8.470056,0.0,1.22173
2460.0108650000006,8.470056,0.0,1.22173
2459.9219515000004,8.470056,0.0,1.22173
2456.333038,8.470056,0.0,1.22173
2447.7441245000005,8.480056,0.0,1.2217
2339.1552110000002,8.480056,0.0,1.221
1230.5662975000005,8.480056,0.0,1.22
1230.6162975000004,8.480056,0.0,1.2
1230.6162975000004,8.490056,0.0,1.0
1230.6162975000004,8.490056,0.0,1.0
1230.7052110000004,8.540056,0.0,1.22173
1234.2941245000002,8.550056,0.0,1.22173
1242.8830380000004,8.550056,0.0,1.22173
1351.4719515000004,8.550056,0.0,1.22173
2460.0608649999995,8.560056,0.0,1.22173
2460.0108649999997,8.560056,0.0,1.22173
2459.9219515,8.560056,0.0,1.22173
2456.333038,8.560056,0.0,1.22173
2447.7441245,8.570056,0.0,1.2217
2339.155211,8.570056,0.0,1.221
1230.5662975000007,8.570056,0.0,1.22
1230.6162975000007,8.570056,0.0,1.2
1230.6162975000007,8.580056,0.0,1.0
1230.6162975000007,8.580056,0.0,1.0
1230.7052110000006,8.630056,0.0,1.22173
1234.2941245000006,8.640056,0.0,1.22173
1242.8830380000006,8.640056,0.0,1.22173
1351.4719515000006,8.640056,0.0,1.22173
2460.0608649999995,8.640056,0.0,1.22173
2460.0108649999993,8.650056,0.0,1.22173
2459.921951499999,8.650056,0.0,1.22173
2456.333037999999,8.650056,0.0,1.22173
2447.744124499999,8.660056,0.0,1.2217
2339.1552109999993,8.660056,0.0,1.221
1230.566297500001,8.660056,0.0,1.22
1230.6162975000009,8.660056,0.0,1.2
1230.6162975000009,8.670056,0.0,1.0
1230.6162975000009,8.670056,0.0,1.0
1230.7052110000009,8.720056,0.0,1.22173
1234.2941245000009,8.730056,0.0,1.22173
1242.8830380000009,8.730056,0.0,1.22173
1351.4719515000006,8.730056,0.0,1.22173
2460.060865000001,8.730056,0.0,1.22173
2460.0108650000006,8.740056,0.0,1.22173
2459.9219515000004,8.740056,0.0,1.22173
2456.333038,8.740056,0.0,1.22173
2447.7441245000005,8.750056,0.0,1.2217
2339.1552110000007,8.750056,0.0,1.221
1230.5662975000002,8.750056,0.0,1.22
1230.6162975000002,8.750056,0.0,1.2
1230.6162975000002,8.760056,0.0,1.0
1230.6162975000002,8.760056,0.0,1.0
1230.7052110000002,8.810056,0.0,1.22173
1234.2941245000002,8.820056,0.0,1.22173
1242.8830380000002,8.820056,0.0,1.22173
1351.4719515000002,8.820056,0.0,1.22173
2460.060865,8.820056,0.0,1.22173
2460.010865,8.830056,0.0,1.22173
2459.9219515,8.830056,0.0,1.22173
2456.333038,8.830056,0.0,1.22173
2447.7441245000005,8.840056,0.0,1.2217
2339.1552110000002,8.840056,0.0,1.221
1230.5662975000005,8.840056,0.0,1.22
1230.6162975000007,8.840056,0.0,1.2
1230.6162975000007,8.850056,0.0,1.0
1230.6162975000007,8.850056,0.0,1.0
1230.7052110000004,8.900056,0.0,1.22173
1234.2941245000006,8.910056,0.0,1.22173
1242.8830380000006,8.910056,0.0,1.22173
1351.4719515000006,8.910056,0.0,1.22173
2460.0608649999995,8.910056,0.0,1.22173
2460.0108649999993,8.920056,0.0,1.22173
2459.921951499999,8.920056,0.0,1.22173
2456.3330379999993,8.920056,0.0,1.22173
2447.7441244999995,8.930056,0.0,1.2217
2339.1552109999993,8.930056,0.0,1.221
1230.566297500001,8.930056,0.0,1.22
1230.6162975000009,8.930056,0.0,1.2
1230.6162975000009,8.940056,0.0,1.0
1230.6162975000009,8.940056,0.0,1.0
1230.7052110000009,8.990056,0.0,1.22173
1234.5941245000008,9.000056,0.0,2.87979
1283.4830380000008,9.000056,0.0,2.87979
1682.3719515000005,9.000056,0.0,2.87979
6081.260865000001,9.000056,0.0,2.87979
6081.243689500001,9.010076,7.850000000000001e-05,2.87979
6081.237600500001,9.010076,0.00015700000000000002,2.87979
6077.731511500001,9.010076,0.0002355,2.87979
6069.224716000001,9.02008,0.001021,2.8797
5960.717920500001,9.02008,0.0018065,2.879
4852.211125000001,9.02008,0.002592,2.87
4852.343243,9.02008,0.0033775000000000003,2.8
4852.4237115,9.03008,0.005812,2.0
4852.50418,9.03008,0.0082465,2.0
4852.5430934999995,9.08008,0.027960000000000002,2.87979
4855.282007000001,9.09008,0.05207150000000001,2.87979
4893.0209205,9.09008,0.076183,2.87979
5380.759834,9.09008,0.10029450000000001,2.87979
7368.498747500001,9.09008,0.124406,2.87979
7368.453925999999,9.100084,0.1521305,2.87979
7368.420191000001,9.100084,0.179855,2.87979
7364.586455999999,9.100084,0.2075795,2.87979
7315.750286499999,9.110084,0.23773899999999998,2.8797
6916.914116999999,9.110084,0.2678985,2.879
2518.0779475,9.110084,0.29805799999999993,2.87
2518.1478669999997,9.110084,0.32813899999999996,2.8
2518.1163725,9.120084,0.35963349999999994,2.0
2518.0848779999997,9.120084,0.391128,2.0
2518.1916734999995,9.170056,0.4222295000000001,2.87979
2518.298469,9.180056,0.45333100000000015,2.87979
2528.4052644999997,9.180056,0.48443250000000015,2.87979
2738.5120599999996,9.180056,0.515534,2.87979
3948.620505,9.180056,0.5449865,2.87979
3948.4910525,9.190056,0.5744389999999999,2.87979
3948.5031550000003,9.190056,0.5866125,2.87979
3945.8152575000004,9.190056,0.5943879999999999,2.87979
3908.1273600000004,9.200056,0.6021634999999999,2.8797
3420.4394625000004,9.200056,0.6099389999999999,2.879
1432.7515650000005,9.200056,0.6177144999999999,2.87
1432.8474025000005,9.200056,0.621877,2.8
1432.8432400000004,9.210056,0.6260395000000001,2.0
1432.8390775000005,9.210056,0.6302020000000002,2.0
1432.9752470000003,9.260056,0.6319295000000003,2.87979
1433.1114165000004,9.270056,0.6336570000000004,2.87979
1443.2475860000004,9.270056,0.6353845000000004,2.87979
1653.3837555000007,9.270056,0.6371120000000003,2.87979
2863.521339000001,9.270056,0.6374260000000004,2.87979
2863.4210250000006,9.280056,0.6377400000000004,2.87979
2863.283127500001,9.280056,0.6377400000000004,2.87979
2863.1452300000005,9.280056,0.6377400000000004,2.87979
2853.0073325000008,9.290056,0.6377400000000004,2.8797
2642.8694350000005,9.290056,0.6377400000000004,2.879
1432.7315375000007,9.290056,0.6377400000000004,2.87
1432.8315375000006,9.290056,0.6377400000000004,2.8
1432.8315375000006,9.300056,0.6377400000000004,2.0
1432.8315375000006,9.300056,0.6377400000000004,2.0
1432.9694350000007,9.350056,0.6377400000000004,2.87979
1433.1073325000007,9.360056,0.6377400000000004,2.87979
1443.2452300000004,9.360056,0.6377400000000004,2.87979
1653.3831275000005,9.360056,0.6377400000000004,2.87979
2863.5210250000005,9.360056,0.6377400000000004,2.87979
2863.4210250000006,9.370056,0.6377400000000004,2.87979
2863.283127500001,9.370056,0.6377400000000004,2.87979
2863.1452300000005,9.370056,0.6377400000000004,2.87979
2853.0073325000008,9.380056,0.6377400000000004,2.8797
2642.8694350000005,9.380056,0.6377400000000004,2.879
1432.7315375000003,9.380056,0.6377400000000004,2.87
1432.8315375000002,9.380056,0.6377400000000004,2.8
1432.8315375000002,9.390056,0.6377400000000004,2.0
1432.8315375000002,9.390056,0.6377400000000004,2.0
1432.9694350000002,9.440056,0.6377400000000004,2.87979
1433.1073325000002,9.450056,0.6377400000000004,2.87979
1443.2452300000002,9.450056,0.6377400000000004,2.87979
1653.3831275000002,9.450056,0.6377400000000004,2.87979
2863.5210250000005,9.450056,0.6377400000000004,2.87979
2863.4210250000006,9.460056,0.6377400000000004,2.87979
2863.283127500001,9.460056,0.6377400000000004,2.87979
2863.1452300000005,9.460056,0.6377400000000004,2.87979
2853.0073325000008,9.470056,0.6377400000000004,2.8797
2642.8694350000005,9.470056,0.6377400000000004,2.879
1432.7315375000005,9.470056,0.6377400000000004,2.87
1432.8315375000004,9.470056,0.6377400000000004,2.8
1432.8315375000004,9.480056,0.6377400000000004,2.0
1432.8315375000004,9.480056,0.6377400000000004,2.0
1432.9694350000004,9.530056,0.6377400000000004,2.87979
1433.1073325000004,9.540056,0.6377400000000004,2.87979
1443.2452300000004,9.540056,0.6377400000000004,2.87979
1653.3831275000005,9.540056,0.6377400000000004,2.87979
2863.5210250000005,9.540056,0.6377400000000004,2.87979
2863.4210250000006,9.550056,0.6377400000000004,2.87979
2863.283127500001,9.550056,0.6377400000000004,2.87979
2863.1452300000005,9.550056,0.6377400000000004,2.87979
2853.0073325000008,9.560056,0.6377400000000004,2.8797
2642.8694350000005,9.560056,0.6377400000000004,2.879
1432.7315375000007,9.560056,0.6377400000000004,2.87
1432.8315375000006,9.560056,0.6377400000000004,2.8
1432.8315375000006,9.570056,0.6377400000000004,2.0
1432.8315375000006,9.570056,0.6377400000000004,2.0
1432.9694350000007,9.620056,0.6377400000000004,2.87979
1433.1073325000007,9.630056,0.6377400000000004,2.87979
1443.2452300000004,9.630056,0.6377400000000004,2.87979
1653.3831275000005,9.630056,0.6377400000000004,2.87979
2863.5210250000005,9.630056,0.6377400000000004,2.87979
2863.4210250000006,9.640056,0.6377400000000004,2.87979
2863.283127500001,9.640056,0.6377400000000004,2.87979
2863.1452300000005,9.640056,0.6377400000000004,2.87979
2853.0073325000008,9.650056,0.6377400000000004,2.8797
2642.8694350000005,9.650056,0.6377400000000004,2.879
1432.7315375,9.650056,0.6377400000000004,2.87
1432.8315375000002,9.650056,0.6377400000000004,2.8
1432.8315375000002,9.660056,0.6377400000000004,2.0
1432.8315375000002,9.660056,0.6377400000000004,2.0
1432.9694350000002,9.710056,0.6377400000000004,2.87979
1433.1073325000002,9.720056,0.6377400000000004,2.87979
1443.2452300000002,9.720056,0.6377400000000004,2.87979
1653.3831275000002,9.720056,0.6377400000000004,2.87979
2863.521025,9.720056,0.6377400000000004,2.87979
2863.421025,9.730056,0.6377400000000004,2.87979
2863.2831275000003,9.730056,0.6377400000000004,2.87979
2863.14523,9.730056,0.6377400000000004,2.87979
2853.0073325000003,9.740056,0.6377400000000004,2.8797
2642.8694350000005,9.740056,0.6377400000000004,2.879
1432.7315375000003,9.740056,0.6377400000000004,2.87
1432.8315375000002,9.740056,0.6377400000000004,2.8
1432.8315375000002,9.750056,0.6377400000000004,2.0
1432.8315375000002,9.750056,0.6377400000000004,2.0
1432.9694350000004,9.800056,0.6377400000000004,2.87979
1433.1073325000004,9.810056,0.6377400000000004,2.87979
1443.2452300000004,9.810056,0.6377400000000004,2.87979
1653.3831275000005,9.810056,0.6377400000000004,2.87979
2863.5210250000005,9.810056,0.6377400000000004,2.87979
2863.4210250000006,9.820056,0.6377400000000004,2.87979
2863.283127500001,9.820056,0.6377400000000004,2.87979
2863.1452300000005,9.820056,0.6377400000000004,2.87979
2853.0073325000008,9.830056,0.6377400000000004,2.8797
2642.8694350000005,9.830056,0.6377400000000004,2.879
1432.7315375000007,9.830056,0.6377400000000004,2.87
1432.8315375000006,9.830056,0.6377400000000004,2.8
1432.8315375000006,9.840056,0.6377400000000004,2.0
1432.8315375000006,9.840056,0.6377400000000004,2.0
1432.9694350000007,9.890056,0.6377400000000004,2.87979
1433.1073325000007,9.900056,0.6377400000000004,2.87979
1443.2452300000004,9.900056,0.6377400000000004,2.87979
1653.3831275000005,9.900056,0.6377400000000004,2.87979
2863.5210250000005,9.900056,0.6377400000000004,2.87979
2863.4210250000006,9.910056,0.6377400000000004,2.87979
2863.283127500001,9.910056,0.6377400000000004,2.87979
2863.1452300000005,9.910056,0.6377400000000004,2.87979
2853.0073325000008,9.910056,0.6377400000000004,2.8797
2642.8694350000005,9.920056,0.6377400000000004,2.879
1432.7315375,9.920056,0.6377400000000004,2.87
1432.8315375000002,9.920056,0.6377400000000004,2.8
1432.8315375000002,9.930056,0.6377400000000004,2.0
1432.8315375000002,9.930056,0.6377400000000004,2.0
1432.969435,9.980056,0.6377400000000004,2.87979
1433.1073325,9.990056,0.6377400000000004,2.87979
1443.2452300000002,9.990056,0.6377400000000004,2.87979
1653.3831275000002,9.990056,0.6377400000000004,2.87979
2863.521025,9.990056,0.6377400000000004,2.87979
2863.421025,10.000056,0.6377400000000004,2.87979
2863.2831275000003,10.000056,0.6377400000000004,2.8797
2863.14523,10.000056,0.6377400000000004,2.87
2853.0073325000003,10.010056,0.6377400000000004,2.0
2643.0073325000003,10.040056,0.6377400000000004,2.87979
1643.0073325000003,10.040056,0.6377400000000004,2.87979
1643.0073325000003,10.040056,0.6377400000000004,2.87979
1643.0073325000003,10.050056,0.6377400000000004,2.8797
1643.0073325000003,10.050056,0.6377400000000004,2.87
1643.0073325000003,10.050056,0.6377400000000004,2.0
1643.14523,10.080056,0.6377400000000004,2.87979
1853.2831275,10.090056,0.6377400000000004,2.87979
1853.1831275000002,10.090056,0.6377400000000004,2.87979
1853.1831275000002,10.090056,0.6377400000000004,2.8797
1853.1831275000002,10.090056,0.6377400000000004,2.87
1853.0452300000002,10.100056,0.6377400000000004,2.0
1853.0452300000002,10.130056,0.6377400000000004,2.87979
2053.04523,10.130056,0.6377400000000004,2.87979
1842.8073325000003,10.140056,0.6377400000000004,2.87979
632.6694350000002,10.140056,0.6377400000000004,2.8797
632.7694350000002,10.140056,0.6377400000000004,2.87
632.7694350000002,10.140056,0.6377400000000004,2.0
632.9073325000002,10.180056,0.6377400000000004,2.87979
843.0452300000002,10.180056,0.6377400000000004,2.87979
842.8073325000001,10.180056,0.6377400000000004,2.87979
632.6694350000002,10.180056,0.6377400000000004,2.8797
632.7694350000002,10.190056,0.6377400000000004,2.87
632.7694350000002,10.190056,0.6377400000000004,2.0
632.9073325000003,10.220056,0.6377400000000004,2.87979
843.0452300000005,10.230056,0.6377400000000004,2.87979
842.8073325000004,10.230056,0.6377400000000004,2.87979
632.6694350000002,10.230056,0.6377400000000004,2.8797
632.7694350000002,10.230056,0.6377400000000004,2.87
632.7694350000002,10.24006,0.6377400000000004,2.0
632.9073325000002,10.270056,0.6377400000000004,2.87979
843.0452300000002,10.270056,0.6377400000000004,2.87979
842.8073325000001,10.270056,0.6377400000000004,2.87979
632.6694350000002,10.280056,0.6377400000000004,2.8797
632.7694350000003,10.280056,0.6377400000000004,2.87
632.7694350000003,10.280056,0.6377400000000004,2.0
632.9073325000003,10.310056,0.6377400000000004,2.87979
843.0452300000002,10.320056,0.6377400000000004,2.87979
842.8073325000001,10.320056,0.6377400000000004,2.87979
632.6694350000002,10.320056,0.6377400000000004,2.8797
632.7694350000003,10.330056,0.6377400000000004,2.87
632.7694350000003,10.330056,0.6377400000000004,2.0
632.9073325000004,10.360056,0.6377400000000004,2.87979
843.0452300000005,10.360056,0.6377400000000004,2.87979
842.8073325000005,10.370056,0.6377400000000004,2.87979
632.6694350000002,10.370056,0.6377400000000004,2.8797
632.7694350000003,10.370056,0.6377400000000004,2.87
632.7694350000003,10.380056,0.6377400000000004,2.0
632.7694350000003,10.400056,0.6377400000000004,2.87979
632.7694350000003,10.400056,0.6377400000000004,2.87979
632.6315375000003,10.410056,0.6377400000000004,2.87979
422.4936400000001,10.410056,0.6377400000000004,2.87979
422.59364000000005,10.410056,0.6377400000000004,2.87979
422.59364000000005,10.420056,0.6377400000000004,2.87979
422.59364000000005,10.420056,0.6377400000000004,2.87979
422.59364000000005,10.420056,0.6377400000000004,2.87979
422.4557425000001,10.420056,0.6377400000000004,2.87979
212.31784499999986,10.430056,0.6377400000000004,2.87979
212.41784499999986,10.430056,0.6377400000000004,2.87979
212.41784499999986,10.430056,0.6377400000000004,2.87979
212.41784499999986,10.440056,0.6377400000000004,2.87979
212.41784499999986,10.440056,0.6377400000000004,2.87979
212.27994749999985,10.440056,0.6377400000000004,2.87979
2.1420499999999993,10.440056,0.6377400000000004,2.87979
2.2420499999999994,10.450056,0.6377400000000004,2.87979
2.2420499999999994,10.450056,0.6377400000000004,2.87979
2.2420499999999994,10.450056,0.6377400000000004,2.87979
2.2420499999999994,10.460056,0.6377400000000004,2.87979
2.2420499999999994,10.460056,0.6377400000000004,2.87979
2.2420499999999994,10.460056,0.6377400000000004,2.87979
2.2420499999999994,10.470056,0.6377400000000004,2.87979
2.2420499999999994,10.470056,0.6377400000000004,2.87979
2.2420499999999994,10.470056,0.6377400000000004,2.87979
2.2420499999999994,10.470056,0.6377400000000004,2.87979
2.3799474999999997,10.500056,0.6377400000000004,2.87979
212.51784499999997,10.500056,0.6377400000000004,2.87979
212.41784499999994,10.510056,0.6377400000000004,2.87979
212.41784499999994,10.510056,0.6377400000000004,2.8797
212.41784499999994,10.510056,0.6377400000000004,2.87
212.41784499999994,10.510056,0.6377400000000004,2.0
212.55574249999995,10.550056,0.6377400000000004,2.87979
422.69363999999996,10.550056,0.6377400000000004,2.87979
422.59364,10.550056,0.6377400000000004,2.87979
422.59364,10.550056,0.6377400000000004,2.8797
422.59364,10.560056,0.6377400000000004,2.87
422.59364,10.560056,0.6377400000000004,2.0
422.73153750000006,10.590056,0.6377400000000004,2.87979
632.8694350000002,10.600056,0.6377400000000004,2.87979
632.7694350000002,10.600056,0.6377400000000004,2.87979
632.7694350000002,10.600056,0.6377400000000004,2.8797
632.7694350000002,10.600056,0.6377400000000004,2.87
632.7694350000002,10.610056,0.6377400000000004,2.0
632.9073325000002,10.640056,0.6377400000000004,2.87979
843.0452300000002,10.640056,0.6377400000000004,2.87979
842.8073325000001,10.640056,0.6377400000000004,2.87979
632.6694350000002,10.650056,0.6377400000000004,2.8797
632.7694350000002,10.650056,0.6377400000000004,2.87
632.7694350000002,10.650056,0.6377400000000004,2.0
632.9073325000002,10.690056,0.6377400000000004,2.87979
843.0452300000002,10.690056,0.6377400000000004,2.87979
842.8073325000001,10.690056,0.6377400000000004,2.87979
632.6694350000002,10.690056,0.6377400000000004,2.8797
632.7694350000002,10.700056,0.6377400000000004,2.87
632.7694350000002,10.700056,0.6377400000000004,2.0
632.9073325000003,10.730056,0.6377400000000004,2.87979
843.0452300000005,10.730056,0.6377400000000004,2.87979
842.8073325000004,10.740056,0.6377400000000004,2.87979
632.6694350000002,10.740056,0.6377400000000004,2.8797
632.7694350000002,10.740056,0.6377400000000004,2.87
632.7694350000002,10.750056,0.6377400000000004,2.0
632.9073325000002,10.780056,0.6377400000000004,2.87979
843.0452300000002,10.780056,0.6377400000000004,2.87979
842.8073325000001,10.780056,0.6377400000000004,2.87979
632.6694350000002,10.790056,0.6377400000000004,2.8797
632.7694350000003,10.790056,0.6377400000000004,2.87
632.7694350000003,10.790056,0.6377400000000004,2.0
632.9073325000003,10.820056,0.6377400000000004,2.87979
843.0452300000002,10.830056,0.6377400000000004,2.87979
842.8073325000001,10.830056,0.6377400000000004,2.87979
632.6694350000002,10.830056,0.6377400000000004,2.8797
632.7694350000003,10.840056,0.6377400000000004,2.87
632.7694350000003,10.840056,0.6377400000000004,2.0
632.9073325000004,10.870056,0.6377400000000004,2.87979
843.0452300000005,10.870056,0.6377400000000004,2.87979
842.8073325000005,10.88006,0.6377400000000004,2.87979
632.6694350000002,10.88006,0.6377400000000004,2.8797
632.7694350000003,10.88006,0.6377400000000004,2.87
632.7694350000003,10.88006,0.6377400000000004,2.0
632.9073325000004,10.920056,0.6377400000000004,2.87979
843.0452300000003,10.920056,0.6377400000000004,2.87979
842.8073325000004,10.920056,0.6377400000000004,2.87979
632.6694350000004,10.930056,0.6377400000000004,2.8797
632.7694350000004,10.930056,0.6377400000000004,2.87
632.7694350000004,10.930056,0.6377400000000004,2.0
632.9073325000004,10.960056,0.6377400000000004,2.87979
843.0452300000003,10.970056,0.6377400000000004,2.87979
842.8073325000004,10.970056,0.6377400000000004,2.87979
632.6694350000004,10.970056,0.6377400000000004,2.8797
632.7694350000004,10.970056,0.6377400000000004,2.87
632.7694350000004,10.980056,0.6377400000000004,2.0
635.6073325000003,11.010056,0.6377400000000004,1.74533
673.4452300000003,11.010056,0.6377400000000004,1.74533
673.2006095000003,11.010056,0.6377400000000004,1.74533
463.00598900000017,11.020056,0.6377400000000004,1.7453
463.0492660000002,11.020056,0.6377400000000004,1.74
462.9925430000001,11.020056,0.6377400000000004,1.0
465.8304405000001,11.060056,0.6377400000000004,1.74533
503.6683380000002,11.060056,0.6377400000000004,1.74533
503.4237175000001,11.060056,0.6377400000000004,1.74533
293.22909699999997,11.060056,0.6377400000000004,1.7453
293.27237399999996,11.070056,0.6377400000000004,1.74
293.2156509999999,11.070056,0.6377400000000004,1.0
296.0535485,11.100056,0.6377400000000004,1.74533
333.891446,11.100056,0.6377400000000004,1.74533
333.6468255,11.110056,0.6377400000000004,1.74533
123.452205,11.110056,0.6377400000000004,1.7453
123.495482,11.110056,0.6377400000000004,1.74
123.438759,11.120056,0.6377400000000004,1.0
126.2766565,11.150056,0.6377400000000004,1.74533
164.114554,11.150056,0.6377400000000004,1.74533
161.1699335,11.150056,0.6377400000000004,1.74533
123.27531300000001,11.160056,0.6377400000000004,1.7453
123.32531300000001,11.160056,0.6377400000000004,1.74
123.32531300000001,11.160056,0.6377400000000004,1.0
126.21993350000002,11.190056,0.6377400000000004,1.74533
164.11455400000006,11.200056,0.6377400000000004,1.74533
161.16993350000004,11.200056,0.6377400000000004,1.74533
123.27531300000001,11.200056,0.6377400000000004,1.7453
123.32531300000001,11.210056,0.6377400000000004,1.74
123.32531300000001,11.210056,0.6377400000000004,1.0
126.21993350000002,11.240056,0.6377400000000004,1.74533
164.11455400000003,11.240056,0.6377400000000004,1.74533
161.16993350000004,11.250056,0.6377400000000004,1.74533
123.27531300000004,11.250056,0.6377400000000004,1.7453
123.32531300000004,11.250056,0.6377400000000004,1.74
123.32531300000004,11.260056,0.6377400000000004,1.0
126.21993350000002,11.290056,0.6377400000000004,1.74533
164.11455400000003,11.290056,0.6377400000000004,1.74533
161.16993350000004,11.290056,0.6377400000000004,1.74533
123.27531300000004,11.300056,0.6377400000000004,1.7453
123.32531300000004,11.300056,0.6377400000000004,1.74
123.32531300000004,11.300056,0.6377400000000004,1.0
126.21993350000002,11.330056,0.6377400000000004,1.74533
164.11455400000006,11.340056,0.6377400000000004,1.74533
161.16993350000007,11.340056,0.6377400000000004,1.74533
123.27531300000001,11.340056,0.6377400000000004,1.7453
123.32531300000001,11.340056,0.6377400000000004,1.74
123.32531300000001,11.350056,0.6377400000000004,1.0
126.21993350000002,11.380056,0.6377400000000004,1.74533
164.11455400000003,11.380056,0.6377400000000004,1.74533
161.16993350000004,11.390056,0.6377400000000004,1.74533
123.27531300000004,11.390056,0.6377400000000004,1.7453
123.32531300000004,11.390056,0.6377400000000004,1.74
123.32531300000004,11.390056,0.6377400000000004,1.0
126.21993350000002,11.430056,0.6377400000000004,1.74533
164.11455400000003,11.430056,0.6377400000000004,1.74533
161.16993350000004,11.430056,0.6377400000000004,1.74533
123.27531300000004,11.430056,0.6377400000000004,1.7453
123.32531300000004,11.440056,0.6377400000000004,1.74
123.32531300000004,11.440056,0.6377400000000004,1.0
126.21993350000002,11.470056,0.6377400000000004,1.74533
164.11455400000003,11.480056,0.6377400000000004,1.74533
161.16993350000004,11.480056,0.6377400000000004,1.74533
123.27531300000001,11.480056,0.6377400000000004,1.7453
123.32531300000001,11.480056,0.6377400000000004,1.74
123.32531300000001,11.490056,0.6377400000000004,1.0
126.21993350000001,11.52006,0.6377400000000004,1.74533
164.11455400000003,11.52006,0.6377400000000004,1.74533
161.16993350000004,11.52006,0.6377400000000004,1.74533
123.27531300000001,11.530056,0.6377400000000004,1.7453
123.32531300000001,11.530056,0.6377400000000004,1.74
123.32531300000001,11.530056,0.6377400000000004,1.0
126.21993350000001,11.560056,0.6377400000000004,1.74533
164.114554,11.570056,0.6377400000000004,1.74533
161.1699335,11.570056,0.6377400000000004,1.74533
123.27531300000001,11.570056,0.6377400000000004,1.7453
123.32531300000001,11.580056,0.6377400000000004,1.74
123.32531300000001,11.580056,0.6377400000000004,1.0
126.21993350000001,11.610056,0.6377400000000004,1.74533
164.114554,11.610056,0.6377400000000004,1.74533
161.1699335,11.620056,0.6377400000000004,1.74533
123.27531300000001,11.620056,0.6377400000000004,1.7453
123.32531300000001,11.620056,0.6377400000000004,1.74
123.32531300000001,11.630056,0.6377400000000004,1.0
126.21993350000002,11.660056,0.6377400000000004,1.74533
164.11455400000006,11.660056,0.6377400000000004,1.74533
161.16993350000004,11.660056,0.6377400000000004,1.74533
123.27531300000001,11.670056,0.6377400000000004,1.7453
123.32531300000001,11.670056,0.6377400000000004,1.74
123.32531300000001,11.670056,0.6377400000000004,1.0
126.21993350000002,11.700056,0.6377400000000004,1.74533
164.11455400000003,11.710056,0.6377400000000004,1.74533
161.16993350000004,11.710056,0.6377400000000004,1.74533
123.27531300000004,11.710056,0.6377400000000004,1.7453
123.32531300000004,11.720056,0.6377400000000004,1.74
123.32531300000004,11.720056,0.6377400000000004,1.0
126.21993350000002,11.750056,0.6377400000000004,1.74533
164.11455400000003,11.750056,0.6377400000000004,1.74533
161.16993350000004,11.760056,0.6377400000000004,1.74533
123.27531300000004,11.760056,0.6377400000000004,1.7453
123.32531300000004,11.760056,0.6377400000000004,1.74
123.32531300000004,11.760056,0.6377400000000004,1.0
126.21993350000002,11.800056,0.6377400000000004,1.74533
164.11455400000006,11.800056,0.6377400000000004,1.74533
161.16993350000007,11.800056,0.6377400000000004,1.74533
123.27531300000001,11.800056,0.6377400000000004,1.7453
123.32531300000001,11.810056,0.6377400000000004,1.74
123.32531300000001,11.810056,0.6377400000000004,1.0
126.21993350000002,11.840056,0.6377400000000004,1.74533
164.11455400000003,11.850056,0.6377400000000004,1.74533
161.16993350000004,11.850056,0.6377400000000004,1.74533
123.27531300000004,11.850056,0.6377400000000004,1.7453
123.32531300000004,11.850056,0.6377400000000004,1.74
123.32531300000004,11.860056,0.6377400000000004,1.0
126.21993350000002,11.890056,0.6377400000000004,1.74533
164.11455400000003,11.890056,0.6377400000000004,1.74533
161.16993350000004,11.890056,0.6377400000000004,1.74533
123.27531300000004,11.900056,0.6377400000000004,1.7453
123.32531300000004,11.900056,0.6377400000000004,1.74
123.32531300000004,11.900056,0.6377400000000004,1.0
126.21993350000002,11.940056,0.6377400000000004,1.74533
164.11455400000003,11.940056,0.6377400000000004,1.74533
161.16993350000004,11.940056,0.6377400000000004,1.74533
123.27531300000001,11.940056,0.6377400000000004,1.7453
123.32531300000001,11.950056,0.6377400000000004,1.74
123.32531300000001,11.950056,0.6377400000000004,1.0
126.21993350000001,11.980056,0.6377400000000004,1.74533
164.11455400000003,11.980056,0.6377400000000004,1.74533
161.16993350000004,11.990056,0.6377400000000004,1.74533
123.27531300000001,11.990056,0.6377400000000004,1.7453
123.32531300000001,11.990056,0.6377400000000004,1.74
123.32531300000001,12.000056,0.6377400000000004,1.0
126.21993350000001,12.030056,0.6377400000000004,1.74533
164.114554,12.030056,0.6377400000000004,1.74533
161.1699335,12.030056,0.6377400000000004,1.74533
123.27531300000001,12.040056,0.6377400000000004,1.7453
123.32531300000001,12.040056,0.6377400000000004,1.74
123.32531300000001,12.040056,0.6377400000000004,1.0
126.21993350000001,12.070056,0.6377400000000004,1.74533
164.114554,12.080056,0.6377400000000004,1.74533
161.1699335,12.080056,0.6377400000000004,1.74533
123.27531300000001,12.080056,0.6377400000000004,1.7453
123.32531300000001,12.090056,0.6377400000000004,1.74
123.32531300000001,12.090056,0.6377400000000004,1.0
126.21993350000002,12.120056,0.6377400000000004,1.74533
164.11455400000006,12.120056,0.6377400000000004,1.74533
161.16993350000004,12.130056,0.6377400000000004,1.74533
123.27531300000001,12.130056,0.6377400000000004,1.7453
123.32531300000001,12.130056,0.6377400000000004,1.74
123.32531300000001,12.130056,0.6377400000000004,1.0
126.21993350000002,12.170056,0.6377400000000004,1.74533
164.11455400000003,12.170056,0.6377400000000004,1.74533
161.16993350000004,12.170056,0.6377400000000004,1.74533
123.27531300000004,12.180056,0.6377400000000004,1.7453
123.32531300000004,12.180056,0.6377400000000004,1.74
123.32531300000004,12.180056,0.6377400000000004,1.0
126.21993350000002,12.210056,0.6377400000000004,1.74533
164.11455400000003,12.220056,0.6377400000000004,1.74533
161.16993350000004,12.220056,0.6377400000000004,1.74533
123.27531300000004,12.220056,0.6377400000000004,1.7453
123.32531300000004,12.220056,0.6377400000000004,1.74
123.32531300000004,12.230056,0.6377400000000004,1.0
126.21993350000002,12.260056,0.6377400000000004,1.74533
164.11455400000006,12.260056,0.6377400000000004,1.74533
161.16993350000007,12.260056,0.6377400000000004,1.74533
123.27531300000001,12.270056,0.6377400000000004,1.7453
123.32531300000001,12.270056,0.6377400000000004,1.74
123.32531300000001,12.270056,0.6377400000000004,1.0
126.21993350000002,12.310056,0.6377400000000004,1.74533
164.11455400000003,12.310056,0.6377400000000004,1.74533
161.16993350000004,12.310056,0.6377400000000004,1.74533
123.27531300000004,12.310056,0.6377400000000004,1.7453
123.32531300000004,12.320056,0.6377400000000004,1.74
123.32531300000004,12.320056,0.6377400000000004,1.0
126.21993350000002,12.350056,0.6377400000000004,1.74533
164.11455400000003,12.350056,0.6377400000000004,1.74533
161.16993350000004,12.360056,0.6377400000000004,1.74533
123.27531300000004,12.360056,0.6377400000000004,1.7453
123.32531300000004,12.360056,0.6377400000000004,1.74
123.32531300000004,12.370056,0.6377400000000004,1.0
126.21993350000002,12.400056,0.6377400000000004,1.74533
164.11455400000003,12.400056,0.6377400000000004,1.74533
161.16993350000004,12.400056,0.6377400000000004,1.74533
123.27531300000001,12.410056,0.6377400000000004,1.7453
123.32531300000001,12.410056,0.6377400000000004,1.74
123.32531300000001,12.410056,0.6377400000000004,1.0
126.21993350000001,12.440056,0.6377400000000004,1.74533
164.11455400000003,12.450056,0.6377400000000004,1.74533
161.16993350000004,12.450056,0.6377400000000004,1.74533
123.27531300000001,12.450056,0.6377400000000004,1.7453
123.32531300000001,12.460056,0.6377400000000004,1.74
123.32531300000001,12.460056,0.6377400000000004,1.0
126.21993350000001,12.490056,0.6377400000000004,1.74533
164.114554,12.490056,0.6377400000000004,1.74533
161.1699335,12.500056,0.6377400000000004,1.74533
123.27531300000001,12.500056,0.6377400000000004,1.7453
123.32531300000001,12.500056,0.6377400000000004,1.74
123.32531300000001,12.510056,0.6377400000000004,1.0
126.21993350000001,12.540056,0.6377400000000004,1.74533
164.114554,12.540056,0.6377400000000004,1.74533
161.1699335,12.540056,0.6377400000000004,1.74533
123.27531300000001,12.550056,0.6377400000000004,1.7453
123.32531300000001,12.550056,0.6377400000000004,1.74
123.32531300000001,12.550056,0.6377400000000004,1.0
126.21993350000002,12.580056,0.6377400000000004,1.74533
164.11455400000006,12.590056,0.6377400000000004,1.74533
161.16993350000004,12.590056,0.6377400000000004,1.74533
123.27531300000001,12.590056,0.6377400000000004,1.7453
123.32531300000001,12.590056,0.6377400000000004,1.74
123.32531300000001,12.600056,0.6377400000000004,1.0
126.21993350000002,12.630056,0.6377400000000004,1.74533
164.11455400000003,12.630056,0.6377400000000004,1.74533
161.16993350000004,12.640056,0.6377400000000004,1.74533
123.27531300000004,12.640056,0.6377400000000004,1.7453
123.32531300000004,12.640056,0.6377400000000004,1.74
123.32531300000004,12.640056,0.6377400000000004,1.0
126.21993350000002,12.680056,0.6377400000000004,1.74533
164.11455400000003,12.680056,0.6377400000000004,1.74533
161.16993350000004,12.680056,0.6377400000000004,1.74533
123.27531300000004,12.680056,0.6377400000000004,1.7453
123.32531300000004,12.690056,0.6377400000000004,1.74
123.32531300000004,12.690056,0.6377400000000004,1.0
126.21993350000002,12.720056,0.6377400000000004,1.74533
164.11455400000006,12.730056,0.6377400000000004,1.74533
161.16993350000007,12.730056,0.6377400000000004,1.74533
123.27531300000001,12.730056,0.6377400000000004,1.7453
123.32531300000001,12.730056,0.6377400000000004,1.74
123.32531300000001,12.740056,0.6377400000000004,1.0
126.21993350000002,12.770056,0.6377400000000004,1.74533
164.11455400000003,12.770056,0.6377400000000004,1.74533
161.16993350000004,12.770056,0.6377400000000004,1.74533
123.27531300000004,12.780056,0.6377400000000004,1.7453
123.32531300000004,12.780056,0.6377400000000004,1.74
123.32531300000004,12.780056,0.6377400000000004,1.0
126.21993350000002,12.810056,0.6377400000000004,1.74533
164.11455400000003,12.820056,0.6377400000000004,1.74533
161.16993350000004,12.820056,0.6377400000000004,1.74533
123.27531300000004,12.820056,0.6377400000000004,1.7453
123.32531300000004,12.830056,0.6377400000000004,1.74
123.32531300000004,12.830056,0.6377400000000004,1.0
126.21993350000002,12.860056,0.6377400000000004,1.74533
164.11455400000003,12.860056,0.6377400000000004,1.74533
161.16993350000004,12.870056,0.6377400000000004,1.74533
123.27531300000001,12.870056,0.6377400000000004,1.7453
123.32531300000001,12.870056,0.6377400000000004,1.74
123.32531300000001,12.880056,0.6377400000000004,1.0
126.21993350000001,12.910056,0.6377400000000004,1.74533
164.11455400000003,12.910056,0.6377400000000004,1.74533
161.16993350000004,12.910056,0.6377400000000004,1.74533
123.27531300000001,12.920056,0.6377400000000004,1.7453
123.32531300000001,12.920056,0.6377400000000004,1.74
123.32531300000001,12.920056,0.6377400000000004,1.0
126.21993350000001,12.950056,0.6377400000000004,1.74533
164.114554,12.960056,0.6377400000000004,1.74533
161.1699335,12.960056,0.6377400000000004,1.74533
123.27531300000001,12.960056,0.6377400000000004,1.7453
123.32531300000001,12.970056,0.6377400000000004,1.74
123.32531300000001,12.970056,0.6377400000000004,1.0
127.16993350000001,13.000056,0.6377400000000004,5.41052
491.014554,13.000056,0.6377400000000004,5.41052
488.102957,13.01008,0.6379760000000003,5.41052
450.39136,13.01008,0.6382120000000002,5.4105
450.6243835,13.01008,0.6384480000000002,5.41
450.80740700000007,13.01008,0.6386840000000001,5.0
453.5520275000001,13.050084,0.6466950000000002,5.41052
516.2966480000001,13.050084,0.6547060000000002,5.41052
513.377276,13.050084,0.6627170000000002,5.41052
475.6545265000001,13.06008,0.6741055000000001,5.4105
475.8763975000001,13.06008,0.6854940000000003,5.41
476.0482685000001,13.06008,0.6968825000000003,5.0
478.69288900000015,13.090092,0.7209945000000003,5.41052
936.5375094999998,13.100084,0.7500545000000003,5.41052
933.5970884999999,13.100084,0.7791145000000003,5.41052
895.8566674999998,13.100084,0.8081745000000002,5.4105
896.0608669999998,13.100084,0.8372345000000001,5.41
896.2098044999999,13.110084,0.8715565000000002,5.0
897.104425,13.140084,0.9232360000000001,5.41052
1092.9990455,13.140084,0.9749155,5.41052
1089.1298005,13.150084,1.0327995,5.41052
725.4105555000002,13.150084,1.0906835,5.4105
725.5529075000003,13.150084,1.1483315,5.41
725.4952595000003,13.150084,1.2059795,5.0
728.9568565000003,13.190084,1.2900955000000003,5.41052
1157.4184534999997,13.190084,1.3742115000000001,5.41052
1154.6227404999997,13.190084,1.4505525000000001,5.41052
1091.9770274999998,13.190084,1.5268935000000001,5.4105
1092.0936964999999,13.200084,1.6102245000000004,5.41
1092.0137429999997,13.200084,1.690178,5.0
1091.9121125,13.230084,1.7918085000000001,5.41052
1091.8104819999996,13.230084,1.893439,5.41052
1089.2291119999998,13.240084,1.9893359999999998,5.41052
631.4477420000003,13.240084,2.0802849999999995,5.41052
631.5567930000003,13.240084,2.1712339999999997,5.41052
631.4658440000003,13.240084,2.262183,5.41052
631.3690830000003,13.250084,2.3589439999999997,5.41052
631.2775840000003,13.250084,2.450443,5.41052
630.4404020000002,13.250084,2.5245844999999996,5.41052
434.59890050000024,13.260084,2.6030455,5.41052
434.67664400000024,13.260084,2.675302,5.41052
434.60438750000026,13.260084,2.7475585,5.41052
434.4736325000002,13.280084,2.8247629999999995,5.41052
789.3428775000002,13.280084,2.9019674999999996,5.41052
785.6464280000001,13.280084,2.9527039999999993,5.41052
357.04927150000003,13.290084,3.0041474999999993,5.4105
357.147828,13.290084,3.0555909999999993,5.41
357.09638450000006,13.290084,3.1070344999999993,5.0
359.1490875,13.330056,3.1514094999999993,5.41052
651.2017904999999,13.330056,3.1957844999999994,5.41052
651.0790925,13.330056,3.2184825,5.41052
651.0563945,13.330056,3.2411804999999996,5.4105
651.0406865,13.340056,3.2568884999999996,5.41
651.0249785000001,13.340056,3.2725964999999997,5.0
653.1063485,13.370056,3.2883044999999997,5.41052
945.1877185000002,13.370056,3.3040125,5.41052
945.0778225000003,13.380056,3.3139084999999997,5.41052
945.0679265000003,13.380056,3.3238045,5.4105
945.0580305000003,13.380056,3.3337005,5.41
945.0524540000002,13.390056,3.339277,5.0
947.1439555000002,13.420056,3.3448535,5.41052
1239.2354570000002,13.420056,3.3504300000000002,5.41052
1239.1883790000002,13.420056,3.3510585000000006,5.41052
884.2413010000002,13.430056,3.3516870000000005,5.4105
884.3406725000001,13.430056,3.3523155000000004,5.41
884.3407510000002,13.430056,3.3522370000000006,5.0
886.4379075000002,13.460056,3.3521585000000003,5.41052
1178.5350640000004,13.470056,3.3520800000000004,5.41052
1176.3379860000002,13.470056,3.3520800000000004,5.41052
884.2409080000002,13.470056,3.3520800000000004,5.4105
884.3409080000001,13.480056,3.3520800000000004,5.41
884.3409080000001,13.480056,3.3520800000000004,5.0
886.4379860000001,13.510056,3.3520800000000004,5.41052
1178.5350640000001,13.510056,3.3520800000000004,5.41052
1176.3379860000002,13.520056,3.3520800000000004,5.41052
884.2409080000002,13.520056,3.3520800000000004,5.4105
884.3409080000001,13.520056,3.3520800000000004,5.41
884.3409080000001,13.520056,3.3520800000000004,5.0
886.4379860000001,13.560056,3.3520800000000004,5.41052
1178.5350640000001,13.560056,3.3520800000000004,5.41052
1176.3379860000002,13.560056,3.3520800000000004,5.41052
884.2409080000002,13.570056,3.3520800000000004,5.4105
884.3409080000001,13.570056,3.3520800000000004,5.41
884.3409080000001,13.570056,3.3520800000000004,5.0
886.4379860000004,13.600056,3.3520800000000004,5.41052
1178.5350640000004,13.610056,3.3520800000000004,5.41052
1176.3379860000005,13.610056,3.3520800000000004,5.41052
884.2409080000002,13.610056,3.3520800000000004,5.4105
884.3409080000001,13.610056,3.3520800000000004,5.41
884.3409080000001,13.620056,3.3520800000000004,5.0
886.4379860000004,13.650056,3.3520800000000004,5.41052
1178.5350640000004,13.650056,3.3520800000000004,5.41052
1176.3379860000002,13.660056,3.3520800000000004,5.41052
884.2409080000003,13.660056,3.3520800000000004,5.4105
884.3409080000004,13.660056,3.3520800000000004,5.41
884.3409080000004,13.660056,3.3520800000000004,5.0
886.4379860000004,13.700056,3.3520800000000004,5.41052
1178.5350640000004,13.700056,3.3520800000000004,5.41052
1176.3379860000002,13.700056,3.3520800000000004,5.41052
884.2409080000003,13.700056,3.3520800000000004,5.4105
884.3409080000004,13.710056,3.3520800000000004,5.41
884.3409080000004,13.710056,3.3520800000000004,5.0
886.4379860000004,13.740056,3.3520800000000004,5.41052
1178.5350640000004,13.740056,3.3520800000000004,5.41052
1176.3379860000002,13.750056,3.3520800000000004,5.41052
884.2409080000002,13.750056,3.3520800000000004,5.4105
884.3409080000001,13.750056,3.3520800000000004,5.41
884.3409080000001,13.760056,3.3520800000000004,5.0
886.4379860000001,13.790056,3.3520800000000004,5.41052
1178.5350640000004,13.790056,3.3520800000000004,5.41052
1176.3379860000002,13.790056,3.3520800000000004,5.41052
884.2409080000002,13.800056,3.3520800000000004,5.4105
884.3409080000001,13.800056,3.3520800000000004,5.41
884.3409080000001,13.800056,3.3520800000000004,5.0
886.4379860000001,13.830056,3.3520800000000004,5.41052
1178.5350640000001,13.840056,3.3520800000000004,5.41052
1176.3379860000002,13.840056,3.3520800000000004,5.41052
884.2409080000002,13.840056,3.3520800000000004,5.4105
884.3409080000001,13.850056,3.3520800000000004,5.41
884.3409080000001,13.850056,3.3520800000000004,5.0
886.4379860000001,13.880056,3.3520800000000004,5.41052
1178.5350640000001,13.880056,3.3520800000000004,5.41052
1176.3379860000002,13.890056,3.3520800000000004,5.41052
884.2409080000002,13.890056,3.3520800000000004,5.4105
884.3409080000001,13.890056,3.3520800000000004,5.41
884.3409080000001,13.900056,3.3520800000000004,5.0
886.4379860000001,13.930056,3.3520800000000004,5.41052
1178.5350640000004,13.930056,3.3520800000000004,5.41052
1176.3379860000002,13.930056,3.3520800000000004,5.41052
884.2409080000002,13.940056,3.3520800000000004,5.4105
884.3409080000001,13.940056,3.3520800000000004,5.41
884.3409080000001,13.940056,3.3520800000000004,5.0
886.4379860000001,13.970056,3.3520800000000004,5.41052
1178.5350640000001,13.980056,3.3520800000000004,5.41052
1176.3379860000002,13.980056,3.3520800000000004,5.41052
884.2409080000002,13.980056,3.3520800000000004,5.4105
884.3409080000001,13.990056,3.3520800000000004,5.41
884.3409080000001,13.990056,3.3520800000000004,5.0
886.4379860000001,14.020056,3.3520800000000004,5.41052
1178.5350640000001,14.020056,3.3520800000000004,5.41052
1176.3379860000002,14.030056,3.3520800000000004,5.41052
884.2409080000002,14.030056,3.3520800000000004,5.4105
884.3409080000001,14.030056,3.3520800000000004,5.41
884.3409080000001,14.030056,3.3520800000000004,5.0
886.4379860000004,14.070056,3.3520800000000004,5.41052
1178.5350640000004,14.070056,3.3520800000000004,5.41052
1176.3379860000005,14.070056,3.3520800000000004,5.41052
884.2409080000002,14.070056,3.3520800000000004,5.4105
884.3409080000001,14.08006,3.3520800000000004,5.41
884.3409080000001,14.08006,3.3520800000000004,5.0
886.4379860000004,14.110056,3.3520800000000004,5.41052
1178.5350640000004,14.120056,3.3520800000000004,5.41052
1176.3379860000002,14.120056,3.3520800000000004,5.41052
884.2409080000003,14.120056,3.3520800000000004,5.4105
884.3409080000004,14.120056,3.3520800000000004,5.41
884.3409080000004,14.130056,3.3520800000000004,5.0
886.4379860000004,14.160056,3.3520800000000004,5.41052
1178.5350640000004,14.160056,3.3520800000000004,5.41052
1176.3379860000002,14.160056,3.3520800000000004,5.41052
884.2409080000003,14.170056,3.3520800000000004,5.4105
884.3409080000004,14.170056,3.3520800000000004,5.41
884.3409080000004,14.170056,3.3520800000000004,5.0
886.4379860000004,14.200056,3.3520800000000004,5.41052
1178.5350640000004,14.210056,3.3520800000000004,5.41052
1176.3379860000002,14.210056,3.3520800000000004,5.41052
884.2409080000002,14.210056,3.3520800000000004,5.4105
884.3409080000001,14.220056,3.3520800000000004,5.41
884.3409080000001,14.220056,3.3520800000000004,5.0
886.4379860000001,14.250056,3.3520800000000004,5.41052
1178.5350640000004,14.250056,3.3520800000000004,5.41052
1176.3379860000002,14.260056,3.3520800000000004,5.41052
884.2409080000002,14.260056,3.3520800000000004,5.4105
884.3409080000001,14.260056,3.3520800000000004,5.41
884.3409080000001,14.270056,3.3520800000000004,5.0
886.4379860000001,14.300056,3.3520800000000004,5.41052
1178.5350640000001,14.300056,3.3520800000000004,5.41052
1176.3379860000002,14.300056,3.3520800000000004,5.41052
884.2409080000002,14.310056,3.3520800000000004,5.4105
884.3409080000001,14.310056,3.3520800000000004,5.41
884.3409080000001,14.310056,3.3520800000000004,5.0
886.4379860000001,14.340056,3.3520800000000004,5.41052
1178.5350640000001,14.350056,3.3520800000000004,5.41052
1176.3379860000002,14.350056,3.3520800000000004,5.41052
884.2409080000002,14.350056,3.3520800000000004,5.4105
884.3409080000001,14.360056,3.3520800000000004,5.41
884.3409080000001,14.360056,3.3520800000000004,5.0
886.4379860000001,14.390056,3.3520800000000004,5.41052
1178.5350640000004,14.390056,3.3520800000000004,5.41052
1176.3379860000002,14.400056,3.3520800000000004,5.41052
884.2409080000002,14.400056,3.3520800000000004,5.4105
884.3409080000001,14.400056,3.3520800000000004,5.41
884.3409080000001,14.400056,3.3520800000000004,5.0
886.4379860000001,14.440056,3.3520800000000004,5.41052
1178.5350640000001,14.440056,3.3520800000000004,5.41052
1176.3379860000002,14.440056,3.3520800000000004,5.41052
884.2409080000002,14.450056,3.3520800000000004,5.4105
884.3409080000001,14.450056,3.3520800000000004,5.41
884.3409080000001,14.450056,3.3520800000000004,5.0
886.4379860000001,14.480056,3.3520800000000004,5.41052
1178.5350640000001,14.490056,3.3520800000000004,5.41052
1176.3379860000002,14.490056,3.3520800000000004,5.41052
884.2409080000002,14.490056,3.3520800000000004,5.4105
884.3409080000001,14.490056,3.3520800000000004,5.41
884.3409080000001,14.500056,3.3520800000000004,5.0
886.4379860000004,14.530056,3.3520800000000004,5.41052
1178.5350640000004,14.530056,3.3520800000000004,5.41052
1176.3379860000005,14.530056,3.3520800000000004,5.41052
884.2409080000002,14.540056,3.3520800000000004,5.4105
884.3409080000001,14.540056,3.3520800000000004,5.41
884.3409080000001,14.540056,3.3520800000000004,5.0
886.4379860000004,14.580056,3.3520800000000004,5.41052
1178.5350640000004,14.580056,3.3520800000000004,5.41052
1176.3379860000002,14.580056,3.3520800000000004,5.41052
884.2409080000003,14.580056,3.3520800000000004,5.4105
884.3409080000004,14.590056,3.3520800000000004,5.41
884.3409080000004,14.590056,3.3520800000000004,5.0
886.4379860000004,14.620056,3.3520800000000004,5.41052
1178.5350640000004,14.620056,3.3520800000000004,5.41052
1176.3379860000002,14.630056,3.3520800000000004,5.41052
884.2409080000003,14.630056,3.3520800000000004,5.4105
884.3409080000004,14.630056,3.3520800000000004,5.41
884.3409080000004,14.640056,3.3520800000000004,5.0
886.4379860000004,14.670056,3.3520800000000004,5.41052
1178.5350640000004,14.670056,3.3520800000000004,5.41052
1176.3379860000002,14.670056,3.3520800000000004,5.41052
884.2409080000002,14.680056,3.3520800000000004,5.4105
884.3409080000001,14.680056,3.3520800000000004,5.41
884.3409080000001,14.680056,3.3520800000000004,5.0
886.4379860000001,14.710056,3.3520800000000004,5.41052
1178.5350640000004,14.72006,3.3520800000000004,5.41052
1176.3379860000002,14.72006,3.3520800000000004,5.41052
884.2409080000002,14.72006,3.3520800000000004,5.4105
884.3409080000001,14.730056,3.3520800000000004,5.41
884.3409080000001,14.730056,3.3520800000000004,5.0
886.4379860000001,14.760056,3.3520800000000004,5.41052
1178.5350640000001,14.760056,3.3520800000000004,5.41052
1176.3379860000002,14.770056,3.3520800000000004,5.41052
884.2409080000002,14.770056,3.3520800000000004,5.4105
884.3409080000001,14.770056,3.3520800000000004,5.41
884.3409080000001,14.780056,3.3520800000000004,5.0
886.4379860000001,14.810056,3.3520800000000004,5.41052
1178.5350640000001,14.810056,3.3520800000000004,5.41052
1176.3379860000002,14.810056,3.3520800000000004,5.41052
884.2409080000002,14.820056,3.3520800000000004,5.4105
884.3409080000001,14.820056,3.3520800000000004,5.41
884.3409080000001,14.820056,3.3520800000000004,5.0
886.4379860000001,14.850056,3.3520800000000004,5.41052
1178.5350640000004,14.860056,3.3520800000000004,5.41052
1176.3379860000002,14.860056,3.3520800000000004,5.41052
884.2409080000002,14.860056,3.3520800000000004,5.4105
884.3409080000001,14.860056,3.3520800000000004,5.41
884.3409080000001,14.870056,3.3520800000000004,5.0
886.4379860000001,14.900056,3.3520800000000004,5.41052
1178.5350640000001,14.900056,3.3520800000000004,5.41052
1176.3379860000002,14.910056,3.3520800000000004,5.41052
884.2409080000002,14.910056,3.3520800000000004,5.4105
884.3409080000001,14.910056,3.3520800000000004,5.41
884.3409080000001,14.910056,3.3520800000000004,5.0
886.4379860000001,14.950056,3.3520800000000004,5.41052
1178.5350640000001,14.950056,3.3520800000000004,5.41052
1176.3379860000002,14.950056,3.3520800000000004,5.41052
884.2409080000002,14.950056,3.3520800000000004,5.4105
884.3409080000001,14.960056,3.3520800000000004,5.41
884.3409080000001,14.960056,3.3520800000000004,5.0
886.4379860000004,14.990056,3.3520800000000004,5.41052
1197.2350640000004,14.990056,3.3520800000000004,5.41052
1195.0681730000003,15.000056,3.3520800000000004,4.01426
902.9012820000004,15.000056,3.3520800000000004,4.0142
902.9314690000003,15.000056,3.3520800000000004,4.01
902.8616560000003,15.010056,3.3520800000000004,4.0
903.6587340000004,15.040056,3.3520800000000004,4.01426
1214.4558120000004,15.040056,3.3520800000000004,4.01426
1212.2889210000003,15.040056,3.3520800000000004,4.01426
920.1220300000003,15.050056,3.3520800000000004,4.0142
920.1522170000003,15.050056,3.3520800000000004,4.01
920.0824040000002,15.050056,3.3520800000000004,4.0
920.8794820000002,15.080056,3.3520800000000004,4.01426
1231.67656,15.090056,3.3520800000000004,4.01426
1229.509669,15.090056,3.3520800000000004,4.01426
937.3427780000001,15.090056,3.3520800000000004,4.0142
937.372965,15.100056,3.3520800000000004,4.01
937.303152,15.100056,3.3520800000000004,4.0
938.1002299999999,15.130056,3.3520800000000004,4.01426
1248.8973079999998,15.130056,3.3520800000000004,4.01426
1246.7304169999998,15.140056,3.3520800000000004,4.01426
935.863526,15.140056,3.3520800000000004,4.0142
935.863526,15.140056,3.3520800000000004,4.01
935.863526,15.150056,3.3520800000000004,4.0
936.730417,15.180056,3.3520800000000004,4.01426
1247.5973079999999,15.180056,3.3520800000000004,4.01426
1246.7304169999998,15.180056,3.3520800000000004,4.01426
935.863526,15.190056,3.3520800000000004,4.0142
935.863526,15.190056,3.3520800000000004,4.01
935.863526,15.190056,3.3520800000000004,4.0
936.730417,15.220056,3.3520800000000004,4.01426
1247.597308,15.230056,3.3520800000000004,4.01426
1246.730417,15.230056,3.3520800000000004,4.01426
935.863526,15.230056,3.3520800000000004,4.0142
935.863526,15.240056,3.3520800000000004,4.01
935.863526,15.240056,3.3520800000000004,4.0
936.730417,15.270056,3.3520800000000004,4.01426
1247.597308,15.270056,3.3520800000000004,4.01426
1246.730417,15.280056,3.3520800000000004,4.01426
935.863526,15.280056,3.3520800000000004,4.0142
935.863526,15.280056,3.3520800000000004,4.01
935.863526,15.280056,3.3520800000000004,4.0
936.730417,15.320056,3.3520800000000004,4.01426
1247.5973079999997,15.320056,3.3520800000000004,4.01426
1246.7304169999998,15.320056,3.3520800000000004,4.01426
935.863526,15.320056,3.3520800000000004,4.0142
935.863526,15.330056,3.3520800000000004,4.01
935.863526,15.330056,3.3520800000000004,4.0
936.730417,15.36006,3.3520800000000004,4.01426
1247.5973079999999,15.370056,3.3520800000000004,4.01426
1246.7304169999998,15.370056,3.3520800000000004,4.01426
935.8635259999998,15.370056,3.3520800000000004,4.0142
935.8635259999998,15.370056,3.3520800000000004,4.01
935.8635259999998,15.380056,3.3520800000000004,4.0
936.7304169999998,15.410056,3.3520800000000004,4.01426
1247.5973079999999,15.410056,3.3520800000000004,4.01426
1246.7304169999998,15.410056,3.3520800000000004,4.01426
935.8635259999998,15.420056,3.3520800000000004,4.0142
935.8635259999998,15.420056,3.3520800000000004,4.01
935.8635259999998,15.420056,3.3520800000000004,4.0
936.7304169999998,15.46006,3.3520800000000004,4.01426
1247.5973079999997,15.46006,3.3520800000000004,4.01426
1246.7304169999998,15.46006,3.3520800000000004,4.01426
935.863526,15.46006,3.3520800000000004,4.0142
935.863526,15.470056,3.3520800000000004,4.01
935.863526,15.470056,3.3520800000000004,4.0
936.7304169999998,15.50006,3.3520800000000004,4.01426
1247.5973079999999,15.50006,3.3520800000000004,4.01426
1246.7304169999998,15.510056,3.3520800000000004,4.01426
935.8635259999998,15.510056,3.3520800000000004,4.0142
935.8635259999998,15.510056,3.3520800000000004,4.01
935.8635259999998,15.520056,3.3520800000000004,4.0
936.7304169999998,15.550056,3.3520800000000004,4.01426
1247.5973079999999,15.550056,3.3520800000000004,4.01426
1246.7304169999998,15.550056,3.3520800000000004,4.01426
935.8635259999998,15.560056,3.3520800000000004,4.0142
935.8635259999998,15.560056,3.3520800000000004,4.01
935.8635259999998,15.560056,3.3520800000000004,4.0
936.7304169999998,15.590056,3.3520800000000004,4.01426
1247.5973079999999,15.600056,3.3520800000000004,4.01426
1246.7304169999998,15.600056,3.3520800000000004,4.01426
935.863526,15.600056,3.3520800000000004,4.0142
935.863526,15.610056,3.3520800000000004,4.01
935.863526,15.610056,3.3520800000000004,4.0
936.730417,15.640056,3.3520800000000004,4.01426
1247.5973079999999,15.640056,3.3520800000000004,4.01426
1246.7304169999998,15.650056,3.3520800000000004,4.01426
935.863526,15.650056,3.3520800000000004,4.0142
935.863526,15.650056,3.3520800000000004,4.01
935.863526,15.650056,3.3520800000000004,4.0
936.730417,15.690056,3.3520800000000004,4.01426
1247.597308,15.690056,3.3520800000000004,4.01426
1246.730417,15.690056,3.3520800000000004,4.01426
935.863526,15.700056,3.3520800000000004,4.0142
935.863526,15.700056,3.3520800000000004,4.01
935.863526,15.700056,3.3520800000000004,4.0
936.730417,15.730056,3.3520800000000004,4.01426
1247.597308,15.740056,3.3520800000000004,4.01426
1246.730417,15.740056,3.3520800000000004,4.01426
935.863526,15.740056,3.3520800000000004,4.0142
935.863526,15.740056,3.3520800000000004,4.01
935.863526,15.750056,3.3520800000000004,4.0
936.730417,15.780056,3.3520800000000004,4.01426
1247.5973079999997,15.780056,3.3520800000000004,4.01426
1246.7304169999998,15.780056,3.3520800000000004,4.01426
935.863526,15.790056,3.3520800000000004,4.0142
935.863526,15.790056,3.3520800000000004,4.01
935.863526,15.790056,3.3520800000000004,4.0
936.730417,15.830056,3.3520800000000004,4.01426
1247.5973079999999,15.830056,3.3520800000000004,4.01426
1246.7304169999998,15.830056,3.3520800000000004,4.01426
935.8635259999998,15.830056,3.3520800000000004,4.0142
935.8635259999998,15.84006,3.3520800000000004,4.01
935.8635259999998,15.84006,3.3520800000000004,4.0
936.7304169999998,15.870056,3.3520800000000004,4.01426
1247.5973079999999,15.870056,3.3520800000000004,4.01426
1246.7304169999998,15.880056,3.3520800000000004,4.01426
935.8635259999998,15.880056,3.3520800000000004,4.0142
935.8635259999998,15.880056,3.3520800000000004,4.01
935.8635259999998,15.890056,3.3520800000000004,4.0
936.7304169999998,15.920056,3.3520800000000004,4.01426
1247.5973079999997,15.920056,3.3520800000000004,4.01426
1246.7304169999998,15.920056,3.3520800000000004,4.01426
935.863526,15.930056,3.3520800000000004,4.0142
935.863526,15.930056,3.3520800000000004,4.01426
935.863526,15.930056,3.3520800000000004,4.01426
935.863526,15.940056,3.3520800000000004,4.01426
935.863526,15.940056,3.3520800000000004,4.01426
934.996635,15.940056,3.3520800000000004,4.01426
624.1297440000001,15.940056,3.3520800000000004,4.01426
624.1297440000001,15.950056,3.3520800000000004,4.01426
624.1297440000001,15.950056,3.3520800000000004,4.01426
624.1297440000001,15.950056,3.3520800000000004,4.01426
624.1297440000001,15.960056,3.3520800000000004,4.01426
623.2628530000001,15.960056,3.3520800000000004,4.01426
312.3959620000003,15.960056,3.3520800000000004,4.01426
312.3959620000003,15.960056,3.3520800000000004,4.01426
312.3959620000003,15.970056,3.3520800000000004,4.01426
312.3959620000003,15.970056,3.3520800000000004,4.01426
312.3959620000003,15.970056,3.3520800000000004,4.01426
311.5290710000003,15.980056,3.3520800000000004,4.01426
0.6621799999999999,15.980056,3.3520800000000004,4.01426
0.6621799999999999,15.980056,3.3520800000000004,4.01426
1.5290709999999996,16.010056,3.3520800000000004,4.01426
312.3959620000002,16.010056,3.3520800000000004,4.01426
312.3959620000002,16.020056,3.3520800000000004,4.01426
312.3959620000002,16.020056,3.3520800000000004,4.0142
312.3959620000002,16.020056,3.3520800000000004,4.01
312.3959620000002,16.030056,3.3520800000000004,4.0
313.2628530000002,16.060056,3.3520800000000004,4.01426
624.1297439999998,16.060056,3.3520800000000004,4.01426
624.1297439999998,16.060056,3.3520800000000004,4.01426
624.1297439999998,16.070056,3.3520800000000004,4.0142
624.1297439999998,16.070056,3.3520800000000004,4.01
624.1297439999998,16.070056,3.3520800000000004,4.0
624.9966349999999,16.10006,3.3520800000000004,4.01426
935.863526,16.110056,3.3520800000000004,4.01426
935.863526,16.110056,3.3520800000000004,4.01426
935.863526,16.110056,3.3520800000000004,4.0142
935.863526,16.110056,3.3520800000000004,4.01
935.863526,16.120056,3.3520800000000004,4.0
936.7304169999998,16.150056,3.3520800000000004,4.01426
1247.5973079999997,16.150056,3.3520800000000004,4.01426
1246.7304169999998,16.160056,3.3520800000000004,4.01426
935.863526,16.160056,3.3520800000000004,4.0142
935.863526,16.160056,3.3520800000000004,4.01
935.863526,16.160056,3.3520800000000004,4.0
936.730417,16.200056,3.3520800000000004,4.01426
1247.5973079999999,16.200056,3.3520800000000004,4.01426
1246.7304169999998,16.200056,3.3520800000000004,4.01426
935.8635259999998,16.200056,3.3520800000000004,4.0142
935.8635259999998,16.210056,3.3520800000000004,4.01
935.8635259999998,16.210056,3.3520800000000004,4.0
936.7304169999998,16.240056,3.3520800000000004,4.01426
1247.5973079999999,16.250056,3.3520800000000004,4.01426
1246.7304169999998,16.250056,3.3520800000000004,4.01426
935.8635259999998,16.250056,3.3520800000000004,4.0142
935.8635259999998,16.250056,3.3520800000000004,4.01
935.8635259999998,16.260056,3.3520800000000004,4.0
936.7304169999998,16.290056,3.3520800000000004,4.01426
1247.5973079999997,16.290056,3.3520800000000004,4.01426
1246.7304169999998,16.290056,3.3520800000000004,4.01426
935.863526,16.300056,3.3520800000000004,4.0142
935.863526,16.300056,3.3520800000000004,4.01
935.863526,16.300056,3.3520800000000004,4.0
936.7304169999998,16.330056,3.3520800000000004,4.01426
1247.5973079999999,16.340056,3.3520800000000004,4.01426
1246.7304169999998,16.340056,3.3520800000000004,4.01426
935.8635259999998,16.340056,3.3520800000000004,4.0142
935.8635259999998,16.350056,3.3520800000000004,4.01
935.8635259999998,16.350056,3.3520800000000004,4.0
936.7304169999998,16.380056,3.3520800000000004,4.01426
1247.5973079999999,16.380056,3.3520800000000004,4.01426
1246.7304169999998,16.390056,3.3520800000000004,4.01426
935.8635259999998,16.390056,3.3520800000000004,4.0142
935.8635259999998,16.390056,3.3520800000000004,4.01
935.8635259999998,16.400056,3.3520800000000004,4.0
936.7304169999998,16.430056,3.3520800000000004,4.01426
1247.5973079999999,16.430056,3.3520800000000004,4.01426
1246.7304169999998,16.430056,3.3520800000000004,4.01426
935.863526,16.44006,3.3520800000000004,4.0142
935.863526,16.44006,3.3520800000000004,4.01
935.863526,16.44006,3.3520800000000004,4.0
936.730417,16.470056,3.3520800000000004,4.01426
1247.5973079999997,16.48006,3.3520800000000004,4.01426
1246.7304169999998,16.48006,3.3520800000000004,4.01426
935.863526,16.48006,3.3520800000000004,4.0142
935.863526,16.490056,3.3520800000000004,4.01
935.863526,16.490056,3.3520800000000004,4.0
936.730417,16.520056,3.3520800000000004,4.01426
1247.597308,16.520056,3.3520800000000004,4.01426
1246.730417,16.530056,3.3520800000000004,4.01426
935.863526,16.530056,3.3520800000000004,4.0142
935.863526,16.530056,3.3520800000000004,4.01
935.863526,16.530056,3.3520800000000004,4.0
936.730417,16.570056,3.3520800000000004,4.01426
1247.597308,16.570056,3.3520800000000004,4.01426
1246.730417,16.570056,3.3520800000000004,4.01426
935.863526,16.570056,3.3520800000000004,4.0142
935.863526,16.580056,3.3520800000000004,4.01
935.863526,16.580056,3.3520800000000004,4.0
936.7304169999998,16.610056,3.3520800000000004,4.01426
1247.5973079999997,16.620056,3.3520800000000004,4.01426
1246.7304169999998,16.620056,3.3520800000000004,4.01426
935.863526,16.620056,3.3520800000000004,4.0142
935.863526,16.620056,3.3520800000000004,4.01
935.863526,16.630056,3.3520800000000004,4.0
936.730417,16.660056,3.3520800000000004,4.01426
1247.5973079999999,16.660056,3.3520800000000004,4.01426
1246.7304169999998,16.660056,3.3520800000000004,4.01426
935.8635259999998,16.670056,3.3520800000000004,4.0142
935.8635259999998,16.670056,3.3520800000000004,4.01
935.8635259999998,16.670056,3.3520800000000004,4.0
936.7304169999998,16.710056,3.3520800000000004,4.01426
1247.5973079999999,16.710056,3.3520800000000004,4.01426
1246.7304169999998,16.710056,3.3520800000000004,4.01426
935.8635259999998,16.710056,3.3520800000000004,4.0142
935.8635259999998,16.720056,3.3520800000000004,4.01
935.8635259999998,16.720056,3.3520800000000004,4.0
936.7304169999998,16.750056,3.3520800000000004,4.01426
1247.5973079999997,16.750056,3.3520800000000004,4.01426
1246.7304169999998,16.760056,3.3520800000000004,4.01426
935.863526,16.760056,3.3520800000000004,4.0142
935.863526,16.760056,3.3520800000000004,4.01
935.863526,16.770056,3.3520800000000004,4.0
936.7304169999998,16.800056,3.3520800000000004,4.01426
1247.5973079999999,16.800056,3.3520800000000004,4.01426
1246.7304169999998,16.800056,3.3520800000000004,4.01426
935.8635259999998,16.810056,3.3520800000000004,4.0142
935.8635259999998,16.810056,3.3520800000000004,4.01
935.8635259999998,16.810056,3.3520800000000004,4.0
936.7304169999998,16.840056,3.3520800000000004,4.01426
1247.5973079999999,16.850056,3.3520800000000004,4.01426
1246.7304169999998,16.850056,3.3520800000000004,4.01426
935.8635259999998,16.850056,3.3520800000000004,4.0142
935.8635259999998,16.860056,3.3520800000000004,4.01
935.8635259999998,16.860056,3.3520800000000004,4.0
936.7304169999998,16.890056,3.3520800000000004,4.01426
1247.5973079999999,16.890056,3.3520800000000004,4.01426
1246.7304169999998,16.900056,3.3520800000000004,4.01426
935.863526,16.900056,3.3520800000000004,4.0142
935.863526,16.900056,3.3520800000000004,4.01
935.863526,16.900056,3.3520800000000004,4.0
936.730417,16.940056,3.3520800000000004,4.01426
1247.5973079999997,16.940056,3.3520800000000004,4.01426
1246.7304169999998,16.940056,3.3520800000000004,4.01426
935.863526,16.950056,3.3520800000000004,4.0142
935.863526,16.950056,3.3520800000000004,4.01
935.863526,16.950056,3.3520800000000004,4.0
936.730417,16.980056,3.3520800000000004,4.01426
1247.597308,16.990056,3.3520800000000004,4.01426
1246.730417,16.990056,3.3520800000000004,4.01426
935.863526,16.990056,3.3520800000000004,4.0142
935.863526,16.990056,3.3520800000000004,4.01
935.7020829999998,17.000056,3.3520800000000004,0.0
937.0189739999998,17.020084,3.3499595,0.7854
3558.3358650000005,17.020084,3.347839,0.7854
3557.3096514999997,17.020084,3.3457185,0.7854
3246.2855584999998,17.030084,3.3414775,0.7
3277.8024495,17.050084,3.3349585,0.7854
3277.7911559999993,17.050084,3.3284395000000004,0.7854
3277.6362315,17.060084,3.3219205000000005,0.785
3277.4813070000005,17.060084,3.3154015,0.0
3276.9813070000005,17.080056,3.308961,0.7854
3155.481307,17.080056,3.3025205,0.7854
3155.570092,17.090056,3.29608,0.7854
3155.415089,17.090056,3.2896395,0.78
3155.2600860000002,17.090056,3.2831989999999998,0.0
3159.626977,17.110056,3.2767584999999997,0.7854
5348.126977,17.120056,3.2703179999999996,0.7854
5037.105083,17.120056,3.2638774999999995,0.7854
5036.9500800000005,17.120056,3.2574369999999995,0.7
5076.316971,17.150056,3.2509964999999994,0.7854
5076.305756000001,17.150056,3.2445559999999993,0.7854
5076.312196000001,17.150056,3.2381154999999993,0.785
5074.8403020000005,17.160056,3.2337954999999994,0.0
2453.8903020000002,17.180056,3.2294754999999995,0.7854
2643.4165155000005,17.180056,3.2251554999999996,0.7854
2643.6625025000003,17.180056,3.222956,0.7854
2611.9906085000002,17.190056,3.2230345000000002,0.78
2611.8468990000006,17.190056,3.223113,0.0
2616.3687145000004,17.21006,3.2231915000000004,0.7854
4805.890530000001,17.21006,3.2232700000000003,0.7854
4805.368636000001,17.220056,3.2232700000000003,0.7854
4615.846742000001,17.220056,3.2232700000000003,0.7
4655.124848000001,17.240056,3.2232700000000003,0.7854
4655.268636000001,17.240056,3.2232700000000003,0.7854
4655.268636000001,17.25006,3.2232700000000003,0.785
4650.746742000001,17.25006,3.2232700000000003,0.0
2461.746742000001,17.270056,3.2232700000000003,0.7854
2651.2686360000007,17.270056,3.2232700000000003,0.7854
2651.5124240000005,17.28006,3.2232700000000003,0.7854
2611.990530000001,17.28006,3.2232700000000003,0.78
2611.846742000001,17.28006,3.2232700000000003,0.0
2616.368636000001,17.300056,3.2232700000000003,0.7854
4805.890530000001,17.310056,3.2232700000000003,0.7854
4805.368636000001,17.310056,3.2232700000000003,0.7854
4615.846742000001,17.310056,3.2232700000000003,0.7
4655.124848000001,17.340056,3.2232700000000003,0.7854
4655.268636000001,17.340056,3.2232700000000003,0.7854
4655.268636000001,17.340056,3.2232700000000003,0.785
4650.746742000001,17.350056,3.2232700000000003,0.0
2461.7467420000003,17.370056,3.2232700000000003,0.7854
2651.2686360000002,17.370056,3.2232700000000003,0.7854
2651.5124240000005,17.370056,3.2232700000000003,0.7854
2611.9905300000005,17.380056,3.2232700000000003,0.78
2611.846742,17.380056,3.2232700000000003,0.0
2616.368636,17.400056,3.2232700000000003,0.7854
4805.890530000001,17.400056,3.2232700000000003,0.7854
4805.368636,17.410056,3.2232700000000003,0.7854
4615.846742000001,17.410056,3.2232700000000003,0.7
4655.124848,17.430056,3.2232700000000003,0.7854
4655.268636,17.440056,3.2232700000000003,0.7854
4655.268636,17.440056,3.2232700000000003,0.785
4650.746742000001,17.440056,3.2232700000000003,0.0
2461.7467420000007,17.460056,3.2232700000000003,0.7854
2651.2686360000007,17.470056,3.2232700000000003,0.7854
2651.5124240000005,17.470056,3.2232700000000003,0.7854
2611.9905300000005,17.470056,3.2232700000000003,0.78
2611.8467420000006,17.470056,3.2232700000000003,0.0
2616.3686360000006,17.500056,3.2232700000000003,0.7854
4805.890530000001,17.500056,3.2232700000000003,0.7854
4805.368636000001,17.500056,3.2232700000000003,0.7854
4615.846742000001,17.500056,3.2232700000000003,0.7
4655.124848000001,17.530056,3.2232700000000003,0.7854
4655.268636000001,17.530056,3.2232700000000003,0.7854
4655.268636000001,17.530056,3.2232700000000003,0.785
4650.746742000001,17.540056,3.2232700000000003,0.0
2461.746742000001,17.560056,3.2232700000000003,0.7854
2651.2686360000007,17.560056,3.2232700000000003,0.7854
2651.5124240000005,17.560056,3.2232700000000003,0.7854
2611.990530000001,17.570056,3.2232700000000003,0.78
2611.846742000001,17.570056,3.2232700000000003,0.0
2616.368636000001,17.59006,3.2232700000000003,0.7854
4805.890530000001,17.59006,3.2232700000000003,0.7854
4805.368636000001,17.600056,3.2232700000000003,0.7854
4615.846742000001,17.600056,3.2232700000000003,0.7
4655.124848000001,17.620056,3.2232700000000003,0.7854
4655.268636000001,17.630056,3.2232700000000003,0.7854
4655.268636000001,17.630056,3.2232700000000003,0.785
4650.746742000001,17.630056,3.2232700000000003,0.0
2461.7467420000003,17.650056,3.2232700000000003,0.7854
2651.2686360000007,17.660056,3.2232700000000003,0.7854
2651.5124240000005,17.660056,3.2232700000000003,0.7854
2611.9905300000005,17.660056,3.2232700000000003,0.78
2611.846742,17.660056,3.2232700000000003,0.0
2616.3686360000006,17.690056,3.2232700000000003,0.7854
4805.89053,17.690056,3.2232700000000003,0.7854
4805.368636000001,17.690056,3.2232700000000003,0.7854
4615.846742000001,17.690056,3.2232700000000003,0.7
4655.124848000001,17.720056,3.2232700000000003,0.7854
4655.268636000001,17.720056,3.2232700000000003,0.7854
4655.268636000001,17.720056,3.2232700000000003,0.785
4650.746742,17.730056,3.2232700000000003,0.0
2461.7467420000007,17.750056,3.2232700000000003,0.7854
2651.2686360000007,17.750056,3.2232700000000003,0.7854
2651.5124240000005,17.750056,3.2232700000000003,0.7854
2611.9905300000005,17.760056,3.2232700000000003,0.78
2611.8467420000006,17.760056,3.2232700000000003,0.0
2616.3686360000006,17.780056,3.2232700000000003,0.7854
4805.890530000001,17.780056,3.2232700000000003,0.7854
4805.368636000001,17.790056,3.2232700000000003,0.7854
4615.846742000001,17.790056,3.2232700000000003,0.7
4655.124848000001,17.810056,3.2232700000000003,0.7854
4655.268636000001,17.820056,3.2232700000000003,0.7854
4655.268636000001,17.820056,3.2232700000000003,0.785
4650.746742000001,17.820056,3.2232700000000003,0.0
2461.746742000001,17.840056,3.2232700000000003,0.7854
2651.2686360000007,17.85006,3.2232700000000003,0.7854
2651.5124240000005,17.85006,3.2232700000000003,0.7854
2611.990530000001,17.85006,3.2232700000000003,0.78
2611.846742000001,17.860056,3.2232700000000003,0.0
2616.368636000001,17.880056,3.2232700000000003,0.7854
4805.890530000001,17.880056,3.2232700000000003,0.7854
4805.368636000001,17.880056,3.2232700000000003,0.7854
4615.846742000001,17.89006,3.2232700000000003,0.7
4655.124848000001,17.910056,3.2232700000000003,0.7854
4655.268636000001,17.910056,3.2232700000000003,0.7854
4655.268636000001,17.920056,3.2232700000000003,0.785
4650.746742000001,17.920056,3.2232700000000003,0.0
2461.7467420000007,17.940056,3.2232700000000003,0.7854
2651.2686360000007,17.940056,3.2232700000000003,0.7854
2651.5124240000005,17.940056,3.2232700000000003,0.7854
2611.9905300000005,17.950056,3.2232700000000003,0.78
2611.8467420000006,17.950056,3.2232700000000003,0.0
2616.3686360000006,17.970056,3.2232700000000003,0.7854
4805.890530000001,17.970056,3.2232700000000003,0.7854
4805.368636000001,17.980056,3.2232700000000003,0.7854
4615.846742000001,17.980056,3.2232700000000003,0.7
4655.124848000001,18.000056,3.2232700000000003,0.7854
4655.268636000001,18.010056,3.2232700000000003,0.7854
4655.268636000001,18.010056,3.2232700000000003,0.785
4650.746742000001,18.010056,3.2232700000000003,0.0
2461.746742000001,18.030056,3.2232700000000003,0.7854
2651.2686360000007,18.040056,3.2232700000000003,0.7854
2651.5124240000005,18.040056,3.2232700000000003,0.7854
2611.990530000001,18.040056,3.2232700000000003,0.78
2611.846742000001,18.050056,3.2232700000000003,0.0
2616.368636000001,18.070056,3.2232700000000003,0.7854
4805.890530000001,18.070056,3.2232700000000003,0.7854
4805.368636000001,18.070056,3.2232700000000003,0.7854
4615.846742000001,18.080056,3.2232700000000003,0.7
4655.124848000001,18.100056,3.2232700000000003,0.7854
4655.268636000001,18.100056,3.2232700000000003,0.7854
4655.268636000001,18.110056,3.2232700000000003,0.785
4650.746742,18.110056,3.2232700000000003,0.0
2461.7467420000003,18.130056,3.2232700000000003,0.7854
2651.2686360000002,18.130056,3.2232700000000003,0.7854
2651.5124240000005,18.140056,3.2232700000000003,0.7854
2611.99053,18.140056,3.2232700000000003,0.78
2611.846742,18.140056,3.2232700000000003,0.0
2616.368636,18.160056,3.2232700000000003,0.7854
4805.89053,18.170056,3.2232700000000003,0.7854
4805.368636000001,18.170056,3.2232700000000003,0.7854
4615.846742000001,18.170056,3.2232700000000003,0.7
4655.124848000001,18.200056,3.2232700000000003,0.7854
4655.268636000001,18.200056,3.2232700000000003,0.7854
4655.268636000001,18.200056,3.2232700000000003,0.785
4650.746742,18.200056,3.2232700000000003,0.0
2461.7467420000007,18.220056,3.2232700000000003,0.7854
2651.2686360000007,18.23006,3.2232700000000003,0.7854
2651.5124240000005,18.23006,3.2232700000000003,0.7854
2611.9905300000005,18.23006,3.2232700000000003,0.78
2611.8467420000006,18.240056,3.2232700000000003,0.0
2616.3686360000006,18.260056,3.2232700000000003,0.7854
4805.890530000001,18.260056,3.2232700000000003,0.7854
4805.368636000001,18.260056,3.2232700000000003,0.7854
4615.846742000001,18.270056,3.2232700000000003,0.7
4655.124848000001,18.290056,3.2232700000000003,0.7854
4655.268636000001,18.290056,3.2232700000000003,0.7854
4655.268636000001,18.300056,3.2232700000000003,0.785
4650.746742000001,18.300056,3.2232700000000003,0.0
2461.746742000001,18.320056,3.2232700000000003,0.7854
2651.2686360000007,18.320056,3.2232700000000003,0.7854
2651.5124240000005,18.330056,3.2232700000000003,0.7854
2611.990530000001,18.330056,3.2232700000000003,0.78
2611.846742000001,18.330056,3.2232700000000003,0.0
2616.368636000001,18.350056,3.2232700000000003,0.7854
4805.890530000001,18.360056,3.2232700000000003,0.7854
4805.368636000001,18.360056,3.2232700000000003,0.7854
4615.846742000001,18.360056,3.2232700000000003,0.7
4655.124848,18.390056,3.2232700000000003,0.7854
4655.268636000001,18.390056,3.2232700000000003,0.7854
4655.268636000001,18.390056,3.2232700000000003,0.785
4650.746742000001,18.390056,3.2232700000000003,0.0
2461.7467420000003,18.420056,3.2232700000000003,0.7854
2651.2686360000002,18.420056,3.2232700000000003,0.7854
2651.5124240000005,18.420056,3.2232700000000003,0.7854
2611.9905300000005,18.420056,3.2232700000000003,0.78
2611.846742,18.430056,3.2232700000000003,0.0
2616.368636,18.450056,3.2232700000000003,0.7854
4805.890530000001,18.450056,3.2232700000000003,0.7854
4805.368636,18.450056,3.2232700000000003,0.7854
4615.846742000001,18.460056,3.2232700000000003,0.7
4655.124848,18.480056,3.2232700000000003,0.7854
4655.268636,18.480056,3.2232700000000003,0.7854
4655.268636,18.49006,3.2232700000000003,0.785
4650.746742000001,18.49006,3.2232700000000003,0.0
2461.7467420000007,18.510056,3.2232700000000003,0.7854
2651.2686360000007,18.510056,3.2232700000000003,0.7854
2651.5124240000005,18.520056,3.2232700000000003,0.7854
2611.9905300000005,18.520056,3.2232700000000003,0.78
2611.8467420000006,18.520056,3.2232700000000003,0.0
2616.3686360000006,18.540056,3.2232700000000003,0.7854
4805.890530000001,18.550056,3.2232700000000003,0.7854
4805.368636000001,18.550056,3.2232700000000003,0.7854
4615.846742000001,18.550056,3.2232700000000003,0.7
4655.124848000001,18.580056,3.2232700000000003,0.7854
4655.268636000001,18.580056,3.2232700000000003,0.7854
4655.268636000001,18.580056,3.2232700000000003,0.785
4650.746742000001,18.590056,3.2232700000000003,0.0
2461.746742000001,18.610056,3.2232700000000003,0.7854
2651.2686360000007,18.610056,3.2232700000000003,0.7854
2651.5124240000005,18.610056,3.2232700000000003,0.7854
2611.990530000001,18.620056,3.2232700000000003,0.7854
2611.846742000001,18.620056,3.2232700000000003,0.7854
2611.846742000001,18.620056,3.2232700000000003,0.7854
2611.846742000001,18.620056,3.2232700000000003,0.7854
2611.324848000001,18.630056,3.2232700000000003,0.7854
2421.802954000001,18.630056,3.2232700000000003,0.7854
2421.559166000001,18.630056,3.2232700000000003,0.7854
2421.559166000001,18.640056,3.2232700000000003,0.7854
2421.559166000001,18.640056,3.2232700000000003,0.7854
2417.037272000001,18.640056,3.2232700000000003,0.7854
227.51537799999994,18.640056,3.2232700000000003,0.7854
227.51537799999994,18.650056,3.2232700000000003,0.7854
227.51537799999994,18.650056,3.2232700000000003,0.7854
187.99348400000002,18.650056,3.2232700000000003,0.7854
187.84969600000002,18.660056,3.2232700000000003,0.7854
187.84969600000002,18.660056,3.2232700000000003,0.7854
187.84969600000002,18.660056,3.2232700000000003,0.7854
187.32780200000002,18.670056,3.2232700000000003,0.7854
-2.194092,18.670056,3.2232700000000003,0.7854
-2.43788,18.670056,3.2232700000000003,0.7854
-2.294092,18.670056,3.2232700000000003,0.7854
-2.294092,18.680056,3.2232700000000003,0.785
-2.294092,18.680056,3.2232700000000003,0.0
-1.772198,18.700056,3.2232700000000003,0.7854
187.749696,18.700056,3.2232700000000003,0.7854
187.993484,18.710056,3.2232700000000003,0.7854
187.993484,18.710056,3.2232700000000003,0.78
187.993484,18.710056,3.2232700000000003,0.0
192.515378,18.730056,3.2232700000000003,0.7854
2382.037272000001,18.740056,3.2232700000000003,0.7854
2382.037272000001,18.740056,3.2232700000000003,0.7854
2382.037272000001,18.740056,3.2232700000000003,0.7
2421.559166000001,18.770056,3.2232700000000003,0.7854
2421.702954000001,18.770056,3.2232700000000003,0.7854
2421.702954000001,18.770056,3.2232700000000003,0.785
2421.702954000001,18.780056,3.2232700000000003,0.0
2422.2248480000007,18.800056,3.2232700000000003,0.7854
2611.7467420000007,18.800056,3.2232700000000003,0.7854
2611.9905300000005,18.800056,3.2232700000000003,0.7854
2611.9905300000005,18.810056,3.2232700000000003,0.78
2611.8467420000006,18.810056,3.2232700000000003,0.0
2616.3686360000006,18.83006,3.2232700000000003,0.7854
4805.890530000001,18.83006,3.2232700000000003,0.7854
4805.368636000001,18.840056,3.2232700000000003,0.7854
4615.846742000001,18.840056,3.2232700000000003,0.7
4655.124848000001,18.860056,3.2232700000000003,0.7854
4655.268636000001,18.87006,3.2232700000000003,0.7854
4655.268636000001,18.87006,3.2232700000000003,0.785
4650.746742000001,18.87006,3.2232700000000003,0.0
2461.7467420000003,18.890056,3.2232700000000003,0.7854
2651.2686360000007,18.900056,3.2232700000000003,0.7854
2651.5124240000005,18.900056,3.2232700000000003,0.7854
2611.9905300000005,18.900056,3.2232700000000003,0.78
2611.846742,18.900056,3.2232700000000003,0.0
2616.3686360000006,18.920056,3.2232700000000003,0.7854
4805.89053,18.930056,3.2232700000000003,0.7854
4805.368636000001,18.930056,3.2232700000000003,0.7854
4615.846742000001,18.930056,3.2232700000000003,0.7
4655.124848000001,18.960056,3.2232700000000003,0.7854
4655.268636000001,18.960056,3.2232700000000003,0.7854
4655.268636000001,18.960056,3.2232700000000003,0.785
4650.746742,18.970056,3.2232700000000003,0.0
2461.7467420000007,18.990056,3.2232700000000003,0.7854
2651.2686360000007,18.990056,3.2232700000000003,0.7854
2651.5124240000005,18.990056,3.2232700000000003,0.7854
2612.08216,19.000056,3.2232700000000003,2.61
2612.0300020000004,19.000056,3.2232700000000003,2.0
2613.5518960000004,19.020056,3.2232700000000003,2.61799
5640.07379,19.020056,3.2232700000000003,2.61799
5639.643526,19.030056,3.2232700000000003,2.6179
5450.213262,19.030056,3.2232700000000003,2.6
5476.491368,19.050056,3.2232700000000003,2.61799
5476.643526,19.060056,3.2232700000000003,2.61799
5476.735156,19.060056,3.2232700000000003,2.617
5472.304892,19.060056,3.2232700000000003,2.0
3283.3048919999997,19.080056,3.2232700000000003,2.61799
3309.8267859999996,19.090056,3.2232700000000003,2.61799
3309.9789439999995,19.090056,3.2232700000000003,2.61799
3270.5486799999994,19.090056,3.2232700000000003,2.61
3270.4965219999995,19.090056,3.2232700000000003,2.0
3272.018415999999,19.120056,3.2232700000000003,2.61799
6298.540309999999,19.120056,3.2232700000000003,2.61799
6298.110045999999,19.120056,3.2232700000000003,2.6179
6108.679781999999,19.120056,3.2232700000000003,2.6
6134.957887999999,19.150056,3.2232700000000003,2.61799
6135.018415999999,19.150056,3.2232700000000003,2.61799
6135.018415999999,19.150056,3.2232700000000003,2.617
6133.588151999999,19.160056,3.2232700000000003,2.0
3107.5881520000003,19.180056,3.2232700000000003,2.61799
3134.018416,19.180056,3.2232700000000003,2.61799
3134.078944,19.180056,3.2232700000000003,2.61799
3107.6486800000002,19.190056,3.2232700000000003,2.61
3107.5881520000003,19.190056,3.2232700000000003,2.0
3109.018416,19.210056,3.2232700000000003,2.61799
6135.4486799999995,19.210056,3.2232700000000003,2.61799
6135.018416,19.220056,3.2232700000000003,2.6179
6108.588151999999,19.220056,3.2232700000000003,2.6
6108.5276239999985,19.220056,3.2232700000000003,2.61799
6108.5276239999985,19.230056,3.2232700000000003,2.61799
6108.5276239999985,19.230056,3.2232700000000003,2.61799
6107.09736,19.230056,3.2232700000000003,2.61799
3080.6670959999988,19.240056,3.2232700000000003,2.61799
3080.6670959999988,19.240056,3.2232700000000003,2.61799
3080.6670959999988,19.240056,3.2232700000000003,2.61799
3054.2368319999987,19.250056,3.2232700000000003,2.61799
3054.1763039999983,19.250056,3.2232700000000003,2.61799
3054.1763039999983,19.250056,3.2232700000000003,2.61799
3054.1763039999983,19.260056,3.2232700000000003,2.61799
3053.746039999998,19.260056,3.2232700000000003,2.61799
3027.315775999998,19.270056,3.2232700000000003,2.61799
3027.255247999998,19.280056,3.2232700000000003,2.61799
3027.255247999998,19.280056,3.2232700000000003,2.61799
3027.255247999998,19.280056,3.2232700000000003,2.61799
3025.8249839999985,19.290056,3.2232700000000003,2.61799
-0.6052800000000004,19.290056,3.2232700000000003,2.61799
-0.6052800000000004,19.290056,3.2232700000000003,2.61799
-0.6052800000000004,19.290056,3.2232700000000003,2.61799
-0.6052800000000004,19.300056,3.2232700000000003,2.61799
-0.6052800000000004,19.300056,3.2232700000000003,2.61799
-0.6052800000000004,19.300056,3.2232700000000003,2.61799
-0.6052800000000004,19.310056,3.2232700000000003,2.61799
-0.6052800000000004,19.310056,3.2232700000000003,2.61799
-0.6052800000000004,19.310056,3.2232700000000003,2.61799
-0.6052800000000004,19.320056,3.2232700000000003,2.61799
-0.6052800000000004,19.320056,3.2232700000000003,2.61799
-0.6052800000000004,19.320056,3.2232700000000003,2.61799
-0.6052800000000004,19.320056,3.2232700000000003,2.61799
-0.6052800000000004,19.330056,3.2232700000000003,2.61799
-0.6052800000000004,19.330056,3.2232700000000003,2.61799
-0.6052800000000004,19.330056,3.2232700000000003,2.61799
-0.6052800000000004,19.340056,3.2232700000000003,2.61799
-0.6052800000000004,19.340056,3.2232700000000003,2.61799
-0.6052800000000004,19.340056,3.2232700000000003,2.61799
-0.6052800000000004,19.340056,3.2232700000000003,2.61799
-0.6052800000000004,19.350056,3.2232700000000003,2.61799
-0.6052800000000004,19.350056,3.2232700000000003,2.61799
-0.6052800000000004,19.350056,3.2232700000000003,2.61799
-0.6052800000000004,19.360056,3.2232700000000003,2.61799
-0.6052800000000004,19.360056,3.2232700000000003,2.61799
-0.6052800000000004,19.360056,3.2232700000000003,2.61799
-0.6052800000000004,19.370056,3.2232700000000003,2.61799
-0.6052800000000004,19.370056,3.2232700000000003,2.61799
-0.6052800000000004,19.370056,3.2232700000000003,2.61799
-0.6052800000000004,19.370056,3.2232700000000003,2.61799
-0.6052800000000004,19.380056,3.2232700000000003,2.61799
-0.6052800000000004,19.380056,3.2232700000000003,2.61799
-0.6052800000000004,19.380056,3.2232700000000003,2.61799
-0.6052800000000004,19.390056,3.2232700000000003,2.61799
-0.6052800000000004,19.390056,3.2232700000000003,2.61799
-0.6052800000000004,19.390056,3.2232700000000003,2.61799
-0.6052800000000004,19.400056,3.2232700000000003,2.61799
-0.6052800000000004,19.400056,3.2232700000000003,2.61799
-0.6052800000000004,19.400056,3.2232700000000003,2.61799
-0.6052800000000004,19.400056,3.2232700000000003,2.61799
-0.6052800000000004,19.410056,3.2232700000000003,2.61799
-0.6052800000000004,19.410056,3.2232700000000003,2.61799
-0.6052800000000004,19.410056,3.2232700000000003,2.61799
-0.6052800000000004,19.420056,3.2232700000000003,2.61799
-0.6052800000000004,19.420056,3.2232700000000003,2.61799
-0.6052800000000004,19.420056,3.2232700000000003,2.61799
-0.6052800000000004,19.430056,3.2232700000000003,2.61799
-0.6052800000000004,19.430056,3.2232700000000003,2.61799
-0.6052800000000004,19.430056,3.2232700000000003,2.61799
-0.6052800000000004,19.430056,3.2232700000000003,2.61799
-0.6052800000000004,19.440056,3.2232700000000003,2.61799
-0.6052800000000004,19.440056,3.2232700000000003,2.61799
-0.6052800000000004,19.440056,3.2232700000000003,2.61799
-0.6052800000000004,19.450056,3.2232700000000003,2.61799
-0.6052800000000004,19.450056,3.2232700000000003,2.61799
-0.6052800000000004,19.450056,3.2232700000000003,2.61799
-0.6052800000000004,19.460056,3.2232700000000003,2.61799
-0.6052800000000004,19.460056,3.2232700000000003,2.61799
-0.6052800000000004,19.460056,3.2232700000000003,2.61799
-0.6052800000000004,19.460056,3.2232700000000003,2.61799
-0.6052800000000004,19.47006,3.2232700000000003,2.61799
-0.6052800000000004,19.47006,3.2232700000000003,2.61799
-0.6052800000000004,19.47006,3.2232700000000003,2.61799
-0.6052800000000004,19.480056,3.2232700000000003,2.61799
-0.6052800000000004,19.480056,3.2232700000000003,2.61799
-0.6052800000000004,19.480056,3.2232700000000003,2.61799
-0.6052800000000004,19.480056,3.2232700000000003,2.61799
0.8249839999999997,19.500056,3.2232700000000003,2.61799
3027.2552479999995,19.500056,3.2232700000000003,2.61799
3027.2552479999995,19.500056,3.2232700000000003,2.6179
3027.2552479999995,19.51006,3.2232700000000003,2.6
3053.685512,19.530056,3.2232700000000003,2.61799
3053.74604,19.530056,3.2232700000000003,2.61799
3053.74604,19.540056,3.2232700000000003,2.617
3053.74604,19.540056,3.2232700000000003,2.0
3054.176304,19.560056,3.2232700000000003,2.61799
3080.6065679999997,19.560056,3.2232700000000003,2.61799
3080.6670959999997,19.570056,3.2232700000000003,2.61799
3080.6670959999997,19.570056,3.2232700000000003,2.61
3080.6670959999997,19.570056,3.2232700000000003,2.0
3082.0973599999998,19.590056,3.2232700000000003,2.61799
6108.527623999999,19.600056,3.2232700000000003,2.61799
6108.527623999999,19.600056,3.2232700000000003,2.6179
6108.527623999999,19.600056,3.2232700000000003,2.6
6134.957887999999,19.620056,3.2232700000000003,2.61799
6135.018415999999,19.630056,3.2232700000000003,2.61799
6135.018415999999,19.630056,3.2232700000000003,2.617
6133.588152,19.630056,3.2232700000000003,2.0
3107.5881519999994,19.650056,3.2232700000000003,2.61799
3134.0184159999994,19.660056,3.2232700000000003,2.61799
3134.078944,19.660056,3.2232700000000003,2.61799
3107.64868,19.660056,3.2232700000000003,2.61
3107.588152,19.670056,3.2232700000000003,2.0
3109.0184159999994,19.690056,3.2232700000000003,2.61799
6135.4486799999995,19.690056,3.2232700000000003,2.61799
6135.018415999999,19.690056,3.2232700000000003,2.6179
6108.588151999999,19.700056,3.2232700000000003,2.6
6134.957887999999,19.720056,3.2232700000000003,2.61799
6135.018415999999,19.720056,3.2232700000000003,2.61799
6135.018415999999,19.730056,3.2232700000000003,2.617
6133.588151999999,19.730056,3.2232700000000003,2.0
3107.588151999999,19.750056,3.2232700000000003,2.61799
3134.018415999999,19.750056,3.2232700000000003,2.61799
3134.0789439999994,19.760056,3.2232700000000003,2.61799
3107.6486799999993,19.760056,3.2232700000000003,2.61
3107.588151999999,19.760056,3.2232700000000003,2.0
3109.018415999999,19.780056,3.2232700000000003,2.61799
6135.4486799999995,19.790056,3.2232700000000003,2.61799
6135.018415999999,19.790056,3.2232700000000003,2.6179
6108.588151999999,19.790056,3.2232700000000003,2.6
6134.957887999999,19.820056,3.2232700000000003,2.61799
6135.018415999999,19.820056,3.2232700000000003,2.61799
6135.018415999999,19.820056,3.2232700000000003,2.617
6133.588151999999,19.820056,3.2232700000000003,2.0
3107.5881520000003,19.850056,3.2232700000000003,2.61799
3134.018416,19.850056,3.2232700000000003,2.61799
3134.078944,19.850056,3.2232700000000003,2.61799
3107.6486800000002,19.850056,3.2232700000000003,2.61
3107.5881520000003,19.860056,3.2232700000000003,2.0
3109.018416,19.880056,3.2232700000000003,2.61799
6135.4486799999995,19.880056,3.2232700000000003,2.61799
6135.018416,19.880056,3.2232700000000003,2.6179
6108.588151999999,19.890056,3.2232700000000003,2.6
6134.957888,19.910056,3.2232700000000003,2.61799
6135.018416,19.910056,3.2232700000000003,2.61799
6135.018416,19.920056,3.2232700000000003,2.617
6133.588151999999,19.920056,3.2232700000000003,2.0
3107.5881519999994,19.940056,3.2232700000000003,2.61799
3134.0184159999994,19.940056,3.2232700000000003,2.61799
3134.078944,19.950056,3.2232700000000003,2.61799
3107.64868,19.950056,3.2232700000000003,2.61
3107.5881519999994,19.950056,3.2232700000000003,2.0
3109.0184159999994,19.970056,3.2232700000000003,2.61799
6135.4486799999995,19.980056,3.2232700000000003,2.61799
6135.018415999999,19.980056,3.2232700000000003,2.6179
6108.588151999999,19.980056,3.2232700000000003,2.6
6134.957887999999,20.010056,3.2232700000000003,2.61799
6135.018415999999,20.010056,3.2232700000000003,2.61799
6135.018415999999,20.010056,3.2232700000000003,2.617
6133.588151999999,20.020056,3.2232700000000003,2.0
3107.588151999999,20.040056,3.2232700000000003,2.61799
3134.018415999999,20.040056,3.2232700000000003,2.61799
3134.0789439999994,20.040056,3.2232700000000003,2.61799
3107.6486799999993,20.040056,3.2232700000000003,2.61
3107.588151999999,20.050056,3.2232700000000003,2.0
3109.018415999999,20.070056,3.2232700000000003,2.61799
6135.4486799999995,20.070056,3.2232700000000003,2.61799
6135.018415999999,20.070056,3.2232700000000003,2.6179
6108.588151999999,20.080056,3.2232700000000003,2.6
6134.957887999999,20.100056,3.2232700000000003,2.61799
6135.018415999999,20.100056,3.2232700000000003,2.61799
6135.018415999999,20.11006,3.2232700000000003,2.617
6133.588151999999,20.11006,3.2232700000000003,2.0
3107.588152,20.130056,3.2232700000000003,2.61799
3134.018416,20.130056,3.2232700000000003,2.61799
3134.078944,20.140056,3.2232700000000003,2.61799
3107.64868,20.140056,3.2232700000000003,2.61
3107.588152,20.140056,3.2232700000000003,2.0
3109.018416,20.160056,3.2232700000000003,2.61799
6135.44868,20.170056,3.2232700000000003,2.61799
6135.018415999999,20.170056,3.2232700000000003,2.6179
6108.588152,20.170056,3.2232700000000003,2.6
6134.957887999999,20.200056,3.2232700000000003,2.61799
6135.018415999999,20.200056,3.2232700000000003,2.61799
6135.018415999999,20.200056,3.2232700000000003,2.617
6133.588152,20.210056,3.2232700000000003,2.0
3107.5881519999994,20.230056,3.2232700000000003,2.61799
3134.0184159999994,20.230056,3.2232700000000003,2.61799
3134.078944,20.230056,3.2232700000000003,2.61799
3107.64868,20.240056,3.2232700000000003,2.61
3107.5881519999994,20.240056,3.2232700000000003,2.0
3109.0184159999994,20.260056,3.2232700000000003,2.61799
6135.4486799999995,20.260056,3.2232700000000003,2.61799
6135.018415999999,20.270056,3.2232700000000003,2.6179
6108.588151999999,20.270056,3.2232700000000003,2.6
6134.957887999999,20.290056,3.2232700000000003,2.61799
6135.018415999999,20.300056,3.2232700000000003,2.61799
6135.018415999999,20.300056,3.2232700000000003,2.617
6133.588151999999,20.300056,3.2232700000000003,2.0
3107.588151999999,20.320056,3.2232700000000003,2.61799
3134.018415999999,20.320056,3.2232700000000003,2.61799
3134.0789439999994,20.330056,3.2232700000000003,2.61799
3107.6486799999993,20.330056,3.2232700000000003,2.61
3107.588151999999,20.330056,3.2232700000000003,2.0
3109.018415999999,20.350056,3.2232700000000003,2.61799
6135.4486799999995,20.360056,3.2232700000000003,2.61799
6135.018415999999,20.360056,3.2232700000000003,2.6179
6108.588151999999,20.360056,3.2232700000000003,2.6
6134.957887999999,20.390056,3.2232700000000003,2.61799
6135.018415999999,20.390056,3.2232700000000003,2.61799
6135.018415999999,20.390056,3.2232700000000003,2.617
6133.588151999999,20.400056,3.2232700000000003,2.0
3107.588152,20.420056,3.2232700000000003,2.61799
3134.0184159999994,20.420056,3.2232700000000003,2.61799
3134.0789439999994,20.420056,3.2232700000000003,2.61799
3107.64868,20.430056,3.2232700000000003,2.61
3107.588152,20.430056,3.2232700000000003,2.0
3109.0184159999994,20.45006,3.2232700000000003,2.61799
6135.4486799999995,20.45006,3.2232700000000003,2.61799
6135.018415999999,20.460056,3.2232700000000003,2.6179
6108.588151999999,20.460056,3.2232700000000003,2.6
6134.957887999999,20.480056,3.2232700000000003,2.61799
6135.018415999999,20.490056,3.2232700000000003,2.61799
6135.018415999999,20.490056,3.2232700000000003,2.617
6133.588151999999,20.490056,3.2232700000000003,2.0
3107.588151999999,20.510056,3.2232700000000003,2.61799
3134.018415999999,20.520056,3.2232700000000003,2.61799
3134.0789439999994,20.520056,3.2232700000000003,2.61799
3107.6486799999993,20.520056,3.2232700000000003,2.61
3107.588151999999,20.520056,3.2232700000000003,2.0
3109.018415999999,20.550056,3.2232700000000003,2.61799
6135.4486799999995,20.550056,3.2232700000000003,2.61799
6135.018415999999,20.550056,3.2232700000000003,2.6179
6108.588152,20.550056,3.2232700000000003,2.6
6134.957888,20.580056,3.2232700000000003,2.61799
6135.018415999999,20.580056,3.2232700000000003,2.61799
6135.018415999999,20.580056,3.2232700000000003,2.617
6133.588152,20.590056,3.2232700000000003,2.0
3107.5881520000003,20.610056,3.2232700000000003,2.61799
3134.0184160000003,20.610056,3.2232700000000003,2.61799
3134.0789440000003,20.610056,3.2232700000000003,2.61799
3107.6486800000002,20.620056,3.2232700000000003,2.61
3107.5881520000003,20.620056,3.2232700000000003,2.0
3109.0184160000003,20.640056,3.2232700000000003,2.61799
6135.44868,20.640056,3.2232700000000003,2.61799
6135.018416,20.650056,3.2232700000000003,2.6179
6108.588152,20.650056,3.2232700000000003,2.6
6134.957888,20.670056,3.2232700000000003,2.61799
6135.018416,20.680056,3.2232700000000003,2.61799
6135.018416,20.680056,3.2232700000000003,2.617
6133.588152,20.680056,3.2232700000000003,2.0
3107.588152,20.700056,3.2232700000000003,2.61799
3134.0184159999994,20.710056,3.2232700000000003,2.61799
3134.0789439999994,20.710056,3.2232700000000003,2.61799
3107.64868,20.710056,3.2232700000000003,2.61
3107.588152,20.720056,3.2232700000000003,2.0
3109.0184159999994,20.740056,3.2232700000000003,2.61799
6135.4486799999995,20.740056,3.2232700000000003,2.61799
6135.018415999999,20.740056,3.2232700000000003,2.6179
6108.588151999999,20.740056,3.2232700000000003,2.6
6134.957887999999,20.770056,3.2232700000000003,2.61799
6135.018415999999,20.770056,3.2232700000000003,2.61799
6135.018415999999,20.770056,3.2232700000000003,2.617
6133.588151999999,20.780056,3.2232700000000003,2.0
3107.588151999999,20.800056,3.2232700000000003,2.61799
3134.018415999999,20.800056,3.2232700000000003,2.61799
3134.0789439999994,20.800056,3.2232700000000003,2.61799
3107.6486799999993,20.810056,3.2232700000000003,2.61
3107.588151999999,20.810056,3.2232700000000003,2.0
3109.018415999999,20.830056,3.2232700000000003,2.61799
6135.4486799999995,20.830056,3.2232700000000003,2.61799
6135.018415999999,20.840056,3.2232700000000003,2.6179
6108.588151999999,20.840056,3.2232700000000003,2.6
6134.957888,20.860056,3.2232700000000003,2.61799
6135.018415999999,20.870056,3.2232700000000003,2.61799
6135.018415999999,20.870056,3.2232700000000003,2.617
6133.588151999999,20.870056,3.2232700000000003,2.0
3107.5881520000003,20.890056,3.2232700000000003,2.61799
3134.018416,20.900056,3.2232700000000003,2.61799
3134.078944,20.900056,3.2232700000000003,2.61799
3107.6486800000002,20.900056,3.2232700000000003,2.61
3107.5881520000003,20.910056,3.2232700000000003,2.0
3107.5881520000003,20.910056,3.2232700000000003,2.61799
3107.5881520000003,20.910056,3.2232700000000003,2.61799
3107.1578879999997,20.920056,3.2232700000000003,2.61799
3080.727624,20.920056,3.2232700000000003,2.61799
3080.667096,20.920056,3.2232700000000003,2.61799
3080.667096,20.930056,3.2232700000000003,2.61799
3080.667096,20.930056,3.2232700000000003,2.61799
3079.236832,20.930056,3.2232700000000003,2.61799
52.806568000000006,20.940056,3.2232700000000003,2.61799
52.806568000000006,20.940056,3.2232700000000003,2.61799
52.806568000000006,20.940056,3.2232700000000003,2.61799
26.376304000000005,20.940056,3.2232700000000003,2.61799
26.315776000000007,20.950056,3.2232700000000003,2.61799
26.315776000000007,20.950056,3.2232700000000003,2.61799
26.315776000000007,20.950056,3.2232700000000003,2.61799
25.885512000000006,20.960056,3.2232700000000003,2.61799
-0.5447520000000002,20.960056,3.2232700000000003,2.61799
-0.6052800000000004,20.960056,3.2232700000000003,2.61799
-0.6052800000000004,20.970056,3.2232700000000003,2.61799
-0.6052800000000004,20.970056,3.2232700000000003,2.61799
-0.6052800000000004,20.970056,3.2232700000000003,2.61799
-0.6052800000000004,20.970056,3.2232700000000003,2.61799
-0.6052800000000004,20.980056,3.2232700000000003,2.61799
-0.6052800000000004,20.980056,3.2232700000000003,2.61799
-0.6052800000000004,20.980056,3.2232700000000003,2.61799
-0.1750160000000002,20.990056,3.2232700000000003,2.61799
26.255248,20.990056,3.2232700000000003,2.61799
26.309967999999998,21.000056,3.2232700000000003,2.61799
26.414687999999998,21.000056,3.2232700000000003,4.7123
26.519407999999995,21.000056,3.2232700000000003,4.71
26.624128,21.000056,3.2232700000000003,4.0
27.254391999999996,21.040056,3.2232700000000003,4.71239
472.8846560000002,21.040056,3.2232700000000003,4.71239
472.9393760000002,21.040056,3.2232700000000003,4.71239
473.0440960000002,21.040056,3.2232700000000003,4.7123
473.1488160000002,21.05006,3.2232700000000003,4.71
473.25353600000017,21.05006,3.2232700000000003,4.0
473.8838000000002,21.080056,3.2232700000000003,4.71239
919.5140639999998,21.080056,3.2232700000000003,4.71239
919.5687839999997,21.09006,3.2232700000000003,4.71239
919.6735039999996,21.09006,3.2232700000000003,4.7123
919.7782239999996,21.09006,3.2232700000000003,4.71
919.8829439999995,21.100056,3.2232700000000003,4.0
920.5132079999994,21.130056,3.2232700000000003,4.71239
1366.1434719999995,21.130056,3.2232700000000003,4.71239
1365.7679279999993,21.130056,3.2232700000000003,4.71239
1339.4423839999993,21.140056,3.2232700000000003,4.7123
1339.4923839999992,21.140056,3.2232700000000003,4.71
1339.4923839999992,21.140056,3.2232700000000003,4.0
1340.0179279999993,21.170056,3.2232700000000003,4.71239
1785.5434719999992,21.180056,3.2232700000000003,4.71239
1784.9679279999991,21.180056,3.2232700000000003,4.71239
1339.4423839999995,21.180056,3.2232700000000003,4.7123
1339.4923839999994,21.190056,3.2232700000000003,4.71
1339.4923839999994,21.190056,3.2232700000000003,4.0
1340.0179279999993,21.220056,3.2232700000000003,4.71239
1785.5434719999994,21.220056,3.2232700000000003,4.71239
1784.9679279999993,21.230056,3.2232700000000003,4.71239
1339.4423839999993,21.230056,3.2232700000000003,4.7123
1339.4923839999992,21.230056,3.2232700000000003,4.71
1339.4923839999992,21.240056,3.2232700000000003,4.0
1340.0179279999993,21.270056,3.2232700000000003,4.71239
1785.5434719999994,21.270056,3.2232700000000003,4.71239
1784.9679279999993,21.270056,3.2232700000000003,4.71239
1339.4423839999993,21.280056,3.2232700000000003,4.7123
1339.4923839999992,21.280056,3.2232700000000003,4.71
1339.4923839999992,21.280056,3.2232700000000003,4.0
1340.0179279999993,21.310056,3.2232700000000003,4.71239
1785.5434719999994,21.320056,3.2232700000000003,4.71239
1784.9679279999993,21.320056,3.2232700000000003,4.71239
1339.4423839999997,21.320056,3.2232700000000003,4.7123
1339.4923839999997,21.320056,3.2232700000000003,4.71
1339.4923839999997,21.330056,3.2232700000000003,4.0
1340.0179279999998,21.360056,3.2232700000000003,4.71239
1785.5434719999994,21.360056,3.2232700000000003,4.71239
1784.9679279999993,21.370056,3.2232700000000003,4.71239
1339.4423839999997,21.370056,3.2232700000000003,4.7123
1339.4923839999997,21.370056,3.2232700000000003,4.71
1339.4923839999997,21.370056,3.2232700000000003,4.0
1340.0179279999998,21.410056,3.2232700000000003,4.71239
1785.5434719999998,21.410056,3.2232700000000003,4.71239
1784.9679279999998,21.410056,3.2232700000000003,4.71239
1339.4423839999997,21.410056,3.2232700000000003,4.7123
1339.4923839999997,21.420056,3.2232700000000003,4.71
1339.4923839999997,21.420056,3.2232700000000003,4.0
1340.0179279999998,21.450056,3.2232700000000003,4.71239
1785.5434719999998,21.460056,3.2232700000000003,4.71239
1784.9679279999998,21.460056,3.2232700000000003,4.71239
1339.4423839999997,21.460056,3.2232700000000003,4.7123
1339.4923839999997,21.460056,3.2232700000000003,4.71
1339.4923839999997,21.470056,3.2232700000000003,4.0
1340.0179279999995,21.500056,3.2232700000000003,4.71239
1785.5434719999992,21.500056,3.2232700000000003,4.71239
1784.9679279999991,21.500056,3.2232700000000003,4.71239
1339.4423839999997,21.510056,3.2232700000000003,4.7123
1339.4923839999997,21.510056,3.2232700000000003,4.71
1339.4923839999997,21.510056,3.2232700000000003,4.0
1340.0179279999995,21.540056,3.2232700000000003,4.71239
1785.5434719999994,21.550056,3.2232700000000003,4.71239
1784.9679279999993,21.550056,3.2232700000000003,4.71239
1339.4423839999993,21.550056,3.2232700000000003,4.7123
1339.4923839999992,21.560056,3.2232700000000003,4.71
1339.4923839999992,21.560056,3.2232700000000003,4.0
1340.0179279999993,21.590056,3.2232700000000003,4.71239
1785.5434719999994,21.590056,3.2232700000000003,4.71239
1784.9679279999993,21.600056,3.2232700000000003,4.71239
1339.4423839999993,21.600056,3.2232700000000003,4.7123
1339.4923839999992,21.600056,3.2232700000000003,4.71
1339.4923839999992,21.610056,3.2232700000000003,4.0
1340.0179279999993,21.640056,3.2232700000000003,4.71239
1785.5434719999992,21.640056,3.2232700000000003,4.71239
1784.9679279999991,21.640056,3.2232700000000003,4.71239
1339.4423839999995,21.650056,3.2232700000000003,4.7123
1339.4923839999994,21.650056,3.2232700000000003,4.71
1339.4923839999994,21.650056,3.2232700000000003,4.0
1340.0179279999993,21.680056,3.2232700000000003,4.71239
1785.5434719999994,21.69006,3.2232700000000003,4.71239
1784.9679279999993,21.69006,3.2232700000000003,4.71239
1339.4423839999993,21.69006,3.2232700000000003,4.7123
1339.4923839999992,21.700056,3.2232700000000003,4.71
1339.4923839999992,21.700056,3.2232700000000003,4.0
1340.0179279999993,21.73006,3.2232700000000003,4.71239
1785.5434719999994,21.73006,3.2232700000000003,4.71239
1784.9679279999993,21.740056,3.2232700000000003,4.71239
1339.4423839999993,21.740056,3.2232700000000003,4.7123
1339.4923839999992,21.740056,3.2232700000000003,4.71
1339.4923839999992,21.740056,3.2232700000000003,4.0
1340.0179279999993,21.780056,3.2232700000000003,4.71239
1785.5434719999994,21.780056,3.2232700000000003,4.71239
1784.9679279999993,21.780056,3.2232700000000003,4.71239
1339.4423839999997,21.790056,3.2232700000000003,4.7123
1339.4923839999997,21.790056,3.2232700000000003,4.71
1339.4923839999997,21.790056,3.2232700000000003,4.0
1340.0179279999998,21.820056,3.2232700000000003,4.71239
1785.5434719999994,21.830056,3.2232700000000003,4.71239
1784.9679279999993,21.830056,3.2232700000000003,4.71239
1339.4423839999997,21.830056,3.2232700000000003,4.7123
1339.4923839999997,21.830056,3.2232700000000003,4.71
1339.4923839999997,21.840056,3.2232700000000003,4.0
1340.0179279999998,21.870056,3.2232700000000003,4.71239
1785.5434719999998,21.870056,3.2232700000000003,4.71239
1784.9679279999998,21.870056,3.2232700000000003,4.71239
1339.4423839999997,21.880056,3.2232700000000003,4.7123
1339.4923839999997,21.880056,3.2232700000000003,4.71
1339.4923839999997,21.880056,3.2232700000000003,4.0
1340.0179279999998,21.920056,3.2232700000000003,4.71239
1785.5434719999998,21.920056,3.2232700000000003,4.71239
1784.9679279999998,21.920056,3.2232700000000003,4.71239
1339.4423839999997,21.920056,3.2232700000000003,4.7123
1339.4923839999997,21.930056,3.2232700000000003,4.71
1339.4923839999997,21.930056,3.2232700000000003,4.0
1340.0179279999995,21.960056,3.2232700000000003,4.71239
1785.5434719999992,21.960056,3.2232700000000003,4.71239
1784.9679279999991,21.970056,3.2232700000000003,4.71239
1339.4423839999997,21.970056,3.2232700000000003,4.7123
1339.4923839999997,21.970056,3.2232700000000003,4.71
1339.4923839999997,21.980056,3.2232700000000003,4.0
1340.0179279999995,22.010056,3.2232700000000003,4.71239
1785.5434719999994,22.010056,3.2232700000000003,4.71239
1784.9679279999993,22.010056,3.2232700000000003,4.71239
1339.4423839999993,22.020056,3.2232700000000003,4.7123
1339.4923839999992,22.020056,3.2232700000000003,4.71
1339.4923839999992,22.020056,3.2232700000000003,4.0
1340.0179279999993,22.050056,3.2232700000000003,4.71239
1785.5434719999994,22.060056,3.2232700000000003,4.71239
1784.9679279999993,22.060056,3.2232700000000003,4.71239
1339.4423839999993,22.060056,3.2232700000000003,4.7123
1339.4923839999992,22.07006,3.2232700000000003,4.71
1339.4923839999992,22.07006,3.2232700000000003,4.0
1340.0179279999993,22.100056,3.2232700000000003,4.71239
1785.5434719999992,22.100056,3.2232700000000003,4.71239
1784.9679279999991,22.110056,3.2232700000000003,4.71239
1339.4423839999995,22.110056,3.2232700000000003,4.7123
1339.4923839999994,22.110056,3.2232700000000003,4.71
1339.4923839999994,22.110056,3.2232700000000003,4.0
1340.0179279999993,22.150056,3.2232700000000003,4.71239
1785.5434719999994,22.150056,3.2232700000000003,4.71239
1784.9679279999993,22.150056,3.2232700000000003,4.71239
1339.4423839999993,22.160056,3.2232700000000003,4.7123
1339.4923839999992,22.160056,3.2232700000000003,4.71
1339.4923839999992,22.160056,3.2232700000000003,4.0
1340.0179279999993,22.190056,3.2232700000000003,4.71239
1785.5434719999994,22.200056,3.2232700000000003,4.71239
1784.9679279999993,22.200056,3.2232700000000003,4.71239
1339.4423839999993,22.200056,3.2232700000000003,4.7123
1339.4923839999992,22.200056,3.2232700000000003,4.71
1339.4923839999992,22.210056,3.2232700000000003,4.0
1340.0179279999993,22.240056,3.2232700000000003,4.71239
1785.5434719999994,22.240056,3.2232700000000003,4.71239
1784.9679279999993,22.250056,3.2232700000000003,4.71239
1339.4423839999997,22.250056,3.2232700000000003,4.7123
1339.4923839999997,22.250056,3.2232700000000003,4.71
1339.4923839999997,22.250056,3.2232700000000003,4.0
1340.0179279999998,22.290056,3.2232700000000003,4.71239
1785.5434719999994,22.290056,3.2232700000000003,4.71239
1784.9679279999993,22.290056,3.2232700000000003,4.71239
1339.4423839999997,22.290056,3.2232700000000003,4.7123
1339.4923839999997,22.300056,3.2232700000000003,4.71
1339.4923839999997,22.300056,3.2232700000000003,4.0
1340.0179279999998,22.33006,3.2232700000000003,4.71239
1785.5434719999998,22.33006,3.2232700000000003,4.71239
1784.9679279999998,22.340056,3.2232700000000003,4.71239
1339.4423839999997,22.340056,3.2232700000000003,4.7123
1339.4923839999997,22.340056,3.2232700000000003,4.71
1339.4923839999997,22.350056,3.2232700000000003,4.0
1340.0179279999998,22.380056,3.2232700000000003,4.71239
1785.5434719999998,22.380056,3.2232700000000003,4.71239
1784.9679279999998,22.380056,3.2232700000000003,4.71239
1339.4423839999997,22.390056,3.2232700000000003,4.7123
1339.4923839999997,22.390056,3.2232700000000003,4.71
1339.4923839999997,22.390056,3.2232700000000003,4.0
1340.0179279999995,22.420056,3.2232700000000003,4.71239
1785.5434719999992,22.430056,3.2232700000000003,4.71239
1784.9679279999991,22.430056,3.2232700000000003,4.71239
1339.4423839999997,22.430056,3.2232700000000003,4.7123
1339.4923839999997,22.440056,3.2232700000000003,4.71
1339.4923839999997,22.440056,3.2232700000000003,4.0
1340.0179279999995,22.470056,3.2232700000000003,4.71239
1785.5434719999994,22.470056,3.2232700000000003,4.71239
1784.9679279999993,22.480056,3.2232700000000003,4.71239
1339.4423839999993,22.480056,3.2232700000000003,4.7123
1339.4923839999992,22.480056,3.2232700000000003,4.71
1339.4923839999992,22.490056,3.2232700000000003,4.0
1340.0179279999993,22.520056,3.2232700000000003,4.71239
1785.5434719999994,22.520056,3.2232700000000003,4.71239
1784.9679279999993,22.520056,3.2232700000000003,4.71239
1339.4423839999993,22.530056,3.2232700000000003,4.7123
1339.4923839999992,22.530056,3.2232700000000003,4.71
1339.4923839999992,22.530056,3.2232700000000003,4.0
1340.0179279999993,22.560056,3.2232700000000003,4.71239
1785.5434719999992,22.570056,3.2232700000000003,4.71239
1784.9679279999991,22.570056,3.2232700000000003,4.71239
1339.4423839999995,22.570056,3.2232700000000003,4.7123
1339.4923839999994,22.580056,3.2232700000000003,4.71
1339.4923839999994,22.580056,3.2232700000000003,4.0
1340.0179279999993,22.610056,3.2232700000000003,4.71239
1785.5434719999994,22.610056,3.2232700000000003,4.71239
1784.9679279999993,22.620056,3.2232700000000003,4.71239
1339.4423839999993,22.620056,3.2232700000000003,4.7123
1339.4923839999992,22.620056,3.2232700000000003,4.71
1339.4923839999992,22.620056,3.2232700000000003,4.0
1340.0179279999993,22.660056,3.2232700000000003,4.71239
1785.5434719999994,22.660056,3.2232700000000003,4.71239
1784.9679279999993,22.660056,3.2232700000000003,4.71239
1339.4423839999993,22.660056,3.2232700000000003,4.7123
1339.4923839999992,22.67006,3.2232700000000003,4.71
1339.4923839999992,22.67006,3.2232700000000003,4.0
1340.0179279999993,22.700056,3.2232700000000003,4.71239
1785.5434719999994,22.71006,3.2232700000000003,4.71239
1784.9679279999993,22.71006,3.2232700000000003,4.71239
1339.4423839999997,22.71006,3.2232700000000003,4.7123
1339.4923839999997,22.71006,3.2232700000000003,4.71
1339.4923839999997,22.720056,3.2232700000000003,4.0
1340.0179279999998,22.750056,3.2232700000000003,4.71239
1785.5434719999994,22.750056,3.2232700000000003,4.71239
1784.9679279999993,22.750056,3.2232700000000003,4.71239
1339.4423839999997,22.760056,3.2232700000000003,4.7123
1339.4923839999997,22.760056,3.2232700000000003,4.71
1339.4923839999997,22.760056,3.2232700000000003,4.0
1340.0179279999998,22.790056,3.2232700000000003,4.71239
1785.5434719999998,22.800056,3.2232700000000003,4.71239
1784.9679279999998,22.800056,3.2232700000000003,4.71239
1339.4423839999997,22.800056,3.2232700000000003,4.7123
1339.4923839999997,22.810056,3.2232700000000003,4.71
1339.4923839999997,22.810056,3.2232700000000003,4.0
1340.0179279999998,22.840056,3.2232700000000003,4.71239
1785.5434719999998,22.840056,3.2232700000000003,4.71239
1784.9679279999998,22.850056,3.2232700000000003,4.71239
1339.4423839999997,22.850056,3.2232700000000003,4.7123
1339.4923839999997,22.850056,3.2232700000000003,4.71
1339.4923839999997,22.860056,3.2232700000000003,4.0
1340.0179279999995,22.890056,3.2232700000000003,4.71239
1785.5434719999992,22.890056,3.2232700000000003,4.71239
1784.9679279999991,22.890056,3.2232700000000003,4.71239
1339.4423839999997,22.900056,3.2232700000000003,4.7123
1339.4923839999997,22.900056,3.2232700000000003,4.71
1339.4923839999997,22.900056,3.2232700000000003,4.0
1340.0179279999995,22.930056,3.2232700000000003,4.71239
1785.5434719999994,22.940056,3.2232700000000003,4.71239
1784.9679279999993,22.940056,3.2232700000000003,4.71239
1339.4423839999993,22.940056,3.2232700000000003,4.7123
1339.4923839999992,22.950056,3.2232700000000003,4.71
1339.4923839999992,22.950056,3.2232700000000003,4.0
1340.0179279999993,22.980056,3.2232700000000003,4.71239
1785.5434719999994,22.980056,3.2232700000000003,4.71239
1784.9679279999993,22.990056,3.2232700000000003,4.71239
1339.4423839999993,22.990056,3.2232700000000003,4.7123
1339.4923839999992,22.990056,3.2232700000000003,4.71
1339.4923839999992,22.990056,3.2232700000000003,4.0
1339.8179279999995,23.020084,3.2220135,0.34907
1585.1434719999995,23.020084,3.220757,0.34907
1584.6859259999994,23.020084,3.2195004999999997,0.34907
1138.9434719999997,23.020084,3.2182439999999994,0.34
1138.7784469999997,23.030084,3.2151025,0.0
1140.1039909999997,23.050084,3.2063059999999997,0.34907
4631.429534999999,23.050084,3.1975095,0.34907
4631.220165,23.050084,3.188713,0.349
4630.488864,23.060084,3.176304,0.3
4232.488864,23.0801,3.1555695,0.34907
4232.487384,23.0801,3.134835,0.34907
4232.293408,23.090084,3.110645,0.349
4232.099432,23.090084,3.0864549999999995,0.0
4232.274976,23.110084,3.0586519999999995,0.34907
4322.424976,23.110084,3.0308489999999995,0.34907
3876.940412,23.12006,3.0025749999999993,0.34907
3876.8005200000002,23.12006,2.974300999999999,0.34
3876.6106280000004,23.12006,2.946026999999999,0.0
3880.8361720000003,23.140064,2.917909999999999,0.34907
5440.061716,23.150056,2.889792999999999,0.34907
5439.546123,23.150056,2.8629324999999994,0.349
5194.03053,23.150056,2.8360719999999997,0.34907
5203.188076,23.180056,2.8092114999999995,0.34907
5203.346123,23.180056,2.782351,0.34907
5203.371099,23.180056,2.7573754999999998,0.349
5201.855506,23.190056,2.7380549999999997,0.0
1710.755506,23.210056,2.7187345,0.34907
1770.19042,23.210056,2.6994139999999995,0.34907
1770.437314,23.210056,2.6837059999999995,0.34907
1722.721721,23.220056,2.6763234999999996,0.34
1722.5831520000002,23.220056,2.668941,0.0
1722.5870790000001,23.220056,2.6650139999999998,0.34907
1727.006599,23.240056,2.661087,0.34907
3286.0565989999996,23.240056,2.660773,0.34907
3195.191006,23.250056,2.660459,0.349
3194.959977,23.250056,2.660616,0.3
3204.3754129999998,23.270056,2.6607730000000003,0.34907
3204.506442,23.280056,2.6609300000000005,0.34907
3200.090849,23.280056,2.6609300000000005,0.349
1640.6752559999998,23.280056,2.6609300000000005,0.0
1641.090849,23.300056,2.6609300000000005,0.34907
1700.5064419999999,23.300056,2.6609300000000005,0.34907
1691.3220349999997,23.310064,2.6609300000000005,0.34907
1691.1908489999998,23.310064,2.6609300000000005,0.34
1691.1908489999998,23.310064,2.6609300000000005,0.0
1695.606442,23.330056,2.6609300000000005,0.34907
3254.606442,23.340056,2.6609300000000005,0.34907
3195.1908489999996,23.340056,2.6609300000000005,0.349
3194.9596629999996,23.340056,2.6609300000000005,0.3
3204.3752559999994,23.370056,2.6609300000000005,0.34907
3204.506442,23.370056,2.6609300000000005,0.34907
3204.506442,23.370056,2.6609300000000005,0.349
3200.0908489999997,23.380056,2.6609300000000005,0.0
1641.0908489999995,23.400056,2.6609300000000005,0.34907
1700.5064419999997,23.400056,2.6609300000000005,0.34907
1700.7376279999999,23.400056,2.6609300000000005,0.34907
1691.3220349999997,23.410056,2.6609300000000005,0.34
1691.1908489999996,23.410056,2.6609300000000005,0.0
1695.6064419999996,23.430056,2.6609300000000005,0.34907
3255.022035,23.430056,2.6609300000000005,0.34907
3254.606442,23.440056,2.6609300000000005,0.349
3195.1908489999996,23.440056,2.6609300000000005,0.3
3204.3752559999994,23.460056,2.6609300000000005,0.34907
3204.506442,23.470056,2.6609300000000005,0.34907
3204.506442,23.470056,2.6609300000000005,0.349
3200.0908489999997,23.470056,2.6609300000000005,0.0
1641.090849,23.490056,2.6609300000000005,0.34907
1700.5064419999999,23.500056,2.6609300000000005,0.34907
1700.737628,23.500056,2.6609300000000005,0.34907
1691.3220350000001,23.500056,2.6609300000000005,0.34
1691.1908489999998,23.500056,2.6609300000000005,0.0
1695.606442,23.530056,2.6609300000000005,0.34907
3255.022035,23.530056,2.6609300000000005,0.34907
3254.606442,23.530056,2.6609300000000005,0.349
3195.1908489999996,23.530056,2.6609300000000005,0.3
3204.3752559999994,23.560056,2.6609300000000005,0.34907
3204.506442,23.560056,2.6609300000000005,0.34907
3204.506442,23.560056,2.6609300000000005,0.349
3200.0908489999997,23.570056,2.6609300000000005,0.0
1641.0908489999995,23.590056,2.6609300000000005,0.34907
1700.5064419999997,23.590056,2.6609300000000005,0.34907
1700.7376279999999,23.590056,2.6609300000000005,0.34907
1691.3220349999997,23.600056,2.6609300000000005,0.34
1691.1908489999998,23.600056,2.6609300000000005,0.0
1695.6064419999996,23.620056,2.6609300000000005,0.34907
3255.022035,23.620056,2.6609300000000005,0.34907
3254.606442,23.630056,2.6609300000000005,0.349
3195.1908489999996,23.630056,2.6609300000000005,0.3
3204.3752559999994,23.650064,2.6609300000000005,0.34907
3204.506442,23.660056,2.6609300000000005,0.34907
3204.506442,23.660056,2.6609300000000005,0.349
3200.0908489999997,23.660056,2.6609300000000005,0.0
1641.0908489999995,23.680056,2.6609300000000005,0.34907
1700.5064419999997,23.69006,2.6609300000000005,0.34907
1700.7376279999999,23.69006,2.6609300000000005,0.34907
1691.3220349999997,23.69006,2.6609300000000005,0.34
1691.1908489999996,23.700056,2.6609300000000005,0.0
1691.1908489999996,23.720056,2.6609300000000005,0.34907
1691.1908489999996,23.720056,2.6609300000000005,0.34907
1690.7752559999994,23.720056,2.6609300000000005,0.34907
1631.3596629999993,23.720056,2.6609300000000005,0.34907
1631.1284769999993,23.730056,2.6609300000000005,0.34907
1631.1284769999993,23.730056,2.6609300000000005,0.34907
1631.1284769999993,23.730056,2.6609300000000005,0.34907
1626.7128839999996,23.740056,2.6609300000000005,0.34907
67.297291,23.740056,2.6609300000000005,0.34907
67.297291,23.740056,2.6609300000000005,0.34907
67.297291,23.750056,2.6609300000000005,0.34907
57.881698,23.750056,2.6609300000000005,0.34907
57.75051199999999,23.750056,2.6609300000000005,0.34907
57.75051199999999,23.750056,2.6609300000000005,0.34907
57.75051199999999,23.760056,2.6609300000000005,0.34907
57.33491899999999,23.760056,2.6609300000000005,0.34907
-2.0806740000000006,23.760056,2.6609300000000005,0.34907
-2.3118600000000007,23.770056,2.6609300000000005,0.34907
-2.3118600000000007,23.770056,2.6609300000000005,0.34907
-2.3118600000000007,23.770056,2.6609300000000005,0.34907
-2.3118600000000007,23.780056,2.6609300000000005,0.34907
-2.3118600000000007,23.780056,2.6609300000000005,0.34907
-2.3118600000000007,23.780056,2.6609300000000005,0.34907
-2.3118600000000007,23.780056,2.6609300000000005,0.34907
-2.3118600000000007,23.790056,2.6609300000000005,0.34907
-2.3118600000000007,23.790056,2.6609300000000005,0.34907
-2.3118600000000007,23.790056,2.6609300000000005,0.34907
-2.3118600000000007,23.800056,2.6609300000000005,0.34907
-2.3118600000000007,23.800056,2.6609300000000005,0.34907
-2.3118600000000007,23.800056,2.6609300000000005,0.34907
2.103732999999999,23.810056,2.6609300000000005,0.34907
1561.5193259999992,23.810056,2.6609300000000005,0.34907
1561.5193259999992,23.820056,2.6609300000000005,0.349
1561.5193259999992,23.820056,2.6609300000000005,0.3
1570.9349189999994,23.840056,2.6609300000000005,0.34907
1571.0661049999994,23.850056,2.6609300000000005,0.34907
1571.0661049999994,23.850056,2.6609300000000005,0.349
1571.0661049999994,23.850056,2.6609300000000005,0.0
1571.4816979999996,23.870056,2.6609300000000005,0.34907
1630.8972909999995,23.880056,2.6609300000000005,0.34907
1631.1284769999997,23.880056,2.6609300000000005,0.34907
1631.1284769999997,23.880056,2.6609300000000005,0.34
1631.1284769999997,23.890056,2.6609300000000005,0.0
1635.54407,23.910056,2.6609300000000005,0.34907
3194.9596629999996,23.910056,2.6609300000000005,0.34907
3194.9596629999996,23.910056,2.6609300000000005,0.349
3194.9596629999996,23.920056,2.6609300000000005,0.3
3204.3752559999994,23.940056,2.6609300000000005,0.34907
3204.506442,23.940056,2.6609300000000005,0.34907
3204.506442,23.950064,2.6609300000000005,0.349
3200.0908489999997,23.950064,2.6609300000000005,0.0
1641.0908489999995,23.970056,2.6609300000000005,0.34907
1700.5064419999997,23.970056,2.6609300000000005,0.34907
1700.7376279999999,23.980056,2.6609300000000005,0.34907
1691.3220349999997,23.980056,2.6609300000000005,0.34
1691.1908489999996,23.980056,2.6609300000000005,0.0
1695.6064419999996,24.000056,2.6609300000000005,0.34907
