0.0,0.0,0.0,0.0
0.0,0.0,0.0,0.0
0.0,0.0,0.0,0.0
0.0,0.0,0.0,0.0
0.0,0.0,0.0,0.0
0.0,0.010056,0.0,0.0
0.0,0.010056,0.0,0.0
0.0,0.010056,0.0,0.0
0.0,0.010056,0.0,0.0
0.0,0.060056,0.0,0.0
0.0,0.060056,0.0,0.0
0.0,0.060056,0.0,0.0
0.0,0.070056,0.0,0.0
0.0,0.070056,0.0,0.0
0.0,0.070056,0.0,0.0
0.0,0.070056,0.0,0.0
0.0,0.080056,0.0,0.0
0.0,0.080056,0.0,0.0
0.0,0.080056,0.0,0.0
0.0,0.090056,0.0,0.0
0.0,0.090056,0.0,0.0
0.0,0.090056,0.0,0.0
0.0,0.090056,0.0,0.0
0.0,0.10006,0.0,0.0
0.0,0.10006,0.0,0.0
0.0,0.10006,0.0,0.0
0.0,0.10006,0.0,0.0
0.0,0.110056,0.0,0.0
0.0,0.110056,0.0,0.0
0.0,0.110056,0.0,0.0
0.0,0.110056,0.0,0.0
0.0,0.120056,0.0,0.0
0.0,0.120056,0.0,0.0
0.0,0.120056,0.0,0.0
0.0,0.130056,0.0,0.0
0.0,0.130056,0.0,0.0
0.0,0.130056,0.0,0.0
0.0,0.130056,0.0,0.0
0.0,0.140064,0.0,0.0
0.0,0.140064,0.0,0.0
0.0,0.140064,0.0,0.0
0.0,0.140064,0.0,0.0
0.0,0.150056,0.0,0.0
0.0,0.150056,0.0,0.0
0.0,0.150056,0.0,0.0
0.0,0.160056,0.0,0.0
0.0,0.160056,0.0,0.0
0.0,0.160056,0.0,0.0
0.0,0.160056,0.0,0.0
0.0,0.170056,0.0,0.0
0.0,0.170056,0.0,0.0
0.0,0.170056,0.0,0.0
0.0,0.170056,0.0,0.0
0.0,0.180056,0.0,0.0
0.0,0.180056,0.0,0.0
0.0,0.180056,0.0,0.0
0.0,0.190056,0.0,0.0
0.0,0.190056,0.0,0.0
0.0,0.190056,0.0,0.0
0.0,0.190056,0.0,0.0
0.0,0.200056,0.0,0.0
0.0,0.200056,0.0,0.0
0.0,0.200056,0.0,0.0
0.0,0.200056,0.0,0.0
0.0,0.210056,0.0,0.0
0.0,0.210056,0.0,0.0
0.0,0.210056,0.0,0.0
0.0,0.220056,0.0,0.0
0.0,0.220056,0.0,0.0
0.0,0.220056,0.0,0.0
0.0,0.220056,0.0,0.0
0.0,0.230056,0.0,0.0
0.0,0.230056,0.0,0.0
0.0,0.230056,0.0,0.0
0.0,0.230056,0.0,0.0
0.0,0.240056,0.0,0.0
0.0,0.240056,0.0,0.0
0.0,0.240056,0.0,0.0
0.0,0.250056,0.0,0.0
0.0,0.250056,0.0,0.0
0.0,0.250056,0.0,0.0
0.0,0.250056,0.0,0.0
0.0,0.260056,0.0,0.0
0.0,0.260056,0.0,0.0
0.0,0.260056,0.0,0.0
0.0,0.260056,0.0,0.0
0.0,0.270056,0.0,0.0
0.0,0.270056,0.0,0.0
0.0,0.270056,0.0,0.0
0.0,0.280056,0.0,0.0
0.0,0.280056,0.0,0.0
0.0,0.280056,0.0,0.0
0.0,0.280056,0.0,0.0
0.0,0.290056,0.0,0.0
0.0,0.290056,0.0,0.0
0.0,0.290056,0.0,0.0
0.0,0.290056,0.0,0.0
0.0,0.300056,0.0,0.0
0.0,0.300056,0.0,0.0
0.0,0.300056,0.0,0.0
0.0,0.310056,0.0,0.0
0.0,0.310056,0.0,0.0
0.0,0.310056,0.0,0.0
0.0,0.310056,0.0,0.0
0.0,0.320056,0.0,0.0
0.0,0.320056,0.0,0.0
0.0,0.320056,0.0,0.0
0.0,0.320056,0.0,0.0
0.0,0.330056,0.0,0.0
0.0,0.330056,0.0,0.0
0.0,0.330056,0.0,0.0
0.0,0.340056,0.0,0.0
0.0,0.340056,0.0,0.0
0.0,0.340056,0.0,0.0
0.0,0.340056,0.0,0.0
0.0,0.350056,0.0,0.0
0.0,0.350056,0.0,0.0
0.0,0.350056,0.0,0.0
0.0,0.350056,0.0,0.0
0.0,0.360056,0.0,0.0
0.0,0.360056,0.0,0.0
0.0,0.360056,0.0,0.0
0.0,0.370056,0.0,0.0
0.0,0.370056,0.0,0.0
0.0,0.370056,0.0,0.0
0.0,0.370056,0.0,0.0
0.0,0.380056,0.0,0.0
0.0,0.380056,0.0,0.0
0.0,0.380056,0.0,0.0
0.0,0.380056,0.0,0.0
0.0,0.390056,0.0,0.0
0.0,0.390056,0.0,0.0
0.0,0.390056,0.0,0.0
0.0,0.400056,0.0,0.0
0.0,0.400056,0.0,0.0
0.0,0.400056,0.0,0.0
0.0,0.400056,0.0,0.0
0.0,0.410056,0.0,0.0
0.0,0.410056,0.0,0.0
0.0,0.410056,0.0,0.0
0.0,0.410056,0.0,0.0
0.0,0.420056,0.0,0.0
0.0,0.420056,0.0,0.0
0.0,0.420056,0.0,0.0
0.0,0.430056,0.0,0.0
0.0,0.430056,0.0,0.0
0.0,0.430056,0.0,0.0
0.0,0.430056,0.0,0.0
0.0,0.44006,0.0,0.0
0.0,0.44006,0.0,0.0
0.0,0.44006,0.0,0.0
0.0,0.44006,0.0,0.0
0.0,0.450056,0.0,0.0
0.0,0.450056,0.0,0.0
0.0,0.450056,0.0,0.0
0.0,0.460056,0.0,0.0
0.0,0.460056,0.0,0.0
0.0,0.460056,0.0,0.0
0.0,0.460056,0.0,0.0
0.0,0.470056,0.0,0.0
0.0,0.470056,0.0,0.0
0.0,0.470056,0.0,0.0
0.0,0.470056,0.0,0.0
0.0,0.480064,0.0,0.0
0.0,0.480064,0.0,0.0
0.0,0.480064,0.0,0.0
0.0,0.490056,0.0,0.0
0.0,0.490056,0.0,0.0
0.0,0.490056,0.0,0.0
0.0,0.490056,0.0,0.0
0.0,0.500056,0.0,0.0
0.0,0.500056,0.0,0.0
0.0,0.500056,0.0,0.0
0.0,0.500056,0.0,0.0
0.0,0.510056,0.0,0.0
0.0,0.510056,0.0,0.0
0.0,0.510056,0.0,0.0
0.0,0.520056,0.0,0.0
0.0,0.520056,0.0,0.0
0.0,0.520056,0.0,0.0
0.0,0.520056,0.0,0.0
0.0,0.530056,0.0,0.0
0.0,0.530056,0.0,0.0
0.0,0.530056,0.0,0.0
0.0,0.530056,0.0,0.0
0.0,0.540056,0.0,0.0
0.0,0.540056,0.0,0.0
0.0,0.540056,0.0,0.0
0.0,0.550056,0.0,0.0
0.0,0.550056,0.0,0.0
0.0,0.550056,0.0,0.0
0.0,0.550056,0.0,0.0
0.0,0.560056,0.0,0.0
0.0,0.560056,0.0,0.0
0.0,0.560056,0.0,0.0
0.0,0.560056,0.0,0.0
0.0,0.570056,0.0,0.0
0.0,0.570056,0.0,0.0
0.0,0.570056,0.0,0.0
0.0,0.580056,0.0,0.0
0.0,0.580056,0.0,0.0
0.0,0.580056,0.0,0.0
0.0,0.580056,0.0,0.0
0.0,0.590056,0.0,0.0
0.0,0.590056,0.0,0.0
0.0,0.590056,0.0,0.0
0.0,0.590056,0.0,0.0
0.0,0.600056,0.0,0.0
0.0,0.600056,0.0,0.0
0.0,0.600056,0.0,0.0
0.0,0.610056,0.0,0.0
0.0,0.610056,0.0,0.0
0.0,0.610056,0.0,0.0
0.0,0.610056,0.0,0.0
0.0,0.620056,0.0,0.0
0.0,0.620056,0.0,0.0
0.0,0.620056,0.0,0.0
0.0,0.620056,0.0,0.0
0.0,0.630056,0.0,0.0
0.0,0.630056,0.0,0.0
0.0,0.630056,0.0,0.0
0.0,0.640056,0.0,0.0
0.0,0.640056,0.0,0.0
0.0,0.640056,0.0,0.0
0.0,0.640056,0.0,0.0
0.0,0.650056,0.0,0.0
0.0,0.650056,0.0,0.0
0.0,0.650056,0.0,0.0
0.0,0.650056,0.0,0.0
0.0,0.660056,0.0,0.0
0.0,0.660056,0.0,0.0
0.0,0.660056,0.0,0.0
0.0,0.670056,0.0,0.0
0.0,0.670056,0.0,0.0
0.0,0.670056,0.0,0.0
0.0,0.670056,0.0,0.0
0.0,0.680056,0.0,0.0
0.0,0.680056,0.0,0.0
0.0,0.680056,0.0,0.0
0.0,0.680056,0.0,0.0
0.0,0.690056,0.0,0.0
0.0,0.690056,0.0,0.0
0.0,0.690056,0.0,0.0
0.0,0.700056,0.0,0.0
0.0,0.700056,0.0,0.0
0.0,0.700056,0.0,0.0
0.0,0.700056,0.0,0.0
0.0,0.710056,0.0,0.0
0.0,0.710056,0.0,0.0
0.0,0.710056,0.0,0.0
0.0,0.710056,0.0,0.0
0.0,0.720056,0.0,0.0
0.0,0.720056,0.0,0.0
0.0,0.720056,0.0,0.0
0.0,0.720056,0.0,0.0
0.0,0.730056,0.0,0.0
0.0,0.730056,0.0,0.0
0.0,0.730056,0.0,0.0
0.0,0.740064,0.0,0.0
0.0,0.740064,0.0,0.0
0.0,0.740064,0.0,0.0
0.0,0.740064,0.0,0.0
0.0,0.750056,0.0,0.0
0.0,0.750056,0.0,0.0
0.0,0.750056,0.0,0.0
0.0,0.750056,0.0,0.0
0.0,0.760056,0.0,0.0
0.0,0.760056,0.0,0.0
0.0,0.760056,0.0,0.0
0.0,0.770056,0.0,0.0
0.0,0.770056,0.0,0.0
0.0,0.770056,0.0,0.0
0.0,0.770056,0.0,0.0
0.0,0.780064,0.0,0.0
0.0,0.780064,0.0,0.0
0.0,0.780064,0.0,0.0
0.0,0.780064,0.0,0.0
0.0,0.790056,0.0,0.0
0.0,0.790056,0.0,0.0
0.0,0.790056,0.0,0.0
0.0,0.800056,0.0,0.0
0.0,0.800056,0.0,0.0
0.0,0.800056,0.0,0.0
0.0,0.800056,0.0,0.0
0.0,0.810056,0.0,0.0
0.0,0.810056,0.0,0.0
0.0,0.810056,0.0,0.0
0.0,0.810056,0.0,0.0
0.0,0.820056,0.0,0.0
0.0,0.820056,0.0,0.0
0.0,0.820056,0.0,0.0
0.0,0.830056,0.0,0.0
0.0,0.830056,0.0,0.0
0.0,0.830056,0.0,0.0
0.0,0.830056,0.0,0.0
0.0,0.840056,0.0,0.0
0.0,0.840056,0.0,0.0
0.0,0.840056,0.0,0.0
0.0,0.840056,0.0,0.0
0.0,0.850056,0.0,0.0
0.0,0.850056,0.0,0.0
0.0,0.850056,0.0,0.0
0.0,0.860056,0.0,0.0
0.0,0.860056,0.0,0.0
0.0,0.860056,0.0,0.0
0.0,0.860056,0.0,0.0
0.0,0.870056,0.0,0.0
0.0,0.870056,0.0,0.0
0.0,0.870056,0.0,0.0
0.0,0.870056,0.0,0.0
0.0,0.880056,0.0,0.0
0.0,0.880056,0.0,0.0
0.0,0.880056,0.0,0.0
0.0,0.890056,0.0,0.0
0.0,0.890056,0.0,0.0
0.0,0.890056,0.0,0.0
0.0,0.890056,0.0,0.0
0.0,0.900056,0.0,0.0
0.0,0.900056,0.0,0.0
0.0,0.900056,0.0,0.0
0.0,0.900056,0.0,0.0
0.0,0.910056,0.0,0.0
0.0,0.910056,0.0,0.0
0.0,0.910056,0.0,0.0
0.0,0.920056,0.0,0.0
0.0,0.920056,0.0,0.0
0.0,0.920056,0.0,0.0
0.0,0.920056,0.0,0.0
0.0,0.930056,0.0,0.0
0.0,0.930056,0.0,0.0
0.0,0.930056,0.0,0.0
0.0,0.930056,0.0,0.0
0.0,0.940056,0.0,0.0
0.0,0.940056,0.0,0.0
0.0,0.940056,0.0,0.0
0.0,0.950056,0.0,0.0
0.0,0.950056,0.0,0.0
0.0,0.950056,0.0,0.0
0.0,0.950056,0.0,0.0
0.0,0.960056,0.0,0.0
0.0,0.960056,0.0,0.0
0.0,0.960056,0.0,0.0
0.0,0.960056,0.0,0.0
0.0,0.970056,0.0,0.0
0.0,0.970056,0.0,0.0
0.0,0.970056,0.0,0.0
0.0,0.980056,0.0,0.0
0.0,0.980056,0.0,0.0
0.0,0.980056,0.0,0.0
0.0,0.980056,0.0,0.0
0.0,0.990056,0.0,0.0
0.0,0.990056,0.0,0.0
0.0,0.990056,0.0,0.0
0.0,0.990056,0.0,0.0
0.0,1.000056,0.0,0.0
0.0,1.000056,0.0,0.0
0.0,1.000056,0.0,0.0
0.0,1.010056,0.0,0.0
0.0,1.010056,0.0,0.0
0.0,1.010056,0.0,0.0
0.0,1.010056,0.0,0.0
0.0,1.020056,0.0,0.0
0.0,1.020056,0.0,0.0
0.0,1.020056,0.0,0.0
0.0,1.030056,0.0,0.0
0.0,1.030056,0.0,0.0
0.0,1.030056,0.0,0.0
0.0,1.080064,0.0,0.0
0.0,1.090056,0.0,0.0
0.0,1.090056,0.0,0.0
0.0,1.090056,0.0,0.0
0.0,1.100056,0.0,0.0
0.0,1.100056,0.0,0.0
0.0,1.100056,0.0,0.0
0.0,1.100056,0.0,0.0
0.0,1.110056,0.0,0.0
0.0,1.110056,0.0,0.0
0.0,1.110056,0.0,0.0
0.0,1.120064,0.0,0.0
0.0,1.120064,0.0,0.0
0.0,1.120064,0.0,0.0
0.0,1.170056,0.0,0.0
0.0,1.180056,0.0,0.0
0.0,1.180056,0.0,0.0
0.0,1.180056,0.0,0.0
0.0,1.190056,0.0,0.0
0.0,1.190056,0.0,0.0
0.0,1.190056,0.0,0.0
0.0,1.190056,0.0,0.0
0.0,1.200056,0.0,0.0
0.0,1.200056,0.0,0.0
0.0,1.200056,0.0,0.0
0.0,1.210056,0.0,0.0
0.0,1.210056,0.0,0.0
0.0,1.210056,0.0,0.0
0.0,1.260056,0.0,0.0
0.0,1.270056,0.0,0.0
0.0,1.270056,0.0,0.0
0.0,1.270056,0.0,0.0
0.0,1.280056,0.0,0.0
0.0,1.280056,0.0,0.0
0.0,1.280056,0.0,0.0
0.0,1.280056,0.0,0.0
0.0,1.290056,0.0,0.0
0.0,1.290056,0.0,0.0
0.0,1.290056,0.0,0.0
0.0,1.300056,0.0,0.0
0.0,1.300056,0.0,0.0
0.0,1.300056,0.0,0.0
0.0,1.350056,0.0,0.0
0.0,1.360056,0.0,0.0
0.0,1.360056,0.0,0.0
0.0,1.360056,0.0,0.0
0.0,1.370056,0.0,0.0
0.0,1.370056,0.0,0.0
0.0,1.370056,0.0,0.0
0.0,1.370056,0.0,0.0
0.0,1.380064,0.0,0.0
0.0,1.380064,0.0,0.0
0.0,1.380064,0.0,0.0
0.0,1.380064,0.0,0.0
0.0,1.390056,0.0,0.0
0.0,1.390056,0.0,0.0
0.0,1.440056,0.0,0.0
0.0,1.450056,0.0,0.0
0.0,1.450056,0.0,0.0
0.0,1.450056,0.0,0.0
0.0,1.460056,0.0,0.0
0.0,1.460056,0.0,0.0
0.0,1.460056,0.0,0.0
0.0,1.460056,0.0,0.0
0.0,1.470056,0.0,0.0
0.0,1.470056,0.0,0.0
0.0,1.470056,0.0,0.0
0.0,1.470056,0.0,0.0
0.0,1.480056,0.0,0.0
0.0,1.480056,0.0,0.0
0.0,1.530056,0.0,0.0
0.0,1.540056,0.0,0.0
0.0,1.540056,0.0,0.0
0.0,1.540056,0.0,0.0
0.0,1.540056,0.0,0.0
0.0,1.550056,0.0,0.0
0.0,1.550056,0.0,0.0
0.0,1.550056,0.0,0.0
0.0,1.560056,0.0,0.0
0.0,1.560056,0.0,0.0
0.0,1.560056,0.0,0.0
0.0,1.560056,0.0,0.0
0.0,1.570056,0.0,0.0
0.0,1.570056,0.0,0.0
0.0,1.620056,0.0,0.0
0.0,1.630056,0.0,0.0
0.0,1.630056,0.0,0.0
0.0,1.630056,0.0,0.0
0.0,1.630056,0.0,0.0
0.0,1.640056,0.0,0.0
0.0,1.640056,0.0,0.0
0.0,1.640056,0.0,0.0
0.0,1.650056,0.0,0.0
0.0,1.650056,0.0,0.0
0.0,1.650056,0.0,0.0
0.0,1.650056,0.0,0.0
0.0,1.660056,0.0,0.0
0.0,1.660056,0.0,0.0
0.0,1.710056,0.0,0.0
0.0,1.720064,0.0,0.0
0.0,1.720064,0.0,0.0
0.0,1.720064,0.0,0.0
0.0,1.720064,0.0,0.0
0.0,1.730056,0.0,0.0
0.0,1.730056,0.0,0.0
0.0,1.730056,0.0,0.0
0.0,1.740056,0.0,0.0
0.0,1.740056,0.0,0.0
0.0,1.740056,0.0,0.0
0.0,1.740056,0.0,0.0
0.0,1.750056,0.0,0.0
0.0,1.750056,0.0,0.0
0.0,1.800056,0.0,0.0
0.0,1.810056,0.0,0.0
0.0,1.810056,0.0,0.0
0.0,1.810056,0.0,0.0
0.0,1.810056,0.0,0.0
0.0,1.820056,0.0,0.0
0.0,1.820056,0.0,0.0
0.0,1.820056,0.0,0.0
0.0,1.830056,0.0,0.0
0.0,1.830056,0.0,0.0
0.0,1.830056,0.0,0.0
0.0,1.830056,0.0,0.0
0.0,1.840056,0.0,0.0
0.0,1.840056,0.0,0.0
0.0,1.890056,0.0,0.0
0.0,1.900056,0.0,0.0
0.0,1.900056,0.0,0.0
0.0,1.900056,0.0,0.0
0.0,1.900056,0.0,0.0
0.0,1.910056,0.0,0.0
0.0,1.910056,0.0,0.0
0.0,1.910056,0.0,0.0
0.0,1.920056,0.0,0.0
0.0,1.920056,0.0,0.0
0.0,1.920056,0.0,0.0
0.0,1.920056,0.0,0.0
0.0,1.930056,0.0,0.0
0.0,1.930056,0.0,0.0
0.0,1.980056,0.0,0.0
0.0,1.990056,0.0,0.0
0.0,1.990056,0.0,0.0
0.0,1.990056,0.0,0.0
0.0,1.990056,0.0,0.0
0.0,2.000056,0.0,0.0
0.0,2.000056,0.0,0.0
0.0,2.000056,0.0,0.0
0.0,2.010056,0.0,0.0
0.0,2.010056,0.0,0.0
0.0,2.010056,0.0,0.0
0.0,2.010056,0.0,0.0
0.0,2.020064,0.0,0.0
0.0,2.020064,0.0,0.0
0.0,2.070056,0.0,0.0
0.0,2.080056,0.0,0.0
0.0,2.080056,0.0,0.0
0.0,2.080056,0.0,0.0
0.0,2.080056,0.0,0.0
0.0,2.090056,0.0,0.0
0.0,2.090056,0.0,0.0
0.0,2.090056,0.0,0.0
0.0,2.100056,0.0,0.0
0.0,2.100056,0.0,0.0
0.0,2.100056,0.0,0.0
0.0,2.100056,0.0,0.0
0.0,2.110056,0.0,0.0
0.0,2.110056,0.0,0.0
0.0,2.160056,0.0,0.0
0.0,2.170056,0.0,0.0
0.0,2.170056,0.0,0.0
0.0,2.170056,0.0,0.0
0.0,2.170056,0.0,0.0
0.0,2.180056,0.0,0.0
0.0,2.180056,0.0,0.0
0.0,2.180056,0.0,0.0
0.0,2.190056,0.0,0.0
0.0,2.190056,0.0,0.0
0.0,2.190056,0.0,0.0
0.0,2.190056,0.0,0.0
0.0,2.200056,0.0,0.0
0.0,2.200056,0.0,0.0
0.0,2.250056,0.0,0.0
0.0,2.260056,0.0,0.0
0.0,2.260056,0.0,0.0
0.0,2.260056,0.0,0.0
0.0,2.260056,0.0,0.0
0.0,2.270056,0.0,0.0
0.0,2.270056,0.0,0.0
0.0,2.270056,0.0,0.0
0.0,2.280056,0.0,0.0
0.0,2.280056,0.0,0.0
0.0,2.280056,0.0,0.0
0.0,2.280056,0.0,0.0
0.0,2.290056,0.0,0.0
0.0,2.290056,0.0,0.0
0.0,2.340056,0.0,0.0
0.0,2.350056,0.0,0.0
0.0,2.350056,0.0,0.0
0.0,2.350056,0.0,0.0
0.0,2.350056,0.0,0.0
0.0,2.360064,0.0,0.0
0.0,2.360064,0.0,0.0
0.0,2.360064,0.0,0.0
0.0,2.370056,0.0,0.0
0.0,2.370056,0.0,0.0
0.0,2.370056,0.0,0.0
0.0,2.370056,0.0,0.0
0.0,2.380056,0.0,0.0
0.0,2.380056,0.0,0.0
0.0,2.430056,0.0,0.0
0.0,2.440056,0.0,0.0
0.0,2.440056,0.0,0.0
0.0,2.440056,0.0,0.0
0.0,2.440056,0.0,0.0
0.0,2.450056,0.0,0.0
0.0,2.450056,0.0,0.0
0.0,2.450056,0.0,0.0
0.0,2.450056,0.0,0.0
0.0,2.460056,0.0,0.0
0.0,2.460056,0.0,0.0
0.0,2.460056,0.0,0.0
0.0,2.470056,0.0,0.0
0.0,2.470056,0.0,0.0
0.0,2.470056,0.0,0.0
0.0,2.470056,0.0,0.0
0.0,2.480056,0.0,0.0
0.0,2.480056,0.0,0.0
0.0,2.480056,0.0,0.0
0.0,2.490056,0.0,0.0
0.0,2.490056,0.0,0.0
0.0,2.490056,0.0,0.0
0.0,2.490056,0.0,0.0
0.0,2.500056,0.0,0.0
0.0,2.500056,0.0,0.0
0.0,2.500056,0.0,0.0
0.0,2.510056,0.0,0.0
0.0,2.510056,0.0,0.0
0.0,2.520056,0.0,0.0
0.0,2.530056,0.0,0.0
0.0,2.530056,0.0,0.0
0.0,2.530056,0.0,0.0
0.0,2.530056,0.0,0.0
0.0,2.540056,0.0,0.0
0.0,2.540056,0.0,0.0
0.0,2.540056,0.0,0.0
0.0,2.540056,0.0,0.0
0.0,2.550056,0.0,0.0
0.0,2.550056,0.0,0.0
0.0,2.550056,0.0,0.0
0.0,2.560056,0.0,0.0
0.0,2.560056,0.0,0.0
0.0,2.610056,0.0,0.0
0.0,2.620056,0.0,0.0
0.0,2.620056,0.0,0.0
0.0,2.620056,0.0,0.0
0.0,2.620056,0.0,0.0
0.0,2.630056,0.0,0.0
0.0,2.630056,0.0,0.0
0.0,2.630056,0.0,0.0
0.0,2.630056,0.0,0.0
0.0,2.640056,0.0,0.0
0.0,2.640056,0.0,0.0
0.0,2.640056,0.0,0.0
0.0,2.650056,0.0,0.0
0.0,2.650056,0.0,0.0
0.0,2.700064,0.0,0.0
0.0,2.700064,0.0,0.0
0.0,2.710056,0.0,0.0
0.0,2.710056,0.0,0.0
0.0,2.710056,0.0,0.0
0.0,2.720056,0.0,0.0
0.0,2.720056,0.0,0.0
0.0,2.720056,0.0,0.0
0.0,2.720056,0.0,0.0
0.0,2.730056,0.0,0.0
0.0,2.730056,0.0,0.0
0.0,2.730056,0.0,0.0
0.0,2.740056,0.0,0.0
0.0,2.740056,0.0,0.0
0.0,2.790056,0.0,0.0
0.0,2.790056,0.0,0.0
0.0,2.800056,0.0,0.0
0.0,2.800056,0.0,0.0
0.0,2.800056,0.0,0.0
0.0,2.810056,0.0,0.0
0.0,2.810056,0.0,0.0
0.0,2.810056,0.0,0.0
0.0,2.810056,0.0,0.0
0.0,2.820056,0.0,0.0
0.0,2.820056,0.0,0.0
0.0,2.820056,0.0,0.0
0.0,2.830056,0.0,0.0
0.0,2.830056,0.0,0.0
0.0,2.880056,0.0,0.0
0.0,2.880056,0.0,0.0
0.0,2.890056,0.0,0.0
0.0,2.890056,0.0,0.0
0.0,2.890056,0.0,0.0
0.0,2.900056,0.0,0.0
0.0,2.900056,0.0,0.0
0.0,2.900056,0.0,0.0
0.0,2.900056,0.0,0.0
0.0,2.910056,0.0,0.0
0.0,2.910056,0.0,0.0
0.0,2.910056,0.0,0.0
0.0,2.920056,0.0,0.0
0.0,2.920056,0.0,0.0
0.0,2.970056,0.0,0.0
0.0,2.970056,0.0,0.0
0.0,2.980056,0.0,0.0
0.0,2.980056,0.0,0.0
0.0,2.980056,0.0,0.0
0.0,2.990056,0.0,0.0
0.0,2.990056,0.0,0.0
0.0,2.990056,0.0,0.0
0.0,2.990056,0.0,0.0
0.0,3.000064,0.0,0.0
0.0,3.000064,0.0,0.0
0.0,3.000064,0.0,0.0
0.0,3.010056,0.0,0.0
0.0,3.010056,0.0,0.0
0.0,3.060056,0.0,0.0
0.0,3.060056,0.0,0.0
0.0,3.070056,0.0,0.0
0.0,3.070056,0.0,0.0
0.0,3.070056,0.0,0.0
0.0,3.080056,0.0,0.0
0.0,3.080056,0.0,0.0
0.0,3.080056,0.0,0.0
0.0,3.080056,0.0,0.0
0.0,3.090056,0.0,0.0
0.0,3.090056,0.0,0.0
0.0,3.090056,0.0,0.0
0.0,3.100056,0.0,0.0
0.0,3.100056,0.0,0.0
0.0,3.150056,0.0,0.0
0.0,3.150056,0.0,0.0
0.0,3.160056,0.0,0.0
0.0,3.160056,0.0,0.0
0.0,3.160056,0.0,0.0
0.0,3.170056,0.0,0.0
0.0,3.170056,0.0,0.0
0.0,3.170056,0.0,0.0
0.0,3.170056,0.0,0.0
0.0,3.180056,0.0,0.0
0.0,3.180056,0.0,0.0
0.0,3.180056,0.0,0.0
0.0,3.190056,0.0,0.0
0.0,3.190056,0.0,0.0
0.0,3.190056,0.0,0.0
0.0,3.190056,0.0,0.0
0.0,3.20006,0.0,0.0
0.0,3.20006,0.0,0.0
0.0,3.20006,0.0,0.0
0.0,3.20006,0.0,0.0
0.0,3.210056,0.0,0.0
0.0,3.210056,0.0,0.0
0.0,3.210056,0.0,0.0
0.0,3.220056,0.0,0.0
0.0,3.220056,0.0,0.0
0.0,3.220056,0.0,0.0
0.0,3.220056,0.0,0.0
0.0,3.230056,0.0,0.0
0.0,3.230056,0.0,0.0
0.0,3.230056,0.0,0.0
0.0,3.240056,0.0,0.0
0.0,3.240056,0.0,0.0
0.0,3.240056,0.0,0.0
0.0,3.240056,0.0,0.0
0.0,3.250056,0.0,0.0
0.0,3.250056,0.0,0.0
0.0,3.250056,0.0,0.0
0.0,3.260056,0.0,0.0
0.0,3.260056,0.0,0.0
0.0,3.260056,0.0,0.0
0.0,3.260056,0.0,0.0
0.0,3.270056,0.0,0.0
0.0,3.270056,0.0,0.0
0.0,3.270056,0.0,0.0
0.0,3.280056,0.0,0.0
0.0,3.280056,0.0,0.0
0.0,3.280056,0.0,0.0
0.0,3.280056,0.0,0.0
0.0,3.290056,0.0,0.0
0.0,3.290056,0.0,0.0
0.0,3.290056,0.0,0.0
0.0,3.290056,0.0,0.0
0.0,3.300064,0.0,0.0
0.0,3.300064,0.0,0.0
0.0,3.300064,0.0,0.0
0.0,3.310056,0.0,0.0
0.0,3.310056,0.0,0.0
0.0,3.310056,0.0,0.0
0.0,3.310056,0.0,0.0
0.0,3.320056,0.0,0.0
0.0,3.320056,0.0,0.0
0.0,3.320056,0.0,0.0
0.0,3.330056,0.0,0.0
0.0,3.330056,0.0,0.0
0.0,3.330056,0.0,0.0
0.0,3.340064,0.0,0.0
0.0,3.340064,0.0,0.0
0.0,3.340064,0.0,0.0
0.0,3.350056,0.0,0.0
0.0,3.350056,0.0,0.0
0.0,3.350056,0.0,0.0
0.0,3.350056,0.0,0.0
0.0,3.360056,0.0,0.0
0.0,3.360056,0.0,0.0
0.0,3.360056,0.0,0.0
0.0,3.360056,0.0,0.0
0.0,3.370056,0.0,0.0
0.0,3.420056,0.0,0.0
0.0,3.420056,0.0,0.0
0.0,3.430056,0.0,0.0
0.0,3.430056,0.0,0.0
0.0,3.430056,0.0,0.0
0.0,3.440056,0.0,0.0
0.0,3.440056,0.0,0.0
0.0,3.440056,0.0,0.0
0.0,3.440056,0.0,0.0
0.0,3.450056,0.0,0.0
0.0,3.450056,0.0,0.0
0.0,3.450056,0.0,0.0
0.0,3.450056,0.0,0.0
0.0,3.460056,0.0,0.0
0.0,3.510056,0.0,0.0
0.0,3.510056,0.0,0.0
0.0,3.520056,0.0,0.0
0.0,3.520056,0.0,0.0
0.0,3.520056,0.0,0.0
0.0,3.520056,0.0,0.0
0.0,3.530056,0.0,0.0
0.0,3.530056,0.0,0.0
0.0,3.530056,0.0,0.0
0.0,3.540056,0.0,0.0
0.0,3.540056,0.0,0.0
0.0,3.540056,0.0,0.0
0.0,3.540056,0.0,0.0
0.0,3.550056,0.0,0.0
0.0,3.600056,0.0,0.0
0.0,3.600056,0.0,0.0
0.0,3.610056,0.0,0.0
0.0,3.610056,0.0,0.0
0.0,3.610056,0.0,0.0
0.0,3.610056,0.0,0.0
0.0,3.620056,0.0,0.0
0.0,3.620056,0.0,0.0
0.0,3.620056,0.0,0.0
0.0,3.630056,0.0,0.0
0.0,3.630056,0.0,0.0
0.0,3.630056,0.0,0.0
0.0,3.630056,0.0,0.0
0.0,3.640064,0.0,0.0
0.0,3.690056,0.0,0.0
0.0,3.690056,0.0,0.0
0.0,3.700056,0.0,0.0
0.0,3.700056,0.0,0.0
0.0,3.700056,0.0,0.0
0.0,3.700056,0.0,0.0
0.0,3.710056,0.0,0.0
0.0,3.710056,0.0,0.0
0.0,3.710056,0.0,0.0
0.0,3.720056,0.0,0.0
0.0,3.720056,0.0,0.0
0.0,3.720056,0.0,0.0
0.0,3.720056,0.0,0.0
0.0,3.730056,0.0,0.0
0.0,3.780056,0.0,0.0
0.0,3.780056,0.0,0.0
0.0,3.790056,0.0,0.0
0.0,3.790056,0.0,0.0
0.0,3.790056,0.0,0.0
0.0,3.790056,0.0,0.0
0.0,3.800056,0.0,0.0
0.0,3.800056,0.0,0.0
0.0,3.800056,0.0,0.0
0.0,3.810056,0.0,0.0
0.0,3.810056,0.0,0.0
0.0,3.810056,0.0,0.0
0.0,3.810056,0.0,0.0
0.0,3.820056,0.0,0.0
0.0,3.870056,0.0,0.0
0.0,3.870056,0.0,0.0
0.0,3.880056,0.0,0.0
0.0,3.880056,0.0,0.0
0.0,3.880056,0.0,0.0
0.0,3.880056,0.0,0.0
0.0,3.890056,0.0,0.0
0.0,3.890056,0.0,0.0
0.0,3.890056,0.0,0.0
0.0,3.900056,0.0,0.0
0.0,3.900056,0.0,0.0
0.0,3.900056,0.0,0.0
0.0,3.900056,0.0,0.0
0.0,3.910056,0.0,0.0
0.0,3.960056,0.0,0.0
0.0,3.960056,0.0,0.0
0.0,3.970056,0.0,0.0
0.0,3.970056,0.0,0.0
0.0,3.970056,0.0,0.0
0.0,3.970056,0.0,0.0
0.0,3.980064,0.0,0.0
0.0,3.980064,0.0,0.0
0.0,3.980064,0.0,0.0
0.0,3.990056,0.0,0.0
0.0,3.990056,0.0,0.0
0.0,3.990056,0.0,0.0
0.0,3.990056,0.0,0.0
0.0,4.000056,0.0,0.0
0.0,4.050056,0.0,0.0
0.0,4.050056,0.0,0.0
0.0,4.060056,0.0,0.0
0.0,4.060056,0.0,0.0
0.0,4.060056,0.0,0.0
0.0,4.060056,0.0,0.0
0.0,4.070056,0.0,0.0
0.0,4.070056,0.0,0.0
0.0,4.070056,0.0,0.0
0.0,4.080056,0.0,0.0
0.0,4.080056,0.0,0.0
0.0,4.080056,0.0,0.0
0.0,4.080056,0.0,0.0
0.0,4.090056,0.0,0.0
0.0,4.140056,0.0,0.0
0.0,4.140056,0.0,0.0
0.0,4.150056,0.0,0.0
0.0,4.150056,0.0,0.0
0.0,4.150056,0.0,0.0
0.0,4.150056,0.0,0.0
0.0,4.160056,0.0,0.0
0.0,4.160056,0.0,0.0
0.0,4.160056,0.0,0.0
0.0,4.170056,0.0,0.0
0.0,4.170056,0.0,0.0
0.0,4.170056,0.0,0.0
0.0,4.170056,0.0,0.0
0.0,4.180056,0.0,0.0
0.0,4.230056,0.0,0.0
0.0,4.230056,0.0,0.0
0.0,4.240056,0.0,0.0
0.0,4.240056,0.0,0.0
0.0,4.240056,0.0,0.0
0.0,4.240056,0.0,0.0
0.0,4.250056,0.0,0.0
0.0,4.250056,0.0,0.0
0.0,4.250056,0.0,0.0
0.0,4.260056,0.0,0.0
0.0,4.260056,0.0,0.0
0.0,4.260056,0.0,0.0
0.0,4.260056,0.0,0.0
0.0,4.270056,0.0,0.0
0.0,4.320064,0.0,0.0
0.0,4.320064,0.0,0.0
0.0,4.330056,0.0,0.0
0.0,4.330056,0.0,0.0
0.0,4.330056,0.0,0.0
0.0,4.330056,0.0,0.0
0.0,4.340056,0.0,0.0
0.0,4.340056,0.0,0.0
0.0,4.340056,0.0,0.0
0.0,4.350056,0.0,0.0
0.0,4.350056,0.0,0.0
0.0,4.350056,0.0,0.0
0.0,4.350056,0.0,0.0
0.0,4.360056,0.0,0.0
0.0,4.410056,0.0,0.0
0.0,4.410056,0.0,0.0
0.0,4.420056,0.0,0.0
0.0,4.420056,0.0,0.0
0.0,4.420056,0.0,0.0
0.0,4.420056,0.0,0.0
0.0,4.430056,0.0,0.0
0.0,4.430056,0.0,0.0
0.0,4.430056,0.0,0.0
0.0,4.430056,0.0,0.0
0.0,4.440056,0.0,0.0
0.0,4.440056,0.0,0.0
0.0,4.440056,0.0,0.0
0.0,4.450056,0.0,0.0
0.0,4.500056,0.0,0.0
0.0,4.500056,0.0,0.0
0.0,4.510056,0.0,0.0
0.0,4.510056,0.0,0.0
0.0,4.510056,0.0,0.0
0.0,4.510056,0.0,0.0
0.0,4.520056,0.0,0.0
0.0,4.520056,0.0,0.0
0.0,4.520056,0.0,0.0
0.0,4.520056,0.0,0.0
0.0,4.530056,0.0,0.0
0.0,4.530056,0.0,0.0
0.0,4.530056,0.0,0.0
0.0,4.540056,0.0,0.0
0.0,4.590056,0.0,0.0
0.0,4.590056,0.0,0.0
0.0,4.600056,0.0,0.0
0.0,4.600056,0.0,0.0
0.0,4.600056,0.0,0.0
0.0,4.600056,0.0,0.0
0.0,4.610056,0.0,0.0
0.0,4.610056,0.0,0.0
0.0,4.610056,0.0,0.0
0.0,4.610056,0.0,0.0
0.0,4.620064,0.0,0.0
0.0,4.620064,0.0,0.0
0.0,4.620064,0.0,0.0
0.0,4.630056,0.0,0.0
0.0,4.680056,0.0,0.0
0.0,4.680056,0.0,0.0
0.0,4.680056,0.0,0.0
0.0,4.690056,0.0,0.0
0.0,4.690056,0.0,0.0
0.0,4.690056,0.0,0.0
0.0,4.700056,0.0,0.0
0.0,4.700056,0.0,0.0
0.0,4.700056,0.0,0.0
0.0,4.700056,0.0,0.0
0.0,4.710056,0.0,0.0
0.0,4.710056,0.0,0.0
0.0,4.710056,0.0,0.0
0.0,4.720056,0.0,0.0
0.0,4.770056,0.0,0.0
0.0,4.770056,0.0,0.0
0.0,4.770056,0.0,0.0
0.0,4.780056,0.0,0.0
0.0,4.780056,0.0,0.0
0.0,4.780056,0.0,0.0
0.0,4.790056,0.0,0.0
0.0,4.790056,0.0,0.0
0.0,4.790056,0.0,0.0
0.0,4.790056,0.0,0.0
0.0,4.800056,0.0,0.0
0.0,4.800056,0.0,0.0
0.0,4.800056,0.0,0.0
0.0,4.810056,0.0,0.0
0.0,4.860056,0.0,0.0
0.0,4.860056,0.0,0.0
0.0,4.860056,0.0,0.0
0.0,4.870056,0.0,0.0
0.0,4.870056,0.0,0.0
0.0,4.870056,0.0,0.0
0.0,4.880056,0.0,0.0
0.0,4.880056,0.0,0.0
0.0,4.880056,0.0,0.0
0.0,4.880056,0.0,0.0
0.0,4.890056,0.0,0.0
0.0,4.890056,0.0,0.0
0.0,4.890056,0.0,0.0
0.0,4.900056,0.0,0.0
0.0,4.950056,0.0,0.0
0.0,4.950056,0.0,0.0
0.0,4.950056,0.0,0.0
0.0,4.960064,0.0,0.0
0.0,4.960064,0.0,0.0
0.0,4.960064,0.0,0.0
0.0,4.970056,0.0,0.0
0.0,4.970056,0.0,0.0
0.0,4.970056,0.0,0.0
0.0,4.970056,0.0,0.0
0.0,4.980056,0.0,0.0
0.0,4.980056,0.0,0.0
0.0,4.980056,0.0,0.0
0.0,4.990056,0.0,0.0
0.0,5.040056,0.0,0.5236
3.0,5.040056,0.0,0.5236
21.0,5.040056,0.0,0.5236
139.0,5.050056,0.0,0.5236
2757.0,5.050056,0.0,0.5236
2757.0261800000003,5.050056,0.0,0.5236
2757.05236,5.060056,0.0,0.5236
2757.0785400000004,5.060056,0.0,0.5236
2757.1047200000003,5.060056,0.0,0.5236
2757.1309,5.060056,0.0,0.523
2757.1570800000004,5.070056,0.0,0.52
2757.1832600000002,5.070056,0.0,0.5
2757.2094400000005,5.070056,0.0,0.0
2757.2356200000004,5.080056,0.0,0.0
2757.2356200000004,5.130056,0.0,0.5236
2760.2356200000004,5.130056,0.0,0.5236
2778.2356200000004,5.130056,0.0,0.5236
2896.2356200000004,5.140056,0.0,0.5236
5514.23562,5.140056,0.0,0.5236
5514.2618,5.140056,0.0,0.5236
5514.287980000001,5.150056,0.0,0.5236
5511.314160000001,5.150056,0.0,0.5236
5493.340340000001,5.150056,0.0,0.5236
5375.3665200000005,5.150056,0.0,0.523
2757.3927000000003,5.160056,0.0,0.52
2757.3927000000003,5.160056,0.0,0.5
2757.3927000000003,5.160056,0.0,0.0
2757.3927000000003,5.170056,0.0,0.0
2757.3665200000005,5.220056,0.0,0.5236
2760.3403400000007,5.220056,0.0,0.5236
2778.3141600000004,5.230056,0.0,0.5236
2896.2879800000005,5.230056,0.0,0.5236
5514.2618,5.230056,0.0,0.5236
5514.2618,5.230056,0.0,0.5236
5514.287980000001,5.240056,0.0,0.5236
5511.314160000001,5.240056,0.0,0.5236
5493.340340000001,5.240056,0.0,0.5236
5375.3665200000005,5.240056,0.0,0.5236
2757.3927000000003,5.250056,0.0,0.5236
2757.3927000000003,5.250056,0.0,0.5236
2757.3927000000003,5.250056,0.0,0.5236
2757.3927000000003,5.260056,0.0,0.5236
2757.3927000000003,5.260056,0.0,0.5236
2757.3927000000003,5.260056,0.0,0.5236
2757.3927000000003,5.260056,0.0,0.5236
2757.3927000000003,5.270056,0.0,0.5236
2757.3927000000003,5.270056,0.0,0.5236
2757.3927000000003,5.270056,0.0,0.5236
2757.4188800000006,5.280056,0.0,0.5236
2754.4450600000005,5.280056,0.0,0.5236
2736.4712400000008,5.280056,0.0,0.5236
2618.4974200000006,5.280056,0.0,0.5236
0.5236,5.290056,0.0,0.5236
0.5236,5.290056,0.0,0.5236
0.5236,5.290056,0.0,0.5236
0.5236,5.300056,0.0,0.5236
0.5236,5.300056,0.0,0.5236
0.5236,5.300056,0.0,0.5236
0.5236,5.300056,0.0,0.5236
0.5236,5.310056,0.0,0.5236
0.5236,5.310056,0.0,0.5236
0.5236,5.310056,0.0,0.5236
18.497419999999998,5.320056,0.0,0.5236
136.47124,5.320056,0.0,0.5236
2754.44506,5.320056,0.0,0.5236
2754.44506,5.320056,0.0,0.5236
2754.44506,5.330056,0.0,0.5236
2754.44506,5.330056,0.0,0.5236
2754.44506,5.330056,0.0,0.5236
2754.44506,5.340056,0.0,0.523
2754.44506,5.340056,0.0,0.52
2754.44506,5.340056,0.0,0.5
2754.44506,5.340056,0.0,0.0
2754.44506,5.350056,0.0,0.0
2754.41888,5.400056,0.0,0.5236
2757.3927000000003,5.400056,0.0,0.5236
2775.36652,5.410056,0.0,0.5236
2893.34034,5.410056,0.0,0.5236
5511.314160000001,5.410056,0.0,0.5236
5511.314160000001,5.410056,0.0,0.5236
5511.314160000001,5.420056,0.0,0.5236
5511.314160000001,5.420056,0.0,0.5236
5493.340340000001,5.420056,0.0,0.5236
5375.3665200000005,5.430056,0.0,0.523
2757.3927000000003,5.430056,0.0,0.52
2757.3927000000003,5.430056,0.0,0.5
2757.3927000000003,5.430056,0.0,0.0
2757.3927000000003,5.440056,0.0,0.0
2757.3665200000005,5.490056,0.0,0.5236
2760.3403400000007,5.490056,0.0,0.5236
2778.3141600000004,5.500056,0.0,0.5236
2896.2879800000005,5.500056,0.0,0.5236
5514.2618,5.500056,0.0,0.5236
5514.2618,5.500056,0.0,0.5236
5514.287980000001,5.510056,0.0,0.5236
5511.314160000001,5.510056,0.0,0.5236
5493.340340000001,5.510056,0.0,0.5236
5375.3665200000005,5.520056,0.0,0.523
2757.3927000000003,5.520056,0.0,0.52
2757.3927000000003,5.520056,0.0,0.5
2757.3927000000003,5.520056,0.0,0.0
2757.3927000000003,5.530056,0.0,0.0
2757.3665200000005,5.580056,0.0,0.5236
2760.3403400000007,5.580056,0.0,0.5236
2778.3141600000004,5.590056,0.0,0.5236
2896.2879800000005,5.590056,0.0,0.5236
5514.2618,5.590056,0.0,0.5236
5514.2618,5.590056,0.0,0.5236
5514.287980000001,5.600056,0.0,0.5236
5511.314160000001,5.600056,0.0,0.5236
5493.340340000001,5.600056,0.0,0.5236
5375.3665200000005,5.610056,0.0,0.523
2757.3927000000003,5.610056,0.0,0.52
2757.3927000000003,5.610056,0.0,0.5
2757.3927000000003,5.610056,0.0,0.0
2757.3927000000003,5.620056,0.0,0.0
2757.36652,5.670056,0.0,0.5236
2760.34034,5.670056,0.0,0.5236
2778.31416,5.680056,0.0,0.5236
2896.28798,5.680056,0.0,0.5236
5514.2618,5.680056,0.0,0.5236
5514.2618,5.680056,0.0,0.5236
5514.287980000001,5.690056,0.0,0.5236
5511.314160000001,5.690056,0.0,0.5236
5493.340340000001,5.690056,0.0,0.5236
5375.3665200000005,5.700056,0.0,0.523
2757.3927000000003,5.700056,0.0,0.52
2757.3927000000003,5.700056,0.0,0.5
2757.3927000000003,5.700056,0.0,0.0
2757.3927000000003,5.710056,0.0,0.0
2757.3665200000005,5.76006,0.0,0.5236
2760.3403400000007,5.76006,0.0,0.5236
2778.3141600000004,5.770056,0.0,0.5236
2896.2879800000005,5.770056,0.0,0.5236
5514.2618,5.770056,0.0,0.5236
5514.2618,5.780056,0.0,0.5236
5514.287980000001,5.780056,0.0,0.5236
5511.314160000001,5.780056,0.0,0.5236
5493.340340000001,5.780056,0.0,0.5236
5375.3665200000005,5.790056,0.0,0.523
2757.3927000000003,5.790056,0.0,0.52
2757.3927000000003,5.790056,0.0,0.5
2757.3927000000003,5.790056,0.0,0.0
2757.3927000000003,5.800056,0.0,0.0
2757.3665200000005,5.850056,0.0,0.5236
2760.3403400000007,5.850056,0.0,0.5236
2778.3141600000004,5.860056,0.0,0.5236
2896.2879800000005,5.860056,0.0,0.5236
5514.2618,5.860056,0.0,0.5236
5514.2618,5.870056,0.0,0.5236
5514.287980000001,5.870056,0.0,0.5236
5511.314160000001,5.870056,0.0,0.5236
5493.340340000001,5.870056,0.0,0.5236
5375.3665200000005,5.880056,0.0,0.523
2757.3927000000003,5.880056,0.0,0.52
2757.3927000000003,5.880056,0.0,0.5
2757.3927000000003,5.890056,0.0,0.0
2757.3927000000003,5.890056,0.0,0.0
2757.3665200000005,5.940056,0.0,0.5236
2760.3403400000007,5.940056,0.0,0.5236
2778.3141600000004,5.950056,0.0,0.5236
2896.2879800000005,5.950056,0.0,0.5236
5514.2618,5.950056,0.0,0.5236
5514.2618,5.960056,0.0,0.5236
5514.287980000001,5.960056,0.0,0.5236
5511.314160000001,5.960056,0.0,0.5236
5493.340340000001,5.960056,0.0,0.5236
5375.3665200000005,5.970056,0.0,0.523
2757.3927000000003,5.970056,0.0,0.52
2757.3927000000003,5.970056,0.0,0.5
2757.3927000000003,5.980056,0.0,0.0
2757.3927000000003,5.980056,0.0,0.0
2757.36652,6.030056,0.0,0.5236
2760.3403400000007,6.030056,0.0,0.5236
2778.3141600000004,6.040056,0.0,0.5236
2896.2879800000005,6.040056,0.0,0.5236
5514.2618,6.040056,0.0,0.5236
5514.2618,6.050056,0.0,0.5236
5514.287980000001,6.050056,0.0,0.5236
5511.314160000001,6.050056,0.0,0.5236
5493.340340000001,6.050056,0.0,0.5236
5375.3665200000005,6.060056,0.0,0.523
2757.3927000000003,6.060056,0.0,0.52
2757.3927000000003,6.060056,0.0,0.5
2757.3927000000003,6.070056,0.0,0.0
2757.3927000000003,6.070056,0.0,0.0
2757.3665200000005,6.120056,0.0,0.5236
2760.3403400000007,6.120056,0.0,0.5236
2778.3141600000004,6.130056,0.0,0.5236
2896.2879800000005,6.130056,0.0,0.5236
5514.2618,6.130056,0.0,0.5236
5514.2618,6.140056,0.0,0.5236
5514.287980000001,6.140056,0.0,0.5236
5511.314160000001,6.140056,0.0,0.5236
5493.340340000001,6.140056,0.0,0.5236
5375.3665200000005,6.150056,0.0,0.523
2757.3927000000003,6.150056,0.0,0.52
2757.3927000000003,6.150056,0.0,0.5
2757.3927000000003,6.160056,0.0,0.0
2757.3927000000003,6.160056,0.0,0.0
2757.3665200000005,6.210056,0.0,0.5236
2760.3403400000007,6.220056,0.0,0.5236
2778.3141600000004,6.220056,0.0,0.5236
2896.2879800000005,6.220056,0.0,0.5236
5514.2618,6.220056,0.0,0.5236
5514.2618,6.230056,0.0,0.5236
5514.287980000001,6.230056,0.0,0.5236
5511.314160000001,6.230056,0.0,0.5236
5493.340340000001,6.230056,0.0,0.5236
5375.3665200000005,6.240056,0.0,0.523
2757.3927000000003,6.240056,0.0,0.52
2757.3927000000003,6.240056,0.0,0.5
2757.3927000000003,6.250056,0.0,0.0
2757.3927000000003,6.250056,0.0,0.0
2757.36652,6.300056,0.0,0.5236
2760.34034,6.310056,0.0,0.5236
2778.31416,6.310056,0.0,0.5236
2896.2879800000005,6.310056,0.0,0.5236
5514.2618,6.310056,0.0,0.5236
5514.2618,6.320056,0.0,0.5236
5514.287980000001,6.320056,0.0,0.5236
5511.314160000001,6.320056,0.0,0.5236
5493.340340000001,6.330056,0.0,0.5236
5375.3665200000005,6.330056,0.0,0.523
2757.3927000000003,6.330056,0.0,0.52
2757.3927000000003,6.330056,0.0,0.5
2757.3927000000003,6.340056,0.0,0.0
2757.3927000000003,6.340056,0.0,0.0
2757.3665200000005,6.390056,0.0,0.5236
2760.3403400000007,6.40006,0.0,0.5236
2778.3141600000004,6.40006,0.0,0.5236
2896.2879800000005,6.40006,0.0,0.5236
5514.2618,6.40006,0.0,0.5236
5514.2618,6.410056,0.0,0.5236
5514.287980000001,6.410056,0.0,0.5236
5511.314160000001,6.410056,0.0,0.5236
5493.340340000001,6.420056,0.0,0.5236
5375.3665200000005,6.420056,0.0,0.523
2757.3927000000003,6.420056,0.0,0.52
2757.3927000000003,6.420056,0.0,0.5
2757.3927000000003,6.430056,0.0,0.0
2757.3927000000003,6.430056,0.0,0.0
2757.3665200000005,6.480056,0.0,0.5236
2760.3403400000007,6.490056,0.0,0.5236
2778.3141600000004,6.490056,0.0,0.5236
2896.2879800000005,6.490056,0.0,0.5236
5514.2618,6.490056,0.0,0.5236
5514.2618,6.500056,0.0,0.5236
5514.287980000001,6.500056,0.0,0.5236
5511.314160000001,6.500056,0.0,0.5236
5493.340340000001,6.510056,0.0,0.5236
5375.3665200000005,6.510056,0.0,0.523
2757.3927000000003,6.510056,0.0,0.52
2757.3927000000003,6.510056,0.0,0.5
2757.3927000000003,6.520056,0.0,0.0
2757.3927000000003,6.520056,0.0,0.0
2757.36652,6.570056,0.0,0.5236
2760.34034,6.580056,0.0,0.5236
2778.31416,6.580056,0.0,0.5236
2896.28798,6.580056,0.0,0.5236
5514.2618,6.580056,0.0,0.5236
5514.2618,6.590056,0.0,0.5236
5514.287980000001,6.590056,0.0,0.5236
5511.314160000001,6.590056,0.0,0.5236
5493.340340000001,6.600056,0.0,0.5236
5375.3665200000005,6.600056,0.0,0.523
2757.3927000000003,6.600056,0.0,0.52
2757.3927000000003,6.600056,0.0,0.5
2757.3927000000003,6.610056,0.0,0.0
2757.3927000000003,6.610056,0.0,0.0
2757.3665200000005,6.660056,0.0,0.5236
2760.3403400000007,6.670056,0.0,0.5236
2778.3141600000004,6.670056,0.0,0.5236
2896.2879800000005,6.670056,0.0,0.5236
5514.2618,6.670056,0.0,0.5236
5514.2618,6.680056,0.0,0.5236
5514.287980000001,6.680056,0.0,0.5236
5511.314160000001,6.680056,0.0,0.5236
5493.340340000001,6.690056,0.0,0.5236
5375.3665200000005,6.690056,0.0,0.523
2757.3927000000003,6.690056,0.0,0.52
2757.3927000000003,6.690056,0.0,0.5
2757.3927000000003,6.700056,0.0,0.0
2757.3927000000003,6.700056,0.0,0.0
2757.3665200000005,6.750056,0.0,0.5236
2760.3403400000007,6.760056,0.0,0.5236
2778.3141600000004,6.760056,0.0,0.5236
2896.2879800000005,6.760056,0.0,0.5236
5514.2618,6.770056,0.0,0.5236
5514.2618,6.770056,0.0,0.5236
5514.287980000001,6.770056,0.0,0.5236
5511.314160000001,6.770056,0.0,0.5236
5493.340340000001,6.780056,0.0,0.5236
5375.3665200000005,6.780056,0.0,0.523
2757.3927000000003,6.780056,0.0,0.52
2757.3927000000003,6.780056,0.0,0.5
2757.3927000000003,6.790056,0.0,0.0
2757.3927000000003,6.790056,0.0,0.0
2757.3665200000005,6.840056,0.0,0.5236
2760.3403400000007,6.850056,0.0,0.5236
2778.3141600000004,6.850056,0.0,0.5236
2896.2879800000005,6.850056,0.0,0.5236
5514.2618,6.860056,0.0,0.5236
5514.2618,6.860056,0.0,0.5236
5514.287980000001,6.860056,0.0,0.5236
5511.314160000001,6.860056,0.0,0.5236
5493.340340000001,6.870056,0.0,0.5236
5375.3665200000005,6.870056,0.0,0.523
2757.3927000000003,6.870056,0.0,0.52
2757.3927000000003,6.880056,0.0,0.5
2757.3927000000003,6.880056,0.0,0.0
2757.3927000000003,6.880056,0.0,0.0
2757.36652,6.930056,0.0,0.5236
2760.3403400000007,6.940056,0.0,0.5236
2778.3141600000004,6.940056,0.0,0.5236
2896.2879800000005,6.940056,0.0,0.5236
5514.2618,6.950056,0.0,0.5236
5514.2618,6.950056,0.0,0.5236
5514.287980000001,6.950056,0.0,0.5236
5511.314160000001,6.950056,0.0,0.5236
5493.340340000001,6.960056,0.0,0.5236
5375.3665200000005,6.960056,0.0,0.523
2757.3927000000003,6.960056,0.0,0.52
2757.3927000000003,6.970056,0.0,0.5
2757.3927000000003,6.970056,0.0,0.0
2757.3927000000003,6.970056,0.0,0.0
2757.5165200000006,7.020056,0.0,1.22173
2761.1403400000004,7.030056,0.0,1.22173
2769.7641600000006,7.030056,0.0,1.22173
2878.3879800000004,7.030056,0.0,1.22173
3987.0118,7.04006,0.0,1.22173
3986.9967065000005,7.04006,0.0,1.22173
3987.057793000001,7.04006,0.0,1.22173
3984.1188795000003,7.04006,0.0,1.22173
3966.1799660000006,7.050056,0.0,1.2217
3848.241052500001,7.050056,0.0,1.221
1230.3021390000006,7.050056,0.0,1.22
1230.3370455000006,7.060056,0.0,1.2
1230.3719520000006,7.060056,0.0,1.0
1230.4068585000007,7.060056,0.0,1.0
1230.5306785000007,7.110056,0.0,1.22173
1234.1544985000007,7.120056,0.0,1.22173
1242.7783185000008,7.120056,0.0,1.22173
1351.4021385000005,7.120056,0.0,1.22173
2460.025958500001,7.130056,0.0,1.22173
2460.0108650000006,7.130056,0.0,1.22173
2459.9219515000004,7.130056,0.0,1.22173
2456.333038,7.130056,0.0,1.22173
2447.7441245000005,7.140056,0.0,1.2217
2339.1552110000002,7.140056,0.0,1.221
1230.5662975000002,7.140056,0.0,1.22
1230.6162975000002,7.150056,0.0,1.2
1230.6162975000002,7.150056,0.0,1.0
1230.6162975000002,7.150056,0.0,1.0
1230.7052110000004,7.210056,0.0,1.22173
1234.2941245000002,7.210056,0.0,1.22173
1242.8830380000002,7.210056,0.0,1.22173
1351.4719515000004,7.210056,0.0,1.22173
2460.060865,7.220056,0.0,1.22173
2460.010865,7.220056,0.0,1.22173
2459.9219515,7.220056,0.0,1.22173
2456.3330379999998,7.220056,0.0,1.22173
2447.7441245,7.230056,0.0,1.2217
2339.1552110000002,7.230056,0.0,1.221
1230.5662975000005,7.230056,0.0,1.22
1230.6162975000007,7.240056,0.0,1.2
1230.6162975000007,7.240056,0.0,1.0
1230.6162975000007,7.240056,0.0,1.0
1230.7052110000006,7.300056,0.0,1.22173
1234.2941245000006,7.300056,0.0,1.22173
1242.8830380000006,7.300056,0.0,1.22173
1351.4719515000006,7.300056,0.0,1.22173
2460.0608649999995,7.310056,0.0,1.22173
2460.0108649999993,7.310056,0.0,1.22173
2459.921951499999,7.310056,0.0,1.22173
2456.333037999999,7.320056,0.0,1.22173
2447.744124499999,7.320056,0.0,1.2217
2339.1552109999993,7.320056,0.0,1.221
1230.566297500001,7.320056,0.0,1.22
1230.6162975000009,7.330056,0.0,1.2
1230.6162975000009,7.330056,0.0,1.0
1230.6162975000009,7.330056,0.0,1.0
1230.7052110000009,7.390056,0.0,1.22173
1234.2941245000009,7.390056,0.0,1.22173
1242.8830380000009,7.390056,0.0,1.22173
1351.4719515000006,7.390056,0.0,1.22173
2460.060865000001,7.400056,0.0,1.22173
2460.0108650000006,7.400056,0.0,1.22173
2459.9219515000004,7.400056,0.0,1.22173
2456.333038,7.410056,0.0,1.22173
2447.7441245000005,7.410056,0.0,1.2217
2339.1552110000007,7.410056,0.0,1.221
1230.5662975000002,7.410056,0.0,1.22
1230.6162975000002,7.420056,0.0,1.2
1230.6162975000002,7.420056,0.0,1.0
1230.6162975000002,7.420056,0.0,1.0
1230.7052110000002,7.480056,0.0,1.22173
1234.2941245000002,7.480056,0.0,1.22173
1242.8830380000002,7.480056,0.0,1.22173
1351.4719515000002,7.480056,0.0,1.22173
2460.060865,7.490056,0.0,1.22173
2460.010865,7.490056,0.0,1.22173
2459.9219515000004,7.490056,0.0,1.22173
2456.333038,7.500056,0.0,1.22173
2447.7441245000005,7.500056,0.0,1.2217
2339.1552110000002,7.500056,0.0,1.221
1230.5662975000005,7.500056,0.0,1.22
1230.6162975000007,7.510056,0.0,1.2
1230.6162975000007,7.510056,0.0,1.0
1230.6162975000007,7.510056,0.0,1.0
1230.7052110000004,7.570056,0.0,1.22173
1234.2941245000004,7.570056,0.0,1.22173
1242.8830380000006,7.570056,0.0,1.22173
1351.4719515000006,7.570056,0.0,1.22173
2460.0608649999995,7.580056,0.0,1.22173
2460.0108649999993,7.580056,0.0,1.22173
2459.9219514999995,7.580056,0.0,1.22173
2456.3330379999993,7.590056,0.0,1.22173
2447.744124499999,7.590056,0.0,1.2217
2339.1552109999993,7.590056,0.0,1.221
1230.5662975000007,7.590056,0.0,1.22
1230.6162975000007,7.600056,0.0,1.2
1230.6162975000007,7.600056,0.0,1.0
1230.6162975000007,7.600056,0.0,1.0
1230.7052110000006,7.660056,0.0,1.22173
1234.2941245000006,7.660056,0.0,1.22173
1242.8830380000006,7.660056,0.0,1.22173
1351.4719515000006,7.660056,0.0,1.22173
2460.0608649999995,7.670056,0.0,1.22173
2460.0108649999993,7.670056,0.0,1.22173
2459.921951499999,7.670056,0.0,1.22173
2456.333037999999,7.68006,0.0,1.22173
2447.744124499999,7.68006,0.0,1.2217
2339.1552109999993,7.68006,0.0,1.221
1230.566297500001,7.68006,0.0,1.22
1230.6162975000009,7.690056,0.0,1.2
1230.6162975000009,7.690056,0.0,1.0
1230.6162975000009,7.690056,0.0,1.0
1230.7052110000009,7.750056,0.0,1.22173
1234.2941245000009,7.750056,0.0,1.22173
1242.8830380000009,7.750056,0.0,1.22173
1351.4719515000006,7.760056,0.0,1.22173
2460.060865000001,7.760056,0.0,1.22173
2460.0108650000006,7.760056,0.0,1.22173
2459.9219515000004,7.760056,0.0,1.22173
2456.333038,7.770056,0.0,1.22173
2447.7441245000005,7.770056,0.0,1.2217
2339.1552110000002,7.770056,0.0,1.221
1230.5662975000005,7.770056,0.0,1.22
1230.6162975000004,7.780056,0.0,1.2
1230.6162975000004,7.780056,0.0,1.0
1230.6162975000004,7.780056,0.0,1.0
1230.7052110000004,7.840056,0.0,1.22173
1234.2941245000004,7.840056,0.0,1.22173
1242.8830380000004,7.840056,0.0,1.22173
1351.4719515000004,7.850056,0.0,1.22173
2460.0608649999995,7.850056,0.0,1.22173
2460.0108649999997,7.850056,0.0,1.22173
2459.9219514999995,7.850056,0.0,1.22173
2456.3330379999998,7.860056,0.0,1.22173
2447.7441245,7.860056,0.0,1.2217
2339.155211,7.860056,0.0,1.221
1230.5662975000007,7.870056,0.0,1.22
1230.6162975000007,7.870056,0.0,1.2
1230.6162975000007,7.870056,0.0,1.0
1230.6162975000007,7.870056,0.0,1.0
1230.7052110000006,7.930056,0.0,1.22173
1234.2941245000006,7.930056,0.0,1.22173
1242.8830380000006,7.930056,0.0,1.22173
1351.4719515000006,7.940056,0.0,1.22173
2460.0608649999995,7.940056,0.0,1.22173
2460.0108649999993,7.940056,0.0,1.22173
2459.921951499999,7.940056,0.0,1.22173
2456.333037999999,7.950056,0.0,1.22173
2447.744124499999,7.950056,0.0,1.22173
2339.1552109999993,7.950056,0.0,1.22173
1230.566297500001,7.960056,0.0,1.22173
1230.6162975000009,7.960056,0.0,1.22173
1230.6162975000009,7.960056,0.0,1.22173
1230.6162975000009,7.960056,0.0,1.22173
1230.6162975000009,7.970056,0.0,1.22173
1230.6162975000009,7.970056,0.0,1.22173
1230.6162975000009,7.970056,0.0,1.22173
1230.6162975000009,7.980056,0.0,1.22173
1230.6162975000009,7.980056,0.0,1.22173
1230.6162975000009,7.980056,0.0,1.22173
1230.527384000001,7.980056,0.0,1.22173
1226.938470500001,7.990056,0.0,1.22173
1218.3495570000011,7.990056,0.0,1.22173
1109.760643500001,7.990056,0.0,1.22173
1.1717300000000006,7.990056,0.0,1.22173
1.2217300000000006,8.000056,0.0,1.22173
1.2217300000000006,8.000056,0.0,1.22173
1.2217300000000006,8.000056,0.0,1.22173
1.2217300000000006,8.010056,0.0,1.22173
1.2217300000000006,8.010056,0.0,1.22173
1.2217300000000006,8.010056,0.0,1.22173
1.2217300000000006,8.010056,0.0,1.22173
1.2217300000000006,8.020056,0.0,1.22173
1.2217300000000006,8.020056,0.0,1.22173
9.810643500000005,8.020056,0.0,1.22173
118.39955700000007,8.030056,0.0,1.22173
1226.9884705000002,8.030056,0.0,1.22173
1226.9384705000002,8.030056,0.0,1.22173
1226.9384705000002,8.030056,0.0,1.22173
1226.9384705000002,8.040056,0.0,1.22173
1226.9384705000002,8.040056,0.0,1.2217
1226.9384705000002,8.040056,0.0,1.221
1226.9384705000002,8.050056,0.0,1.22
1226.9384705000002,8.050056,0.0,1.2
1226.9384705000002,8.050056,0.0,1.0
1226.9384705000002,8.050056,0.0,1.0
1227.0273840000004,8.110056,0.0,1.22173
1230.6162975000004,8.110056,0.0,1.22173
1239.2052110000004,8.110056,0.0,1.22173
1347.7941245000004,8.120056,0.0,1.22173
2456.3830379999995,8.120056,0.0,1.22173
2456.3330379999998,8.120056,0.0,1.22173
2456.3330379999998,8.120056,0.0,1.22173
2456.3330379999998,8.130056,0.0,1.22173
2447.7441245,8.130056,0.0,1.2217
2339.155211,8.130056,0.0,1.221
1230.5662975000007,8.140056,0.0,1.22
1230.6162975000007,8.140056,0.0,1.2
1230.6162975000007,8.140056,0.0,1.0
1230.6162975000007,8.140056,0.0,1.0
1230.7052110000006,8.200056,0.0,1.22173
1234.2941245000006,8.200056,0.0,1.22173
1242.8830380000006,8.200056,0.0,1.22173
1351.4719515000006,8.210056,0.0,1.22173
2460.0608649999995,8.210056,0.0,1.22173
2460.0108649999993,8.210056,0.0,1.22173
2459.921951499999,8.210056,0.0,1.22173
2456.333037999999,8.220056,0.0,1.22173
2447.744124499999,8.220056,0.0,1.2217
2339.1552109999993,8.220056,0.0,1.221
1230.566297500001,8.230056,0.0,1.22
1230.6162975000009,8.230056,0.0,1.2
1230.6162975000009,8.230056,0.0,1.0
1230.6162975000009,8.230056,0.0,1.0
1230.7052110000009,8.290056,0.0,1.22173
1234.2941245000009,8.290056,0.0,1.22173
1242.8830380000009,8.290056,0.0,1.22173
1351.4719515000006,8.300056,0.0,1.22173
2460.060865000001,8.300056,0.0,1.22173
2460.0108650000006,8.300056,0.0,1.22173
2459.9219515000004,8.310056,0.0,1.22173
2456.333038,8.310056,0.0,1.22173
2447.7441245000005,8.310056,0.0,1.2217
2339.1552110000002,8.310056,0.0,1.221
1230.5662975000002,8.32006,0.0,1.22
1230.6162975000002,8.32006,0.0,1.2
1230.6162975000002,8.32006,0.0,1.0
1230.6162975000002,8.32006,0.0,1.0
1230.7052110000004,8.380056,0.0,1.22173
1234.2941245000002,8.380056,0.0,1.22173
1242.8830380000002,8.380056,0.0,1.22173
1351.4719515000004,8.390056,0.0,1.22173
2460.060865,8.390056,0.0,1.22173
2460.010865,8.390056,0.0,1.22173
2459.9219515,8.400056,0.0,1.22173
2456.3330379999998,8.400056,0.0,1.22173
2447.7441245,8.400056,0.0,1.2217
2339.1552110000002,8.400056,0.0,1.221
1230.5662975000005,8.410056,0.0,1.22
1230.6162975000007,8.410056,0.0,1.2
1230.6162975000007,8.410056,0.0,1.0
1230.6162975000007,8.420056,0.0,1.0
1230.7052110000006,8.470056,0.0,1.22173
1234.2941245000006,8.470056,0.0,1.22173
1242.8830380000006,8.470056,0.0,1.22173
1351.4719515000006,8.480056,0.0,1.22173
2460.0608649999995,8.480056,0.0,1.22173
2460.0108649999993,8.480056,0.0,1.22173
2459.921951499999,8.490056,0.0,1.22173
2456.333037999999,8.490056,0.0,1.22173
2447.744124499999,8.490056,0.0,1.2217
2339.1552109999993,8.490056,0.0,1.221
1230.566297500001,8.500056,0.0,1.22
1230.6162975000009,8.500056,0.0,1.2
1230.6162975000009,8.500056,0.0,1.0
1230.6162975000009,8.510056,0.0,1.0
1230.7052110000009,8.560056,0.0,1.22173
1234.2941245000009,8.560056,0.0,1.22173
1242.8830380000009,8.560056,0.0,1.22173
1351.4719515000006,8.570056,0.0,1.22173
2460.060865000001,8.570056,0.0,1.22173
2460.0108650000006,8.570056,0.0,1.22173
2459.9219515000004,8.580056,0.0,1.22173
2456.333038,8.580056,0.0,1.22173
2447.7441245000005,8.580056,0.0,1.2217
2339.1552110000007,8.580056,0.0,1.221
1230.5662975000002,8.590056,0.0,1.22
1230.6162975000002,8.590056,0.0,1.2
1230.6162975000002,8.590056,0.0,1.0
1230.6162975000002,8.600056,0.0,1.0
1230.7052110000002,8.650056,0.0,1.22173
1234.2941245000002,8.650056,0.0,1.22173
1242.8830380000002,8.650056,0.0,1.22173
1351.4719515000002,8.660056,0.0,1.22173
2460.060865,8.660056,0.0,1.22173
2460.010865,8.660056,0.0,1.22173
2459.9219515000004,8.670056,0.0,1.22173
2456.333038,8.670056,0.0,1.22173
2447.7441245000005,8.670056,0.0,1.2217
2339.1552110000002,8.670056,0.0,1.221
1230.5662975000005,8.680056,0.0,1.22
1230.6162975000007,8.680056,0.0,1.2
1230.6162975000007,8.680056,0.0,1.0
1230.6162975000007,8.690056,0.0,1.0
1230.7052110000004,8.740056,0.0,1.22173
1234.2941245000004,8.740056,0.0,1.22173
1242.8830380000006,8.750056,0.0,1.22173
1351.4719515000006,8.750056,0.0,1.22173
2460.0608649999995,8.750056,0.0,1.22173
2460.0108649999993,8.750056,0.0,1.22173
2459.9219514999995,8.760056,0.0,1.22173
2456.3330379999993,8.760056,0.0,1.22173
2447.744124499999,8.760056,0.0,1.2217
2339.1552109999993,8.760056,0.0,1.221
1230.5662975000007,8.770056,0.0,1.22
1230.6162975000007,8.770056,0.0,1.2
1230.6162975000007,8.770056,0.0,1.0
1230.6162975000007,8.780056,0.0,1.0
1230.7052110000006,8.830056,0.0,1.22173
1234.2941245000006,8.830056,0.0,1.22173
1242.8830380000006,8.840056,0.0,1.22173
1351.4719515000006,8.840056,0.0,1.22173
2460.0608649999995,8.840056,0.0,1.22173
2460.0108649999993,8.840056,0.0,1.22173
2459.921951499999,8.850056,0.0,1.22173
2456.333037999999,8.850056,0.0,1.22173
2447.744124499999,8.850056,0.0,1.2217
2339.1552109999993,8.860056,0.0,1.221
1230.566297500001,8.860056,0.0,1.22
1230.6162975000009,8.860056,0.0,1.2
1230.6162975000009,8.860056,0.0,1.0
1230.6162975000009,8.870056,0.0,1.0
1230.7052110000009,8.920056,0.0,1.22173
1234.2941245000009,8.920056,0.0,1.22173
1242.8830380000009,8.930056,0.0,1.22173
1351.4719515000006,8.930056,0.0,1.22173
2460.060865000001,8.930056,0.0,1.22173
2460.0108650000006,8.930056,0.0,1.22173
2459.9219515000004,8.940056,0.0,1.22173
2456.333038,8.940056,0.0,1.22173
2447.7441245000005,8.940056,0.0,1.2217
2339.1552110000002,8.950056,0.0,1.221
1230.5662975000005,8.950056,0.0,1.22
1230.6162975000004,8.950056,0.0,1.2
1230.6162975000004,8.950056,0.0,1.0
1230.6162975000004,8.96006,0.0,1.0
1231.0052110000004,9.010056,0.0,2.87979
1234.8941245000005,9.010056,0.0,2.87979
1283.7830380000005,9.020056,0.0,2.87979
1682.6719514999995,9.020056,0.0,2.87979
6081.560865000002,9.020056,0.0,2.87979
6081.543768000002,9.020056,0.0,2.87979
6081.537757500002,9.030056,0.0,2.87979
6078.031747000003,9.030056,0.0,2.87979
6069.525736500003,9.030056,0.0,2.8797
5961.019726000003,9.040056,0.0,2.879
4852.513715500004,9.040056,0.0,2.87
4852.646618500004,9.040056,0.0,2.8
4852.729521500004,9.040056,0.0,2.0
4852.8124245000035,9.050056,0.0,2.0
4853.2013380000035,9.100056,0.0,2.87979
4857.090251500003,9.100056,0.0,2.87979
4905.979165000003,9.110056,0.0,2.87979
5304.868078500003,9.110056,0.0,2.87979
9703.756992000002,9.110056,0.0,2.87979
9703.739895000004,9.110056,0.0,2.87979
9703.433884500004,9.120056,0.0,2.87979
9699.627874000003,9.120056,0.0,2.87979
9650.821863500005,9.120056,0.0,2.8797
9252.015853000004,9.130056,0.0,2.879
4853.209842500005,9.130056,0.0,2.87
4853.309842500005,9.130056,0.0,2.8
4853.309842500005,9.130056,0.0,2.0
4853.309842500005,9.140056,0.0,2.0
4853.615853000005,9.190056,0.0,2.87979
4857.421863500004,9.190056,0.0,2.87979
4906.227874000004,9.200056,0.0,2.87979
5305.033884500004,9.200056,0.0,2.87979
9703.839895000003,9.200056,0.0,2.87979
9703.739895000004,9.200056,0.0,2.87979
9703.433884500004,9.210056,0.0,2.87979
9699.627874000003,9.210056,0.0,2.87979
9650.821863500005,9.210056,0.0,2.8797
9252.015853000003,9.220056,0.0,2.879
4853.209842500001,9.220056,0.0,2.87
4853.309842500002,9.220056,0.0,2.8
4853.309842500002,9.220056,0.0,2.0
4853.309842500002,9.230056,0.0,2.0
4853.615853000001,9.280056,0.0,2.87979
4857.421863500002,9.280056,0.0,2.87979
4906.227874000001,9.290056,0.0,2.87979
5305.033884500001,9.290056,0.0,2.87979
9703.839895000003,9.290056,0.0,2.87979
9703.739895000002,9.300056,0.0,2.87979
9703.4338845,9.300056,0.0,2.87979
9699.627874000003,9.300056,0.0,2.87979
9650.821863500001,9.300056,0.0,2.8797
9252.015853000003,9.310056,0.0,2.879
4853.209842500003,9.310056,0.0,2.87
4853.309842500003,9.310056,0.0,2.8
4853.309842500003,9.310056,0.0,2.0
4853.309842500003,9.320056,0.0,2.0
4853.615853000003,9.370056,0.0,2.87979
4857.4218635000025,9.370056,0.0,2.87979
4906.227874000003,9.380056,0.0,2.87979
5305.033884500003,9.380056,0.0,2.87979
9703.839895000003,9.380056,0.0,2.87979
9703.739895000004,9.390056,0.0,2.87979
9703.433884500004,9.390056,0.0,2.87979
9699.627874000003,9.390056,0.0,2.87979
9650.821863500005,9.390056,0.0,2.8797
9252.015853000004,9.400056,0.0,2.879
4853.209842500005,9.400056,0.0,2.87
4853.309842500005,9.400056,0.0,2.8
4853.309842500005,9.410056,0.0,2.0
4853.309842500005,9.410056,0.0,2.0
4853.615853000005,9.460056,0.0,2.87979
4857.421863500004,9.460056,0.0,2.87979
4906.227874000004,9.470056,0.0,2.87979
5305.033884500004,9.470056,0.0,2.87979
9703.839895000003,9.470056,0.0,2.87979
9703.739895000004,9.480056,0.0,2.87979
9703.433884500004,9.480056,0.0,2.87979
9699.627874000003,9.480056,0.0,2.87979
9650.821863500005,9.480056,0.0,2.8797
9252.015853000003,9.490056,0.0,2.879
4853.2098425,9.490056,0.0,2.87
4853.309842500001,9.490056,0.0,2.8
4853.309842500001,9.500056,0.0,2.0
4853.309842500001,9.500056,0.0,2.0
4853.615853,9.550056,0.0,2.87979
4857.421863500001,9.550056,0.0,2.87979
4906.227874,9.560056,0.0,2.87979
5305.033884500001,9.560056,0.0,2.87979
9703.839895000001,9.560056,0.0,2.87979
9703.739895,9.570056,0.0,2.87979
9703.4338845,9.570056,0.0,2.87979
9699.627874000002,9.570056,0.0,2.87979
9650.821863500001,9.570056,0.0,2.8797
9252.015853000003,9.580056,0.0,2.879
4853.209842500002,9.580056,0.0,2.87
4853.309842500002,9.580056,0.0,2.8
4853.309842500002,9.590056,0.0,2.0
4853.309842500002,9.590056,0.0,2.0
4853.615853000002,9.640056,0.0,2.87979
4857.4218635000025,9.640056,0.0,2.87979
4906.227874000003,9.650056,0.0,2.87979
5305.033884500002,9.650056,0.0,2.87979
9703.839895000003,9.650056,0.0,2.87979
9703.739895000002,9.660056,0.0,2.87979
9703.433884500004,9.660056,0.0,2.87979
9699.627874000003,9.660056,0.0,2.87979
9650.821863500005,9.660056,0.0,2.8797
9252.015853000003,9.670056,0.0,2.879
4853.209842500004,9.670056,0.0,2.87
4853.309842500004,9.670056,0.0,2.8
4853.309842500004,9.680056,0.0,2.0
4853.309842500004,9.680056,0.0,2.0
4853.615853000004,9.730056,0.0,2.87979
4857.421863500003,9.740056,0.0,2.87979
4906.227874000003,9.740056,0.0,2.87979
5305.033884500003,9.740056,0.0,2.87979
9703.839895000003,9.740056,0.0,2.87979
9703.739895000004,9.750056,0.0,2.87979
9703.433884500004,9.750056,0.0,2.87979
9699.627874000003,9.750056,0.0,2.87979
9650.821863500005,9.750056,0.0,2.8797
9252.015853000004,9.760056,0.0,2.879
4853.209842500005,9.760056,0.0,2.87
4853.309842500005,9.760056,0.0,2.8
4853.309842500005,9.770056,0.0,2.0
4853.309842500005,9.770056,0.0,2.0
4853.615853000005,9.820056,0.0,2.87979
4857.421863500004,9.830056,0.0,2.87979
4906.227874000004,9.830056,0.0,2.87979
5305.033884500004,9.830056,0.0,2.87979
9703.839895000003,9.830056,0.0,2.87979
9703.739895000004,9.840056,0.0,2.87979
9703.433884500004,9.840056,0.0,2.87979
9699.627874000003,9.840056,0.0,2.87979
9650.821863500005,9.850056,0.0,2.8797
9252.015853000004,9.850056,0.0,2.879
4853.209842500002,9.850056,0.0,2.87
4853.309842500002,9.850056,0.0,2.8
4853.309842500002,9.860056,0.0,2.0
4853.309842500002,9.860056,0.0,2.0
4853.615853000002,9.910056,0.0,2.87979
4857.421863500002,9.920056,0.0,2.87979
4906.227874000002,9.920056,0.0,2.87979
5305.033884500002,9.920056,0.0,2.87979
9703.839895000003,9.920056,0.0,2.87979
9703.739895000002,9.930056,0.0,2.87979
9703.433884500002,9.930056,0.0,2.87979
9699.627874000003,9.930056,0.0,2.87979
9650.821863500003,9.940056,0.0,2.8797
9252.015853000003,9.940056,0.0,2.879
4853.209842500003,9.940056,0.0,2.87
4853.3098425000035,9.940056,0.0,2.8
4853.3098425000035,9.950056,0.0,2.0
4853.3098425000035,9.950056,0.0,2.0
4853.615853000003,10.000056,0.0,2.87979
4902.4218635000025,10.000056,0.0,2.87979
9301.227874000004,10.010056,0.0,2.87979
9301.227874000004,10.010056,0.0,2.87979
9301.227874000004,10.010056,0.0,2.879
9301.227874000004,10.010056,0.0,2.8
9300.921863500005,10.020056,0.0,2.0
9297.421863500005,10.050056,0.0,2.87979
9297.421863500005,10.050056,0.0,2.87979
13297.421863499992,10.050056,0.0,2.87979
8898.615853000005,10.060056,0.0,2.87979
8898.715853000005,10.060056,0.0,2.879
8898.715853000005,10.060056,0.0,2.8
8898.715853000005,10.060056,0.0,2.0
8899.021863500004,10.090056,0.0,2.87979
8947.827874000004,10.100056,0.0,2.87979
13346.6338845,10.100056,0.0,2.87979
13346.6338845,10.100056,0.0,2.87979
13346.6338845,10.100056,0.0,2.879
13346.6338845,10.110056,0.0,2.8
13346.327873999999,10.110056,0.0,2.0
13297.827873999999,10.140056,0.0,2.87979
8947.827874000002,10.140056,0.0,2.87979
13346.633884499997,10.150056,0.0,2.87979
13346.633884499997,10.150056,0.0,2.87979
13346.633884499997,10.150056,0.0,2.879
13346.633884499997,10.150056,0.0,2.8
13346.327873999999,10.160056,0.0,2.0
13297.827873999999,10.190056,0.0,2.87979
8947.827874000004,10.190056,0.0,2.87979
13346.633884499997,10.190056,0.0,2.87979
13346.633884499997,10.200056,0.0,2.87979
13346.633884499997,10.200056,0.0,2.879
13346.633884499997,10.200056,0.0,2.8
13346.327873999999,10.200056,0.0,2.0
13297.827873999999,10.230056,0.0,2.87979
8947.827874000004,10.24006,0.0,2.87979
13346.6338845,10.24006,0.0,2.87979
13346.6338845,10.24006,0.0,2.87979
13346.6338845,10.24006,0.0,2.879
13346.6338845,10.250056,0.0,2.8
13346.327873999999,10.250056,0.0,2.0
13297.827873999999,10.280056,0.0,2.87979
8947.827874000002,10.280056,0.0,2.87979
13346.633884499997,10.290056,0.0,2.87979
13346.633884499997,10.290056,0.0,2.87979
13346.633884499997,10.290056,0.0,2.879
13346.633884499997,10.290056,0.0,2.8
13346.327873999999,10.300056,0.0,2.0
13297.827873999999,10.330056,0.0,2.87979
8947.827874000004,10.330056,0.0,2.87979
13346.633884499997,10.330056,0.0,2.87979
13346.633884499997,10.330056,0.0,2.87979
13346.633884499997,10.340056,0.0,2.87979
13346.633884499997,10.340056,0.0,2.87979
13346.327873999999,10.340056,0.0,2.87979
13297.5218635,10.350056,0.0,2.87979
8898.715853000005,10.350056,0.0,2.87979
8898.715853000005,10.350056,0.0,2.87979
8898.715853000005,10.350056,0.0,2.87979
8898.715853000005,10.360056,0.0,2.87979
8898.715853000005,10.360056,0.0,2.87979
8898.409842500005,10.360056,0.0,2.87979
8849.603832000006,10.370056,0.0,2.87979
4450.797821500003,10.370056,0.0,2.87979
4450.797821500003,10.370056,0.0,2.87979
4450.797821500003,10.380056,0.0,2.87979
4450.797821500003,10.380056,0.0,2.87979
4450.797821500003,10.380056,0.0,2.87979
4450.4918110000035,10.380056,0.0,2.87979
4401.685800500003,10.390056,0.0,2.87979
2.87979,10.390056,0.0,2.87979
2.87979,10.390056,0.0,2.87979
2.87979,10.400056,0.0,2.87979
2.87979,10.400056,0.0,2.87979
2.87979,10.400056,0.0,2.87979
2.87979,10.400056,0.0,2.87979
2.87979,10.410056,0.0,2.87979
2.87979,10.410056,0.0,2.87979
2.87979,10.410056,0.0,2.87979
2.87979,10.420056,0.0,2.87979
2.87979,10.420056,0.0,2.87979
2.87979,10.420056,0.0,2.87979
2.87979,10.420056,0.0,2.87979
2.87979,10.430056,0.0,2.87979
2.87979,10.430056,0.0,2.87979
2.87979,10.430056,0.0,2.87979
2.87979,10.440056,0.0,2.87979
2.87979,10.440056,0.0,2.87979
2.87979,10.440056,0.0,2.87979
2.87979,10.440056,0.0,2.87979
2.87979,10.450056,0.0,2.87979
2.87979,10.450056,0.0,2.87979
2.87979,10.450056,0.0,2.87979
2.87979,10.460056,0.0,2.87979
2.87979,10.460056,0.0,2.87979
2.87979,10.460056,0.0,2.87979
2.87979,10.470056,0.0,2.87979
2.87979,10.470056,0.0,2.87979
2.87979,10.470056,0.0,2.87979
2.87979,10.470056,0.0,2.87979
2.87979,10.480056,0.0,2.87979
2.87979,10.480056,0.0,2.87979
2.87979,10.480056,0.0,2.87979
2.87979,10.490056,0.0,2.87979
2.87979,10.490056,0.0,2.87979
2.87979,10.490056,0.0,2.87979
2.87979,10.490056,0.0,2.87979
2.87979,10.500056,0.0,2.87979
2.87979,10.500056,0.0,2.87979
2.87979,10.500056,0.0,2.87979
2.87979,10.510056,0.0,2.87979
2.87979,10.510056,0.0,2.87979
2.87979,10.510056,0.0,2.87979
2.87979,10.510056,0.0,2.87979
2.87979,10.520056,0.0,2.87979
2.87979,10.520056,0.0,2.87979
2.87979,10.520056,0.0,2.87979
2.87979,10.530056,0.0,2.87979
2.87979,10.530056,0.0,2.87979
2.87979,10.530056,0.0,2.87979
2.87979,10.540056,0.0,2.87979
2.87979,10.540056,0.0,2.87979
2.87979,10.540056,0.0,2.87979
2.87979,10.540056,0.0,2.87979
2.87979,10.550056,0.0,2.87979
2.87979,10.550056,0.0,2.87979
2.87979,10.550056,0.0,2.87979
2.87979,10.560056,0.0,2.87979
2.87979,10.560056,0.0,2.87979
2.87979,10.560056,0.0,2.87979
2.87979,10.560056,0.0,2.87979
2.87979,10.570056,0.0,2.87979
2.87979,10.570056,0.0,2.87979
2.87979,10.570056,0.0,2.87979
2.87979,10.580056,0.0,2.87979
2.87979,10.580056,0.0,2.87979
2.87979,10.580056,0.0,2.87979
2.87979,10.580056,0.0,2.87979
2.87979,10.590056,0.0,2.87979
2.87979,10.590056,0.0,2.87979
2.87979,10.590056,0.0,2.87979
2.87979,10.600056,0.0,2.87979
2.87979,10.600056,0.0,2.87979
2.87979,10.600056,0.0,2.87979
2.87979,10.600056,0.0,2.87979
2.87979,10.610056,0.0,2.87979
2.87979,10.610056,0.0,2.87979
2.87979,10.610056,0.0,2.87979
2.87979,10.620056,0.0,2.87979
2.87979,10.620056,0.0,2.87979
2.87979,10.620056,0.0,2.87979
2.87979,10.630056,0.0,2.87979
2.87979,10.630056,0.0,2.87979
2.87979,10.630056,0.0,2.87979
2.87979,10.630056,0.0,2.87979
2.87979,10.640056,0.0,2.87979
2.87979,10.640056,0.0,2.87979
2.87979,10.640056,0.0,2.87979
2.87979,10.650056,0.0,2.87979
2.87979,10.650056,0.0,2.87979
2.87979,10.650056,0.0,2.87979
2.87979,10.650056,0.0,2.87979
2.87979,10.660056,0.0,2.87979
2.87979,10.660056,0.0,2.87979
2.87979,10.660056,0.0,2.87979
2.87979,10.670056,0.0,2.8
2.87979,10.670056,0.0,2.0
3.1858005,10.700056,0.0,2.87979
51.99181099999998,10.700056,0.0,2.87979
4450.797821500003,10.700056,0.0,2.87979
4450.797821500003,10.710056,0.0,2.87979
4450.797821500003,10.710056,0.0,2.879
4450.797821500003,10.710056,0.0,2.8
4450.797821500003,10.720056,0.0,2.0
4451.103832000003,10.740056,0.0,2.87979
4499.909842500003,10.750056,0.0,2.87979
8898.715853000002,10.750056,0.0,2.87979
8898.715853000002,10.750056,0.0,2.87979
8898.715853000002,10.760056,0.0,2.879
8898.715853000002,10.760056,0.0,2.8
8898.715853000002,10.760056,0.0,2.0
8899.021863500004,10.790056,0.0,2.87979
8947.827874000002,10.790056,0.0,2.87979
13346.633884499997,10.800056,0.0,2.87979
13346.633884499997,10.800056,0.0,2.87979
13346.633884499997,10.800056,0.0,2.879
13346.633884499997,10.810056,0.0,2.8
13346.327873999999,10.810056,0.0,2.0
13297.827873999999,10.840056,0.0,2.87979
8947.827874000004,10.840056,0.0,2.87979
13346.633884499997,10.840056,0.0,2.87979
13346.633884499997,10.850056,0.0,2.87979
13346.633884499997,10.850056,0.0,2.879
13346.633884499997,10.850056,0.0,2.8
13346.327873999999,10.850056,0.0,2.0
13297.827873999999,10.88006,0.0,2.87979
8947.827874000004,10.890056,0.0,2.87979
13346.6338845,10.890056,0.0,2.87979
13346.6338845,10.890056,0.0,2.87979
13346.6338845,10.900056,0.0,2.879
13346.6338845,10.900056,0.0,2.8
13346.327874000002,10.900056,0.0,2.0
13297.827874000002,10.930056,0.0,2.87979
8947.827874000002,10.930056,0.0,2.87979
13346.6338845,10.940056,0.0,2.87979
13346.6338845,10.940056,0.0,2.87979
13346.6338845,10.940056,0.0,2.879
13346.6338845,10.940056,0.0,2.8
13346.327874000002,10.950056,0.0,2.0
13297.827874000002,10.980056,0.0,2.87979
8947.827874000004,10.980056,0.0,2.87979
13346.6338845,10.980056,0.0,2.87979
13346.6338845,10.990056,0.0,2.87979
13346.6338845,10.990056,0.0,2.879
13346.6338845,10.990056,0.0,2.8
13346.327874000002,10.990056,0.0,2.0
13297.527874000001,11.020056,0.0,1.74533
8925.227874000004,11.030056,0.0,1.74533
12651.733884500005,11.030056,0.0,1.74533
12651.677161500003,11.030056,0.0,1.74533
12651.620438500004,11.030056,0.0,1.745
12651.563715500004,11.040056,0.0,1.7
12651.200982000004,11.040056,0.0,1.0
12602.400982000005,11.070056,0.0,1.74533
8230.100982000002,11.070056,0.0,1.74533
11956.606992500003,11.080056,0.0,1.74533
11956.550269500003,11.080056,0.0,1.74533
11956.493546500002,11.080056,0.0,1.745
11956.436823500004,11.080056,0.0,1.7
11956.074090000004,11.090056,0.0,1.0
11907.274090000004,11.120056,0.0,1.74533
7534.974090000003,11.120056,0.0,1.74533
11261.480100500004,11.120056,0.0,1.74533
11261.423377500003,11.120056,0.0,1.74533
11261.366654500003,11.130056,0.0,1.745
11261.309931500004,11.130056,0.0,1.7
11261.247198000005,11.130056,0.0,1.0
11234.747198000005,11.160056,0.0,1.74533
7534.747198000004,11.170056,0.0,1.74533
11261.309931500004,11.170056,0.0,1.74533
11261.309931500004,11.170056,0.0,1.74533
11261.309931500004,11.170056,0.0,1.745
11261.309931500004,11.180056,0.0,1.7
11261.247198000005,11.180056,0.0,1.0
11234.747198000005,11.210056,0.0,1.74533
7534.747198000002,11.210056,0.0,1.74533
11261.309931500004,11.210056,0.0,1.74533
11261.309931500004,11.220056,0.0,1.74533
11261.309931500004,11.220056,0.0,1.745
11261.309931500004,11.220056,0.0,1.7
11261.247198000005,11.230056,0.0,1.0
11234.747198000005,11.260056,0.0,1.74533
7534.747198000004,11.260056,0.0,1.74533
11261.309931500004,11.260056,0.0,1.74533
11261.309931500004,11.260056,0.0,1.74533
11261.309931500004,11.270056,0.0,1.745
11261.309931500004,11.270056,0.0,1.7
11261.247198000005,11.270056,0.0,1.0
11234.747198000005,11.300056,0.0,1.74533
7534.747198000004,11.310056,0.0,1.74533
11261.309931500004,11.310056,0.0,1.74533
11261.309931500004,11.310056,0.0,1.74533
11261.309931500004,11.310056,0.0,1.745
11261.309931500004,11.320056,0.0,1.7
11261.247198000005,11.320056,0.0,1.0
11234.747198000005,11.350056,0.0,1.74533
7534.747198000001,11.350056,0.0,1.74533
11261.309931500004,11.350056,0.0,1.74533
11261.309931500004,11.360056,0.0,1.74533
11261.309931500004,11.360056,0.0,1.745
11261.309931500004,11.360056,0.0,1.7
11261.247198000005,11.370056,0.0,1.0
11234.747198000005,11.400056,0.0,1.74533
7534.747198000004,11.400056,0.0,1.74533
11261.309931500004,11.400056,0.0,1.74533
11261.309931500004,11.400056,0.0,1.74533
11261.309931500004,11.410056,0.0,1.745
11261.309931500004,11.410056,0.0,1.7
11261.247198000005,11.410056,0.0,1.0
11234.747198000005,11.440056,0.0,1.74533
7534.747198000004,11.440056,0.0,1.74533
11261.309931500004,11.450056,0.0,1.74533
11261.309931500004,11.450056,0.0,1.74533
11261.309931500004,11.450056,0.0,1.745
11261.309931500004,11.460056,0.0,1.7
11261.247198000005,11.460056,0.0,1.0
11234.747198000005,11.490056,0.0,1.74533
7534.747198000004,11.490056,0.0,1.74533
11261.309931500004,11.490056,0.0,1.74533
11261.309931500004,11.500056,0.0,1.74533
11261.309931500004,11.500056,0.0,1.745
11261.309931500004,11.500056,0.0,1.7
11261.247198000005,11.510056,0.0,1.0
11234.747198000005,11.530056,0.0,1.74533
7534.747198000004,11.540056,0.0,1.74533
11261.309931500004,11.540056,0.0,1.74533
11261.309931500004,11.540056,0.0,1.74533
11261.309931500004,11.550056,0.0,1.745
11261.309931500004,11.550056,0.0,1.7
11261.247198000005,11.550056,0.0,1.0
11234.747198000005,11.580056,0.0,1.74533
7534.747198000004,11.580056,0.0,1.74533
11261.309931500004,11.590056,0.0,1.74533
11261.309931500004,11.590056,0.0,1.74533
11261.309931500004,11.590056,0.0,1.745
11261.309931500004,11.600056,0.0,1.7
11261.247198000005,11.600056,0.0,1.0
11234.747198000005,11.630056,0.0,1.74533
7534.747198000004,11.630056,0.0,1.74533
11261.309931500004,11.630056,0.0,1.74533
11261.309931500004,11.640056,0.0,1.74533
11261.309931500004,11.640056,0.0,1.745
11261.309931500004,11.640056,0.0,1.7
11261.247198000005,11.650056,0.0,1.0
11234.747198000005,11.670056,0.0,1.74533
7534.747198000004,11.680056,0.0,1.74533
11261.309931500004,11.680056,0.0,1.74533
11261.309931500004,11.680056,0.0,1.74533
11261.309931500004,11.690056,0.0,1.745
11261.309931500004,11.690056,0.0,1.7
11261.247198000005,11.690056,0.0,1.0
11234.747198000005,11.720056,0.0,1.74533
7534.747198000004,11.720056,0.0,1.74533
11261.309931500004,11.730056,0.0,1.74533
11261.309931500004,11.730056,0.0,1.74533
11261.309931500004,11.730056,0.0,1.745
11261.309931500004,11.740056,0.0,1.7
11261.247198000005,11.740056,0.0,1.0
11234.747198000005,11.770056,0.0,1.74533
7534.747198000004,11.770056,0.0,1.74533
11261.309931500004,11.770056,0.0,1.74533
11261.309931500004,11.780056,0.0,1.74533
11261.309931500004,11.780056,0.0,1.745
11261.309931500004,11.780056,0.0,1.7
11261.247198000005,11.780056,0.0,1.0
11234.747198000005,11.810056,0.0,1.74533
7534.747198000004,11.820056,0.0,1.74533
11261.309931500004,11.820056,0.0,1.74533
11261.309931500004,11.820056,0.0,1.74533
11261.309931500004,11.830056,0.0,1.745
11261.309931500004,11.830056,0.0,1.7
11261.247198000005,11.830056,0.0,1.0
11234.747198000005,11.860056,0.0,1.74533
7534.747198000002,11.860056,0.0,1.74533
11261.309931500004,11.870056,0.0,1.74533
11261.309931500004,11.870056,0.0,1.74533
11261.309931500004,11.870056,0.0,1.745
11261.309931500004,11.870056,0.0,1.7
11261.247198000005,11.880056,0.0,1.0
11234.747198000005,11.910056,0.0,1.74533
7534.747198000004,11.910056,0.0,1.74533
11261.309931500004,11.910056,0.0,1.74533
11261.309931500004,11.920056,0.0,1.74533
11261.309931500004,11.920056,0.0,1.745
11261.309931500004,11.920056,0.0,1.7
11261.247198000005,11.920056,0.0,1.0
11234.747198000005,11.950056,0.0,1.74533
7534.747198000004,11.960056,0.0,1.74533
11261.309931500004,11.960056,0.0,1.74533
11261.309931500004,11.960056,0.0,1.74533
11261.309931500004,11.960056,0.0,1.745
11261.309931500004,11.970056,0.0,1.7
11261.247198000005,11.970056,0.0,1.0
11234.747198000005,12.000056,0.0,1.74533
7534.747198000002,12.000056,0.0,1.74533
11261.309931500004,12.010056,0.0,1.74533
11261.309931500004,12.010056,0.0,1.74533
11261.309931500004,12.010056,0.0,1.745
11261.309931500004,12.010056,0.0,1.7
11261.247198000005,12.020056,0.0,1.0
11234.747198000005,12.050056,0.0,1.74533
7534.747198000004,12.050056,0.0,1.74533
11261.309931500004,12.050056,0.0,1.74533
11261.309931500004,12.050056,0.0,1.74533
11261.309931500004,12.060056,0.0,1.745
11261.309931500004,12.060056,0.0,1.7
11261.247198000005,12.060056,0.0,1.0
11234.747198000005,12.090056,0.0,1.74533
7534.747198000004,12.100056,0.0,1.74533
11261.309931500004,12.100056,0.0,1.74533
11261.309931500004,12.100056,0.0,1.74533
11261.309931500004,12.100056,0.0,1.745
11261.309931500004,12.110056,0.0,1.7
11261.247198000005,12.110056,0.0,1.0
11234.747198000005,12.140056,0.0,1.74533
7534.747198000002,12.140056,0.0,1.74533
11261.309931500004,12.140056,0.0,1.74533
11261.309931500004,12.150056,0.0,1.74533
11261.309931500004,12.150056,0.0,1.745
11261.309931500004,12.150056,0.0,1.7
11261.247198000005,12.16006,0.0,1.0
11234.747198000005,12.190056,0.0,1.74533
7534.747198000004,12.190056,0.0,1.74533
11261.309931500004,12.190056,0.0,1.74533
11261.309931500004,12.190056,0.0,1.74533
11261.309931500004,12.200056,0.0,1.745
11261.309931500004,12.200056,0.0,1.7
11261.247198000005,12.200056,0.0,1.0
11234.747198000005,12.230056,0.0,1.74533
7534.747198000004,12.230056,0.0,1.74533
11261.309931500004,12.240056,0.0,1.74533
11261.309931500004,12.240056,0.0,1.74533
11261.309931500004,12.240056,0.0,1.745
11261.309931500004,12.250056,0.0,1.7
11261.247198000005,12.250056,0.0,1.0
11234.747198000005,12.280056,0.0,1.74533
7534.747198000001,12.280056,0.0,1.74533
11261.309931500004,12.280056,0.0,1.74533
11261.309931500004,12.290056,0.0,1.74533
11261.309931500004,12.290056,0.0,1.745
11261.309931500004,12.290056,0.0,1.7
11261.247198000005,12.300056,0.0,1.0
11234.747198000005,12.330056,0.0,1.74533
7534.747198000004,12.330056,0.0,1.74533
11261.309931500004,12.330056,0.0,1.74533
11261.309931500004,12.330056,0.0,1.74533
11261.309931500004,12.340056,0.0,1.745
11261.309931500004,12.340056,0.0,1.7
11261.247198000005,12.340056,0.0,1.0
11234.747198000005,12.370056,0.0,1.74533
7534.747198000004,12.370056,0.0,1.74533
11261.309931500004,12.380056,0.0,1.74533
11261.309931500004,12.380056,0.0,1.74533
11261.309931500004,12.380056,0.0,1.745
11261.309931500004,12.390056,0.0,1.7
11261.247198000005,12.390056,0.0,1.0
11234.747198000005,12.420056,0.0,1.74533
7534.747198000004,12.420056,0.0,1.74533
11261.309931500004,12.420056,0.0,1.74533
11261.309931500004,12.430056,0.0,1.74533
11261.309931500004,12.430056,0.0,1.745
11261.309931500004,12.430056,0.0,1.7
11261.247198000005,12.440056,0.0,1.0
11234.747198000005,12.460056,0.0,1.74533
7534.747198000004,12.470056,0.0,1.74533
11261.309931500004,12.470056,0.0,1.74533
11261.309931500004,12.470056,0.0,1.74533
11261.309931500004,12.480056,0.0,1.745
11261.309931500004,12.480056,0.0,1.7
11261.247198000005,12.480056,0.0,1.0
11234.747198000005,12.510056,0.0,1.74533
7534.747198000004,12.510056,0.0,1.74533
11261.309931500004,12.520056,0.0,1.74533
11261.309931500004,12.520056,0.0,1.74533
11261.309931500004,12.520056,0.0,1.745
11261.309931500004,12.530056,0.0,1.7
11261.247198000005,12.530056,0.0,1.0
11234.747198000005,12.560056,0.0,1.74533
7534.747198000004,12.560056,0.0,1.74533
11261.309931500004,12.560056,0.0,1.74533
11261.309931500004,12.570056,0.0,1.74533
11261.309931500004,12.570056,0.0,1.745
11261.309931500004,12.570056,0.0,1.7
11261.247198000005,12.570056,0.0,1.0
11234.747198000005,12.600056,0.0,1.74533
7534.747198000004,12.610056,0.0,1.74533
11261.309931500004,12.610056,0.0,1.74533
11261.309931500004,12.610056,0.0,1.74533
11261.309931500004,12.620056,0.0,1.745
11261.309931500004,12.620056,0.0,1.7
11261.247198000005,12.620056,0.0,1.0
11234.747198000005,12.650056,0.0,1.74533
7534.747198000004,12.650056,0.0,1.74533
11261.309931500004,12.660056,0.0,1.74533
11261.309931500004,12.660056,0.0,1.74533
11261.309931500004,12.660056,0.0,1.745
11261.309931500004,12.670056,0.0,1.7
11261.247198000005,12.670056,0.0,1.0
11234.747198000005,12.700056,0.0,1.74533
7534.747198000004,12.700056,0.0,1.74533
11261.309931500004,12.700056,0.0,1.74533
11261.309931500004,12.710056,0.0,1.74533
11261.309931500004,12.710056,0.0,1.745
11261.309931500004,12.710056,0.0,1.7
11261.247198000005,12.710056,0.0,1.0
11234.747198000005,12.740056,0.0,1.74533
7534.747198000004,12.750056,0.0,1.74533
11261.309931500004,12.750056,0.0,1.74533
11261.309931500004,12.750056,0.0,1.74533
11261.309931500004,12.760056,0.0,1.745
11261.309931500004,12.760056,0.0,1.7
11261.247198000005,12.760056,0.0,1.74533
11234.684464500004,12.760056,0.0,1.74533
7508.121731000003,12.770056,0.0,1.74533
7508.121731000003,12.770056,0.0,1.74533
7508.121731000003,12.770056,0.0,1.74533
7508.121731000003,12.780056,0.0,1.74533
7508.121731000003,12.780056,0.0,1.74533
7508.058997500001,12.780056,0.0,1.74533
7481.496264000001,12.780056,0.0,1.74533
3754.933530500001,12.790056,0.0,1.74533
3754.933530500001,12.790056,0.0,1.74533
3754.933530500001,12.790056,0.0,1.74533
3754.933530500001,12.80006,0.0,1.74533
3754.933530500001,12.80006,0.0,1.74533
3754.8707970000014,12.80006,0.0,1.74533
3728.3080635000006,12.80006,0.0,1.74533
1.7453299999999996,12.810056,0.0,1.74533
1.7453299999999996,12.810056,0.0,1.74533
1.7453299999999996,12.810056,0.0,1.74533
1.7453299999999996,12.820056,0.0,1.74533
1.7453299999999996,12.820056,0.0,1.74533
1.7453299999999996,12.820056,0.0,1.74533
1.8080634999999998,12.840056,0.0,1.74533
28.37079699999998,12.840056,0.0,1.74533
3754.933530500004,12.840056,0.0,1.74533
3754.933530500004,12.850056,0.0,1.74533
3754.933530500004,12.850056,0.0,1.745
3754.933530500004,12.850056,0.0,1.7
3754.933530500004,12.850056,0.0,1.0
3754.9962640000035,12.880056,0.0,1.74533
3781.5589975000034,12.890056,0.0,1.74533
7508.121731000004,12.890056,0.0,1.74533
7508.121731000004,12.890056,0.0,1.74533
7508.121731000004,12.890056,0.0,1.745
7508.121731000004,12.900056,0.0,1.7
7508.121731000004,12.900056,0.0,1.0
7508.184464500004,12.930056,0.0,1.74533
7534.747198000004,12.930056,0.0,1.74533
11261.309931500004,12.940056,0.0,1.74533
11261.309931500004,12.940056,0.0,1.74533
11261.309931500004,12.940056,0.0,1.745
11261.309931500004,12.940056,0.0,1.7
11261.247198000005,12.950056,0.0,1.0
11234.747198000005,12.980056,0.0,1.74533
7534.747198000002,12.980056,0.0,1.74533
11261.309931500004,12.980056,0.0,1.74533
11261.309931500004,12.980056,0.0,1.74533
11261.309931500004,12.990056,0.0,1.745
11261.309931500004,12.990056,0.0,1.7
11261.247198000005,12.990056,0.0,1.0
11234.697198000003,13.020056,0.0,5.41052
7510.647198000003,13.030056,0.0,5.41052
9563.159931500004,13.030056,0.0,5.41052
9563.343191000002,13.030056,0.0,5.41052
9563.526450500003,13.030056,0.0,5.41
9563.709710000001,13.040056,0.0,5.4
9563.830236000003,13.040056,0.0,5.0
9537.280236000004,13.070056,0.0,5.41052
5813.230236000003,13.070056,0.0,5.41052
7865.742969500003,13.070056,0.0,5.41052
7865.9262290000015,13.080056,0.0,5.41052
7866.109488500003,13.080056,0.0,5.41
7866.292748000002,13.080056,0.0,5.4
7866.413274000003,13.090056,0.0,5.0
7839.863274000003,13.120056,0.0,5.41052
4115.813273999999,13.120056,0.0,5.41052
6168.326007500001,13.120056,0.0,5.41052
6168.509267000001,13.120056,0.0,5.41052
6168.692526500001,13.130056,0.0,5.41
6168.8757860000005,13.130056,0.0,5.4
6169.046312,13.130056,0.0,5.0
6166.546312,13.160056,0.0,5.41052
4116.546311999999,13.160056,0.0,5.41052
6168.8757860000005,13.170056,0.0,5.41052
6168.8757860000005,13.170056,0.0,5.41052
6168.8757860000005,13.170056,0.0,5.41
6168.8757860000005,13.180056,0.0,5.4
6169.046312,13.180056,0.0,5.0
6166.546312,13.210056,0.0,5.41052
4116.546312,13.210056,0.0,5.41052
6168.875786000001,13.210056,0.0,5.41052
6168.875786000001,13.220056,0.0,5.41052
6168.875786000001,13.220056,0.0,5.41
6168.875786000001,13.220056,0.0,5.4
6169.046312000002,13.230056,0.0,5.0
6166.546312000002,13.260056,0.0,5.41052
4116.546312,13.260056,0.0,5.41052
6168.875786000001,13.260056,0.0,5.41052
6168.875786000001,13.260056,0.0,5.41052
6168.875786000001,13.270056,0.0,5.41
6168.875786000001,13.270056,0.0,5.4
6169.046312000002,13.270056,0.0,5.0
6166.546312000002,13.300056,0.0,5.41052
4116.546312000001,13.300056,0.0,5.41052
6168.875786000001,13.310056,0.0,5.41052
6168.875786000001,13.310056,0.0,5.41052
6168.875786000001,13.310056,0.0,5.41
6168.875786000001,13.320056,0.0,5.4
6169.046312000002,13.320056,0.0,5.0
6166.546312000002,13.350056,0.0,5.41052
4116.546312,13.350056,0.0,5.41052
6168.875786000001,13.350056,0.0,5.41052
6168.875786000001,13.360056,0.0,5.41052
6168.875786000001,13.360056,0.0,5.41
6168.875786000001,13.360056,0.0,5.4
6169.046312000002,13.370056,0.0,5.0
6166.546312000002,13.390056,0.0,5.41052
4116.546312,13.400056,0.0,5.41052
6168.875786000001,13.400056,0.0,5.41052
6168.875786000001,13.400056,0.0,5.41052
6168.875786000001,13.410056,0.0,5.41
6168.875786000001,13.410056,0.0,5.4
6169.046312000002,13.410056,0.0,5.0
6166.546312000002,13.44006,0.0,5.41052
4116.546312000001,13.44006,0.0,5.41052
6168.875786000001,13.450056,0.0,5.41052
6168.875786000001,13.450056,0.0,5.41052
6168.875786000001,13.450056,0.0,5.41
6168.875786000001,13.460056,0.0,5.4
6169.046312000002,13.460056,0.0,5.0
6166.546312000002,13.490056,0.0,5.41052
4116.546312,13.490056,0.0,5.41052
6168.875786000001,13.490056,0.0,5.41052
6168.875786000001,13.500056,0.0,5.41052
6168.875786000001,13.500056,0.0,5.41
6168.875786000001,13.500056,0.0,5.4
6169.046312000002,13.500056,0.0,5.0
6166.546312000002,13.530056,0.0,5.41052
4116.546312,13.540056,0.0,5.41052
6168.875786000001,13.540056,0.0,5.41052
6168.875786000001,13.540056,0.0,5.41052
6168.875786000001,13.550056,0.0,5.41
6168.875786000001,13.550056,0.0,5.4
6169.046312000002,13.550056,0.0,5.0
6166.546312000002,13.580056,0.0,5.41052
4116.546312000001,13.580056,0.0,5.41052
6168.875786000001,13.590056,0.0,5.41052
6168.875786000001,13.590056,0.0,5.41052
6168.875786000001,13.590056,0.0,5.41
6168.875786000001,13.590056,0.0,5.4
6169.046312000002,13.600056,0.0,5.0
6166.546312000002,13.630056,0.0,5.41052
4116.546312,13.630056,0.0,5.41052
6168.875786000001,13.630056,0.0,5.41052
6168.875786000001,13.640056,0.0,5.41052
6168.875786000001,13.640056,0.0,5.41
6168.875786000001,13.640056,0.0,5.4
6169.046312000002,13.640056,0.0,5.0
6166.546312000002,13.670056,0.0,5.41052
4116.546312,13.680056,0.0,5.41052
6168.875786000001,13.680056,0.0,5.41052
6168.875786000001,13.680056,0.0,5.41052
6168.875786000001,13.690056,0.0,5.41
6168.875786000001,13.690056,0.0,5.4
6169.046312000002,13.690056,0.0,5.0
6166.546312000002,13.720056,0.0,5.41052
4116.546312000001,13.720056,0.0,5.41052
6168.875786000001,13.730056,0.0,5.41052
6168.875786000001,13.730056,0.0,5.41052
6168.875786000001,13.730056,0.0,5.41
6168.875786000001,13.730056,0.0,5.4
6169.046312000002,13.740056,0.0,5.0
6166.546312000002,13.770056,0.0,5.41052
4116.546312,13.770056,0.0,5.41052
6168.875786000001,13.770056,0.0,5.41052
6168.875786000001,13.780056,0.0,5.41052
6168.875786000001,13.780056,0.0,5.41
6168.875786000001,13.780056,0.0,5.4
6169.046312000002,13.780056,0.0,5.0
6166.546312000002,13.810056,0.0,5.41052
4116.546312,13.820056,0.0,5.41052
6168.875786000001,13.820056,0.0,5.41052
6168.875786000001,13.820056,0.0,5.41052
6168.875786000001,13.820056,0.0,5.41
6168.875786000001,13.830056,0.0,5.4
6169.046312000002,13.830056,0.0,5.0
6166.546312000002,13.860056,0.0,5.41052
4116.546312000001,13.860056,0.0,5.41052
6168.875786000001,13.870056,0.0,5.41052
6168.875786000001,13.870056,0.0,5.41052
6168.875786000001,13.870056,0.0,5.41
6168.875786000001,13.870056,0.0,5.4
6169.046312000001,13.880056,0.0,5.0
6166.546312000001,13.910056,0.0,5.41052
4116.546312,13.910056,0.0,5.41052
6168.875786000001,13.910056,0.0,5.41052
6168.875786000001,13.910056,0.0,5.41052
6168.875786000001,13.920056,0.0,5.41
6168.875786000001,13.920056,0.0,5.4
6169.046312000001,13.920056,0.0,5.0
6166.546312000001,13.950056,0.0,5.41052
4116.5463119999995,13.960056,0.0,5.41052
6168.8757860000005,13.960056,0.0,5.41052
6168.8757860000005,13.960056,0.0,5.41052
6168.8757860000005,13.960056,0.0,5.41
6168.8757860000005,13.970056,0.0,5.4
6169.046312000001,13.970056,0.0,5.0
6166.546312000001,14.000056,0.0,5.41052
4116.546312000001,14.000056,0.0,5.41052
6168.8757860000005,14.000056,0.0,5.41052
6168.8757860000005,14.010056,0.0,5.41052
6168.8757860000005,14.010056,0.0,5.41
6168.8757860000005,14.010056,0.0,5.4
6169.046312,14.020056,0.0,5.0
6166.546312,14.050056,0.0,5.41052
4116.546312,14.050056,0.0,5.41052
6168.8757860000005,14.050056,0.0,5.41052
6168.8757860000005,14.050056,0.0,5.41052
6168.8757860000005,14.060056,0.0,5.41
6168.8757860000005,14.060056,0.0,5.4
6169.046312,14.060056,0.0,5.0
6166.546312,14.090056,0.0,5.41052
4116.546311999999,14.090056,0.0,5.41052
6168.8757860000005,14.100056,0.0,5.41052
6168.8757860000005,14.100056,0.0,5.41052
6168.8757860000005,14.100056,0.0,5.41
6168.8757860000005,14.110056,0.0,5.4
6169.046312,14.110056,0.0,5.0
6166.546312,14.140056,0.0,5.41052
4116.546312,14.140056,0.0,5.41052
6168.875786000001,14.140056,0.0,5.41052
6168.875786000001,14.150056,0.0,5.41052
6168.875786000001,14.150056,0.0,5.41
6168.875786000001,14.150056,0.0,5.4
6169.046312000002,14.160056,0.0,5.0
6166.546312000002,14.180056,0.0,5.41052
4116.546312,14.190056,0.0,5.41052
6168.875786000001,14.190056,0.0,5.41052
6168.875786000001,14.190056,0.0,5.41052
6168.875786000001,14.200056,0.0,5.41
6168.875786000001,14.200056,0.0,5.4
6169.046312000002,14.200056,0.0,5.0
6166.546312000002,14.230056,0.0,5.41052
4116.546312000001,14.230056,0.0,5.41052
6168.875786000001,14.240056,0.0,5.41052
6168.875786000001,14.240056,0.0,5.41052
6168.875786000001,14.240056,0.0,5.41
6168.875786000001,14.250056,0.0,5.4
6169.046312000002,14.250056,0.0,5.0
6166.546312000002,14.280056,0.0,5.41052
4116.546312,14.280056,0.0,5.41052
6168.875786000001,14.280056,0.0,5.41052
6168.875786000001,14.290056,0.0,5.41052
6168.875786000001,14.290056,0.0,5.41
6168.875786000001,14.290056,0.0,5.4
6169.046312000002,14.300056,0.0,5.0
6166.546312000002,14.320056,0.0,5.41052
4116.546312,14.330056,0.0,5.41052
6168.875786000001,14.330056,0.0,5.41052
6168.875786000001,14.330056,0.0,5.41052
6168.875786000001,14.340056,0.0,5.41
6168.875786000001,14.340056,0.0,5.4
6169.046312000002,14.340056,0.0,5.0
6166.546312000002,14.370056,0.0,5.41052
4116.546312000001,14.370056,0.0,5.41052
6168.875786000001,14.380056,0.0,5.41052
6168.875786000001,14.380056,0.0,5.41052
6168.875786000001,14.380056,0.0,5.41
6168.875786000001,14.390056,0.0,5.4
6169.046312000002,14.390056,0.0,5.0
6166.546312000002,14.420056,0.0,5.41052
4116.546312,14.420056,0.0,5.41052
6168.875786000001,14.420056,0.0,5.41052
6168.875786000001,14.430056,0.0,5.41052
6168.875786000001,14.430056,0.0,5.41
6168.875786000001,14.430056,0.0,5.4
6169.046312000002,14.430056,0.0,5.0
6166.546312000002,14.460056,0.0,5.41052
4116.546312,14.470056,0.0,5.41052
6168.875786000001,14.470056,0.0,5.41052
6168.875786000001,14.470056,0.0,5.41052
6168.875786000001,14.480056,0.0,5.41
6168.875786000001,14.480056,0.0,5.4
6169.046312000002,14.480056,0.0,5.0
6166.546312000002,14.510056,0.0,5.41052
4116.546312000001,14.510056,0.0,5.41052
6168.875786000001,14.520056,0.0,5.41052
6168.875786000001,14.520056,0.0,5.41052
6168.875786000001,14.520056,0.0,5.41
6168.875786000001,14.520056,0.0,5.4
6169.046312000002,14.530056,0.0,5.0
6166.546312000002,14.560056,0.0,5.41052
4116.546312,14.560056,0.0,5.41052
6168.875786000001,14.560056,0.0,5.41052
6168.875786000001,14.570056,0.0,5.41052
6168.875786000001,14.570056,0.0,5.41
6168.875786000001,14.570056,0.0,5.4
6169.046312000002,14.570056,0.0,5.0
6166.546312000002,14.600056,0.0,5.41052
4116.546312,14.610056,0.0,5.41052
6168.875786000001,14.610056,0.0,5.41052
6168.875786000001,14.610056,0.0,5.41052
6168.875786000001,14.610056,0.0,5.41
6168.875786000001,14.620056,0.0,5.4
6169.046312000002,14.620056,0.0,5.0
6166.546312000002,14.650056,0.0,5.41052
4116.546312000001,14.650056,0.0,5.41052
6168.875786000001,14.660056,0.0,5.41052
6168.875786000001,14.660056,0.0,5.41052
6168.875786000001,14.660056,0.0,5.41
6168.875786000001,14.660056,0.0,5.4
6169.046312000002,14.670056,0.0,5.0
6166.546312000002,14.700056,0.0,5.41052
4116.546312,14.700056,0.0,5.41052
6168.875786000001,14.700056,0.0,5.41052
6168.875786000001,14.710056,0.0,5.41052
6168.875786000001,14.710056,0.0,5.41
6168.875786000001,14.710056,0.0,5.4
6169.046312000002,14.710056,0.0,5.0
6166.546312000002,14.740056,0.0,5.41052
4116.546312,14.750056,0.0,5.41052
6168.875786000001,14.750056,0.0,5.41052
6168.875786000001,14.750056,0.0,5.41052
6168.875786000001,14.750056,0.0,5.41
6168.875786000001,14.760056,0.0,5.4
6169.046312000002,14.760056,0.0,5.0
6166.546312000002,14.790056,0.0,5.41052
4116.546312000001,14.790056,0.0,5.41052
6168.875786000001,14.800056,0.0,5.41052
6168.875786000001,14.800056,0.0,5.41052
6168.875786000001,14.800056,0.0,5.41
6168.875786000001,14.800056,0.0,5.4
6169.046312000001,14.810056,0.0,5.0
6166.546312000001,14.840056,0.0,5.41052
4116.546312,14.840056,0.0,5.41052
6168.875786000001,14.840056,0.0,5.41052
6168.875786000001,14.840056,0.0,5.41052
6168.875786000001,14.850056,0.0,5.41
6168.875786000001,14.850056,0.0,5.4
6169.046312000001,14.850056,0.0,5.0
6166.546312000001,14.880056,0.0,5.41052
4116.5463119999995,14.890056,0.0,5.41052
6168.8757860000005,14.890056,0.0,5.41052
6168.8757860000005,14.890056,0.0,5.41052
6168.8757860000005,14.890056,0.0,5.41
6168.8757860000005,14.900056,0.0,5.4
6169.046312000001,14.900056,0.0,5.0
6166.546312000001,14.930056,0.0,5.41052
4116.546312000001,14.930056,0.0,5.41052
6168.8757860000005,14.930056,0.0,5.41052
6168.8757860000005,14.940056,0.0,5.41052
6168.8757860000005,14.940056,0.0,5.41
6168.8757860000005,14.940056,0.0,5.4
6169.046312,14.950056,0.0,5.0
6166.716838,14.980056,0.0,5.41052
4114.387363999999,14.980056,0.0,5.41052
4114.387363999999,14.980056,0.0,5.41052
4114.387363999999,14.980056,0.0,5.41052
4114.387363999999,14.990056,0.0,5.41052
4114.387363999999,14.990056,0.0,5.41052
4114.557889999999,14.990056,0.0,5.41052
4112.158602999999,15.000056,0.0,4.01426
2059.759316,15.000056,0.0,4.01426
2059.689503,15.000056,0.0,4.01426
2059.61969,15.000056,0.0,4.01426
2059.549877,15.010056,0.0,4.01426
2059.4800640000003,15.010056,0.0,4.01426
2059.580777,15.010056,0.0,4.01426
2057.1814900000004,15.020056,0.0,4.01426
4.782203000000002,15.020056,0.0,4.01426
4.712390000000002,15.020056,0.0,4.01426
75.74186399999992,15.030056,0.0,4.01426
75.67205099999993,15.030056,0.0,4.01426
75.60223799999993,15.030056,0.0,4.014
75.53242499999992,15.040056,0.0,4.0
75.46261199999992,15.040056,0.0,4.0
75.49208599999993,15.070056,0.0,4.01426
96.52155999999994,15.070056,0.0,4.01426
167.55103399999996,15.070056,0.0,4.01426
167.48122099999995,15.080056,0.0,4.01426
167.41140799999994,15.080056,0.0,4.014
167.41140799999994,15.080056,0.0,4.0
167.41140799999994,15.090056,0.0,4.0
167.51069499999994,15.110056,0.0,4.01426
188.60998199999995,15.120056,0.0,4.01426
259.70926899999995,15.120056,0.0,4.01426
259.70926899999995,15.120056,0.0,4.01426
259.70926899999995,15.130056,0.0,4.014
259.70926899999995,15.130056,0.0,4.0
259.70926899999995,15.130056,0.0,4.0
259.80855599999995,15.160056,0.0,4.01426
209.80855599999995,15.160056,0.0,4.01426
280.90784299999996,15.170056,0.0,4.01426
280.90784299999996,15.170056,0.0,4.01426
280.90784299999996,15.170056,0.0,4.014
280.90784299999996,15.180056,0.0,4.0
280.80855599999995,15.180056,0.0,4.0
259.80855599999995,15.210056,0.0,4.01426
209.80855599999995,15.210056,0.0,4.01426
280.90784299999996,15.210056,0.0,4.01426
280.90784299999996,15.220056,0.0,4.01426
280.90784299999996,15.220056,0.0,4.014
280.90784299999996,15.220056,0.0,4.0
280.80855599999995,15.230056,0.0,4.0
259.80855599999995,15.250056,0.0,4.01426
209.80855599999995,15.260056,0.0,4.01426
280.90784299999996,15.260056,0.0,4.01426
280.90784299999996,15.260056,0.0,4.01426
280.90784299999996,15.270056,0.0,4.014
280.90784299999996,15.270056,0.0,4.0
280.80855599999995,15.270056,0.0,4.0
259.80855599999995,15.300056,0.0,4.01426
209.80855599999995,15.300056,0.0,4.01426
280.90784299999996,15.310056,0.0,4.01426
280.90784299999996,15.310056,0.0,4.01426
280.90784299999996,15.310056,0.0,4.014
280.90784299999996,15.320056,0.0,4.0
280.80855599999995,15.320056,0.0,4.0
259.80855599999995,15.350056,0.0,4.01426
209.80855599999995,15.350056,0.0,4.01426
280.90784299999996,15.350056,0.0,4.01426
280.90784299999996,15.36006,0.0,4.01426
280.90784299999996,15.36006,0.0,4.014
280.90784299999996,15.36006,0.0,4.0
280.80855599999995,15.36006,0.0,4.0
259.80855599999995,15.390056,0.0,4.01426
209.80855599999995,15.400056,0.0,4.01426
280.90784299999996,15.400056,0.0,4.01426
280.90784299999996,15.400056,0.0,4.01426
280.90784299999996,15.410056,0.0,4.014
280.90784299999996,15.410056,0.0,4.0
280.80855599999995,15.410056,0.0,4.0
259.80855599999995,15.440056,0.0,4.01426
209.80855599999995,15.440056,0.0,4.01426
280.90784299999996,15.450056,0.0,4.01426
280.90784299999996,15.450056,0.0,4.01426
280.90784299999996,15.450056,0.0,4.014
280.90784299999996,15.450056,0.0,4.0
280.80855599999995,15.460056,0.0,4.0
259.80855599999995,15.490056,0.0,4.01426
209.80855599999995,15.490056,0.0,4.01426
280.90784299999996,15.490056,0.0,4.01426
280.90784299999996,15.500056,0.0,4.01426
280.90784299999996,15.500056,0.0,4.014
280.90784299999996,15.500056,0.0,4.0
280.80855599999995,15.500056,0.0,4.0
259.80855599999995,15.530056,0.0,4.01426
209.80855599999995,15.540056,0.0,4.01426
280.90784299999996,15.540056,0.0,4.01426
280.90784299999996,15.540056,0.0,4.01426
280.90784299999996,15.540056,0.0,4.014
280.90784299999996,15.550056,0.0,4.0
280.80855599999995,15.550056,0.0,4.0
259.80855599999995,15.580056,0.0,4.01426
209.80855599999995,15.580056,0.0,4.01426
280.90784299999996,15.590056,0.0,4.01426
280.90784299999996,15.590056,0.0,4.01426
280.90784299999996,15.590056,0.0,4.014
280.90784299999996,15.590056,0.0,4.0
280.80855599999995,15.600056,0.0,4.0
259.80855599999995,15.630056,0.0,4.01426
209.80855599999995,15.630056,0.0,4.01426
280.90784299999996,15.630056,0.0,4.01426
280.90784299999996,15.640056,0.0,4.01426
280.90784299999996,15.640056,0.0,4.014
280.90784299999996,15.640056,0.0,4.0
280.80855599999995,15.640056,0.0,4.0
259.80855599999995,15.670056,0.0,4.01426
209.80855599999995,15.680056,0.0,4.01426
280.90784299999996,15.680056,0.0,4.01426
280.90784299999996,15.680056,0.0,4.01426
280.90784299999996,15.680056,0.0,4.014
280.90784299999996,15.690056,0.0,4.0
280.80855599999995,15.690056,0.0,4.0
259.80855599999995,15.720056,0.0,4.01426
209.80855599999995,15.720056,0.0,4.01426
280.90784299999996,15.730056,0.0,4.01426
280.90784299999996,15.730056,0.0,4.01426
280.90784299999996,15.730056,0.0,4.014
280.90784299999996,15.730056,0.0,4.0
280.80855599999995,15.740056,0.0,4.0
259.80855599999995,15.770056,0.0,4.01426
209.80855599999995,15.770056,0.0,4.01426
280.90784299999996,15.770056,0.0,4.01426
280.90784299999996,15.770056,0.0,4.01426
280.90784299999996,15.780056,0.0,4.014
280.90784299999996,15.780056,0.0,4.0
280.80855599999995,15.780056,0.0,4.0
259.80855599999995,15.810056,0.0,4.01426
209.80855599999995,15.820056,0.0,4.01426
280.90784299999996,15.820056,0.0,4.01426
280.90784299999996,15.820056,0.0,4.01426
280.90784299999996,15.820056,0.0,4.014
280.90784299999996,15.830056,0.0,4.0
280.80855599999995,15.830056,0.0,4.0
259.80855599999995,15.860056,0.0,4.01426
209.80855599999995,15.860056,0.0,4.01426
280.90784299999996,15.860056,0.0,4.01426
280.90784299999996,15.870056,0.0,4.01426
280.90784299999996,15.870056,0.0,4.014
280.90784299999996,15.870056,0.0,4.0
280.80855599999995,15.880056,0.0,4.0
259.80855599999995,15.910056,0.0,4.01426
209.80855599999995,15.910056,0.0,4.01426
280.90784299999996,15.910056,0.0,4.01426
280.90784299999996,15.910056,0.0,4.01426
280.90784299999996,15.920056,0.0,4.014
280.90784299999996,15.920056,0.0,4.0
280.80855599999995,15.920056,0.0,4.0
259.80855599999995,15.950056,0.0,4.01426
209.80855599999995,15.950056,0.0,4.01426
280.90784299999996,15.960056,0.0,4.01426
280.90784299999996,15.960056,0.0,4.01426
280.90784299999996,15.960056,0.0,4.014
280.90784299999996,15.970056,0.0,4.0
280.80855599999995,15.970056,0.0,4.0
259.80855599999995,16.00006,0.0,4.01426
209.80855599999995,16.00006,0.0,4.01426
280.90784299999996,16.00006,0.0,4.01426
280.90784299999996,16.010056,0.0,4.01426
280.90784299999996,16.010056,0.0,4.014
280.90784299999996,16.010056,0.0,4.0
280.80855599999995,16.020056,0.0,4.0
259.80855599999995,16.040056,0.0,4.01426
209.80855599999995,16.050056,0.0,4.01426
280.90784299999996,16.050056,0.0,4.01426
280.90784299999996,16.050056,0.0,4.01426
280.90784299999996,16.060056,0.0,4.014
280.90784299999996,16.060056,0.0,4.0
280.80855599999995,16.060056,0.0,4.0
259.80855599999995,16.090056,0.0,4.01426
209.80855599999995,16.090056,0.0,4.01426
280.90784299999996,16.100056,0.0,4.01426
280.90784299999996,16.100056,0.0,4.01426
280.90784299999996,16.100056,0.0,4.014
280.90784299999996,16.110056,0.0,4.0
280.80855599999995,16.110056,0.0,4.0
259.80855599999995,16.140056,0.0,4.01426
209.80855599999995,16.140056,0.0,4.01426
280.90784299999996,16.140056,0.0,4.01426
280.90784299999996,16.150056,0.0,4.01426
280.90784299999996,16.150056,0.0,4.014
280.90784299999996,16.150056,0.0,4.0
280.80855599999995,16.160056,0.0,4.0
259.80855599999995,16.180056,0.0,4.01426
209.80855599999995,16.190056,0.0,4.01426
280.90784299999996,16.190056,0.0,4.01426
280.90784299999996,16.190056,0.0,4.01426
280.90784299999996,16.200056,0.0,4.014
280.90784299999996,16.200056,0.0,4.0
280.80855599999995,16.200056,0.0,4.0
259.80855599999995,16.230056,0.0,4.01426
209.80855599999995,16.230056,0.0,4.01426
280.90784299999996,16.240056,0.0,4.01426
280.90784299999996,16.240056,0.0,4.01426
280.90784299999996,16.240056,0.0,4.014
280.90784299999996,16.250056,0.0,4.0
280.80855599999995,16.250056,0.0,4.0
259.80855599999995,16.280056,0.0,4.01426
209.80855599999995,16.280056,0.0,4.01426
280.90784299999996,16.280056,0.0,4.01426
280.90784299999996,16.290056,0.0,4.01426
280.90784299999996,16.290056,0.0,4.014
280.90784299999996,16.290056,0.0,4.0
280.80855599999995,16.290056,0.0,4.0
259.80855599999995,16.320056,0.0,4.01426
209.80855599999995,16.330056,0.0,4.01426
280.90784299999996,16.330056,0.0,4.01426
280.90784299999996,16.330056,0.0,4.01426
280.90784299999996,16.340056,0.0,4.014
280.90784299999996,16.340056,0.0,4.0
280.80855599999995,16.340056,0.0,4.0
259.80855599999995,16.370056,0.0,4.01426
209.80855599999995,16.370056,0.0,4.01426
280.90784299999996,16.380056,0.0,4.01426
280.90784299999996,16.380056,0.0,4.01426
280.90784299999996,16.380056,0.0,4.014
280.90784299999996,16.380056,0.0,4.0
280.80855599999995,16.390056,0.0,4.0
259.80855599999995,16.420056,0.0,4.01426
209.80855599999995,16.420056,0.0,4.01426
280.90784299999996,16.420056,0.0,4.01426
280.90784299999996,16.430056,0.0,4.01426
280.90784299999996,16.430056,0.0,4.014
280.90784299999996,16.430056,0.0,4.0
280.80855599999995,16.430056,0.0,4.0
259.80855599999995,16.460056,0.0,4.01426
209.80855599999995,16.470056,0.0,4.01426
280.90784299999996,16.470056,0.0,4.01426
280.90784299999996,16.470056,0.0,4.01426
280.90784299999996,16.470056,0.0,4.014
280.90784299999996,16.480056,0.0,4.0
280.80855599999995,16.480056,0.0,4.0
259.80855599999995,16.510056,0.0,4.01426
209.80855599999995,16.510056,0.0,4.01426
280.90784299999996,16.520056,0.0,4.01426
280.90784299999996,16.520056,0.0,4.01426
280.90784299999996,16.520056,0.0,4.014
280.90784299999996,16.520056,0.0,4.0
280.80855599999995,16.530056,0.0,4.0
259.80855599999995,16.560056,0.0,4.01426
209.80855599999995,16.560056,0.0,4.01426
280.90784299999996,16.560056,0.0,4.01426
280.90784299999996,16.560056,0.0,4.01426
280.90784299999996,16.570056,0.0,4.014
280.90784299999996,16.570056,0.0,4.0
280.80855599999995,16.570056,0.0,4.0
259.80855599999995,16.600056,0.0,4.01426
209.80855599999995,16.610056,0.0,4.01426
280.90784299999996,16.610056,0.0,4.01426
280.90784299999996,16.610056,0.0,4.01426
280.90784299999996,16.610056,0.0,4.014
280.90784299999996,16.620056,0.0,4.0
280.80855599999995,16.620056,0.0,4.0
259.80855599999995,16.650056,0.0,4.01426
209.80855599999995,16.650056,0.0,4.01426
280.90784299999996,16.660056,0.0,4.01426
280.90784299999996,16.660056,0.0,4.01426
280.90784299999996,16.660056,0.0,4.014
280.90784299999996,16.660056,0.0,4.0
280.80855599999995,16.670056,0.0,4.0
259.80855599999995,16.700056,0.0,4.01426
209.80855599999995,16.700056,0.0,4.01426
280.90784299999996,16.700056,0.0,4.01426
280.90784299999996,16.700056,0.0,4.01426
280.90784299999996,16.710056,0.0,4.014
280.90784299999996,16.710056,0.0,4.0
280.80855599999995,16.710056,0.0,4.0
259.80855599999995,16.740056,0.0,4.01426
209.80855599999995,16.750056,0.0,4.01426
280.90784299999996,16.750056,0.0,4.01426
280.90784299999996,16.750056,0.0,4.01426
280.90784299999996,16.750056,0.0,4.014
280.90784299999996,16.760056,0.0,4.0
280.80855599999995,16.760056,0.0,4.0
259.80855599999995,16.790056,0.0,4.01426
209.80855599999995,16.790056,0.0,4.01426
280.90784299999996,16.790056,0.0,4.01426
280.90784299999996,16.800056,0.0,4.01426
280.90784299999996,16.800056,0.0,4.014
280.90784299999996,16.800056,0.0,4.0
280.80855599999995,16.810056,0.0,4.0
259.80855599999995,16.840056,0.0,4.01426
209.80855599999995,16.840056,0.0,4.01426
280.90784299999996,16.840056,0.0,4.01426
280.90784299999996,16.840056,0.0,4.01426
280.90784299999996,16.850056,0.0,4.014
280.90784299999996,16.850056,0.0,4.0
280.80855599999995,16.850056,0.0,4.0
259.80855599999995,16.880056,0.0,4.01426
209.80855599999995,16.880056,0.0,4.01426
280.90784299999996,16.890056,0.0,4.01426
280.90784299999996,16.890056,0.0,4.01426
280.90784299999996,16.890056,0.0,4.014
280.90784299999996,16.900056,0.0,4.0
280.80855599999995,16.900056,0.0,4.0
259.80855599999995,16.930056,0.0,4.01426
209.80855599999995,16.930056,0.0,4.01426
280.90784299999996,16.930056,0.0,4.01426
280.90784299999996,16.940056,0.0,4.01426
280.90784299999996,16.940056,0.0,4.014
280.90784299999996,16.940056,0.0,4.0
280.80855599999995,16.950056,0.0,4.0
259.80855599999995,16.970056,0.0,4.01426
209.80855599999995,16.980056,0.0,4.01426
280.90784299999996,16.980056,0.0,4.01426
280.90784299999996,16.980056,0.0,4.01426
280.90784299999996,16.990056,0.0,4.014
280.90784299999996,16.990056,0.0,4.0
280.80855599999995,16.990056,0.0,4.0
259.50855599999994,17.020056,0.0,0.7854
215.20855599999996,17.020056,0.0,0.7854
4142.0078429999985,17.030056,0.0,0.7854
4141.846399999998,17.030056,0.0,0.7854
4141.684956999998,17.030056,0.0,0.785
4141.523513999998,17.040056,0.0,0.7
4141.262783999998,17.040056,0.0,0.0
4120.002053999997,17.040056,0.0,0.7854
4048.741323999997,17.040056,0.0,0.7854
4048.5798809999965,17.050056,0.0,0.7854
4048.4184379999965,17.050056,0.0,0.7854
4048.256994999996,17.050056,0.0,0.7854
4048.095551999996,17.060056,0.0,0.7854
4047.8348219999957,17.060056,0.0,0.7854
4026.5740919999953,17.060056,0.0,0.7854
3955.3133619999953,17.060056,0.0,0.7854
3955.151918999995,17.070056,0.0,0.7854
3954.990475999995,17.070056,0.0,0.7854
3954.8290329999945,17.070056,0.0,0.7854
3954.6675899999946,17.080056,0.0,0.7854
3954.7068599999943,17.080056,0.0,0.7854
3927.7461299999945,17.080056,0.0,0.7854
0.7853999999999997,17.090056,0.0,0.7854
0.7853999999999997,17.090056,0.0,0.7854
0.7853999999999997,17.100056,0.0,0.7854
0.7461299999999997,17.110056,0.0,0.7854
27.706859999999992,17.120056,0.0,0.7854
3954.667589999996,17.120056,0.0,0.7854
3954.667589999996,17.120056,0.0,0.7854
3954.667589999996,17.130056,0.0,0.785
3954.667589999996,17.130056,0.0,0.7
3954.667589999996,17.130056,0.0,0.0
3954.628319999996,17.160056,0.0,0.7854
3981.589049999997,17.160056,0.0,0.7854
7908.549779999998,17.170056,0.0,0.7854
7908.549779999998,17.170056,0.0,0.7854
7908.549779999998,17.170056,0.0,0.785
7908.549779999998,17.180056,0.0,0.7
7908.549779999998,17.180056,0.0,0.0
7908.510509999997,17.210056,0.0,0.7854
7935.471239999998,17.210056,0.0,0.7854
11862.431969999998,17.210056,0.0,0.7854
11862.431969999998,17.220056,0.0,0.7854
11862.431969999998,17.220056,0.0,0.785
11862.431969999998,17.220056,0.0,0.7
11862.471239999997,17.220056,0.0,0.0
11835.471239999997,17.250056,0.0,0.7854
7935.471239999996,17.260056,0.0,0.7854
11862.431969999998,17.260056,0.0,0.7854
11862.431969999998,17.260056,0.0,0.7854
11862.431969999998,17.270056,0.0,0.785
11862.431969999998,17.270056,0.0,0.7
11862.471239999997,17.270056,0.0,0.0
11835.471239999997,17.300056,0.0,0.7854
7935.471239999996,17.300056,0.0,0.7854
11862.431969999998,17.310056,0.0,0.7854
11862.431969999998,17.310056,0.0,0.7854
11862.431969999998,17.310056,0.0,0.785
11862.431969999998,17.310056,0.0,0.7
11862.471239999997,17.320056,0.0,0.0
11835.471239999997,17.350056,0.0,0.7854
7935.471239999998,17.350056,0.0,0.7854
11862.431969999998,17.350056,0.0,0.7854
11862.431969999998,17.360056,0.0,0.7854
11862.431969999998,17.360056,0.0,0.785
11862.431969999998,17.360056,0.0,0.7
11862.471239999997,17.360056,0.0,0.0
11835.471239999997,17.390056,0.0,0.7854
7935.471239999996,17.400056,0.0,0.7854
11862.431969999998,17.400056,0.0,0.7854
11862.431969999998,17.400056,0.0,0.7854
11862.431969999998,17.400056,0.0,0.785
11862.431969999998,17.410056,0.0,0.7
11862.471239999997,17.410056,0.0,0.0
11835.471239999997,17.440056,0.0,0.7854
7935.471239999996,17.440056,0.0,0.7854
11862.431969999998,17.450056,0.0,0.7854
11862.431969999998,17.450056,0.0,0.7854
11862.431969999998,17.450056,0.0,0.785
11862.431969999998,17.450056,0.0,0.7
11862.471239999997,17.460056,0.0,0.0
11835.471239999997,17.490056,0.0,0.7854
7935.471239999998,17.490056,0.0,0.7854
11862.431969999998,17.490056,0.0,0.7854
11862.431969999998,17.490056,0.0,0.7854
11862.431969999998,17.500056,0.0,0.785
11862.431969999998,17.500056,0.0,0.7
11862.471239999997,17.500056,0.0,0.0
11835.471239999997,17.530056,0.0,0.7854
7935.471239999996,17.540056,0.0,0.7854
11862.431969999998,17.540056,0.0,0.7854
11862.431969999998,17.540056,0.0,0.7854
11862.431969999998,17.540056,0.0,0.785
11862.431969999998,17.550056,0.0,0.7
11862.471239999997,17.550056,0.0,0.0
11835.510509999996,17.570056,0.0,0.7854
7908.510509999996,17.580056,0.0,0.7854
7935.471239999996,17.580056,0.0,0.7854
11862.431969999998,17.580056,0.0,0.7854
11862.431969999998,17.590056,0.0,0.7854
11862.431969999998,17.590056,0.0,0.785
11862.471239999997,17.590056,0.0,0.7
11835.510509999996,17.600056,0.0,0.0
7908.510509999999,17.630056,0.0,0.7854
7935.471239999999,17.630056,0.0,0.7854
11862.431969999998,17.630056,0.0,0.7854
11862.431969999998,17.630056,0.0,0.7854
11862.431969999998,17.640056,0.0,0.785
11862.471239999997,17.640056,0.0,0.7
11835.510509999996,17.640056,0.0,0.0
7908.510509999996,17.670056,0.0,0.7854
7935.471239999996,17.680056,0.0,0.7854
11862.431969999998,17.680056,0.0,0.7854
11862.431969999998,17.680056,0.0,0.7854
11862.431969999998,17.680056,0.0,0.785
11862.431969999998,17.690056,0.0,0.7
11862.471239999997,17.690056,0.0,0.0
11835.471239999997,17.720056,0.0,0.7854
7935.471239999996,17.720056,0.0,0.7854
11862.431969999998,17.720056,0.0,0.7854
11862.431969999998,17.730056,0.0,0.7854
11862.431969999998,17.730056,0.0,0.785
11862.431969999998,17.730056,0.0,0.7
11862.471239999999,17.740056,0.0,0.0
11835.471239999999,17.770056,0.0,0.7854
7935.471239999999,17.770056,0.0,0.7854
11862.431969999998,17.770056,0.0,0.7854
11862.431969999998,17.770056,0.0,0.7854
11862.431969999998,17.780056,0.0,0.785
11862.431969999998,17.780056,0.0,0.7
11862.471239999999,17.780056,0.0,0.0
11835.471239999999,17.810056,0.0,0.7854
7935.471239999998,17.810056,0.0,0.7854
11862.431969999998,17.820056,0.0,0.7854
11862.431969999998,17.820056,0.0,0.7854
11862.431969999998,17.820056,0.0,0.785
11862.431969999998,17.830056,0.0,0.7
11862.471239999999,17.830056,0.0,0.0
11835.471239999999,17.860056,0.0,0.7854
7935.471239999998,17.860056,0.0,0.7854
11862.431969999998,17.860056,0.0,0.7854
11862.431969999998,17.870056,0.0,0.7854
11862.431969999998,17.870056,0.0,0.785
11862.431969999998,17.870056,0.0,0.7
11862.471239999997,17.880056,0.0,0.0
11835.471239999997,17.900056,0.0,0.7854
7935.471239999996,17.910056,0.0,0.7854
11862.431969999998,17.910056,0.0,0.7854
11862.431969999998,17.910056,0.0,0.7854
11862.431969999998,17.92006,0.0,0.785
11862.431969999998,17.92006,0.0,0.7
11862.471239999997,17.92006,0.0,0.0
11835.471239999997,17.950056,0.0,0.7854
7935.471239999996,17.950056,0.0,0.7854
11862.431969999998,17.960056,0.0,0.7854
11862.431969999998,17.960056,0.0,0.7854
11862.431969999998,17.960056,0.0,0.785
11862.431969999998,17.970056,0.0,0.7
11862.471239999997,17.970056,0.0,0.0
11835.471239999997,18.000056,0.0,0.7854
7935.471239999998,18.000056,0.0,0.7854
11862.431969999998,18.000056,0.0,0.7854
11862.431969999998,18.010056,0.0,0.7854
11862.431969999998,18.010056,0.0,0.785
11862.431969999998,18.010056,0.0,0.7
11862.471239999997,18.020056,0.0,0.0
11835.471239999997,18.040056,0.0,0.7854
7935.471239999996,18.050056,0.0,0.7854
11862.431969999998,18.050056,0.0,0.7854
11862.431969999998,18.050056,0.0,0.7854
11862.431969999998,18.060056,0.0,0.785
11862.431969999998,18.060056,0.0,0.7
11862.471239999997,18.060056,0.0,0.0
11835.471239999997,18.090056,0.0,0.7854
7935.471239999996,18.090056,0.0,0.7854
11862.431969999998,18.100056,0.0,0.7854
11862.431969999998,18.100056,0.0,0.7854
11862.431969999998,18.100056,0.0,0.785
11862.431969999998,18.110056,0.0,0.7
11862.471239999997,18.110056,0.0,0.0
11835.471239999997,18.140056,0.0,0.7854
7935.471239999998,18.140056,0.0,0.7854
11862.431969999998,18.140056,0.0,0.7854
11862.431969999998,18.150056,0.0,0.7854
11862.431969999998,18.150056,0.0,0.785
11862.431969999998,18.150056,0.0,0.7
11862.471239999997,18.150056,0.0,0.0
11835.471239999997,18.180056,0.0,0.7854
7935.471239999996,18.190056,0.0,0.7854
11862.431969999998,18.190056,0.0,0.7854
11862.431969999998,18.190056,0.0,0.7854
11862.431969999998,18.200056,0.0,0.785
11862.431969999998,18.200056,0.0,0.7
11862.471239999997,18.200056,0.0,0.0
11835.471239999997,18.230056,0.0,0.7854
7935.471239999996,18.230056,0.0,0.7854
11862.431969999998,18.240056,0.0,0.7854
11862.431969999998,18.240056,0.0,0.7854
11862.431969999998,18.240056,0.0,0.785
11862.431969999998,18.240056,0.0,0.7
11862.471239999997,18.250056,0.0,0.0
11835.471239999997,18.280056,0.0,0.7854
7935.471239999998,18.280056,0.0,0.7854
11862.431969999998,18.280056,0.0,0.7854
11862.431969999998,18.290056,0.0,0.7854
11862.431969999998,18.290056,0.0,0.785
11862.431969999998,18.290056,0.0,0.7
11862.471239999997,18.290056,0.0,0.0
11835.471239999997,18.320056,0.0,0.7854
7935.471239999996,18.330056,0.0,0.7854
11862.431969999998,18.330056,0.0,0.7854
11862.431969999998,18.330056,0.0,0.7854
11862.431969999998,18.330056,0.0,0.785
11862.431969999998,18.340056,0.0,0.7
11862.471239999997,18.340056,0.0,0.0
11835.471239999997,18.370056,0.0,0.7854
7935.471239999996,18.370056,0.0,0.7854
11862.431969999998,18.380056,0.0,0.7854
11862.431969999998,18.380056,0.0,0.7854
11862.431969999998,18.380056,0.0,0.785
11862.431969999998,18.380056,0.0,0.7
11862.471239999997,18.390056,0.0,0.0
11835.471239999997,18.420056,0.0,0.7854
7935.471239999999,18.420056,0.0,0.7854
11862.431969999998,18.420056,0.0,0.7854
11862.431969999998,18.420056,0.0,0.7854
11862.431969999998,18.430056,0.0,0.785
11862.431969999998,18.430056,0.0,0.7
11862.471239999997,18.430056,0.0,0.0
11835.471239999997,18.460056,0.0,0.7854
7935.471239999996,18.470056,0.0,0.7854
11862.431969999998,18.470056,0.0,0.7854
11862.431969999998,18.470056,0.0,0.7854
11862.431969999998,18.470056,0.0,0.785
11862.431969999998,18.480056,0.0,0.7
11862.471239999997,18.480056,0.0,0.0
11835.471239999997,18.510056,0.0,0.7854
7935.471239999996,18.510056,0.0,0.7854
11862.431969999998,18.510056,0.0,0.7854
11862.431969999998,18.520056,0.0,0.7854
11862.431969999998,18.520056,0.0,0.785
11862.431969999998,18.520056,0.0,0.7
11862.471239999997,18.530056,0.0,0.0
11835.471239999997,18.56006,0.0,0.7854
7935.471239999999,18.56006,0.0,0.7854
11862.431969999998,18.56006,0.0,0.7854
11862.431969999998,18.56006,0.0,0.7854
11862.431969999998,18.570056,0.0,0.785
11862.431969999998,18.570056,0.0,0.7
11862.471239999997,18.570056,0.0,0.0
11835.471239999997,18.600056,0.0,0.7854
7935.471239999996,18.600056,0.0,0.7854
11862.431969999998,18.610056,0.0,0.7854
11862.431969999998,18.610056,0.0,0.7854
11862.431969999998,18.610056,0.0,0.785
11862.431969999998,18.620056,0.0,0.7
11862.471239999997,18.620056,0.0,0.0
11835.471239999997,18.650056,0.0,0.7854
7935.471239999996,18.650056,0.0,0.7854
11862.431969999998,18.650056,0.0,0.7854
11862.431969999998,18.660056,0.0,0.7854
11862.431969999998,18.660056,0.0,0.785
11862.431969999998,18.660056,0.0,0.7
11862.471239999999,18.670056,0.0,0.0
11835.471239999999,18.700056,0.0,0.7854
7935.471239999999,18.700056,0.0,0.7854
11862.431969999998,18.700056,0.0,0.7854
11862.431969999998,18.700056,0.0,0.7854
11862.431969999998,18.710056,0.0,0.785
11862.431969999998,18.710056,0.0,0.7
11862.471239999999,18.710056,0.0,0.0
11835.471239999999,18.740056,0.0,0.7854
7935.471239999998,18.740056,0.0,0.7854
11862.431969999998,18.750056,0.0,0.7854
11862.431969999998,18.750056,0.0,0.7854
11862.431969999998,18.750056,0.0,0.785
11862.431969999998,18.760056,0.0,0.7
11862.471239999999,18.760056,0.0,0.0
11835.471239999999,18.790056,0.0,0.7854
7935.471239999998,18.790056,0.0,0.7854
11862.431969999998,18.790056,0.0,0.7854
11862.431969999998,18.800056,0.0,0.7854
11862.431969999998,18.800056,0.0,0.785
11862.431969999998,18.800056,0.0,0.7
11862.471239999997,18.810056,0.0,0.0
11835.471239999997,18.830056,0.0,0.7854
7935.471239999996,18.840056,0.0,0.7854
11862.431969999998,18.840056,0.0,0.7854
11862.431969999998,18.840056,0.0,0.7854
11862.431969999998,18.850056,0.0,0.785
11862.431969999998,18.850056,0.0,0.7
11862.471239999997,18.850056,0.0,0.0
11835.471239999997,18.880056,0.0,0.7854
7935.471239999996,18.880056,0.0,0.7854
11862.431969999998,18.890056,0.0,0.7854
11862.431969999998,18.890056,0.0,0.7854
11862.431969999998,18.890056,0.0,0.785
11862.431969999998,18.900056,0.0,0.7
11862.471239999997,18.900056,0.0,0.0
11835.471239999997,18.930056,0.0,0.7854
7935.471239999998,18.930056,0.0,0.7854
11862.431969999998,18.930056,0.0,0.7854
11862.431969999998,18.940056,0.0,0.7854
11862.431969999998,18.940056,0.0,0.785
11862.431969999998,18.940056,0.0,0.7
11862.471239999997,18.940056,0.0,0.0
11835.471239999997,18.970056,0.0,0.7854
7935.471239999996,18.980056,0.0,0.7854
11862.431969999998,18.980056,0.0,0.7854
11862.431969999998,18.980056,0.0,0.7854
11862.431969999998,18.990056,0.0,0.785
11862.431969999998,18.990056,0.0,0.7
11862.471239999997,18.990056,0.0,0.0
11835.921239999996,19.020056,0.0,2.61799
7948.871239999997,19.020056,0.0,2.61799
11038.781969999996,19.030056,0.0,2.61799
11038.873599499997,19.030056,0.0,2.61799
11038.965228999998,19.030056,0.0,2.617
11039.056858499998,19.040056,0.0,2.6
11039.187757999998,19.040056,0.0,2.0
11012.637757999997,19.070056,0.0,2.61799
7125.587757999999,19.070056,0.0,2.61799
10215.498488,19.070056,0.0,2.61799
10215.590117499998,19.080056,0.0,2.61799
10215.681746999999,19.080056,0.0,2.617
10215.7733765,19.080056,0.0,2.6
10215.904276,19.080056,0.0,2.0
10189.354275999998,19.110056,0.0,2.61799
6302.304276,19.120056,0.0,2.61799
9392.215005999999,19.120056,0.0,2.61799
9392.3066355,19.120056,0.0,2.61799
9392.398265,19.130056,0.0,2.617
9392.4898945,19.130056,0.0,2.6
9392.170794,19.130056,0.0,2.0
9352.670794,19.160056,0.0,2.61799
6302.670794,19.160056,0.0,2.61799
9392.4898945,19.170056,0.0,2.61799
9392.4898945,19.170056,0.0,2.61799
9392.4898945,19.170056,0.0,2.617
9392.4898945,19.170056,0.0,2.6
9392.170794,19.180056,0.0,2.0
9352.670794,19.210056,0.0,2.61799
6302.670794,19.210056,0.0,2.61799
9392.4898945,19.210056,0.0,2.61799
9392.4898945,19.220056,0.0,2.61799
9392.4898945,19.220056,0.0,2.617
9392.4898945,19.220056,0.0,2.6
9392.170794,19.220056,0.0,2.0
9352.670794,19.250056,0.0,2.61799
6302.670794,19.260056,0.0,2.61799
9392.4898945,19.260056,0.0,2.61799
9392.4898945,19.260056,0.0,2.61799
9392.4898945,19.260056,0.0,2.617
9392.4898945,19.270056,0.0,2.6
9392.170794,19.270056,0.0,2.0
9352.670794,19.300056,0.0,2.61799
6302.670794,19.300056,0.0,2.61799
9392.4898945,19.310056,0.0,2.61799
9392.4898945,19.310056,0.0,2.61799
9392.4898945,19.310056,0.0,2.617
9392.4898945,19.310056,0.0,2.6
9392.170794,19.320056,0.0,2.0
9352.670794,19.350056,0.0,2.61799
6302.670794,19.350056,0.0,2.61799
9392.4898945,19.350056,0.0,2.61799
9392.4898945,19.350056,0.0,2.61799
9392.4898945,19.360056,0.0,2.617
9392.4898945,19.360056,0.0,2.6
9392.170794,19.360056,0.0,2.0
9352.670794,19.390056,0.0,2.61799
6302.670794,19.400056,0.0,2.61799
9392.4898945,19.400056,0.0,2.61799
9392.4898945,19.400056,0.0,2.61799
9392.4898945,19.400056,0.0,2.617
9392.4898945,19.410056,0.0,2.6
9392.170794,19.410056,0.0,2.0
9352.670794,19.440056,0.0,2.61799
6302.670794,19.440056,0.0,2.61799
9392.4898945,19.440056,0.0,2.61799
9392.4898945,19.450056,0.0,2.61799
9392.4898945,19.450056,0.0,2.617
9392.4898945,19.450056,0.0,2.6
9392.170794,19.460056,0.0,2.0
9352.670794,19.490056,0.0,2.61799
6302.670794,19.490056,0.0,2.61799
9392.4898945,19.490056,0.0,2.61799
9392.4898945,19.490056,0.0,2.61799
9392.4898945,19.500056,0.0,2.617
9392.4898945,19.500056,0.0,2.6
9392.170794,19.500056,0.0,2.0
9352.670794,19.530056,0.0,2.61799
6302.670794,19.530056,0.0,2.61799
9392.4898945,19.540056,0.0,2.61799
9392.4898945,19.540056,0.0,2.61799
9392.4898945,19.540056,0.0,2.617
9392.4898945,19.550056,0.0,2.6
9392.170794,19.550056,0.0,2.0
9352.670794,19.580056,0.0,2.61799
6302.670794,19.580056,0.0,2.61799
9392.4898945,19.580056,0.0,2.61799
9392.4898945,19.590056,0.0,2.61799
9392.4898945,19.590056,0.0,2.617
9392.4898945,19.590056,0.0,2.6
9392.170794,19.600056,0.0,2.0
9352.351693499999,19.610056,0.0,2.61799
6262.532593,19.610056,0.0,2.61799
6262.532593,19.610056,0.0,2.61799
6262.532593,19.620056,0.0,2.61799
6262.532593,19.620056,0.0,2.61799
6262.532593,19.620056,0.0,2.61799
6262.2134925,19.620056,0.0,2.61799
6222.394392,19.630056,0.0,2.61799
3132.5752915000003,19.630056,0.0,2.61799
3132.5752915000003,19.630056,0.0,2.61799
3132.5752915000003,19.640056,0.0,2.61799
3132.5752915000003,19.640056,0.0,2.61799
3132.5752915000003,19.640056,0.0,2.61799
3132.2561910000004,19.650056,0.0,2.61799
3092.4370905,19.650056,0.0,2.61799
2.9370904999999996,19.670056,0.0,2.61799
42.75619099999997,19.670056,0.0,2.61799
3132.5752914999994,19.680056,0.0,2.61799
3132.5752914999994,19.680056,0.0,2.61799
3132.5752914999994,19.680056,0.0,2.617
3132.5752914999994,19.690056,0.0,2.6
3132.5752914999994,19.690056,0.0,2.0
3132.8943919999992,19.720056,0.0,2.61799
3172.713492499999,19.720056,0.0,2.61799
6262.532593,19.720056,0.0,2.61799
6262.532593,19.730056,0.0,2.61799
6262.532593,19.730056,0.0,2.617
6262.532593,19.730056,0.0,2.6
6262.532593,19.740056,0.0,2.0
6262.8516935,19.760056,0.0,2.61799
6302.670794,19.770056,0.0,2.61799
9392.4898945,19.770056,0.0,2.61799
9392.4898945,19.770056,0.0,2.61799
9392.4898945,19.780056,0.0,2.617
9392.4898945,19.780056,0.0,2.6
9392.170794,19.780056,0.0,2.0
9352.670794,19.810056,0.0,2.61799
6302.670794,19.810056,0.0,2.61799
9392.4898945,19.820056,0.0,2.61799
9392.4898945,19.820056,0.0,2.61799
9392.4898945,19.820056,0.0,2.617
9392.4898945,19.830056,0.0,2.6
9392.170794,19.830056,0.0,2.0
9352.670794,19.860056,0.0,2.61799
6302.670794,19.860056,0.0,2.61799
9392.4898945,19.860056,0.0,2.61799
9392.4898945,19.870056,0.0,2.61799
9392.4898945,19.870056,0.0,2.617
9392.4898945,19.870056,0.0,2.6
9392.170794,19.870056,0.0,2.0
9352.670794,19.900056,0.0,2.61799
6302.670794,19.910056,0.0,2.61799
9392.4898945,19.910056,0.0,2.61799
9392.4898945,19.910056,0.0,2.61799
9392.4898945,19.920056,0.0,2.617
9392.4898945,19.920056,0.0,2.6
9392.170794,19.920056,0.0,2.0
9352.670794,19.950056,0.0,2.61799
6302.670794,19.950056,0.0,2.61799
9392.4898945,19.960056,0.0,2.61799
9392.4898945,19.960056,0.0,2.61799
9392.4898945,19.960056,0.0,2.617
9392.4898945,19.960056,0.0,2.6
9392.170794,19.970056,0.0,2.0
9352.670794,20.000056,0.0,2.61799
6302.670794,20.000056,0.0,2.61799
9392.4898945,20.000056,0.0,2.61799
9392.4898945,20.010056,0.0,2.61799
9392.4898945,20.010056,0.0,2.617
9392.4898945,20.010056,0.0,2.6
9392.170794,20.010056,0.0,2.0
9352.670794,20.040056,0.0,2.61799
6302.670794,20.050056,0.0,2.61799
9392.4898945,20.050056,0.0,2.61799
9392.4898945,20.050056,0.0,2.61799
9392.4898945,20.060056,0.0,2.617
9392.4898945,20.060056,0.0,2.6
9392.170794,20.060056,0.0,2.0
9352.670794,20.090056,0.0,2.61799
6302.670794,20.090056,0.0,2.61799
9392.4898945,20.100056,0.0,2.61799
9392.4898945,20.100056,0.0,2.61799
9392.4898945,20.100056,0.0,2.617
9392.4898945,20.100056,0.0,2.6
9392.170794,20.110056,0.0,2.0
9352.670794,20.140056,0.0,2.61799
6302.670794,20.140056,0.0,2.61799
9392.4898945,20.140056,0.0,2.61799
9392.4898945,20.150056,0.0,2.61799
9392.4898945,20.150056,0.0,2.617
9392.4898945,20.150056,0.0,2.6
9392.170794,20.150056,0.0,2.0
9352.670794,20.180056,0.0,2.61799
6302.670794,20.190056,0.0,2.61799
9392.4898945,20.190056,0.0,2.61799
9392.4898945,20.190056,0.0,2.61799
9392.4898945,20.190056,0.0,2.617
9392.4898945,20.200056,0.0,2.6
9392.170794,20.200056,0.0,2.0
9352.670794,20.230056,0.0,2.61799
6302.670794,20.230056,0.0,2.61799
9392.4898945,20.240056,0.0,2.61799
9392.4898945,20.240056,0.0,2.61799
9392.4898945,20.240056,0.0,2.617
9392.4898945,20.240056,0.0,2.6
9392.170794,20.250056,0.0,2.0
9352.670794,20.280056,0.0,2.61799
6302.670794,20.280056,0.0,2.61799
9392.4898945,20.280056,0.0,2.61799
9392.4898945,20.280056,0.0,2.61799
9392.4898945,20.290056,0.0,2.617
9392.4898945,20.290056,0.0,2.6
9392.170794,20.290056,0.0,2.0
9352.670794,20.320056,0.0,2.61799
6302.670794,20.330056,0.0,2.61799
9392.4898945,20.330056,0.0,2.61799
9392.4898945,20.330056,0.0,2.61799
9392.4898945,20.330056,0.0,2.617
9392.4898945,20.340056,0.0,2.6
9392.170794,20.340056,0.0,2.0
9352.670794,20.370056,0.0,2.61799
6302.670794,20.370056,0.0,2.61799
9392.4898945,20.370056,0.0,2.61799
9392.4898945,20.380056,0.0,2.61799
9392.4898945,20.380056,0.0,2.617
9392.4898945,20.380056,0.0,2.6
9392.170794,20.390056,0.0,2.0
9352.670794,20.420056,0.0,2.61799
6302.670794,20.420056,0.0,2.61799
9392.4898945,20.420056,0.0,2.61799
9392.4898945,20.420056,0.0,2.61799
9392.4898945,20.430056,0.0,2.617
9392.4898945,20.430056,0.0,2.6
9392.170794,20.430056,0.0,2.0
9352.670794,20.460056,0.0,2.61799
6302.670794,20.460056,0.0,2.61799
9392.4898945,20.470056,0.0,2.61799
9392.4898945,20.470056,0.0,2.61799
9392.4898945,20.470056,0.0,2.617
9392.4898945,20.48006,0.0,2.6
9392.170794,20.48006,0.0,2.0
9352.670794,20.510056,0.0,2.61799
6302.670794,20.510056,0.0,2.61799
9392.4898945,20.510056,0.0,2.61799
9392.4898945,20.520056,0.0,2.61799
9392.4898945,20.520056,0.0,2.617
9392.4898945,20.520056,0.0,2.6
9392.170794,20.530056,0.0,2.0
9352.670794,20.550056,0.0,2.61799
6302.670794,20.560056,0.0,2.61799
9392.4898945,20.560056,0.0,2.61799
9392.4898945,20.560056,0.0,2.61799
9392.4898945,20.570056,0.0,2.617
9392.4898945,20.570056,0.0,2.6
9392.170794,20.570056,0.0,2.0
9352.670794,20.600056,0.0,2.61799
6302.670794,20.600056,0.0,2.61799
9392.4898945,20.610056,0.0,2.61799
9392.4898945,20.610056,0.0,2.61799
9392.4898945,20.610056,0.0,2.617
9392.4898945,20.620056,0.0,2.6
9392.170794,20.620056,0.0,2.0
9352.670794,20.650056,0.0,2.61799
6302.670794,20.650056,0.0,2.61799
9392.4898945,20.650056,0.0,2.61799
9392.4898945,20.660056,0.0,2.61799
9392.4898945,20.660056,0.0,2.617
9392.4898945,20.660056,0.0,2.6
9392.170794,20.670056,0.0,2.0
9352.670794,20.690056,0.0,2.61799
6302.670794,20.700056,0.0,2.61799
9392.4898945,20.700056,0.0,2.61799
9392.4898945,20.700056,0.0,2.61799
9392.4898945,20.710056,0.0,2.617
9392.4898945,20.710056,0.0,2.6
9392.170794,20.710056,0.0,2.0
9352.670794,20.740056,0.0,2.61799
6302.670794,20.740056,0.0,2.61799
9392.4898945,20.750056,0.0,2.61799
9392.4898945,20.750056,0.0,2.61799
9392.4898945,20.750056,0.0,2.617
9392.4898945,20.760056,0.0,2.6
9392.170794,20.760056,0.0,2.0
9352.670794,20.790056,0.0,2.61799
6302.670794,20.790056,0.0,2.61799
9392.4898945,20.790056,0.0,2.61799
9392.4898945,20.800056,0.0,2.61799
9392.4898945,20.800056,0.0,2.617
9392.4898945,20.800056,0.0,2.6
9392.170794,20.800056,0.0,2.0
9352.670794,20.830056,0.0,2.61799
6302.670794,20.840056,0.0,2.61799
9392.4898945,20.840056,0.0,2.61799
9392.4898945,20.840056,0.0,2.61799
9392.4898945,20.850056,0.0,2.617
9392.4898945,20.850056,0.0,2.6
9392.170794,20.850056,0.0,2.0
9352.670794,20.880056,0.0,2.61799
6302.670794,20.880056,0.0,2.61799
9392.4898945,20.890056,0.0,2.61799
9392.4898945,20.890056,0.0,2.61799
9392.4898945,20.890056,0.0,2.617
9392.4898945,20.890056,0.0,2.6
9392.170794,20.900056,0.0,2.0
9352.670794,20.930056,0.0,2.61799
6302.670794,20.930056,0.0,2.61799
9392.4898945,20.930056,0.0,2.61799
9392.4898945,20.940056,0.0,2.61799
9392.4898945,20.940056,0.0,2.617
9392.4898945,20.940056,0.0,2.6
9392.170794,20.940056,0.0,2.0
9352.670794,20.970056,0.0,2.61799
6302.670794,20.980056,0.0,2.61799
9392.4898945,20.980056,0.0,2.61799
9392.4898945,20.980056,0.0,2.61799
9392.4898945,20.980056,0.0,2.617
9392.4898945,20.990056,0.0,2.6
9392.170794,20.990056,0.0,2.0
9352.670794,21.020056,0.0,4.71239
6274.670794,21.020056,0.0,4.71239
9836.4898945,21.030056,0.0,4.71239
9836.5946145,21.030056,0.0,4.71239
9836.699334500001,21.030056,0.0,4.712
9836.8040545,21.030056,0.0,4.7
9836.589674,21.040056,0.0,4.0
9797.089674,21.070056,0.0,4.71239
6719.089674,21.070056,0.0,4.71239
10280.9087745,21.070056,0.0,4.71239
10281.0134945,21.080056,0.0,4.71239
10281.1182145,21.080056,0.0,4.712
10281.222934500001,21.080056,0.0,4.7
10281.008554,21.080056,0.0,4.0
10241.508554,21.110056,0.0,4.71239
7163.508554,21.12006,0.0,4.71239
10725.3276545,21.12006,0.0,4.71239
10725.4323745,21.12006,0.0,4.71239
10725.537094500001,21.12006,0.0,4.712
10725.6418145,21.130056,0.0,4.7
10725.427434000001,21.130056,0.0,4.0
10713.927434000001,21.160056,0.0,4.71239
7163.927434000001,21.160056,0.0,4.71239
10725.6418145,21.170056,0.0,4.71239
10725.6418145,21.170056,0.0,4.71239
10725.6418145,21.170056,0.0,4.712
10725.6418145,21.170056,0.0,4.7
10725.427434000001,21.180056,0.0,4.0
10713.927434000001,21.210056,0.0,4.71239
7163.927434000001,21.210056,0.0,4.71239
10725.6418145,21.210056,0.0,4.71239
10725.6418145,21.210056,0.0,4.71239
10725.6418145,21.220056,0.0,4.712
10725.6418145,21.220056,0.0,4.7
10725.427434000001,21.220056,0.0,4.0
10713.927434000001,21.250056,0.0,4.71239
7163.927434000001,21.260056,0.0,4.71239
10725.6418145,21.260056,0.0,4.71239
10725.6418145,21.260056,0.0,4.71239
10725.6418145,21.260056,0.0,4.712
10725.6418145,21.270056,0.0,4.7
10725.427434000001,21.270056,0.0,4.0
10713.927434000001,21.300056,0.0,4.71239
7163.927434000001,21.300056,0.0,4.71239
10725.6418145,21.300056,0.0,4.71239
10725.6418145,21.310056,0.0,4.71239
10725.6418145,21.310056,0.0,4.712
10725.6418145,21.310056,0.0,4.7
10725.427434000001,21.320056,0.0,4.0
10713.927434000001,21.350056,0.0,4.71239
7163.927434000001,21.350056,0.0,4.71239
10725.6418145,21.350056,0.0,4.71239
10725.6418145,21.350056,0.0,4.71239
10725.6418145,21.360056,0.0,4.712
10725.6418145,21.360056,0.0,4.7
10725.427434000001,21.360056,0.0,4.0
10713.927434000001,21.390056,0.0,4.71239
7163.927434000001,21.390056,0.0,4.71239
10725.6418145,21.400056,0.0,4.71239
10725.6418145,21.400056,0.0,4.71239
10725.6418145,21.400056,0.0,4.712
10725.6418145,21.410056,0.0,4.7
10725.427434000001,21.410056,0.0,4.0
10713.927434000001,21.440056,0.0,4.71239
7163.927434000001,21.440056,0.0,4.71239
10725.6418145,21.440056,0.0,4.71239
10725.6418145,21.450056,0.0,4.71239
10725.6418145,21.450056,0.0,4.712
10725.6418145,21.450056,0.0,4.7
10725.427434000001,21.460056,0.0,4.0
10713.927434000001,21.480056,0.0,4.71239
7163.927434000001,21.490056,0.0,4.71239
10725.6418145,21.490056,0.0,4.71239
10725.6418145,21.490056,0.0,4.71239
10725.6418145,21.500056,0.0,4.712
10725.6418145,21.500056,0.0,4.7
10725.427434000001,21.500056,0.0,4.0
10713.927434000001,21.530056,0.0,4.71239
7163.927434000001,21.530056,0.0,4.71239
10725.6418145,21.540056,0.0,4.71239
10725.6418145,21.540056,0.0,4.71239
10725.6418145,21.540056,0.0,4.712
10725.6418145,21.550056,0.0,4.7
10725.427434000001,21.550056,0.0,4.0
10713.927434000001,21.580056,0.0,4.71239
7163.927434000001,21.580056,0.0,4.71239
10725.6418145,21.580056,0.0,4.71239
10725.6418145,21.590056,0.0,4.71239
10725.6418145,21.590056,0.0,4.712
10725.6418145,21.590056,0.0,4.7
10725.427434000001,21.600056,0.0,4.0
10713.927434000001,21.620056,0.0,4.71239
7163.927434000001,21.630056,0.0,4.71239
10725.6418145,21.630056,0.0,4.71239
10725.6418145,21.630056,0.0,4.71239
10725.6418145,21.640056,0.0,4.712
10725.6418145,21.640056,0.0,4.7
10725.427434000001,21.640056,0.0,4.0
10713.927434000001,21.670056,0.0,4.71239
7163.927434000001,21.670056,0.0,4.71239
10725.6418145,21.680056,0.0,4.71239
10725.6418145,21.680056,0.0,4.71239
10725.6418145,21.680056,0.0,4.712
10725.6418145,21.690056,0.0,4.7
10725.427434000001,21.690056,0.0,4.0
10713.927434000001,21.720056,0.0,4.71239
7163.927434000001,21.720056,0.0,4.71239
10725.6418145,21.720056,0.0,4.71239
10725.6418145,21.730056,0.0,4.71239
10725.6418145,21.730056,0.0,4.712
10725.6418145,21.730056,0.0,4.7
10725.427434000001,21.730056,0.0,4.0
10713.927434000001,21.76006,0.0,4.71239
7163.927434000001,21.770056,0.0,4.71239
10725.6418145,21.770056,0.0,4.71239
10725.6418145,21.770056,0.0,4.71239
10725.6418145,21.780056,0.0,4.712
10725.6418145,21.780056,0.0,4.7
10725.427434000001,21.780056,0.0,4.0
10713.927434000001,21.810056,0.0,4.71239
7163.927434000001,21.810056,0.0,4.71239
10725.6418145,21.820056,0.0,4.71239
10725.6418145,21.820056,0.0,4.71239
10725.6418145,21.820056,0.0,4.712
10725.6418145,21.820056,0.0,4.7
10725.427434000001,21.830056,0.0,4.0
10713.927434000001,21.860056,0.0,4.71239
7163.927434000001,21.860056,0.0,4.71239
10725.6418145,21.860056,0.0,4.71239
10725.6418145,21.870056,0.0,4.71239
10725.6418145,21.870056,0.0,4.712
10725.6418145,21.870056,0.0,4.7
10725.427434000001,21.870056,0.0,4.0
10713.927434000001,21.900056,0.0,4.71239
7163.927434000001,21.910056,0.0,4.71239
10725.6418145,21.910056,0.0,4.71239
10725.6418145,21.910056,0.0,4.71239
10725.6418145,21.910056,0.0,4.712
10725.6418145,21.920056,0.0,4.7
10725.427434000001,21.920056,0.0,4.0
10713.927434000001,21.950056,0.0,4.71239
7163.927434000001,21.950056,0.0,4.71239
10725.6418145,21.960056,0.0,4.71239
10725.6418145,21.960056,0.0,4.71239
10725.6418145,21.960056,0.0,4.712
10725.6418145,21.960056,0.0,4.7
10725.427434000001,21.970056,0.0,4.71239
10713.713053500001,21.970056,0.0,4.71239
7151.998673000001,21.970056,0.0,4.71239
7151.998673000001,21.980056,0.0,4.71239
7151.998673000001,21.980056,0.0,4.71239
7151.998673000001,21.980056,0.0,4.71239
7151.998673000001,21.980056,0.0,4.71239
7151.7842925,21.990056,0.0,4.71239
7140.069912000001,21.990056,0.0,4.71239
3578.355531500001,21.990056,0.0,4.71239
3578.355531500001,22.000056,0.0,4.71239
3578.355531500001,22.000056,0.0,4.71239
3578.355531500001,22.000056,0.0,4.71239
3578.355531500001,22.000056,0.0,4.71239
3578.1411510000007,22.010056,0.0,4.71239
3566.4267705000007,22.010056,0.0,4.71239
4.71239,22.010056,0.0,4.71239
4.71239,22.020056,0.0,4.71239
4.71239,22.020056,0.0,4.71239
4.71239,22.020056,0.0,4.71239
4.71239,22.030056,0.0,4.71239
4.71239,22.030056,0.0,4.71239
4.71239,22.030056,0.0,4.71239
4.71239,22.030056,0.0,4.71239
4.71239,22.040056,0.0,4.71239
4.71239,22.040056,0.0,4.71239
4.71239,22.040056,0.0,4.71239
4.71239,22.050056,0.0,4.71239
4.71239,22.050056,0.0,4.71239
4.71239,22.050056,0.0,4.71239
4.71239,22.050056,0.0,4.71239
4.71239,22.060056,0.0,4.71239
4.71239,22.060056,0.0,4.71239
4.71239,22.060056,0.0,4.71239
4.71239,22.070056,0.0,4.71239
4.71239,22.070056,0.0,4.71239
4.9267705,22.090056,0.0,4.71239
16.64115100000002,22.090056,0.0,4.71239
3578.355531500001,22.100056,0.0,4.71239
3578.355531500001,22.100056,0.0,4.71239
3578.355531500001,22.100056,0.0,4.712
3578.355531500001,22.100056,0.0,4.7
3578.355531500001,22.110056,0.0,4.0
3578.569912000001,22.140056,0.0,4.71239
3590.2842925000004,22.140056,0.0,4.71239
7151.998673000001,22.140056,0.0,4.71239
7151.998673000001,22.140056,0.0,4.71239
7151.998673000001,22.150056,0.0,4.712
7151.998673000001,22.150056,0.0,4.7
7151.998673000001,22.150056,0.0,4.0
7152.213053500001,22.180056,0.0,4.71239
7163.927434000001,22.190056,0.0,4.71239
10725.6418145,22.190056,0.0,4.71239
10725.6418145,22.190056,0.0,4.71239
10725.6418145,22.190056,0.0,4.712
10725.6418145,22.200056,0.0,4.7
10725.427434000001,22.200056,0.0,4.0
10713.927434000001,22.230056,0.0,4.71239
7163.927434000001,22.230056,0.0,4.71239
10725.6418145,22.230056,0.0,4.71239
10725.6418145,22.240056,0.0,4.71239
10725.6418145,22.240056,0.0,4.712
10725.6418145,22.240056,0.0,4.7
10725.427434000001,22.250056,0.0,4.0
10713.927434000001,22.280056,0.0,4.71239
7163.927434000001,22.280056,0.0,4.71239
10725.6418145,22.280056,0.0,4.71239
10725.6418145,22.280056,0.0,4.71239
10725.6418145,22.290056,0.0,4.712
10725.6418145,22.290056,0.0,4.7
10725.427434000001,22.290056,0.0,4.0
10713.927434000001,22.320056,0.0,4.71239
7163.927434000001,22.320056,0.0,4.71239
10725.6418145,22.330056,0.0,4.71239
10725.6418145,22.330056,0.0,4.71239
10725.6418145,22.330056,0.0,4.712
10725.6418145,22.340056,0.0,4.7
10725.427434000001,22.340056,0.0,4.0
10713.927434000001,22.370056,0.0,4.71239
7163.927434000001,22.370056,0.0,4.71239
10725.6418145,22.370056,0.0,4.71239
10725.6418145,22.380056,0.0,4.71239
10725.6418145,22.380056,0.0,4.712
10725.6418145,22.380056,0.0,4.7
10725.427434000001,22.390056,0.0,4.0
10713.927434000001,22.410056,0.0,4.71239
7163.927434000001,22.420056,0.0,4.71239
10725.6418145,22.420056,0.0,4.71239
10725.6418145,22.420056,0.0,4.71239
10725.6418145,22.430056,0.0,4.712
10725.6418145,22.430056,0.0,4.7
10725.427434000001,22.430056,0.0,4.0
10713.927434000001,22.460056,0.0,4.71239
7163.927434000001,22.460056,0.0,4.71239
10725.6418145,22.470056,0.0,4.71239
10725.6418145,22.470056,0.0,4.71239
10725.6418145,22.470056,0.0,4.712
10725.6418145,22.480056,0.0,4.7
10725.427434000001,22.480056,0.0,4.0
10713.927434000001,22.510056,0.0,4.71239
7163.927434000001,22.510056,0.0,4.71239
10725.6418145,22.510056,0.0,4.71239
10725.6418145,22.520056,0.0,4.71239
10725.6418145,22.520056,0.0,4.712
10725.6418145,22.520056,0.0,4.7
10725.427434000001,22.530056,0.0,4.0
10713.927434000001,22.550056,0.0,4.71239
7163.927434000001,22.560056,0.0,4.71239
10725.6418145,22.560056,0.0,4.71239
10725.6418145,22.560056,0.0,4.71239
10725.6418145,22.570056,0.0,4.712
10725.6418145,22.570056,0.0,4.7
10725.427434000001,22.570056,0.0,4.0
10713.927434000001,22.600056,0.0,4.71239
7163.927434000001,22.600056,0.0,4.71239
10725.6418145,22.610056,0.0,4.71239
10725.6418145,22.610056,0.0,4.71239
10725.6418145,22.610056,0.0,4.712
10725.6418145,22.620056,0.0,4.7
10725.427434000001,22.620056,0.0,4.0
10713.927434000001,22.650056,0.0,4.71239
7163.927434000001,22.650056,0.0,4.71239
10725.6418145,22.650056,0.0,4.71239
10725.6418145,22.660056,0.0,4.71239
10725.6418145,22.660056,0.0,4.712
10725.6418145,22.660056,0.0,4.7
10725.427434000001,22.660056,0.0,4.0
10713.927434000001,22.690056,0.0,4.71239
7163.927434000001,22.700056,0.0,4.71239
10725.6418145,22.700056,0.0,4.71239
10725.6418145,22.700056,0.0,4.71239
10725.6418145,22.710056,0.0,4.712
10725.6418145,22.710056,0.0,4.7
10725.427434000001,22.710056,0.0,4.0
10713.927434000001,22.740056,0.0,4.71239
7163.927434000001,22.740056,0.0,4.71239
10725.6418145,22.750056,0.0,4.71239
10725.6418145,22.750056,0.0,4.71239
10725.6418145,22.750056,0.0,4.712
10725.6418145,22.750056,0.0,4.7
10725.427434000001,22.760056,0.0,4.0
10713.927434000001,22.790056,0.0,4.71239
7163.927434000001,22.790056,0.0,4.71239
10725.6418145,22.790056,0.0,4.71239
10725.6418145,22.800056,0.0,4.71239
10725.6418145,22.800056,0.0,4.712
10725.6418145,22.800056,0.0,4.7
10725.427434000001,22.800056,0.0,4.0
10713.927434000001,22.830056,0.0,4.71239
7163.927434000001,22.840056,0.0,4.71239
10725.6418145,22.840056,0.0,4.71239
10725.6418145,22.840056,0.0,4.71239
10725.6418145,22.840056,0.0,4.712
10725.6418145,22.850056,0.0,4.7
10725.427434000001,22.850056,0.0,4.0
10713.927434000001,22.880056,0.0,4.71239
7163.927434000001,22.880056,0.0,4.71239
10725.6418145,22.890056,0.0,4.71239
10725.6418145,22.890056,0.0,4.71239
10725.6418145,22.890056,0.0,4.712
10725.6418145,22.890056,0.0,4.7
10725.427434000001,22.900056,0.0,4.0
10713.927434000001,22.930056,0.0,4.71239
7163.927434000001,22.930056,0.0,4.71239
10725.6418145,22.930056,0.0,4.71239
10725.6418145,22.930056,0.0,4.71239
10725.6418145,22.940056,0.0,4.712
10725.6418145,22.940056,0.0,4.7
10725.427434000001,22.940056,0.0,4.0
10713.927434000001,22.970056,0.0,4.71239
7163.927434000001,22.980056,0.0,4.71239
10725.6418145,22.980056,0.0,4.71239
10725.6418145,22.980056,0.0,4.71239
10725.6418145,22.980056,0.0,4.712
10725.6418145,22.990056,0.0,4.7
10725.427434000001,22.990056,0.0,4.0
10713.827434,23.020056,0.0,0.34907
7197.227434,23.020056,0.0,0.34907
8942.341814500001,23.020056,0.0,0.34907
8942.1236485,23.030056,0.0,0.34907
8941.9054825,23.030056,0.0,0.349
8941.6873165,23.030056,0.0,0.3
8941.25477,23.04006,0.0,0.0
8929.65477,23.070056,0.0,0.34907
5413.05477,23.070056,0.0,0.34907
7158.1691505,23.070056,0.0,0.34907
7157.950984499999,23.070056,0.0,0.34907
7157.7328185,23.080056,0.0,0.349
7157.514652499999,23.080056,0.0,0.3
7157.082105999999,23.080056,0.0,0.0
7145.4821059999995,23.110056,0.0,0.34907
3628.882105999999,23.120056,0.0,0.34907
5373.996486499999,23.120056,0.0,0.34907
5373.778320499999,23.120056,0.0,0.34907
5373.560154499999,23.120056,0.0,0.349
5373.3419884999985,23.130056,0.0,0.3
5373.009441999999,23.130056,0.0,0.0
5328.009441999999,23.160056,0.0,0.34907
3628.009441999998,23.160056,0.0,0.34907
5373.3419884999985,23.160056,0.0,0.34907
5373.3419884999985,23.170056,0.0,0.34907
5373.3419884999985,23.170056,0.0,0.349
5373.3419884999985,23.170056,0.0,0.3
5373.009441999999,23.180056,0.0,0.0
5328.009441999999,23.210056,0.0,0.34907
3628.009441999998,23.210056,0.0,0.34907
5373.3419884999985,23.210056,0.0,0.34907
5373.3419884999985,23.210056,0.0,0.34907
5373.3419884999985,23.220056,0.0,0.349
5373.3419884999985,23.220056,0.0,0.3
5373.009441999999,23.220056,0.0,0.0
5328.009441999999,23.250056,0.0,0.34907
3628.0094419999987,23.250056,0.0,0.34907
5373.3419884999985,23.260056,0.0,0.34907
5373.3419884999985,23.260056,0.0,0.34907
5373.3419884999985,23.260056,0.0,0.349
5373.3419884999985,23.270056,0.0,0.3
5373.009441999999,23.270056,0.0,0.0
5328.009441999999,23.300056,0.0,0.34907
3628.009441999998,23.300056,0.0,0.34907
5373.3419884999985,23.300056,0.0,0.34907
5373.3419884999985,23.310056,0.0,0.34907
5373.3419884999985,23.310056,0.0,0.349
5373.3419884999985,23.310056,0.0,0.3
5373.009441999999,23.320056,0.0,0.0
5328.009441999999,23.340056,0.0,0.34907
3628.009441999998,23.350056,0.0,0.34907
5373.3419884999985,23.350056,0.0,0.34907
5373.3419884999985,23.350056,0.0,0.34907
5373.3419884999985,23.360056,0.0,0.349
5373.3419884999985,23.360056,0.0,0.3
5373.009441999999,23.360056,0.0,0.0
5328.009441999999,23.390056,0.0,0.34907
3628.0094419999987,23.390056,0.0,0.34907
5373.3419884999985,23.400056,0.0,0.34907
5373.3419884999985,23.400056,0.0,0.34907
5373.3419884999985,23.400056,0.0,0.349
5373.3419884999985,23.410056,0.0,0.3
5373.009441999999,23.410056,0.0,0.0
5328.009441999999,23.440056,0.0,0.34907
3628.009441999998,23.440056,0.0,0.34907
5373.3419884999985,23.440056,0.0,0.34907
5373.3419884999985,23.450056,0.0,0.34907
5373.3419884999985,23.450056,0.0,0.349
5373.3419884999985,23.450056,0.0,0.3
5373.009441999999,23.460056,0.0,0.0
5328.009441999999,23.480056,0.0,0.34907
3628.009441999998,23.490056,0.0,0.34907
5373.3419884999985,23.490056,0.0,0.34907
5373.3419884999985,23.490056,0.0,0.34907
5373.3419884999985,23.500056,0.0,0.349
5373.3419884999985,23.500056,0.0,0.3
5373.009441999999,23.500056,0.0,0.0
5328.009441999999,23.530056,0.0,0.34907
3628.0094419999987,23.530056,0.0,0.34907
5373.3419884999985,23.540056,0.0,0.34907
5373.3419884999985,23.540056,0.0,0.34907
5373.3419884999985,23.540056,0.0,0.349
5373.3419884999985,23.550056,0.0,0.3
5373.009441999999,23.550056,0.0,0.0
5328.009441999999,23.580056,0.0,0.34907
3628.009441999998,23.580056,0.0,0.34907
5373.3419884999985,23.580056,0.0,0.34907
5373.3419884999985,23.590056,0.0,0.34907
5373.3419884999985,23.590056,0.0,0.349
5373.3419884999985,23.590056,0.0,0.3
5373.009441999999,23.590056,0.0,0.0
5328.009441999999,23.620056,0.0,0.34907
3628.009441999998,23.630056,0.0,0.34907
5373.3419884999985,23.630056,0.0,0.34907
5373.3419884999985,23.630056,0.0,0.34907
5373.3419884999985,23.640056,0.0,0.349
5373.3419884999985,23.640056,0.0,0.3
5373.009441999999,23.640056,0.0,0.0
5328.009441999999,23.670056,0.0,0.34907
3628.0094419999996,23.670056,0.0,0.34907
5373.3419884999985,23.68006,0.0,0.34907
5373.3419884999985,23.68006,0.0,0.34907
5373.3419884999985,23.68006,0.0,0.349
5373.3419884999985,23.68006,0.0,0.3
5373.009441999999,23.690056,0.0,0.0
5328.009441999999,23.720056,0.0,0.34907
3628.009441999998,23.720056,0.0,0.34907
5373.3419884999985,23.720056,0.0,0.34907
5373.3419884999985,23.730056,0.0,0.34907
5373.3419884999985,23.730056,0.0,0.349
5373.3419884999985,23.730056,0.0,0.3
5373.009441999999,23.730056,0.0,0.0
5328.009441999999,23.760056,0.0,0.34907
3628.009441999998,23.770056,0.0,0.34907
5373.3419884999985,23.770056,0.0,0.34907
5373.3419884999985,23.770056,0.0,0.34907
5373.3419884999985,23.770056,0.0,0.349
5373.3419884999985,23.780056,0.0,0.3
5373.009441999999,23.780056,0.0,0.0
5328.009441999999,23.810056,0.0,0.34907
3628.0094419999996,23.810056,0.0,0.34907
5373.3419884999985,23.820056,0.0,0.34907
5373.3419884999985,23.820056,0.0,0.34907
5373.3419884999985,23.820056,0.0,0.349
5373.3419884999985,23.820056,0.0,0.3
5373.009441999999,23.830056,0.0,0.0
5328.009441999999,23.860056,0.0,0.34907
3628.009441999998,23.860056,0.0,0.34907
5373.3419884999985,23.860056,0.0,0.34907
5373.3419884999985,23.860056,0.0,0.34907
5373.3419884999985,23.870056,0.0,0.349
5373.3419884999985,23.870056,0.0,0.3
5373.009441999999,23.870056,0.0,0.0
5328.009441999999,23.900056,0.0,0.34907
3628.009441999998,23.910056,0.0,0.34907
5373.3419884999985,23.910056,0.0,0.34907
5373.3419884999985,23.910056,0.0,0.34907
5373.3419884999985,23.910056,0.0,0.349
5373.3419884999985,23.920056,0.0,0.3
5373.009441999999,23.920056,0.0,0.0
5328.009441999999,23.950056,0.0,0.34907
3628.0094419999996,23.950056,0.0,0.34907
5373.341988499999,23.950056,0.0,0.34907
5373.341988499999,23.960056,0.0,0.34907
5373.341988499999,23.960056,0.0,0.349
5373.341988499999,23.960056,0.0,0.3
5373.009441999999,23.970056,0.0,0.0
5328.009441999999,24.000056,0.0,0.34907
