0.0,0.010056,0.0,0.0
0.0,0.020056,0.0,0.0
0.0,0.030056,0.0,0.0
0.0,0.040056,0.0,0.0
0.0,0.050056,0.0,0.0
0.0,0.060056,0.0,0.0
0.0,0.070056,0.0,0.0
0.0,0.080056,0.0,0.0
0.0,0.090056,0.0,0.0
0.0,0.100056,0.0,0.0
0.0,0.110056,0.0,0.0
0.0,0.120056,0.0,0.0
0.0,0.130056,0.0,0.0
0.0,0.140056,0.0,0.0
0.0,0.150056,0.0,0.0
0.0,0.160056,0.0,0.0
0.0,0.170056,0.0,0.0
0.0,0.180056,0.0,0.0
0.0,0.190056,0.0,0.0
0.0,0.200056,0.0,0.0
0.0,0.210056,0.0,0.0
0.0,0.220056,0.0,0.0
0.0,0.230056,0.0,0.0
0.0,0.240056,0.0,0.0
0.0,0.250056,0.0,0.0
0.0,0.260056,0.0,0.0
0.0,0.270056,0.0,0.0
0.0,0.280056,0.0,0.0
0.0,0.290056,0.0,0.0
0.0,0.300056,0.0,0.0
0.0,0.310056,0.0,0.0
0.0,0.320056,0.0,0.0
0.0,0.330056,0.0,0.0
0.0,0.340056,0.0,0.0
0.0,0.350056,0.0,0.0
0.0,0.360056,0.0,0.0
0.0,0.370056,0.0,0.0
0.0,0.380056,0.0,0.0
0.0,0.390056,0.0,0.0
0.0,0.400056,0.0,0.0
0.0,0.410056,0.0,0.0
0.0,0.420056,0.0,0.0
0.0,0.430056,0.0,0.0
0.0,0.440056,0.0,0.0
0.0,0.450056,0.0,0.0
0.0,0.460056,0.0,0.0
0.0,0.470056,0.0,0.0
0.0,0.480056,0.0,0.0
0.0,0.490056,0.0,0.0
0.0,0.500056,0.0,0.0
0.0,0.510056,0.0,0.0
0.0,0.520056,0.0,0.0
0.0,0.530056,0.0,0.0
0.0,0.540056,0.0,0.0
0.0,0.550056,0.0,0.0
0.0,0.560056,0.0,0.0
0.0,0.570056,0.0,0.0
0.0,0.580056,0.0,0.0
0.0,0.590056,0.0,0.0
0.0,0.600056,0.0,0.0
0.0,0.610056,0.0,0.0
0.0,0.620056,0.0,0.0
0.0,0.630056,0.0,0.0
0.0,0.64006,0.0,0.0
0.0,0.650056,0.0,0.0
0.0,0.660056,0.0,0.0
0.0,0.670056,0.0,0.0
0.0,0.680056,0.0,0.0
0.0,0.690056,0.0,0.0
0.0,0.700056,0.0,0.0
0.0,0.710056,0.0,0.0
0.0,0.720056,0.0,0.0
0.0,0.730056,0.0,0.0
0.0,0.740056,0.0,0.0
0.0,0.750056,0.0,0.0
0.0,0.760056,0.0,0.0
0.0,0.770056,0.0,0.0
0.0,0.780056,0.0,0.0
0.0,0.790056,0.0,0.0
0.0,0.800056,0.0,0.0
0.0,0.810056,0.0,0.0
0.0,0.820056,0.0,0.0
0.0,0.830056,0.0,0.0
0.0,0.840056,0.0,0.0
0.0,0.850056,0.0,0.0
0.0,0.860056,0.0,0.0
0.0,0.870056,0.0,0.0
0.0,0.880056,0.0,0.0
0.0,0.890056,0.0,0.0
0.0,0.900056,0.0,0.0
0.0,0.910056,0.0,0.0
0.0,0.920056,0.0,0.0
0.0,0.930056,0.0,0.0
0.0,0.940056,0.0,0.0
0.0,0.950056,0.0,0.0
0.0,0.960056,0.0,0.0
0.0,0.970056,0.0,0.0
0.0,0.980056,0.0,0.0
0.0,0.990056,0.0,0.0
0.0,1.000056,0.0,0.0
0.0,1.010056,0.0,0.0
0.0,1.020056,0.0,0.0
0.0,1.030056,0.0,0.0
0.0,1.040056,0.0,0.0
0.0,1.050056,0.0,0.0
0.0,1.060056,0.0,0.0
0.0,1.070056,0.0,0.0
0.0,1.080056,0.0,0.0
0.0,1.090056,0.0,0.0
0.0,1.100056,0.0,0.0
0.0,1.110056,0.0,0.0
0.0,1.120056,0.0,0.0
0.0,1.130056,0.0,0.0
0.0,1.140056,0.0,0.0
0.0,1.150056,0.0,0.0
0.0,1.160056,0.0,0.0
0.0,1.170056,0.0,0.0
0.0,1.180056,0.0,0.0
0.0,1.190056,0.0,0.0
0.0,1.200056,0.0,0.0
0.0,1.210056,0.0,0.0
0.0,1.220056,0.0,0.0
0.0,1.230056,0.0,0.0
0.0,1.240056,0.0,0.0
0.0,1.250056,0.0,0.0
0.0,1.260056,0.0,0.0
0.0,1.270056,0.0,0.0
0.0,1.28006,0.0,0.0
0.0,1.290056,0.0,0.0
0.0,1.300056,0.0,0.0
0.0,1.310056,0.0,0.0
0.0,1.320056,0.0,0.0
0.0,1.330056,0.0,0.0
0.0,1.340056,0.0,0.0
0.0,1.350056,0.0,0.0
0.0,1.360056,0.0,0.0
0.0,1.370056,0.0,0.0
0.0,1.380056,0.0,0.0
0.0,1.390056,0.0,0.0
0.0,1.400056,0.0,0.0
0.0,1.410056,0.0,0.0
0.0,1.420056,0.0,0.0
0.0,1.430056,0.0,0.0
0.0,1.440056,0.0,0.0
0.0,1.450056,0.0,0.0
0.0,1.460056,0.0,0.0
0.0,1.470056,0.0,0.0
0.0,1.480056,0.0,0.0
0.0,1.490056,0.0,0.0
0.0,1.500056,0.0,0.0
0.0,1.510056,0.0,0.0
0.0,1.520056,0.0,0.0
0.0,1.530056,0.0,0.0
0.0,1.540056,0.0,0.0
0.0,1.550056,0.0,0.0
0.0,1.560056,0.0,0.0
0.0,1.570056,0.0,0.0
0.0,1.580056,0.0,0.0
0.0,1.590056,0.0,0.0
0.0,1.600056,0.0,0.0
0.0,1.610056,0.0,0.0
0.0,1.620056,0.0,0.0
0.0,1.630056,0.0,0.0
0.0,1.640056,0.0,0.0
0.0,1.650056,0.0,0.0
0.0,1.660056,0.0,0.0
0.0,1.670056,0.0,0.0
0.0,1.680056,0.0,0.0
0.0,1.690056,0.0,0.0
0.0,1.700056,0.0,0.0
0.0,1.710056,0.0,0.0
0.0,1.720056,0.0,0.0
0.0,1.730056,0.0,0.0
0.0,1.740056,0.0,0.0
0.0,1.750056,0.0,0.0
0.0,1.760056,0.0,0.0
0.0,1.770056,0.0,0.0
0.0,1.780056,0.0,0.0
0.0,1.790056,0.0,0.0
0.0,1.800056,0.0,0.0
0.0,1.810056,0.0,0.0
0.0,1.820056,0.0,0.0
0.0,1.830056,0.0,0.0
0.0,1.840056,0.0,0.0
0.0,1.850056,0.0,0.0
0.0,1.860056,0.0,0.0
0.0,1.870056,0.0,0.0
0.0,1.880056,0.0,0.0
0.0,1.890056,0.0,0.0
0.0,1.900056,0.0,0.0
0.0,1.910056,0.0,0.0
0.0,1.92006,0.0,0.0
0.0,1.930056,0.0,0.0
0.0,1.940056,0.0,0.0
0.0,1.950056,0.0,0.0
0.0,1.960056,0.0,0.0
0.0,1.970056,0.0,0.0
0.0,1.980056,0.0,0.0
0.0,1.990056,0.0,0.0
0.0,2.000056,0.0,0.0
0.0,2.010056,0.0,0.0
0.0,2.020056,0.0,0.0
0.0,2.030056,0.0,0.0
0.0,2.040056,0.0,0.0
0.0,2.050056,0.0,0.0
0.0,2.060056,0.0,0.0
0.0,2.070056,0.0,0.0
0.0,2.080056,0.0,0.0
0.0,2.090056,0.0,0.0
0.0,2.100056,0.0,0.0
0.0,2.110056,0.0,0.0
0.0,2.120056,0.0,0.0
0.0,2.130056,0.0,0.0
0.0,2.140056,0.0,0.0
0.0,2.150056,0.0,0.0
0.0,2.160056,0.0,0.0
0.0,2.170056,0.0,0.0
0.0,2.180056,0.0,0.0
0.0,2.190056,0.0,0.0
0.0,2.200056,0.0,0.0
0.0,2.210056,0.0,0.0
0.0,2.220056,0.0,0.0
0.0,2.230056,0.0,0.0
0.0,2.240056,0.0,0.0
0.0,2.250056,0.0,0.0
0.0,2.260056,0.0,0.0
0.0,2.270056,0.0,0.0
0.0,2.280056,0.0,0.0
0.0,2.290056,0.0,0.0
0.0,2.300056,0.0,0.0
0.0,2.310056,0.0,0.0
0.0,2.320056,0.0,0.0
0.0,2.330056,0.0,0.0
0.0,2.340056,0.0,0.0
0.0,2.350056,0.0,0.0
0.0,2.360056,0.0,0.0
0.0,2.370056,0.0,0.0
0.0,2.380056,0.0,0.0
0.0,2.390056,0.0,0.0
0.0,2.400056,0.0,0.0
0.0,2.410056,0.0,0.0
0.0,2.420056,0.0,0.0
0.0,2.430056,0.0,0.0
0.0,2.440056,0.0,0.0
0.0,2.450056,0.0,0.0
0.0,2.460056,0.0,0.0
0.0,2.470056,0.0,0.0
0.0,2.480056,0.0,0.0
0.0,2.490056,0.0,0.0
0.0,2.500056,0.0,0.0
0.0,2.510056,0.0,0.0
0.0,2.520056,0.0,0.0
0.0,2.530056,0.0,0.0
0.0,2.540056,0.0,0.0
0.0,2.550056,0.0,0.0
0.0,2.56006,0.0,0.0
0.0,2.570056,0.0,0.0
0.0,2.580056,0.0,0.0
0.0,2.590056,0.0,0.0
0.0,2.600056,0.0,0.0
0.0,2.610056,0.0,0.0
0.0,2.620056,0.0,0.0
0.0,2.630056,0.0,0.0
0.0,2.640056,0.0,0.0
0.0,2.650056,0.0,0.0
0.0,2.660056,0.0,0.0
0.0,2.670056,0.0,0.0
0.0,2.680056,0.0,0.0
0.0,2.690056,0.0,0.0
0.0,2.700056,0.0,0.0
0.0,2.710056,0.0,0.0
0.0,2.720056,0.0,0.0
0.0,2.730056,0.0,0.0
0.0,2.740056,0.0,0.0
0.0,2.750056,0.0,0.0
0.0,2.760056,0.0,0.0
0.0,2.770056,0.0,0.0
0.0,2.780056,0.0,0.0
0.0,2.790056,0.0,0.0
0.0,2.800056,0.0,0.0
0.0,2.810056,0.0,0.0
0.0,2.820056,0.0,0.0
0.0,2.830056,0.0,0.0
0.0,2.840056,0.0,0.0
0.0,2.850056,0.0,0.0
0.0,2.860056,0.0,0.0
0.0,2.870056,0.0,0.0
0.0,2.880056,0.0,0.0
0.0,2.890056,0.0,0.0
0.0,2.900056,0.0,0.0
0.0,2.910056,0.0,0.0
0.0,2.920056,0.0,0.0
0.0,2.930056,0.0,0.0
0.0,2.940056,0.0,0.0
0.0,2.950056,0.0,0.0
0.0,2.960056,0.0,0.0
0.0,2.970056,0.0,0.0
0.0,2.980056,0.0,0.0
0.0,2.990056,0.0,0.0
0.0,3.000056,0.0,0.0
0.0,3.010056,0.0,0.0
0.0,3.020056,0.0,0.0
0.0,3.030056,0.0,0.0
0.0,3.040056,0.0,0.0
0.0,3.050056,0.0,0.0
0.0,3.060056,0.0,0.0
0.0,3.070056,0.0,0.0
0.0,3.080056,0.0,0.0
0.0,3.090056,0.0,0.0
0.0,3.100056,0.0,0.0
0.0,3.110056,0.0,0.0
0.0,3.120056,0.0,0.0
0.0,3.130056,0.0,0.0
0.0,3.140056,0.0,0.0
0.0,3.150056,0.0,0.0
0.0,3.160056,0.0,0.0
0.0,3.170056,0.0,0.0
0.0,3.180056,0.0,0.0
0.0,3.190056,0.0,0.0
0.0,3.20006,0.0,0.0
0.0,3.210056,0.0,0.0
0.0,3.220056,0.0,0.0
0.0,3.230056,0.0,0.0
0.0,3.240056,0.0,0.0
0.0,3.250056,0.0,0.0
0.0,3.260056,0.0,0.0
0.0,3.270056,0.0,0.0
0.0,3.280056,0.0,0.0
0.0,3.290056,0.0,0.0
0.0,3.300056,0.0,0.0
0.0,3.310056,0.0,0.0
0.0,3.320056,0.0,0.0
0.0,3.330056,0.0,0.0
0.0,3.340056,0.0,0.0
0.0,3.350056,0.0,0.0
0.0,3.360056,0.0,0.0
0.0,3.370056,0.0,0.0
0.0,3.380056,0.0,0.0
0.0,3.390056,0.0,0.0
0.0,3.400056,0.0,0.0
0.0,3.410056,0.0,0.0
0.0,3.420056,0.0,0.0
0.0,3.430056,0.0,0.0
0.0,3.440056,0.0,0.0
0.0,3.450056,0.0,0.0
0.0,3.460056,0.0,0.0
0.0,3.470056,0.0,0.0
0.0,3.480056,0.0,0.0
0.0,3.490056,0.0,0.0
0.0,3.500056,0.0,0.0
0.0,3.510056,0.0,0.0
0.0,3.520056,0.0,0.0
0.0,3.530056,0.0,0.0
0.0,3.540056,0.0,0.0
0.0,3.550056,0.0,0.0
0.0,3.560056,0.0,0.0
0.0,3.570056,0.0,0.0
0.0,3.580056,0.0,0.0
0.0,3.590056,0.0,0.0
0.0,3.600056,0.0,0.0
0.0,3.610056,0.0,0.0
0.0,3.620056,0.0,0.0
0.0,3.630056,0.0,0.0
0.0,3.640056,0.0,0.0
0.0,3.650056,0.0,0.0
0.0,3.660056,0.0,0.0
0.0,3.670056,0.0,0.0
0.0,3.680056,0.0,0.0
0.0,3.690056,0.0,0.0
0.0,3.700056,0.0,0.0
0.0,3.710056,0.0,0.0
0.0,3.720056,0.0,0.0
0.0,3.730056,0.0,0.0
0.0,3.740056,0.0,0.0
0.0,3.750056,0.0,0.0
0.0,3.760056,0.0,0.0
0.0,3.770056,0.0,0.0
0.0,3.780056,0.0,0.0
0.0,3.790056,0.0,0.0
0.0,3.800056,0.0,0.0
0.0,3.810056,0.0,0.0
0.0,3.820056,0.0,0.0
0.0,3.830056,0.0,0.0
0.0,3.84006,0.0,0.0
0.0,3.850056,0.0,0.0
0.0,3.860056,0.0,0.0
0.0,3.870056,0.0,0.0
0.0,3.880056,0.0,0.0
0.0,3.890056,0.0,0.0
0.0,3.900056,0.0,0.0
0.0,3.910056,0.0,0.0
0.0,3.920056,0.0,0.0
0.0,3.930056,0.0,0.0
0.0,3.940056,0.0,0.0
0.0,3.950056,0.0,0.0
0.0,3.960056,0.0,0.0
0.0,3.970056,0.0,0.0
0.0,3.980056,0.0,0.0
0.0,3.990056,0.0,0.0
0.0,4.000056,0.0,0.0
0.0,4.010056,0.0,0.0
0.0,4.020056,0.0,0.0
0.0,4.030056,0.0,0.0
0.0,4.040056,0.0,0.0
0.0,4.050056,0.0,0.0
0.0,4.060056,0.0,0.0
0.0,4.070056,0.0,0.0
0.0,4.080056,0.0,0.0
0.0,4.090056,0.0,0.0
0.0,4.100056,0.0,0.0
0.0,4.110056,0.0,0.0
0.0,4.120056,0.0,0.0
0.0,4.130056,0.0,0.0
0.0,4.140056,0.0,0.0
0.0,4.150056,0.0,0.0
0.0,4.160056,0.0,0.0
0.0,4.170056,0.0,0.0
0.0,4.180056,0.0,0.0
0.0,4.190056,0.0,0.0
0.0,4.200056,0.0,0.0
0.0,4.210056,0.0,0.0
0.0,4.220056,0.0,0.0
0.0,4.230056,0.0,0.0
0.0,4.240056,0.0,0.0
0.0,4.250056,0.0,0.0
0.0,4.260056,0.0,0.0
0.0,4.270056,0.0,0.0
0.0,4.280056,0.0,0.0
0.0,4.290056,0.0,0.0
0.0,4.300056,0.0,0.0
0.0,4.310056,0.0,0.0
0.0,4.320056,0.0,0.0
0.0,4.330056,0.0,0.0
0.0,4.340056,0.0,0.0
0.0,4.350056,0.0,0.0
0.0,4.360056,0.0,0.0
0.0,4.370056,0.0,0.0
0.0,4.380056,0.0,0.0
0.0,4.390056,0.0,0.0
0.0,4.400056,0.0,0.0
0.0,4.410056,0.0,0.0
0.0,4.420056,0.0,0.0
0.0,4.430056,0.0,0.0
0.0,4.440056,0.0,0.0
0.0,4.450056,0.0,0.0
0.0,4.460056,0.0,0.0
0.0,4.470056,0.0,0.0
0.0,4.48006,0.0,0.0
0.0,4.490056,0.0,0.0
0.0,4.500056,0.0,0.0
0.0,4.510056,0.0,0.0
0.0,4.520056,0.0,0.0
0.0,4.530056,0.0,0.0
0.0,4.540056,0.0,0.0
0.0,4.550056,0.0,0.0
0.0,4.560056,0.0,0.0
0.0,4.570056,0.0,0.0
0.0,4.580056,0.0,0.0
0.0,4.590056,0.0,0.0
0.0,4.600056,0.0,0.0
0.0,4.610056,0.0,0.0
0.0,4.620056,0.0,0.0
0.0,4.630056,0.0,0.0
0.0,4.640056,0.0,0.0
0.0,4.650056,0.0,0.0
0.0,4.660056,0.0,0.0
0.0,4.670056,0.0,0.0
0.0,4.680056,0.0,0.0
0.0,4.690056,0.0,0.0
0.0,4.700056,0.0,0.0
0.0,4.710056,0.0,0.0
0.0,4.720056,0.0,0.0
0.0,4.730056,0.0,0.0
0.0,4.740056,0.0,0.0
0.0,4.750056,0.0,0.0
0.0,4.760056,0.0,0.0
0.0,4.770056,0.0,0.0
0.0,4.780056,0.0,0.0
0.0,4.790056,0.0,0.0
0.0,4.800056,0.0,0.0
0.0,4.810056,0.0,0.0
0.0,4.820056,0.0,0.0
0.0,4.830056,0.0,0.0
0.0,4.840056,0.0,0.0
0.0,4.850056,0.0,0.0
0.0,4.860056,0.0,0.0
0.0,4.870056,0.0,0.0
0.0,4.880056,0.0,0.0
0.0,4.890056,0.0,0.0
0.0,4.900056,0.0,0.0
0.0,4.910056,0.0,0.0
0.0,4.920056,0.0,0.0
0.0,4.930056,0.0,0.0
0.0,4.940056,0.0,0.0
0.0,4.950056,0.0,0.0
0.0,4.960056,0.0,0.0
0.0,4.970056,0.0,0.0
0.0,4.980056,0.0,0.0
0.0,4.990056,0.0,0.0
0.02618,5.000056,0.0,0.0
0.05236,5.010056,0.0,0.0
0.07854,5.020056,0.0,0.0
0.10472,5.030056,0.0,0.0
0.1309,5.040056,0.0,0.0
0.15708,5.050056,0.0,0.0
0.18326,5.060056,0.0,0.0
0.20944,5.070056,0.0,0.0
0.23562,5.080056,0.0,0.0
0.2618,5.089032,0.0,0.0
0.28798,5.099032,0.0,0.0
0.31416,5.109032,0.0,0.0
0.34034000000000003,5.119036,0.0,0.0
0.36652,5.129032,0.0,0.0
0.39270000000000005,5.139032,0.0,0.0
0.41888,5.149032,0.0,0.0
0.44506,5.159032,0.0,0.0
0.47124,5.169032,0.0,0.0
0.49742,5.179032,0.0,0.0
0.5236,5.189032,0.0,0.0
0.5236,5.199032,0.0,0.0
0.5236,5.209032,0.0,0.0
0.5236,5.219032,0.0,0.0
0.5236,5.229032,0.0,0.0
0.5236,5.239032,0.0,0.0
0.5236,5.249032,0.0,0.0
0.5236,5.258008,0.0,0.0
0.5236,5.268008,0.0,0.0
0.5236,5.278008,0.0,0.0
0.5236,5.288008,0.0,0.0
0.5236,5.298008,0.0,0.0
0.5236,5.308008,0.0,0.0
0.5236,5.318008,0.0,0.0
0.5236,5.328008,0.0,0.0
0.5236,5.338008,0.0,0.0
0.5236,5.348008,0.0,0.0
0.5236,5.358008,0.0,0.0
0.5236,5.368008,0.0,0.0
0.5236,5.378008,0.0,0.0
0.5236,5.388008,0.0,0.0
0.5236,5.398008,0.0,0.0
0.5236,5.408008,0.0,0.0
0.5236,5.418008,0.0,0.0
0.5236,5.428008,0.0,0.0
0.5236,5.438008,0.0,0.0
0.5236,5.448008,0.0,0.0
0.5236,5.458008,0.0,0.0
0.5236,5.468008,0.0,0.0
0.5236,5.478008,0.0,0.0
0.5236,5.488008,0.0,0.0
0.5236,5.498008,0.0,0.0
0.5236,5.508008,0.0,0.0
0.5236,5.518008,0.0,0.0
0.5236,5.528008,0.0,0.0
0.5236,5.538008,0.0,0.0
0.5236,5.548008,0.0,0.0
0.5236,5.558008,0.0,0.0
0.5236,5.568008,0.0,0.0
0.5236,5.578008,0.0,0.0
0.5236,5.588008,0.0,0.0
0.5236,5.598008,0.0,0.0
0.5236,5.608008,0.0,0.0
0.5236,5.618008,0.0,0.0
0.5236,5.628008,0.0,0.0
0.5236,5.638008,0.0,0.0
0.5236,5.648008,0.0,0.0
0.5236,5.658008,0.0,0.0
0.5236,5.668008,0.0,0.0
0.5236,5.678008,0.0,0.0
0.5236,5.688008,0.0,0.0
0.5236,5.698008,0.0,0.0
0.5236,5.708008,0.0,0.0
0.5236,5.718008,0.0,0.0
0.5236,5.728008,0.0,0.0
0.5236,5.738008,0.0,0.0
0.5236,5.748008,0.0,0.0
0.5236,5.758012,0.0,0.0
0.5236,5.768008,0.0,0.0
0.5236,5.778008,0.0,0.0
0.5236,5.788008,0.0,0.0
0.5236,5.798008,0.0,0.0
0.5236,5.808008,0.0,0.0
0.5236,5.818008,0.0,0.0
0.5236,5.828008,0.0,0.0
0.5236,5.838008,0.0,0.0
0.5236,5.848008,0.0,0.0
0.5236,5.858008,0.0,0.0
0.5236,5.868008,0.0,0.0
0.5236,5.878008,0.0,0.0
0.5236,5.888008,0.0,0.0
0.5236,5.898008,0.0,0.0
0.5236,5.908008,0.0,0.0
0.5236,5.918008,0.0,0.0
0.5236,5.928008,0.0,0.0
0.5236,5.938008,0.0,0.0
0.5236,5.948008,0.0,0.0
0.5236,5.958008,0.0,0.0
0.5236,5.968008,0.0,0.0
0.5236,5.978008,0.0,0.0
0.5236,5.988008,0.0,0.0
0.5236,5.998008,0.0,0.0
0.5236,6.008008,0.0,0.0
0.5236,6.018008,0.0,0.0
0.5236,6.028008,0.0,0.0
0.5236,6.038008,0.0,0.0
0.5236,6.048008,0.0,0.0
0.5236,6.058008,0.0,0.0
0.5236,6.068008,0.0,0.0
0.5236,6.078008,0.0,0.0
0.5236,6.088008,0.0,0.0
0.5236,6.098008,0.0,0.0
0.5236,6.108008,0.0,0.0
0.5236,6.118008,0.0,0.0
0.5236,6.128008,0.0,0.0
0.5236,6.138008,0.0,0.0
0.5236,6.148008,0.0,0.0
0.5236,6.158008,0.0,0.0
0.5236,6.168008,0.0,0.0
0.5236,6.178008,0.0,0.0
0.5236,6.188008,0.0,0.0
0.5236,6.198008,0.0,0.0
0.5236,6.208008,0.0,0.0
0.5236,6.218008,0.0,0.0
0.5236,6.228008,0.0,0.0
0.5236,6.238008,0.0,0.0
0.5236,6.248008,0.0,0.0
0.5236,6.258008,0.0,0.0
0.5236,6.268008,0.0,0.0
0.5236,6.278008,0.0,0.0
0.5236,6.288008,0.0,0.0
0.5236,6.298008,0.0,0.0
0.5236,6.308008,0.0,0.0
0.5236,6.318008,0.0,0.0
0.5236,6.328008,0.0,0.0
0.5236,6.338008,0.0,0.0
0.5236,6.348008,0.0,0.0
0.5236,6.358008,0.0,0.0
0.5236,6.368008,0.0,0.0
0.5236,6.378008,0.0,0.0
0.5236,6.388008,0.0,0.0
0.5236,6.398012,0.0,0.0
0.5236,6.408008,0.0,0.0
0.5236,6.418008,0.0,0.0
0.5236,6.428008,0.0,0.0
0.5236,6.438008,0.0,0.0
0.5236,6.448008,0.0,0.0
0.5236,6.458008,0.0,0.0
0.5236,6.468008,0.0,0.0
0.5236,6.478008,0.0,0.0
0.5236,6.488008,0.0,0.0
0.5236,6.498008,0.0,0.0
0.5236,6.508008,0.0,0.0
0.5236,6.518008,0.0,0.0
0.5236,6.528008,0.0,0.0
0.5236,6.538008,0.0,0.0
0.5236,6.548008,0.0,0.0
0.5236,6.558008,0.0,0.0
0.5236,6.568008,0.0,0.0
0.5236,6.578008,0.0,0.0
0.5236,6.588008,0.0,0.0
0.5236,6.598008,0.0,0.0
0.5236,6.608008,0.0,0.0
0.5236,6.618008,0.0,0.0
0.5236,6.628008,0.0,0.0
0.5236,6.638008,0.0,0.0
0.5236,6.648008,0.0,0.0
0.5236,6.658008,0.0,0.0
0.5236,6.668008,0.0,0.0
0.5236,6.678008,0.0,0.0
0.5236,6.688008,0.0,0.0
0.5236,6.698008,0.0,0.0
0.5236,6.708008,0.0,0.0
0.5236,6.718008,0.0,0.0
0.5236,6.728008,0.0,0.0
0.5236,6.738008,0.0,0.0
0.5236,6.748008,0.0,0.0
0.5236,6.758008,0.0,0.0
0.5236,6.768008,0.0,0.0
0.5236,6.778008,0.0,0.0
0.5236,6.788008,0.0,0.0
0.5236,6.798008,0.0,0.0
0.5236,6.808008,0.0,0.0
0.5236,6.818008,0.0,0.0
0.5236,6.828008,0.0,0.0
0.5236,6.838008,0.0,0.0
0.5236,6.848008,0.0,0.0
0.5236,6.858008,0.0,0.0
0.5236,6.868008,0.0,0.0
0.5236,6.878008,0.0,0.0
0.5236,6.888008,0.0,0.0
0.5236,6.898008,0.0,0.0
0.5236,6.908008,0.0,0.0
0.5236,6.918008,0.0,0.0
0.5236,6.928008,0.0,0.0
0.5236,6.938008,0.0,0.0
0.5236,6.948008,0.0,0.0
0.5236,6.958008,0.0,0.0
0.5236,6.968008,0.0,0.0
0.5236,6.978008,0.0,0.0
0.5236,6.988008,0.0,0.0
0.5236,6.998008,0.0,0.0
0.5585065,7.008008,0.0,0.0
0.5934130000000001,7.018008,0.0,0.0
0.6283195,7.028008,0.0,0.0
0.6632260000000001,7.038012,0.0,0.0
0.6981325,7.048008,0.0,0.0
0.7330390000000001,7.058008,0.0,0.0
0.7679455000000001,7.068008,0.0,0.0
0.8028520000000001,7.078008,0.0,0.0
0.8377585000000001,7.088008,0.0,0.0
0.872665,7.098008,0.0,0.0
0.9075714999999998,7.108008,0.0,0.0
0.9424779999999997,7.118008,0.0,0.0
0.9773844999999997,7.128008,0.0,0.0
1.0122909999999998,7.138008,0.0,0.0
1.0471975,7.148008,0.0,0.0
1.082104,7.158008,0.0,0.0
1.1170105000000001,7.168008,0.0,0.0
1.1519170000000003,7.178008,0.0,0.0
1.1868235000000005,7.188008,0.0,0.0
1.2217300000000006,7.198008,0.0,0.0
1.2217300000000006,7.208008,0.0,0.0
1.2217300000000006,7.218008,0.0,0.0
1.2217300000000006,7.228008,0.0,0.0
1.2217300000000006,7.238008,0.0,0.0
1.2217300000000006,7.248008,0.0,0.0
1.2217300000000006,7.258008,0.0,0.0
1.2217300000000006,7.268008,0.0,0.0
1.2217300000000006,7.278008,0.0,0.0
1.2217300000000006,7.288008,0.0,0.0
1.2217300000000006,7.298008,0.0,0.0
1.2217300000000006,7.308008,0.0,0.0
1.2217300000000006,7.318008,0.0,0.0
1.2217300000000006,7.328008,0.0,0.0
1.2217300000000006,7.338008,0.0,0.0
1.2217300000000006,7.348008,0.0,0.0
1.2217300000000006,7.358008,0.0,0.0
1.2217300000000006,7.368008,0.0,0.0
1.2217300000000006,7.378008,0.0,0.0
1.2217300000000006,7.388008,0.0,0.0
1.2217300000000006,7.398008,0.0,0.0
1.2217300000000006,7.408008,0.0,0.0
1.2217300000000006,7.418008,0.0,0.0
1.2217300000000006,7.428008,0.0,0.0
1.2217300000000006,7.438008,0.0,0.0
1.2217300000000006,7.448008,0.0,0.0
1.2217300000000006,7.458008,0.0,0.0
1.2217300000000006,7.468008,0.0,0.0
1.2217300000000006,7.478008,0.0,0.0
1.2217300000000006,7.488008,0.0,0.0
1.2217300000000006,7.498008,0.0,0.0
1.2217300000000006,7.508008,0.0,0.0
1.2217300000000006,7.518008,0.0,0.0
1.2217300000000006,7.528008,0.0,0.0
1.2217300000000006,7.538008,0.0,0.0
1.2217300000000006,7.548008,0.0,0.0
1.2217300000000006,7.558008,0.0,0.0
1.2217300000000006,7.568008,0.0,0.0
1.2217300000000006,7.578008,0.0,0.0
1.2217300000000006,7.588008,0.0,0.0
1.2217300000000006,7.598008,0.0,0.0
1.2217300000000006,7.608008,0.0,0.0
1.2217300000000006,7.618008,0.0,0.0
1.2217300000000006,7.628008,0.0,0.0
1.2217300000000006,7.638008,0.0,0.0
1.2217300000000006,7.648008,0.0,0.0
1.2217300000000006,7.658008,0.0,0.0
1.2217300000000006,7.668008,0.0,0.0
1.2217300000000006,7.678012,0.0,0.0
1.2217300000000006,7.688008,0.0,0.0
1.2217300000000006,7.698008,0.0,0.0
1.2217300000000006,7.708008,0.0,0.0
1.2217300000000006,7.718008,0.0,0.0
1.2217300000000006,7.728008,0.0,0.0
1.2217300000000006,7.738008,0.0,0.0
1.2217300000000006,7.748008,0.0,0.0
1.2217300000000006,7.758008,0.0,0.0
1.2217300000000006,7.768008,0.0,0.0
1.2217300000000006,7.778008,0.0,0.0
1.2217300000000006,7.788008,0.0,0.0
1.2217300000000006,7.798008,0.0,0.0
1.2217300000000006,7.808008,0.0,0.0
1.2217300000000006,7.818008,0.0,0.0
1.2217300000000006,7.828008,0.0,0.0
1.2217300000000006,7.838008,0.0,0.0
1.2217300000000006,7.848008,0.0,0.0
1.2217300000000006,7.858008,0.0,0.0
1.2217300000000006,7.868008,0.0,0.0
1.2217300000000006,7.878008,0.0,0.0
1.2217300000000006,7.888008,0.0,0.0
1.2217300000000006,7.898008,0.0,0.0
1.2217300000000006,7.908008,0.0,0.0
1.2217300000000006,7.918008,0.0,0.0
1.2217300000000006,7.928008,0.0,0.0
1.2217300000000006,7.938008,0.0,0.0
1.2217300000000006,7.948008,0.0,0.0
1.2217300000000006,7.958008,0.0,0.0
1.2217300000000006,7.968008,0.0,0.0
1.2217300000000006,7.978008,0.0,0.0
1.2217300000000006,7.988008,0.0,0.0
1.2217300000000006,7.998008,0.0,0.0
1.2217300000000006,8.008008,0.0,0.0
1.2217300000000006,8.018008,0.0,0.0
1.2217300000000006,8.028008,0.0,0.0
1.2217300000000006,8.038008,0.0,0.0
1.2217300000000006,8.048008,0.0,0.0
1.2217300000000006,8.058008,0.0,0.0
1.2217300000000006,8.068008,0.0,0.0
1.2217300000000006,8.078008,0.0,0.0
1.2217300000000006,8.088008,0.0,0.0
1.2217300000000006,8.098008,0.0,0.0
1.2217300000000006,8.108008,0.0,0.0
1.2217300000000006,8.118008,0.0,0.0
1.2217300000000006,8.128008,0.0,0.0
1.2217300000000006,8.138008,0.0,0.0
1.2217300000000006,8.148008,0.0,0.0
1.2217300000000006,8.158008,0.0,0.0
1.2217300000000006,8.168008,0.0,0.0
1.2217300000000006,8.178008,0.0,0.0
1.2217300000000006,8.188008,0.0,0.0
1.2217300000000006,8.198008,0.0,0.0
1.2217300000000006,8.208008,0.0,0.0
1.2217300000000006,8.218008,0.0,0.0
1.2217300000000006,8.228008,0.0,0.0
1.2217300000000006,8.238008,0.0,0.0
1.2217300000000006,8.248008,0.0,0.0
1.2217300000000006,8.258008,0.0,0.0
1.2217300000000006,8.268008,0.0,0.0
1.2217300000000006,8.278008,0.0,0.0
1.2217300000000006,8.288008,0.0,0.0
1.2217300000000006,8.298008,0.0,0.0
1.2217300000000006,8.308008,0.0,0.0
1.2217300000000006,8.318012,0.0,0.0
1.2217300000000006,8.328008,0.0,0.0
1.2217300000000006,8.338008,0.0,0.0
1.2217300000000006,8.348008,0.0,0.0
1.2217300000000006,8.358008,0.0,0.0
1.2217300000000006,8.368008,0.0,0.0
1.2217300000000006,8.378008,0.0,0.0
1.2217300000000006,8.388008,0.0,0.0
1.2217300000000006,8.398008,0.0,0.0
1.2217300000000006,8.408008,0.0,0.0
1.2217300000000006,8.418008,0.0,0.0
1.2217300000000006,8.428008,0.0,0.0
1.2217300000000006,8.438008,0.0,0.0
1.2217300000000006,8.448008,0.0,0.0
1.2217300000000006,8.458008,0.0,0.0
1.2217300000000006,8.468008,0.0,0.0
1.2217300000000006,8.478008,0.0,0.0
1.2217300000000006,8.488008,0.0,0.0
1.2217300000000006,8.498008,0.0,0.0
1.2217300000000006,8.508008,0.0,0.0
1.2217300000000006,8.518008,0.0,0.0
1.2217300000000006,8.528008,0.0,0.0
1.2217300000000006,8.538008,0.0,0.0
1.2217300000000006,8.548008,0.0,0.0
1.2217300000000006,8.558008,0.0,0.0
1.2217300000000006,8.568008,0.0,0.0
1.2217300000000006,8.578008,0.0,0.0
1.2217300000000006,8.588008,0.0,0.0
1.2217300000000006,8.598008,0.0,0.0
1.2217300000000006,8.608008,0.0,0.0
1.2217300000000006,8.618008,0.0,0.0
1.2217300000000006,8.628008,0.0,0.0
1.2217300000000006,8.638008,0.0,0.0
1.2217300000000006,8.648008,0.0,0.0
1.2217300000000006,8.658008,0.0,0.0
1.2217300000000006,8.668008,0.0,0.0
1.2217300000000006,8.678008,0.0,0.0
1.2217300000000006,8.688008,0.0,0.0
1.2217300000000006,8.698008,0.0,0.0
1.2217300000000006,8.708008,0.0,0.0
1.2217300000000006,8.718008,0.0,0.0
1.2217300000000006,8.728008,0.0,0.0
1.2217300000000006,8.738008,0.0,0.0
1.2217300000000006,8.748008,0.0,0.0
1.2217300000000006,8.758008,0.0,0.0
1.2217300000000006,8.768008,0.0,0.0
1.2217300000000006,8.778008,0.0,0.0
1.2217300000000006,8.788008,0.0,0.0
1.2217300000000006,8.798008,0.0,0.0
1.2217300000000006,8.808008,0.0,0.0
1.2217300000000006,8.818008,0.0,0.0
1.2217300000000006,8.828008,0.0,0.0
1.2217300000000006,8.838008,0.0,0.0
1.2217300000000006,8.848008,0.0,0.0
1.2217300000000006,8.858008,0.0,0.0
1.2217300000000006,8.868008,0.0,0.0
1.2217300000000006,8.878008,0.0,0.0
1.2217300000000006,8.888008,0.0,0.0
1.2217300000000006,8.898008,0.0,0.0
1.2217300000000006,8.908008,0.0,0.0
1.2217300000000006,8.918008,0.0,0.0
1.2217300000000006,8.928008,0.0,0.0
1.2217300000000006,8.938008,0.0,0.0
1.2217300000000006,8.948008,0.0,0.0
1.2217300000000006,8.958012,0.0,0.0
1.2217300000000006,8.968008,0.0,0.0
1.2217300000000006,8.978008,0.0,0.0
1.2217300000000006,8.988008,0.0,0.0
1.2217300000000006,8.998008,0.0,0.0
1.3046130000000007,9.008008,0.0,0.0
1.3874170000000008,9.018028,7.850000000000001e-05,0.0
1.4695145000000007,9.028036,0.0008639999999999999,0.0
1.5499625000000008,9.038032,0.0032985,0.0
1.6280545000000008,9.048036,0.0080895,0.0
1.7034760000000007,9.057012,0.015550999999999999,0.0
1.7759130000000007,9.067008,0.025997,0.0
1.8448155000000004,9.077012,0.039977,0.0
1.9096340000000005,9.08702,0.058041,0.0
1.9699760000000006,9.095988,0.080582,0.0
2.0259980000000004,9.105988,0.1074425,0.0
2.0784860000000003,9.115988,0.1378375,0.0
2.1286175000000003,9.125988,0.1705885,0.0
2.1772570000000004,9.135992,0.20483200000000001,0.0
2.2251895000000004,9.145992,0.239782,0.0
2.2730435,9.155968,0.27481099999999997,0.0
2.3208975,9.16596,0.30984,0.0
2.3687514999999997,9.17596,0.34486900000000004,0.0
2.4166054999999997,9.18596,0.37989800000000007,0.0
2.4644595,9.19596,0.41492700000000005,0.0
2.4294305,9.20596,0.4499560000000001,0.0
2.3944805,9.21596,0.4849065000000001,0.0
2.3602369999999997,9.22596,0.5191500000000001,0.0
2.3276429999999997,9.23596,0.5517445000000001,0.0
2.2974049999999995,9.24596,0.5819825000000002,0.0
2.2698374999999995,9.25596,0.6095500000000001,0.0
2.2452544999999997,9.264936,0.6341330000000002,0.0
2.224206,9.274936,0.6551820000000002,0.0
2.2072415,9.284936,0.6721470000000002,0.0
2.1947534999999996,9.294936,0.6846350000000002,0.0
2.1865854999999996,9.304936,0.6928035000000002,0.0
2.1819515,9.314936,0.6974375000000003,0.0
2.1796739999999994,9.324936,0.6997155000000003,0.0
2.1788884999999993,9.334936,0.7005010000000003,0.0
2.1788099999999995,9.344936,0.7005800000000003,0.0
2.1788099999999995,9.353912,0.7005800000000003,0.0
2.1788099999999995,9.363912,0.7005800000000003,0.0
2.1788099999999995,9.373912,0.7005800000000003,0.0
2.1788099999999995,9.383912,0.7005800000000003,0.0
2.1788099999999995,9.393912,0.7005800000000003,0.0
2.1788099999999995,9.403912,0.7005800000000003,0.0
2.1788099999999995,9.413912,0.7005800000000003,0.0
2.1788099999999995,9.423912,0.7005800000000003,0.0
2.1788099999999995,9.432888,0.7005800000000003,0.0
2.1788099999999995,9.442888,0.7005800000000003,0.0
2.1788099999999995,9.452888,0.7005800000000003,0.0
2.1788099999999995,9.462888,0.7005800000000003,0.0
2.1788099999999995,9.472888,0.7005800000000003,0.0
2.1788099999999995,9.482888,0.7005800000000003,0.0
2.1788099999999995,9.492888,0.7005800000000003,0.0
2.1788099999999995,9.502888,0.7005800000000003,0.0
2.1788099999999995,9.512888,0.7005800000000003,0.0
2.1788099999999995,9.522888,0.7005800000000003,0.0
2.1788099999999995,9.532888,0.7005800000000003,0.0
2.1788099999999995,9.542888,0.7005800000000003,0.0
2.1788099999999995,9.552888,0.7005800000000003,0.0
2.1788099999999995,9.561864,0.7005800000000003,0.0
2.1788099999999995,9.571864,0.7005800000000003,0.0
2.1788099999999995,9.581864,0.7005800000000003,0.0
2.1788099999999995,9.591868,0.7005800000000003,0.0
2.1788099999999995,9.601864,0.7005800000000003,0.0
2.1788099999999995,9.611864,0.7005800000000003,0.0
2.1788099999999995,9.621864,0.7005800000000003,0.0
2.1788099999999995,9.631864,0.7005800000000003,0.0
2.1788099999999995,9.641864,0.7005800000000003,0.0
2.1788099999999995,9.651864,0.7005800000000003,0.0
2.1788099999999995,9.661864,0.7005800000000003,0.0
2.1788099999999995,9.671864,0.7005800000000003,0.0
2.1788099999999995,9.681864,0.7005800000000003,0.0
2.1788099999999995,9.691864,0.7005800000000003,0.0
2.1788099999999995,9.701864,0.7005800000000003,0.0
2.1788099999999995,9.711864,0.7005800000000003,0.0
2.1788099999999995,9.721864,0.7005800000000003,0.0
2.1788099999999995,9.73084,0.7005800000000003,0.0
2.1788099999999995,9.74084,0.7005800000000003,0.0
2.1788099999999995,9.75084,0.7005800000000003,0.0
2.1788099999999995,9.76084,0.7005800000000003,0.0
2.1788099999999995,9.77084,0.7005800000000003,0.0
2.1788099999999995,9.78084,0.7005800000000003,0.0
2.1788099999999995,9.79084,0.7005800000000003,0.0
2.1788099999999995,9.80084,0.7005800000000003,0.0
2.1788099999999995,9.81084,0.7005800000000003,0.0
2.1788099999999995,9.82084,0.7005800000000003,0.0
2.1788099999999995,9.83084,0.7005800000000003,0.0
2.1788099999999995,9.84084,0.7005800000000003,0.0
2.1788099999999995,9.85084,0.7005800000000003,0.0
2.1788099999999995,9.86084,0.7005800000000003,0.0
2.1788099999999995,9.87084,0.7005800000000003,0.0
2.1788099999999995,9.88084,0.7005800000000003,0.0
2.1788099999999995,9.89084,0.7005800000000003,0.0
2.1788099999999995,9.899816,0.7005800000000003,0.0
2.1788099999999995,9.909816,0.7005800000000003,0.0
2.1788099999999995,9.919816,0.7005800000000003,0.0
2.1788099999999995,9.929816,0.7005800000000003,0.0
2.1788099999999995,9.939816,0.7005800000000003,0.0
2.1788099999999995,9.949816,0.7005800000000003,0.0
2.1788099999999995,9.959816,0.7005800000000003,0.0
2.1788099999999995,9.969816,0.7005800000000003,0.0
2.1788099999999995,9.979816,0.7005800000000003,0.5236
2.1788099999999995,9.989816,0.7005800000000003,0.02618
2.1788099999999995,9.999816,0.7005800000000003,0.5236
2.1788099999999995,10.009816,0.7005800000000003,0.05236
2.1788099999999995,10.019816,0.7005800000000003,0.5236
2.1788099999999995,10.028792,0.7005800000000003,0.07854
2.1788099999999995,10.038792,0.7005800000000003,0.5236
2.1788099999999995,10.048792,0.7005800000000003,0.10472
2.1788099999999995,10.058792,0.7005800000000003,0.5236
2.1788099999999995,10.067768,0.7005800000000003,0.1309
2.1788099999999995,10.077768,0.7005800000000003,0.5236
2.1788099999999995,10.087768,0.7005800000000003,0.15708
2.1788099999999995,10.097768,0.7005800000000003,0.5236
2.1788099999999995,10.107768,0.7005800000000003,0.18326
2.1788099999999995,10.117768,0.7005800000000003,0.5236
2.1788099999999995,10.127768,0.7005800000000003,0.20944
2.1788099999999995,10.137768,0.7005800000000003,0.5236
2.1788099999999995,10.147768,0.7005800000000003,0.23562
2.1788099999999995,10.157768,0.7005800000000003,0.5236
2.1788099999999995,10.167768,0.7005800000000003,0.2618
2.1788099999999995,10.177768,0.7005800000000003,0.5236
2.1788099999999995,10.187768,0.7005800000000003,0.28798
2.1788099999999995,10.196744,0.7005800000000003,0.5236
2.1788099999999995,10.206744,0.7005800000000003,0.31416
2.1788099999999995,10.216744,0.7005800000000003,0.5236
2.1788099999999995,10.226748,0.7005800000000003,0.34034000000000003
2.1788099999999995,10.236744,0.7005800000000003,0.5236
2.1788099999999995,10.246744,0.7005800000000003,0.36652
2.1788099999999995,10.256744,0.7005800000000003,0.5236
2.1788099999999995,10.266744,0.7005800000000003,0.39270000000000005
2.1788099999999995,10.276744,0.7005800000000003,0.5236
2.1788099999999995,10.286744,0.7005800000000003,0.41888
2.1788099999999995,10.296744,0.7005800000000003,0.5236
2.1788099999999995,10.306744,0.7005800000000003,0.44506
2.1788099999999995,10.316744,0.7005800000000003,0.5236
2.1788099999999995,10.326744,0.7005800000000003,0.47124
2.1788099999999995,10.336744,0.7005800000000003,0.5236
2.1788099999999995,10.346744,0.7005800000000003,0.49742
2.1788099999999995,10.356744,0.7005800000000003,0.5236
2.1788099999999995,10.36572,0.7005800000000003,0.5236
2.1788099999999995,10.37572,0.7005800000000003,0.5236
2.1788099999999995,10.38572,0.7005800000000003,0.5236
2.1788099999999995,10.39572,0.7005800000000003,0.5236
2.1788099999999995,10.40572,0.7005800000000003,0.5236
2.1788099999999995,10.41572,0.7005800000000003,0.5236
2.1788099999999995,10.42572,0.7005800000000003,0.5236
2.1788099999999995,10.43572,0.7005800000000003,0.5236
2.1788099999999995,10.44572,0.7005800000000003,0.5236
2.1788099999999995,10.45572,0.7005800000000003,0.5236
2.1788099999999995,10.46572,0.7005800000000003,0.5236
2.1788099999999995,10.47572,0.7005800000000003,0.5236
2.1788099999999995,10.48572,0.7005800000000003,0.5236
2.1788099999999995,10.494696,0.7005800000000003,0.5236
2.1788099999999995,10.504696,0.7005800000000003,0.5236
2.1788099999999995,10.514696,0.7005800000000003,0.5236
2.1788099999999995,10.524696,0.7005800000000003,0.5236
2.1788099999999995,10.533672,0.7005800000000003,0.5236
2.1788099999999995,10.543672,0.7005800000000003,0.5236
2.1788099999999995,10.553672,0.7005800000000003,0.5236
2.1788099999999995,10.563672,0.7005800000000003,0.5236
2.1788099999999995,10.573672,0.7005800000000003,0.5236
2.1788099999999995,10.583672,0.7005800000000003,0.5236
2.1788099999999995,10.593672,0.7005800000000003,0.5236
2.1788099999999995,10.603672,0.7005800000000003,0.5236
2.1788099999999995,10.613672,0.7005800000000003,0.5236
2.1788099999999995,10.623672,0.7005800000000003,0.5236
2.1788099999999995,10.633672,0.7005800000000003,0.5236
2.1788099999999995,10.643672,0.7005800000000003,0.5236
2.1788099999999995,10.653672,0.7005800000000003,0.5236
2.1788099999999995,10.662648,0.7005800000000003,0.5236
2.1788099999999995,10.672648,0.7005800000000003,0.5236
2.1788099999999995,10.682648,0.7005800000000003,0.5236
2.1788099999999995,10.692648,0.7005800000000003,0.5236
2.1788099999999995,10.701624,0.7005800000000003,0.5236
2.1788099999999995,10.711624,0.7005800000000003,0.5236
2.1788099999999995,10.721624,0.7005800000000003,0.5236
2.1788099999999995,10.731624,0.7005800000000003,0.5236
2.1788099999999995,10.741624,0.7005800000000003,0.5236
2.1788099999999995,10.751624,0.7005800000000003,0.5236
2.1788099999999995,10.761624,0.7005800000000003,0.5236
2.1788099999999995,10.771624,0.7005800000000003,0.5236
2.1788099999999995,10.781624,0.7005800000000003,0.5236
2.1788099999999995,10.791624,0.7005800000000003,0.5236
2.1788099999999995,10.801624,0.7005800000000003,0.5236
2.1788099999999995,10.811624,0.7005800000000003,0.5236
2.1788099999999995,10.821624,0.7005800000000003,0.5236
2.1788099999999995,10.8306,0.7005800000000003,0.5236
2.1788099999999995,10.8406,0.7005800000000003,0.5236
2.1788099999999995,10.8506,0.7005800000000003,0.5236
2.1788099999999995,10.860604,0.7005800000000003,0.5236
2.1788099999999995,10.8706,0.7005800000000003,0.5236
2.1788099999999995,10.8806,0.7005800000000003,0.5236
2.1788099999999995,10.8906,0.7005800000000003,0.5236
2.1788099999999995,10.9006,0.7005800000000003,0.5236
2.1788099999999995,10.9106,0.7005800000000003,0.5236
2.1788099999999995,10.9206,0.7005800000000003,0.5236
2.1788099999999995,10.9306,0.7005800000000003,0.5236
2.1788099999999995,10.9406,0.7005800000000003,0.5236
2.1788099999999995,10.9506,0.7005800000000003,0.5236
2.1788099999999995,10.9606,0.7005800000000003,0.5236
2.1788099999999995,10.9706,0.7005800000000003,0.5236
2.1788099999999995,10.9806,0.7005800000000003,0.5236
2.1788099999999995,10.9906,0.7005800000000003,0.5236
2.1788099999999995,10.999576,0.7005800000000003,0.5236
2.1221069999999993,11.009576,0.7005800000000003,0.5236
2.0654039999999996,11.019576,0.7005800000000003,0.5236
2.0087009999999994,11.029576,0.7005800000000003,0.5236
1.9519979999999995,11.039576,0.7005800000000003,0.5236
1.8952949999999995,11.049576,0.7005800000000003,0.5236
1.8385919999999996,11.059576,0.7005800000000003,0.5236
1.7818889999999996,11.069576,0.7005800000000003,0.5236
1.7251859999999999,11.079576,0.7005800000000003,0.5236
1.668483,11.089576,0.7005800000000003,0.5236
1.61178,11.099576,0.7005800000000003,0.5236
1.5550769999999998,11.109576,0.7005800000000003,0.5236
1.4983739999999999,11.119576,0.7005800000000003,0.5236
1.441671,11.129576,0.7005800000000003,0.5236
1.384968,11.139576,0.7005800000000003,0.5236
1.328265,11.149576,0.7005800000000003,0.5236
1.2715620000000003,11.159576,0.7005800000000003,0.5236
1.2148590000000004,11.168552,0.7005800000000003,0.5236
1.1581560000000004,11.178552,0.7005800000000003,0.5236
1.1014530000000005,11.188552,0.7005800000000003,0.5236
1.0447500000000003,11.198552,0.7005800000000003,0.5236
1.0447500000000003,11.208552,0.7005800000000003,0.5236
1.0447500000000003,11.218552,0.7005800000000003,0.5236
1.0447500000000003,11.228552,0.7005800000000003,0.5236
1.0447500000000003,11.238552,0.7005800000000003,0.5236
1.0447500000000003,11.248552,0.7005800000000003,0.5236
1.0447500000000003,11.258552,0.7005800000000003,0.5236
1.0447500000000003,11.268552,0.7005800000000003,0.5236
1.0447500000000003,11.278552,0.7005800000000003,0.5236
1.0447500000000003,11.288552,0.7005800000000003,0.5236
1.0447500000000003,11.298552,0.7005800000000003,0.5236
1.0447500000000003,11.308552,0.7005800000000003,0.5236
1.0447500000000003,11.318552,0.7005800000000003,0.5236
1.0447500000000003,11.328552,0.7005800000000003,0.5236
1.0447500000000003,11.337528,0.7005800000000003,0.5236
1.0447500000000003,11.347528,0.7005800000000003,0.5236
1.0447500000000003,11.357528,0.7005800000000003,0.5236
1.0447500000000003,11.367528,0.7005800000000003,0.5236
1.0447500000000003,11.377528,0.7005800000000003,0.5236
1.0447500000000003,11.387528,0.7005800000000003,0.5236
1.0447500000000003,11.397528,0.7005800000000003,0.5236
1.0447500000000003,11.407528,0.7005800000000003,0.5236
1.0447500000000003,11.417528,0.7005800000000003,0.5236
1.0447500000000003,11.427528,0.7005800000000003,0.5236
1.0447500000000003,11.437528,0.7005800000000003,0.5236
1.0447500000000003,11.447528,0.7005800000000003,0.5236
1.0447500000000003,11.457528,0.7005800000000003,0.5236
1.0447500000000003,11.466504,0.7005800000000003,0.5236
1.0447500000000003,11.476504,0.7005800000000003,0.5236
1.0447500000000003,11.486504,0.7005800000000003,0.5236
1.0447500000000003,11.496508,0.7005800000000003,0.5236
1.0447500000000003,11.506504,0.7005800000000003,0.5236
1.0447500000000003,11.516504,0.7005800000000003,0.5236
1.0447500000000003,11.526504,0.7005800000000003,0.5236
1.0447500000000003,11.536504,0.7005800000000003,0.5236
1.0447500000000003,11.546504,0.7005800000000003,0.5236
1.0447500000000003,11.556504,0.7005800000000003,0.5236
1.0447500000000003,11.566504,0.7005800000000003,0.5236
1.0447500000000003,11.576504,0.7005800000000003,0.5236
1.0447500000000003,11.586504,0.7005800000000003,0.5236
1.0447500000000003,11.596504,0.7005800000000003,0.5236
1.0447500000000003,11.606504,0.7005800000000003,0.5236
1.0447500000000003,11.616504,0.7005800000000003,0.5236
1.0447500000000003,11.626504,0.7005800000000003,0.5236
1.0447500000000003,11.63548,0.7005800000000003,0.5236
1.0447500000000003,11.64548,0.7005800000000003,0.5236
1.0447500000000003,11.65548,0.7005800000000003,0.5236
1.0447500000000003,11.66548,0.7005800000000003,0.5236
1.0447500000000003,11.67548,0.7005800000000003,0.5236
1.0447500000000003,11.68548,0.7005800000000003,0.5236
1.0447500000000003,11.69548,0.7005800000000003,0.5236
1.0447500000000003,11.70548,0.7005800000000003,0.5236
1.0447500000000003,11.71548,0.7005800000000003,0.5236
1.0447500000000003,11.72548,0.7005800000000003,0.5236
1.0447500000000003,11.73548,0.7005800000000003,0.5236
1.0447500000000003,11.74548,0.7005800000000003,0.5236
1.0447500000000003,11.75548,0.7005800000000003,0.5236
1.0447500000000003,11.76548,0.7005800000000003,0.5236
1.0447500000000003,11.77548,0.7005800000000003,0.5236
1.0447500000000003,11.78548,0.7005800000000003,0.5236
1.0447500000000003,11.79548,0.7005800000000003,0.5236
1.0447500000000003,11.804456,0.7005800000000003,0.5236
1.0447500000000003,11.814456,0.7005800000000003,0.5236
1.0447500000000003,11.824456,0.7005800000000003,0.5236
1.0447500000000003,11.834456,0.7005800000000003,0.5236
1.0447500000000003,11.844456,0.7005800000000003,0.5236
1.0447500000000003,11.854456,0.7005800000000003,0.5236
1.0447500000000003,11.864456,0.7005800000000003,0.5236
1.0447500000000003,11.874456,0.7005800000000003,0.5236
1.0447500000000003,11.884456,0.7005800000000003,0.5236
1.0447500000000003,11.894456,0.7005800000000003,0.5236
1.0447500000000003,11.904456,0.7005800000000003,0.5236
1.0447500000000003,11.914456,0.7005800000000003,0.5236
1.0447500000000003,11.924456,0.7005800000000003,0.5236
1.0447500000000003,11.934456,0.7005800000000003,0.5236
1.0447500000000003,11.944456,0.7005800000000003,0.5236
1.0447500000000003,11.954456,0.7005800000000003,0.5236
1.0447500000000003,11.964456,0.7005800000000003,0.5236
1.0447500000000003,11.973432,0.7005800000000003,0.5236
1.0447500000000003,11.983432,0.7005800000000003,0.5236
1.0447500000000003,11.993432,0.7005800000000003,0.5236
1.0447500000000003,12.003432,0.7005800000000003,0.5236
1.0447500000000003,12.013432,0.7005800000000003,0.5236
1.0447500000000003,12.023432,0.7005800000000003,0.5236
1.0447500000000003,12.033432,0.7005800000000003,0.5236
1.0447500000000003,12.043432,0.7005800000000003,0.5236
1.0447500000000003,12.053432,0.7005800000000003,0.5236
1.0447500000000003,12.063432,0.7005800000000003,0.5236
1.0447500000000003,12.073432,0.7005800000000003,0.5236
1.0447500000000003,12.083432,0.7005800000000003,0.5236
1.0447500000000003,12.093432,0.7005800000000003,0.5236
1.0447500000000003,12.102408,0.7005800000000003,0.5236
1.0447500000000003,12.112408,0.7005800000000003,0.5236
1.0447500000000003,12.122408,0.7005800000000003,0.5236
1.0447500000000003,12.132412,0.7005800000000003,0.5236
1.0447500000000003,12.142408,0.7005800000000003,0.5236
1.0447500000000003,12.152408,0.7005800000000003,0.5236
1.0447500000000003,12.162408,0.7005800000000003,0.5236
1.0447500000000003,12.172408,0.7005800000000003,0.5236
1.0447500000000003,12.182408,0.7005800000000003,0.5236
1.0447500000000003,12.192408,0.7005800000000003,0.5236
1.0447500000000003,12.202408,0.7005800000000003,0.5236
1.0447500000000003,12.212408,0.7005800000000003,0.5236
1.0447500000000003,12.222408,0.7005800000000003,0.5236
1.0447500000000003,12.232408,0.7005800000000003,0.5236
1.0447500000000003,12.242408,0.7005800000000003,0.5236
1.0447500000000003,12.252408,0.7005800000000003,0.5236
1.0447500000000003,12.262408,0.7005800000000003,0.5236
1.0447500000000003,12.271384,0.7005800000000003,0.5236
1.0447500000000003,12.281384,0.7005800000000003,0.5236
1.0447500000000003,12.291384,0.7005800000000003,0.5236
1.0447500000000003,12.301384,0.7005800000000003,0.5236
1.0447500000000003,12.311384,0.7005800000000003,0.5236
1.0447500000000003,12.321384,0.7005800000000003,0.5236
1.0447500000000003,12.331384,0.7005800000000003,0.5236
1.0447500000000003,12.341384,0.7005800000000003,0.5236
1.0447500000000003,12.351384,0.7005800000000003,0.5236
1.0447500000000003,12.361384,0.7005800000000003,0.5236
1.0447500000000003,12.371384,0.7005800000000003,0.5236
1.0447500000000003,12.381384,0.7005800000000003,0.5236
1.0447500000000003,12.391384,0.7005800000000003,0.5236
1.0447500000000003,12.401384,0.7005800000000003,0.5236
1.0447500000000003,12.411384,0.7005800000000003,0.5236
1.0447500000000003,12.421384,0.7005800000000003,0.5236
1.0447500000000003,12.431384,0.7005800000000003,0.5236
1.0447500000000003,12.44036,0.7005800000000003,0.5236
1.0447500000000003,12.45036,0.7005800000000003,0.5236
1.0447500000000003,12.46036,0.7005800000000003,0.5236
1.0447500000000003,12.47036,0.7005800000000003,0.5236
1.0447500000000003,12.48036,0.7005800000000003,0.5236
1.0447500000000003,12.49036,0.7005800000000003,0.5236
1.0447500000000003,12.50036,0.7005800000000003,0.5236
1.0447500000000003,12.51036,0.7005800000000003,0.5236
1.0447500000000003,12.52036,0.7005800000000003,0.5236
1.0447500000000003,12.53036,0.7005800000000003,0.5236
1.0447500000000003,12.54036,0.7005800000000003,0.5236
1.0447500000000003,12.55036,0.7005800000000003,0.5236
1.0447500000000003,12.56036,0.7005800000000003,0.5236
1.0447500000000003,12.57036,0.7005800000000003,0.5236
1.0447500000000003,12.58036,0.7005800000000003,0.5236
1.0447500000000003,12.59036,0.7005800000000003,0.5236
1.0447500000000003,12.60036,0.7005800000000003,0.5236
1.0447500000000003,12.609336,0.7005800000000003,0.5236
1.0447500000000003,12.619336,0.7005800000000003,0.5236
1.0447500000000003,12.629336,0.7005800000000003,0.5236
1.0447500000000003,12.639336,0.7005800000000003,0.5236
1.0447500000000003,12.649336,0.7005800000000003,0.5236
1.0447500000000003,12.659336,0.7005800000000003,0.5236
1.0447500000000003,12.669336,0.7005800000000003,0.5236
1.0447500000000003,12.679336,0.7005800000000003,0.5236
1.0447500000000003,12.689336,0.7005800000000003,0.5236
1.0447500000000003,12.699336,0.7005800000000003,0.5236
1.0447500000000003,12.709336,0.7005800000000003,0.5236
1.0447500000000003,12.719336,0.7005800000000003,0.5236
1.0447500000000003,12.729336,0.7005800000000003,0.5236
1.0447500000000003,12.738312,0.7005800000000003,0.5236
1.0447500000000003,12.748312,0.7005800000000003,0.5236
1.0447500000000003,12.758312,0.7005800000000003,0.5236
1.0447500000000003,12.768316,0.7005800000000003,0.5236
1.0447500000000003,12.778312,0.7005800000000003,0.5236
1.0447500000000003,12.788312,0.7005800000000003,0.5236
1.0447500000000003,12.798312,0.7005800000000003,0.5236
1.0447500000000003,12.808312,0.7005800000000003,0.5236
1.0447500000000003,12.818312,0.7005800000000003,0.5236
1.0447500000000003,12.828312,0.7005800000000003,0.5236
1.0447500000000003,12.838312,0.7005800000000003,0.5236
1.0447500000000003,12.848312,0.7005800000000003,0.5236
1.0447500000000003,12.858312,0.7005800000000003,0.5236
1.0447500000000003,12.868312,0.7005800000000003,0.5236
1.0447500000000003,12.878312,0.7005800000000003,0.5236
1.0447500000000003,12.888312,0.7005800000000003,0.5236
1.0447500000000003,12.898312,0.7005800000000003,0.5236
1.0447500000000003,12.907288,0.7005800000000003,0.5236
1.0447500000000003,12.917288,0.7005800000000003,0.5236
1.0447500000000003,12.927288,0.7005800000000003,0.5236
1.0447500000000003,12.937288,0.7005800000000003,0.5236
1.0447500000000003,12.947288,0.7005800000000003,0.5236
1.0447500000000003,12.957288,0.7005800000000003,0.5236
1.0447500000000003,12.967288,0.7005800000000003,0.5236
1.0447500000000003,12.977288,0.7005800000000003,0.5236
1.0447500000000003,12.987288,0.7005800000000003,0.5236
1.0447500000000003,12.997288,0.7005800000000003,0.5236
1.2280100000000005,13.007288,0.7005800000000003,0.5236
1.4109555000000005,13.017312,0.7008940000000004,0.5236
1.5927230000000003,13.02732,0.7023860000000003,0.5236
1.7724485000000003,13.036292,0.7059200000000003,0.5236
1.9498180000000003,13.046292,0.7118105000000002,0.5236
2.1244385,13.056296,0.7204495000000002,0.5236
2.2957600000000005,13.066292,0.7323875000000002,0.5236
2.463312,13.075268,0.7480950000000002,0.5236
2.6267010000000006,13.085268,0.7679655000000001,0.5236
2.7856135,13.095268,0.7923125,0.5236
2.9396565000000003,13.105268,0.821529,0.5236
3.0885160000000003,13.115268,0.8559289999999997,0.5236
3.2318775000000004,13.125268,0.8958269999999997,0.5236
3.369426999999999,13.135268,0.9415369999999996,0.5236
3.5009289999999993,13.145268,0.9932944999999997,0.5236
3.6262265,13.155268,1.0512564999999998,0.5236
3.7450835000000007,13.16424,1.1156589999999997,0.5236
3.857264500000001,13.174244,1.1867374999999998,0.5236
3.9629270000000014,13.184244,1.2643345,0.5236
4.062227500000001,13.194244,1.3482935,0.5236
3.9714350000000005,13.20322,1.4390855,0.5236
3.873653000000001,13.21322,1.5368674999999998,0.5236
3.769980500000001,13.22322,1.64054,0.5236
3.6612030000000004,13.23322,1.7493175,0.5236
3.547712500000001,13.242196,1.8628075,0.5236
3.4312380000000005,13.252196,1.9792820000000004,0.5236
3.3138210000000003,13.262196,2.096699,0.5236
3.1969535000000002,13.2722,2.2135665,0.5236
3.0818930000000004,13.2822,2.3286270000000004,0.5236
2.9700520000000004,13.2922,2.440468,0.5236
2.8627665,13.302176,2.5477535000000002,0.5236
2.7606645000000003,13.312168,2.6498555,0.5236
2.6640605,13.322168,2.7464595000000003,0.5236
2.5732685,13.332168,2.8372515,0.5236
2.488524,13.342168,2.921996,0.5236
2.409984,13.352168,3.000536,0.5236
2.3378845000000004,13.362168,3.0726354999999996,0.5236
2.2724610000000003,13.371144,3.1380589999999997,0.5236
2.2135560000000005,13.381144,3.1969639999999995,0.5236
2.1610130000000005,13.391144,3.249507,0.5236
2.1153030000000004,13.401148,3.2952169999999996,0.5236
2.076897,13.411144,3.3336229999999993,0.5236
2.0455595000000004,13.421144,3.3649604999999996,0.5236
2.0213690000000004,13.431144,3.389151,0.5236
2.0042475000000004,13.441144,3.4062725,0.5236
1.9928590000000004,13.451144,3.417661,0.5236
1.9857120000000006,13.461144,3.4248080000000005,0.5236
1.9817850000000004,13.471144,3.4287349999999996,0.5236
1.9802140000000006,13.481144,3.430306,0.5236
1.9799000000000004,13.491144,3.43062,0.5236
1.9799000000000004,13.50012,3.43062,0.5236
1.9799000000000004,13.51012,3.43062,0.5236
1.9799000000000004,13.52012,3.43062,0.5236
1.9799000000000004,13.53012,3.43062,0.5236
1.9799000000000004,13.539096,3.43062,0.5236
1.9799000000000004,13.549096,3.43062,0.5236
1.9799000000000004,13.559096,3.43062,0.5236
1.9799000000000004,13.569096,3.43062,0.5236
1.9799000000000004,13.579096,3.43062,0.5236
1.9799000000000004,13.589096,3.43062,0.5236
1.9799000000000004,13.599096,3.43062,0.5236
1.9799000000000004,13.609096,3.43062,0.5236
1.9799000000000004,13.619096,3.43062,0.5236
1.9799000000000004,13.628072,3.43062,0.5236
1.9799000000000004,13.638072,3.43062,0.5236
1.9799000000000004,13.648072,3.43062,0.5236
1.9799000000000004,13.658072,3.43062,0.5236
1.9799000000000004,13.667048,3.43062,0.5236
1.9799000000000004,13.677048,3.43062,0.5236
1.9799000000000004,13.687048,3.43062,0.5236
1.9799000000000004,13.697048,3.43062,0.5236
1.9799000000000004,13.706024,3.43062,0.5236
1.9799000000000004,13.716024,3.43062,0.5236
1.9799000000000004,13.726024,3.43062,0.5236
1.9799000000000004,13.736024,3.43062,0.5236
1.9799000000000004,13.746024,3.43062,0.5236
1.9799000000000004,13.756024,3.43062,0.5236
1.9799000000000004,13.766024,3.43062,0.5236
1.9799000000000004,13.776024,3.43062,0.5236
1.9799000000000004,13.786024,3.43062,0.5236
1.9799000000000004,13.795,3.43062,0.5236
1.9799000000000004,13.805,3.43062,0.5236
1.9799000000000004,13.815,3.43062,0.5236
1.9799000000000004,13.825,3.43062,0.5236
1.9799000000000004,13.833976,3.43062,0.5236
1.9799000000000004,13.843976,3.43062,0.5236
1.9799000000000004,13.853976,3.43062,0.5236
1.9799000000000004,13.863976,3.43062,0.5236
1.9799000000000004,13.872952,3.43062,0.5236
1.9799000000000004,13.882952,3.43062,0.5236
1.9799000000000004,13.892952,3.43062,0.5236
1.9799000000000004,13.902952,3.43062,0.5236
1.9799000000000004,13.912952,3.43062,0.5236
1.9799000000000004,13.922952,3.43062,0.5236
1.9799000000000004,13.932952,3.43062,0.5236
1.9799000000000004,13.942952,3.43062,0.5236
1.9799000000000004,13.952952,3.43062,0.5236
1.9799000000000004,13.961928,3.43062,1.22173
1.9799000000000004,13.971928,3.43062,0.5585065
1.9799000000000004,13.981928,3.43062,1.22173
1.9799000000000004,13.991928,3.43062,0.5934130000000001
1.9799000000000004,14.000904,3.43062,1.22173
1.9799000000000004,14.010904,3.43062,0.6283195
1.9799000000000004,14.020904,3.43062,1.22173
1.9799000000000004,14.030908,3.43062,0.6632260000000001
1.9799000000000004,14.040904,3.43062,1.22173
1.9799000000000004,14.050904,3.43062,0.6981325
1.9799000000000004,14.060904,3.43062,1.22173
1.9799000000000004,14.070904,3.43062,0.7330390000000001
1.9799000000000004,14.080904,3.43062,1.22173
1.9799000000000004,14.090904,3.43062,0.7679455000000001
1.9799000000000004,14.100904,3.43062,1.22173
1.9799000000000004,14.110904,3.43062,0.8028520000000001
1.9799000000000004,14.120904,3.43062,1.22173
1.9799000000000004,14.130904,3.43062,0.8377585000000001
1.9799000000000004,14.140904,3.43062,1.22173
1.9799000000000004,14.150904,3.43062,0.872665
1.9799000000000004,14.160904,3.43062,1.22173
1.9799000000000004,14.16988,3.43062,0.9075714999999998
1.9799000000000004,14.17988,3.43062,1.22173
1.9799000000000004,14.18988,3.43062,0.9424779999999997
1.9799000000000004,14.19988,3.43062,1.22173
1.9799000000000004,14.20988,3.43062,0.9773844999999997
1.9799000000000004,14.21988,3.43062,1.22173
1.9799000000000004,14.22988,3.43062,1.0122909999999998
1.9799000000000004,14.23988,3.43062,1.22173
1.9799000000000004,14.24988,3.43062,1.0471975
1.9799000000000004,14.25988,3.43062,1.22173
1.9799000000000004,14.26988,3.43062,1.082104
1.9799000000000004,14.27988,3.43062,1.22173
1.9799000000000004,14.28988,3.43062,1.1170105000000001
1.9799000000000004,14.298856,3.43062,1.22173
1.9799000000000004,14.308856,3.43062,1.1519170000000003
1.9799000000000004,14.318856,3.43062,1.22173
1.9799000000000004,14.328856,3.43062,1.1868235000000005
1.9799000000000004,14.337832,3.43062,1.22173
1.9799000000000004,14.347832,3.43062,1.2217300000000006
1.9799000000000004,14.357832,3.43062,1.22173
1.9799000000000004,14.367832,3.43062,1.2217300000000006
1.9799000000000004,14.377832,3.43062,1.22173
1.9799000000000004,14.387832,3.43062,1.2217300000000006
1.9799000000000004,14.397832,3.43062,1.22173
1.9799000000000004,14.407832,3.43062,1.2217300000000006
1.9799000000000004,14.417832,3.43062,1.22173
1.9799000000000004,14.427832,3.43062,1.2217300000000006
1.9799000000000004,14.437832,3.43062,1.22173
1.9799000000000004,14.447832,3.43062,1.2217300000000006
1.9799000000000004,14.457832,3.43062,1.22173
1.9799000000000004,14.466808,3.43062,1.2217300000000006
1.9799000000000004,14.476808,3.43062,1.22173
1.9799000000000004,14.486808,3.43062,1.2217300000000006
1.9799000000000004,14.496808,3.43062,1.22173
1.9799000000000004,14.505784,3.43062,1.2217300000000006
1.9799000000000004,14.515784,3.43062,1.22173
1.9799000000000004,14.525784,3.43062,1.2217300000000006
1.9799000000000004,14.535784,3.43062,1.22173
1.9799000000000004,14.545784,3.43062,1.2217300000000006
1.9799000000000004,14.555784,3.43062,1.22173
1.9799000000000004,14.565784,3.43062,1.2217300000000006
1.9799000000000004,14.575784,3.43062,1.22173
1.9799000000000004,14.585784,3.43062,1.2217300000000006
1.9799000000000004,14.595784,3.43062,1.22173
1.9799000000000004,14.605784,3.43062,1.2217300000000006
1.9799000000000004,14.615784,3.43062,1.22173
1.9799000000000004,14.625784,3.43062,1.2217300000000006
1.9799000000000004,14.63476,3.43062,1.22173
1.9799000000000004,14.64476,3.43062,1.2217300000000006
1.9799000000000004,14.65476,3.43062,1.22173
1.9799000000000004,14.664764,3.43062,1.2217300000000006
1.9799000000000004,14.67476,3.43062,1.22173
1.9799000000000004,14.68476,3.43062,1.2217300000000006
1.9799000000000004,14.69476,3.43062,1.22173
1.9799000000000004,14.70476,3.43062,1.2217300000000006
1.9799000000000004,14.71476,3.43062,1.22173
1.9799000000000004,14.72476,3.43062,1.2217300000000006
1.9799000000000004,14.73476,3.43062,1.22173
1.9799000000000004,14.74476,3.43062,1.2217300000000006
1.9799000000000004,14.75476,3.43062,1.22173
1.9799000000000004,14.76476,3.43062,1.2217300000000006
1.9799000000000004,14.77476,3.43062,1.22173
1.9799000000000004,14.78476,3.43062,1.2217300000000006
1.9799000000000004,14.79476,3.43062,1.22173
1.9799000000000004,14.803736,3.43062,1.2217300000000006
1.9799000000000004,14.813736,3.43062,1.22173
1.9799000000000004,14.823736,3.43062,1.2217300000000006
1.9799000000000004,14.833736,3.43062,1.22173
1.9799000000000004,14.843736,3.43062,1.2217300000000006
1.9799000000000004,14.853736,3.43062,1.22173
1.9799000000000004,14.863736,3.43062,1.2217300000000006
1.9799000000000004,14.873736,3.43062,1.22173
1.9799000000000004,14.883736,3.43062,1.2217300000000006
1.9799000000000004,14.893736,3.43062,1.22173
1.9799000000000004,14.903736,3.43062,1.2217300000000006
1.9799000000000004,14.913736,3.43062,1.22173
1.9799000000000004,14.923736,3.43062,1.2217300000000006
1.9799000000000004,14.932712,3.43062,1.22173
1.9799000000000004,14.942712,3.43062,1.2217300000000006
1.9799000000000004,14.952712,3.43062,1.22173
1.9799000000000004,14.962712,3.43062,1.2217300000000006
1.9799000000000004,14.971688,3.43062,1.22173
1.9799000000000004,14.981688,3.43062,1.2217300000000006
1.9799000000000004,14.991688,3.43062,1.22173
1.9100870000000005,15.001688,3.43062,1.2217300000000006
1.8402740000000006,15.011688,3.43062,1.22173
1.7704610000000003,15.021688,3.43062,1.2217300000000006
1.7006480000000004,15.031688,3.43062,1.22173
1.6308350000000005,15.041688,3.43062,1.2217300000000006
1.5610220000000006,15.051688,3.43062,1.22173
1.4912090000000005,15.061688,3.43062,1.2217300000000006
1.4213960000000005,15.071688,3.43062,1.22173
1.3515830000000006,15.081688,3.43062,1.2217300000000006
1.2817700000000007,15.091688,3.43062,1.22173
1.2119570000000006,15.100664,3.43062,1.2217300000000006
1.1421440000000005,15.110664,3.43062,1.22173
1.0723310000000004,15.120664,3.43062,1.2217300000000006
1.0025180000000002,15.130664,3.43062,1.22173
0.9327050000000002,15.13964,3.43062,1.2217300000000006
0.8628920000000004,15.14964,3.43062,1.22173
0.7930790000000005,15.15964,3.43062,1.2217300000000006
0.7232660000000005,15.16964,3.43062,1.22173
0.6534530000000004,15.17964,3.43062,1.2217300000000006
0.5836400000000003,15.18964,3.43062,1.22173
0.5836400000000003,15.19964,3.43062,1.2217300000000006
0.5836400000000003,15.20964,3.43062,1.22173
0.5836400000000003,15.21964,3.43062,1.2217300000000006
0.5836400000000003,15.22964,3.43062,1.22173
0.5836400000000003,15.23964,3.43062,1.2217300000000006
0.5836400000000003,15.24964,3.43062,1.22173
0.5836400000000003,15.25964,3.43062,1.2217300000000006
0.5836400000000003,15.268616,3.43062,1.22173
0.5836400000000003,15.278616,3.43062,1.2217300000000006
0.5836400000000003,15.288616,3.43062,1.22173
0.5836400000000003,15.29862,3.43062,1.2217300000000006
0.5836400000000003,15.308616,3.43062,1.22173
0.5836400000000003,15.318616,3.43062,1.2217300000000006
0.5836400000000003,15.328616,3.43062,1.22173
0.5836400000000003,15.338616,3.43062,1.2217300000000006
0.5836400000000003,15.348616,3.43062,1.22173
0.5836400000000003,15.358616,3.43062,1.2217300000000006
0.5836400000000003,15.368616,3.43062,1.22173
0.5836400000000003,15.378616,3.43062,1.2217300000000006
0.5836400000000003,15.388616,3.43062,1.22173
0.5836400000000003,15.398616,3.43062,1.2217300000000006
0.5836400000000003,15.408616,3.43062,1.22173
0.5836400000000003,15.418616,3.43062,1.2217300000000006
0.5836400000000003,15.428616,3.43062,1.22173
0.5836400000000003,15.437592,3.43062,1.2217300000000006
0.5836400000000003,15.447592,3.43062,1.22173
0.5836400000000003,15.457592,3.43062,1.2217300000000006
0.5836400000000003,15.467592,3.43062,1.22173
0.5836400000000003,15.477592,3.43062,1.2217300000000006
0.5836400000000003,15.487592,3.43062,1.22173
0.5836400000000003,15.497592,3.43062,1.2217300000000006
0.5836400000000003,15.507592,3.43062,1.22173
0.5836400000000003,15.517592,3.43062,1.2217300000000006
0.5836400000000003,15.527592,3.43062,1.22173
0.5836400000000003,15.537592,3.43062,1.2217300000000006
0.5836400000000003,15.547592,3.43062,1.22173
0.5836400000000003,15.557592,3.43062,1.2217300000000006
0.5836400000000003,15.566568,3.43062,1.22173
0.5836400000000003,15.576568,3.43062,1.2217300000000006
0.5836400000000003,15.586568,3.43062,1.22173
0.5836400000000003,15.596568,3.43062,1.2217300000000006
0.5836400000000003,15.605544,3.43062,1.22173
0.5836400000000003,15.615544,3.43062,1.2217300000000006
0.5836400000000003,15.625544,3.43062,1.22173
0.5836400000000003,15.635544,3.43062,1.2217300000000006
0.5836400000000003,15.645544,3.43062,1.22173
0.5836400000000003,15.655544,3.43062,1.2217300000000006
0.5836400000000003,15.665544,3.43062,1.22173
0.5836400000000003,15.675544,3.43062,1.2217300000000006
0.5836400000000003,15.685544,3.43062,1.22173
0.5836400000000003,15.695544,3.43062,1.2217300000000006
0.5836400000000003,15.705544,3.43062,1.22173
0.5836400000000003,15.715544,3.43062,1.2217300000000006
0.5836400000000003,15.725544,3.43062,1.22173
0.5836400000000003,15.73452,3.43062,1.2217300000000006
0.5836400000000003,15.74452,3.43062,1.22173
0.5836400000000003,15.75452,3.43062,1.2217300000000006
0.5836400000000003,15.76452,3.43062,1.22173
0.5836400000000003,15.773496,3.43062,1.2217300000000006
0.5836400000000003,15.783496,3.43062,1.22173
0.5836400000000003,15.793496,3.43062,1.2217300000000006
0.5836400000000003,15.803496,3.43062,1.22173
0.5836400000000003,15.813496,3.43062,1.2217300000000006
0.5836400000000003,15.823496,3.43062,1.22173
0.5836400000000003,15.833496,3.43062,1.2217300000000006
0.5836400000000003,15.843496,3.43062,1.22173
0.5836400000000003,15.853496,3.43062,1.2217300000000006
0.5836400000000003,15.863496,3.43062,1.22173
0.5836400000000003,15.873496,3.43062,1.2217300000000006
0.5836400000000003,15.883496,3.43062,1.22173
0.5836400000000003,15.893496,3.43062,1.2217300000000006
0.5836400000000003,15.902472,3.43062,1.22173
0.5836400000000003,15.912472,3.43062,1.2217300000000006
0.5836400000000003,15.922472,3.43062,1.22173
0.5836400000000003,15.932476,3.43062,1.2217300000000006
0.5836400000000003,15.942472,3.43062,1.22173
0.5836400000000003,15.952472,3.43062,1.2217300000000006
0.5836400000000003,15.962472,3.43062,1.22173
0.5836400000000003,15.972472,3.43062,1.2217300000000006
0.5836400000000003,15.982472,3.43062,1.22173
0.5836400000000003,15.992472,3.43062,1.2217300000000006
0.5836400000000003,16.002472,3.43062,1.22173
0.5836400000000003,16.012472,3.43062,1.2217300000000006
0.5836400000000003,16.022472,3.43062,1.22173
0.5836400000000003,16.032472,3.43062,1.2217300000000006
0.5836400000000003,16.042472,3.43062,1.22173
0.5836400000000003,16.052472,3.43062,1.2217300000000006
0.5836400000000003,16.062472,3.43062,1.22173
0.5836400000000003,16.071448,3.43062,1.2217300000000006
0.5836400000000003,16.081448,3.43062,1.22173
0.5836400000000003,16.091448,3.43062,1.2217300000000006
0.5836400000000003,16.101448,3.43062,1.22173
0.5836400000000003,16.111448,3.43062,1.2217300000000006
0.5836400000000003,16.121448,3.43062,1.22173
0.5836400000000003,16.131448,3.43062,1.2217300000000006
0.5836400000000003,16.141448,3.43062,1.22173
0.5836400000000003,16.151448,3.43062,1.2217300000000006
0.5836400000000003,16.161448,3.43062,1.22173
0.5836400000000003,16.171448,3.43062,1.2217300000000006
0.5836400000000003,16.181448,3.43062,1.22173
0.5836400000000003,16.191448,3.43062,1.2217300000000006
0.5836400000000003,16.200424,3.43062,1.22173
0.5836400000000003,16.210424,3.43062,1.2217300000000006
0.5836400000000003,16.220424,3.43062,1.22173
0.5836400000000003,16.230424,3.43062,1.2217300000000006
0.5836400000000003,16.2394,3.43062,1.22173
0.5836400000000003,16.2494,3.43062,1.2217300000000006
0.5836400000000003,16.2594,3.43062,1.22173
0.5836400000000003,16.2694,3.43062,1.2217300000000006
0.5836400000000003,16.2794,3.43062,1.22173
0.5836400000000003,16.2894,3.43062,1.2217300000000006
0.5836400000000003,16.2994,3.43062,1.22173
0.5836400000000003,16.3094,3.43062,1.2217300000000006
0.5836400000000003,16.3194,3.43062,1.22173
0.5836400000000003,16.3294,3.43062,1.2217300000000006
0.5836400000000003,16.3394,3.43062,1.22173
0.5836400000000003,16.3494,3.43062,1.2217300000000006
0.5836400000000003,16.3594,3.43062,1.22173
0.5836400000000003,16.368376,3.43062,1.2217300000000006
0.5836400000000003,16.378376,3.43062,1.22173
0.5836400000000003,16.388376,3.43062,1.2217300000000006
0.5836400000000003,16.398376,3.43062,1.22173
0.5836400000000003,16.407352,3.43062,1.2217300000000006
0.5836400000000003,16.417352,3.43062,1.22173
0.5836400000000003,16.427352,3.43062,1.2217300000000006
0.5836400000000003,16.437352,3.43062,1.22173
0.5836400000000003,16.447352,3.43062,1.2217300000000006
0.5836400000000003,16.457352,3.43062,1.22173
0.5836400000000003,16.467352,3.43062,1.2217300000000006
0.5836400000000003,16.477352,3.43062,1.22173
0.5836400000000003,16.487352,3.43062,1.2217300000000006
0.5836400000000003,16.497352,3.43062,1.22173
0.5836400000000003,16.507352,3.43062,1.2217300000000006
0.5836400000000003,16.517352,3.43062,1.22173
0.5836400000000003,16.527352,3.43062,1.2217300000000006
0.5836400000000003,16.536328,3.43062,1.22173
0.5836400000000003,16.546328,3.43062,1.2217300000000006
0.5836400000000003,16.556328,3.43062,1.22173
0.5836400000000003,16.566332,3.43062,1.2217300000000006
0.5836400000000003,16.576328,3.43062,1.22173
0.5836400000000003,16.586328,3.43062,1.2217300000000006
0.5836400000000003,16.596328,3.43062,1.22173
0.5836400000000003,16.606328,3.43062,1.2217300000000006
0.5836400000000003,16.616328,3.43062,1.22173
0.5836400000000003,16.626328,3.43062,1.2217300000000006
0.5836400000000003,16.636328,3.43062,1.22173
0.5836400000000003,16.646328,3.43062,1.2217300000000006
0.5836400000000003,16.656328,3.43062,1.22173
0.5836400000000003,16.666328,3.43062,1.2217300000000006
0.5836400000000003,16.676328,3.43062,1.22173
0.5836400000000003,16.686328,3.43062,1.2217300000000006
0.5836400000000003,16.696328,3.43062,1.22173
0.5836400000000003,16.705304,3.43062,1.2217300000000006
0.5836400000000003,16.715304,3.43062,1.22173
0.5836400000000003,16.725304,3.43062,1.2217300000000006
0.5836400000000003,16.735304,3.43062,1.22173
0.5836400000000003,16.745304,3.43062,1.2217300000000006
0.5836400000000003,16.755304,3.43062,1.22173
0.5836400000000003,16.765304,3.43062,1.2217300000000006
0.5836400000000003,16.775304,3.43062,1.22173
0.5836400000000003,16.785304,3.43062,1.2217300000000006
0.5836400000000003,16.795304,3.43062,1.22173
0.5836400000000003,16.805304,3.43062,1.2217300000000006
0.5836400000000003,16.815304,3.43062,1.22173
0.5836400000000003,16.825304,3.43062,1.2217300000000006
0.5836400000000003,16.83428,3.43062,1.22173
0.5836400000000003,16.84428,3.43062,1.2217300000000006
0.5836400000000003,16.85428,3.43062,1.22173
0.5836400000000003,16.86428,3.43062,1.2217300000000006
0.5836400000000003,16.873256,3.43062,1.22173
0.5836400000000003,16.883256,3.43062,1.2217300000000006
0.5836400000000003,16.893256,3.43062,1.22173
0.5836400000000003,16.903256,3.43062,1.2217300000000006
0.5836400000000003,16.913256,3.43062,1.22173
0.5836400000000003,16.923256,3.43062,1.2217300000000006
0.5836400000000003,16.933256,3.43062,1.22173
0.5836400000000003,16.943256,3.43062,1.2217300000000006
0.5836400000000003,16.953256,3.43062,1.22173
0.5836400000000003,16.963256,3.43062,1.2217300000000006
0.5836400000000003,16.973256,3.43062,1.22173
0.5836400000000003,16.983256,3.43062,1.2217300000000006
0.5836400000000003,16.993256,3.43062,1.22173
0.422197,17.002232,3.43062,1.2217300000000006
0.26044,17.012256,3.4309339999999993,1.22173
0.0985255,17.02226,3.431405,1.2217300000000006
-0.06236800000000003,17.032264,3.4308549999999998,1.22173
-0.221062,17.04124,3.4281059999999997,1.2217300000000006
-0.37700749999999983,17.05124,3.422608,1.22173
-0.5302824999999999,17.06124,3.41444,1.2217300000000006
-0.6815154999999998,17.07124,3.40423,1.22173
-0.8314920000000003,17.081236,3.3927630000000004,1.2217300000000006
-0.9809185000000001,17.091236,3.3807465000000003,1.22173
-1.1302665,17.101216,3.3686514999999995,1.2217300000000006
-1.2796145,17.111208,3.3565565,1.22173
-1.4289625000000001,17.121208,3.3444615,1.2217300000000006
-1.5783105000000004,17.131208,3.3323665,1.22173
-1.7276585000000002,17.141208,3.3202715,1.2217300000000006
-1.8770065000000002,17.151208,3.3081765,1.22173
-2.0263545,17.161208,3.2960815000000006,1.2217300000000006
-2.1757025000000003,17.170184,3.2839865000000006,1.22173
-2.3250505,17.180184,3.2718915000000006,1.2217300000000006
-2.4743985,17.190184,3.2597965,1.22173
-2.4623035000000004,17.200188,3.2477015000000002,1.2217300000000006
-2.4498945000000005,17.210184,3.2352925,1.22173
-2.437328000000001,17.220184,3.2227265,1.2217300000000006
-2.4257825000000004,17.230184,3.2111814999999995,1.22173
-2.4164365000000005,17.240184,3.2018355,1.2217300000000006
-2.4098390000000007,17.250184,3.1952385000000003,1.22173
-2.4059120000000007,17.260184,3.1913115000000007,1.2217300000000006
-2.4040270000000006,17.270184,3.1894265000000006,1.22173
-2.4033985000000007,17.280184,3.1887985000000008,1.2217300000000006
-2.403320000000001,17.290184,3.1887200000000018,1.22173
-2.403320000000001,17.29916,3.1887200000000018,1.2217300000000006
-2.403320000000001,17.30916,3.1887200000000018,1.22173
-2.403320000000001,17.31916,3.1887200000000018,1.2217300000000006
-2.403320000000001,17.32916,3.1887200000000018,1.22173
-2.403320000000001,17.338136,3.1887200000000018,1.2217300000000006
-2.403320000000001,17.348136,3.1887200000000018,1.22173
-2.403320000000001,17.358136,3.1887200000000018,1.2217300000000006
-2.403320000000001,17.368136,3.1887200000000018,1.22173
-2.403320000000001,17.378136,3.1887200000000018,1.2217300000000006
-2.403320000000001,17.388136,3.1887200000000018,1.22173
-2.403320000000001,17.398136,3.1887200000000018,1.2217300000000006
-2.403320000000001,17.408136,3.1887200000000018,1.22173
-2.403320000000001,17.418136,3.1887200000000018,1.2217300000000006
-2.403320000000001,17.428136,3.1887200000000018,1.22173
-2.403320000000001,17.438136,3.1887200000000018,1.2217300000000006
-2.403320000000001,17.448136,3.1887200000000018,1.22173
-2.403320000000001,17.458136,3.1887200000000018,1.2217300000000006
-2.403320000000001,17.467112,3.1887200000000018,1.22173
-2.403320000000001,17.477112,3.1887200000000018,1.2217300000000006
-2.403320000000001,17.487112,3.1887200000000018,1.22173
-2.403320000000001,17.497112,3.1887200000000018,1.2217300000000006
-2.403320000000001,17.506088,3.1887200000000018,1.22173
-2.403320000000001,17.516088,3.1887200000000018,1.2217300000000006
-2.403320000000001,17.526088,3.1887200000000018,1.22173
-2.403320000000001,17.536088,3.1887200000000018,1.2217300000000006
-2.403320000000001,17.546088,3.1887200000000018,1.22173
-2.403320000000001,17.556088,3.1887200000000018,1.2217300000000006
-2.403320000000001,17.566088,3.1887200000000018,1.22173
-2.403320000000001,17.576088,3.1887200000000018,1.2217300000000006
-2.403320000000001,17.586088,3.1887200000000018,1.22173
-2.403320000000001,17.595064,3.1887200000000018,1.2217300000000006
-2.403320000000001,17.605064,3.1887200000000018,1.22173
-2.403320000000001,17.615064,3.1887200000000018,1.2217300000000006
-2.403320000000001,17.625064,3.1887200000000018,1.22173
-2.403320000000001,17.63404,3.1887200000000018,1.2217300000000006
-2.403320000000001,17.64404,3.1887200000000018,1.22173
-2.403320000000001,17.65404,3.1887200000000018,1.2217300000000006
-2.403320000000001,17.66404,3.1887200000000018,1.22173
-2.403320000000001,17.673016,3.1887200000000018,1.2217300000000006
-2.403320000000001,17.683016,3.1887200000000018,1.22173
-2.403320000000001,17.693016,3.1887200000000018,1.2217300000000006
-2.403320000000001,17.703016,3.1887200000000018,1.22173
-2.403320000000001,17.713016,3.1887200000000018,1.2217300000000006
-2.403320000000001,17.721992,3.1887200000000018,1.22173
-2.403320000000001,17.731992,3.1887200000000018,1.2217300000000006
-2.403320000000001,17.741992,3.1887200000000018,1.22173
-2.403320000000001,17.751992,3.1887200000000018,1.2217300000000006
-2.403320000000001,17.760968,3.1887200000000018,1.22173
-2.403320000000001,17.770968,3.1887200000000018,1.2217300000000006
-2.403320000000001,17.780968,3.1887200000000018,1.22173
-2.403320000000001,17.790968,3.1887200000000018,1.2217300000000006
-2.403320000000001,17.799944,3.1887200000000018,1.22173
-2.403320000000001,17.809944,3.1887200000000018,1.2217300000000006
-2.403320000000001,17.819944,3.1887200000000018,1.22173
-2.403320000000001,17.829948,3.1887200000000018,1.2217300000000006
-2.403320000000001,17.839944,3.1887200000000018,1.22173
-2.403320000000001,17.849944,3.1887200000000018,1.2217300000000006
-2.403320000000001,17.859944,3.1887200000000018,1.22173
-2.403320000000001,17.869944,3.1887200000000018,1.2217300000000006
-2.403320000000001,17.879944,3.1887200000000018,1.22173
-2.403320000000001,17.88892,3.1887200000000018,1.2217300000000006
-2.403320000000001,17.89892,3.1887200000000018,1.22173
-2.403320000000001,17.90892,3.1887200000000018,1.2217300000000006
-2.403320000000001,17.91892,3.1887200000000018,2.87939
-2.403320000000001,17.927896,3.1887200000000018,1.3046130000000007
-2.403320000000001,17.937896,3.1887200000000018,2.87939
-2.403320000000001,17.947896,3.1887200000000018,1.3874960000000007
-2.403320000000001,17.957896,3.1887200000000018,2.87939
-2.403320000000001,17.966872,3.1887200000000018,1.4703790000000008
-2.403320000000001,17.976872,3.1887200000000018,2.87939
-2.403320000000001,17.986872,3.1887200000000018,1.5532620000000008
-2.403320000000001,17.996872,3.1887200000000018,2.87939
-2.403320000000001,18.006872,3.1887200000000018,1.6361450000000006
-2.403320000000001,18.016872,3.1887200000000018,2.87939
-2.403320000000001,18.026872,3.1887200000000018,1.7190280000000007
-2.403320000000001,18.036872,3.1887200000000018,2.87939
-2.403320000000001,18.046872,3.1887200000000018,1.8019110000000005
-2.403320000000001,18.056872,3.1887200000000018,2.87939
-2.403320000000001,18.066872,3.1887200000000018,1.8847940000000005
-2.403320000000001,18.076872,3.1887200000000018,2.87939
-2.403320000000001,18.086872,3.1887200000000018,1.9676770000000006
-2.403320000000001,18.095848,3.1887200000000018,2.87939
-2.403320000000001,18.105848,3.1887200000000018,2.0505600000000004
-2.403320000000001,18.115848,3.1887200000000018,2.87939
-2.403320000000001,18.125848,3.1887200000000018,2.1334430000000006
-2.403320000000001,18.134824,3.1887200000000018,2.87939
-2.403320000000001,18.144824,3.1887200000000018,2.2163260000000005
-2.403320000000001,18.154824,3.1887200000000018,2.87939
-2.403320000000001,18.164824,3.1887200000000018,2.2992090000000007
-2.403320000000001,18.174824,3.1887200000000018,2.87939
-2.403320000000001,18.184824,3.1887200000000018,2.3820920000000005
-2.403320000000001,18.194824,3.1887200000000018,2.87939
-2.403320000000001,18.204824,3.1887200000000018,2.464975000000001
-2.403320000000001,18.214824,3.1887200000000018,2.87939
-2.403320000000001,18.224824,3.1887200000000018,2.5478580000000006
-2.403320000000001,18.234824,3.1887200000000018,2.87939
-2.403320000000001,18.244824,3.1887200000000018,2.6307410000000004
-2.403320000000001,18.254824,3.1887200000000018,2.87939
-2.403320000000001,18.2638,3.1887200000000018,2.7136240000000007
-2.403320000000001,18.2738,3.1887200000000018,2.87939
-2.403320000000001,18.2838,3.1887200000000018,2.7965070000000005
-2.403320000000001,18.2938,3.1887200000000018,2.87939
-2.403320000000001,18.302776,3.1887200000000018,2.879390000000001
-2.403320000000001,18.312776,3.1887200000000018,2.87939
-2.403320000000001,18.322776,3.1887200000000018,2.879390000000001
-2.403320000000001,18.332776,3.1887200000000018,2.87939
-2.403320000000001,18.342776,3.1887200000000018,2.879390000000001
-2.403320000000001,18.352776,3.1887200000000018,2.87939
-2.403320000000001,18.362776,3.1887200000000018,2.879390000000001
-2.403320000000001,18.372776,3.1887200000000018,2.87939
-2.403320000000001,18.382776,3.1887200000000018,2.879390000000001
-2.403320000000001,18.392776,3.1887200000000018,2.87939
-2.403320000000001,18.402776,3.1887200000000018,2.879390000000001
-2.403320000000001,18.412776,3.1887200000000018,2.87939
-2.403320000000001,18.422776,3.1887200000000018,2.879390000000001
-2.403320000000001,18.431752,3.1887200000000018,2.87939
-2.403320000000001,18.441752,3.1887200000000018,2.879390000000001
-2.403320000000001,18.451752,3.1887200000000018,2.87939
-2.403320000000001,18.461756,3.1887200000000018,2.879390000000001
-2.403320000000001,18.471752,3.1887200000000018,2.87939
-2.403320000000001,18.481752,3.1887200000000018,2.879390000000001
-2.403320000000001,18.491752,3.1887200000000018,2.87939
-2.403320000000001,18.501752,3.1887200000000018,2.879390000000001
-2.403320000000001,18.511752,3.1887200000000018,2.87939
-2.403320000000001,18.521752,3.1887200000000018,2.879390000000001
-2.403320000000001,18.531752,3.1887200000000018,2.87939
-2.403320000000001,18.541752,3.1887200000000018,2.879390000000001
-2.403320000000001,18.551752,3.1887200000000018,2.87939
-2.403320000000001,18.560728,3.1887200000000018,2.879390000000001
-2.403320000000001,18.570728,3.1887200000000018,2.87939
-2.403320000000001,18.580728,3.1887200000000018,2.879390000000001
-2.403320000000001,18.590728,3.1887200000000018,2.87939
-2.403320000000001,18.599704,3.1887200000000018,2.879390000000001
-2.403320000000001,18.609704,3.1887200000000018,2.87939
-2.403320000000001,18.619704,3.1887200000000018,2.879390000000001
-2.403320000000001,18.629704,3.1887200000000018,2.87939
-2.403320000000001,18.639704,3.1887200000000018,2.879390000000001
-2.403320000000001,18.649704,3.1887200000000018,2.87939
-2.403320000000001,18.659704,3.1887200000000018,2.879390000000001
-2.403320000000001,18.669704,3.1887200000000018,2.87939
-2.403320000000001,18.679704,3.1887200000000018,2.879390000000001
-2.403320000000001,18.689704,3.1887200000000018,2.87939
-2.403320000000001,18.699704,3.1887200000000018,2.879390000000001
-2.403320000000001,18.709704,3.1887200000000018,2.87939
-2.403320000000001,18.719704,3.1887200000000018,2.879390000000001
-2.403320000000001,18.72868,3.1887200000000018,2.87939
-2.403320000000001,18.73868,3.1887200000000018,2.879390000000001
-2.403320000000001,18.74868,3.1887200000000018,2.87939
-2.403320000000001,18.75868,3.1887200000000018,2.879390000000001
-2.403320000000001,18.767656,3.1887200000000018,2.87939
-2.403320000000001,18.777656,3.1887200000000018,2.879390000000001
-2.403320000000001,18.787656,3.1887200000000018,2.87939
-2.403320000000001,18.797656,3.1887200000000018,2.879390000000001
-2.403320000000001,18.807656,3.1887200000000018,2.87939
-2.403320000000001,18.817656,3.1887200000000018,2.879390000000001
-2.403320000000001,18.827656,3.1887200000000018,2.87939
-2.403320000000001,18.837656,3.1887200000000018,2.879390000000001
-2.403320000000001,18.847656,3.1887200000000018,2.87939
-2.403320000000001,18.857656,3.1887200000000018,2.879390000000001
-2.403320000000001,18.867656,3.1887200000000018,2.87939
-2.403320000000001,18.877656,3.1887200000000018,2.879390000000001
-2.403320000000001,18.887656,3.1887200000000018,2.87939
-2.403320000000001,18.896632,3.1887200000000018,2.879390000000001
-2.403320000000001,18.906632,3.1887200000000018,2.87939
-2.403320000000001,18.916632,3.1887200000000018,2.879390000000001
-2.403320000000001,18.926632,3.1887200000000018,2.87939
-2.403320000000001,18.935608,3.1887200000000018,2.879390000000001
-2.403320000000001,18.945608,3.1887200000000018,2.87939
-2.403320000000001,18.955608,3.1887200000000018,2.879390000000001
-2.403320000000001,18.965608,3.1887200000000018,2.87939
-2.403320000000001,18.975608,3.1887200000000018,2.879390000000001
-2.403320000000001,18.985608,3.1887200000000018,2.87939
-2.403320000000001,18.995608,3.1887200000000018,2.879390000000001
-2.3116900000000005,19.005608,3.1887200000000018,2.87939
-2.2200600000000006,19.015608,3.1887200000000018,2.879390000000001
-2.1284300000000007,19.025608,3.1887200000000018,2.87939
-2.036800000000001,19.035608,3.1887200000000018,2.879390000000001
-1.9451700000000007,19.045608,3.1887200000000018,2.87939
-1.8535400000000006,19.055608,3.1887200000000018,2.879390000000001
-1.7619100000000008,19.064584,3.1887200000000018,2.87939
-1.6702800000000009,19.074584,3.1887200000000018,2.879390000000001
-1.578650000000001,19.084584,3.1887200000000018,2.87939
-1.4870200000000011,19.094588,3.1887200000000018,2.879390000000001
-1.3953900000000008,19.104584,3.1887200000000018,2.87939
-1.303760000000001,19.114584,3.1887200000000018,2.879390000000001
-1.212130000000001,19.124584,3.1887200000000018,2.87939
-1.1205000000000007,19.134584,3.1887200000000018,2.879390000000001
-1.0288700000000006,19.144584,3.1887200000000018,2.87939
-0.9372400000000003,19.154584,3.1887200000000018,2.879390000000001
-0.8456100000000002,19.164584,3.1887200000000018,2.87939
-0.7539799999999999,19.174584,3.1887200000000018,2.879390000000001
-0.6623499999999999,19.184584,3.1887200000000018,2.87939
-0.5707199999999999,19.19356,3.1887200000000018,2.879390000000001
-0.5707199999999999,19.20356,3.1887200000000018,2.87939
-0.5707199999999999,19.21356,3.1887200000000018,2.879390000000001
-0.5707199999999999,19.22356,3.1887200000000018,2.87939
-0.5707199999999999,19.232536,3.1887200000000018,2.879390000000001
-0.5707199999999999,19.242536,3.1887200000000018,2.87939
-0.5707199999999999,19.252536,3.1887200000000018,2.879390000000001
-0.5707199999999999,19.262536,3.1887200000000018,2.87939
-0.5707199999999999,19.272536,3.1887200000000018,2.879390000000001
-0.5707199999999999,19.282536,3.1887200000000018,2.87939
-0.5707199999999999,19.292536,3.1887200000000018,2.879390000000001
-0.5707199999999999,19.302536,3.1887200000000018,2.87939
-0.5707199999999999,19.312536,3.1887200000000018,2.879390000000001
-0.5707199999999999,19.322536,3.1887200000000018,2.87939
-0.5707199999999999,19.332536,3.1887200000000018,2.879390000000001
-0.5707199999999999,19.342536,3.1887200000000018,2.87939
-0.5707199999999999,19.352536,3.1887200000000018,2.879390000000001
-0.5707199999999999,19.361512,3.1887200000000018,2.87939
-0.5707199999999999,19.371512,3.1887200000000018,2.879390000000001
-0.5707199999999999,19.381512,3.1887200000000018,2.87939
-0.5707199999999999,19.391512,3.1887200000000018,2.879390000000001
-0.5707199999999999,19.400488,3.1887200000000018,2.87939
-0.5707199999999999,19.410488,3.1887200000000018,2.879390000000001
-0.5707199999999999,19.420488,3.1887200000000018,2.87939
-0.5707199999999999,19.430488,3.1887200000000018,2.879390000000001
-0.5707199999999999,19.440488,3.1887200000000018,2.87939
-0.5707199999999999,19.450488,3.1887200000000018,2.879390000000001
-0.5707199999999999,19.460488,3.1887200000000018,2.87939
-0.5707199999999999,19.470488,3.1887200000000018,2.879390000000001
-0.5707199999999999,19.480488,3.1887200000000018,2.87939
-0.5707199999999999,19.490488,3.1887200000000018,2.879390000000001
-0.5707199999999999,19.500488,3.1887200000000018,2.87939
-0.5707199999999999,19.510488,3.1887200000000018,2.879390000000001
-0.5707199999999999,19.520488,3.1887200000000018,2.87939
-0.5707199999999999,19.529464,3.1887200000000018,2.879390000000001
-0.5707199999999999,19.539464,3.1887200000000018,2.87939
-0.5707199999999999,19.549464,3.1887200000000018,2.879390000000001
-0.5707199999999999,19.559464,3.1887200000000018,2.87939
-0.5707199999999999,19.56844,3.1887200000000018,2.879390000000001
-0.5707199999999999,19.57844,3.1887200000000018,2.87939
-0.5707199999999999,19.58844,3.1887200000000018,2.879390000000001
-0.5707199999999999,19.59844,3.1887200000000018,2.87939
-0.5707199999999999,19.60844,3.1887200000000018,2.879390000000001
-0.5707199999999999,19.61844,3.1887200000000018,2.87939
-0.5707199999999999,19.62844,3.1887200000000018,2.879390000000001
-0.5707199999999999,19.63844,3.1887200000000018,2.87939
-0.5707199999999999,19.64844,3.1887200000000018,2.879390000000001
-0.5707199999999999,19.65844,3.1887200000000018,2.87939
-0.5707199999999999,19.66844,3.1887200000000018,2.879390000000001
-0.5707199999999999,19.67844,3.1887200000000018,2.87939
-0.5707199999999999,19.68844,3.1887200000000018,2.879390000000001
-0.5707199999999999,19.697416,3.1887200000000018,2.87939
-0.5707199999999999,19.707416,3.1887200000000018,2.879390000000001
-0.5707199999999999,19.717416,3.1887200000000018,2.87939
-0.5707199999999999,19.72742,3.1887200000000018,2.879390000000001
-0.5707199999999999,19.737416,3.1887200000000018,2.87939
-0.5707199999999999,19.747416,3.1887200000000018,2.879390000000001
-0.5707199999999999,19.757416,3.1887200000000018,2.87939
-0.5707199999999999,19.767416,3.1887200000000018,2.879390000000001
-0.5707199999999999,19.777416,3.1887200000000018,2.87939
-0.5707199999999999,19.787416,3.1887200000000018,2.879390000000001
-0.5707199999999999,19.797416,3.1887200000000018,2.87939
-0.5707199999999999,19.807416,3.1887200000000018,2.879390000000001
-0.5707199999999999,19.817416,3.1887200000000018,2.87939
-0.5707199999999999,19.826392,3.1887200000000018,2.879390000000001
-0.5707199999999999,19.836392,3.1887200000000018,2.87939
-0.5707199999999999,19.846392,3.1887200000000018,2.879390000000001
-0.5707199999999999,19.856392,3.1887200000000018,2.87939
-0.5707199999999999,19.865368,3.1887200000000018,2.879390000000001
-0.5707199999999999,19.875368,3.1887200000000018,2.87939
-0.5707199999999999,19.885368,3.1887200000000018,2.879390000000001
-0.5707199999999999,19.895368,3.1887200000000018,2.87939
-0.5707199999999999,19.905368,3.1887200000000018,2.879390000000001
-0.5707199999999999,19.915368,3.1887200000000018,2.87939
-0.5707199999999999,19.925368,3.1887200000000018,2.879390000000001
-0.5707199999999999,19.935368,3.1887200000000018,2.87939
-0.5707199999999999,19.945368,3.1887200000000018,2.879390000000001
-0.5707199999999999,19.955368,3.1887200000000018,2.87939
-0.5707199999999999,19.965368,3.1887200000000018,2.879390000000001
-0.5707199999999999,19.975368,3.1887200000000018,2.87939
-0.5707199999999999,19.985368,3.1887200000000018,2.879390000000001
-0.5707199999999999,19.994344,3.1887200000000018,2.87939
-0.5707199999999999,20.004344,3.1887200000000018,2.879390000000001
-0.5707199999999999,20.014344,3.1887200000000018,2.87939
-0.5707199999999999,20.024344,3.1887200000000018,2.879390000000001
-0.5707199999999999,20.03332,3.1887200000000018,2.87939
-0.5707199999999999,20.04332,3.1887200000000018,2.879390000000001
-0.5707199999999999,20.05332,3.1887200000000018,2.87939
-0.5707199999999999,20.06332,3.1887200000000018,2.879390000000001
-0.5707199999999999,20.07332,3.1887200000000018,2.87939
-0.5707199999999999,20.08332,3.1887200000000018,2.879390000000001
-0.5707199999999999,20.09332,3.1887200000000018,2.87939
-0.5707199999999999,20.10332,3.1887200000000018,2.879390000000001
-0.5707199999999999,20.11332,3.1887200000000018,2.87939
-0.5707199999999999,20.12332,3.1887200000000018,2.879390000000001
-0.5707199999999999,20.13332,3.1887200000000018,2.87939
-0.5707199999999999,20.14332,3.1887200000000018,2.879390000000001
-0.5707199999999999,20.15332,3.1887200000000018,2.87939
-0.5707199999999999,20.162296,3.1887200000000018,2.879390000000001
-0.5707199999999999,20.172296,3.1887200000000018,2.87939
-0.5707199999999999,20.182296,3.1887200000000018,2.879390000000001
-0.5707199999999999,20.192296,3.1887200000000018,2.87939
-0.5707199999999999,20.201272,3.1887200000000018,2.879390000000001
-0.5707199999999999,20.211272,3.1887200000000018,2.87939
-0.5707199999999999,20.221272,3.1887200000000018,2.879390000000001
-0.5707199999999999,20.231272,3.1887200000000018,2.87939
-0.5707199999999999,20.241272,3.1887200000000018,2.879390000000001
-0.5707199999999999,20.251272,3.1887200000000018,2.87939
-0.5707199999999999,20.261272,3.1887200000000018,2.879390000000001
-0.5707199999999999,20.271272,3.1887200000000018,2.87939
-0.5707199999999999,20.281272,3.1887200000000018,2.879390000000001
-0.5707199999999999,20.291272,3.1887200000000018,2.87939
-0.5707199999999999,20.301272,3.1887200000000018,2.879390000000001
-0.5707199999999999,20.311272,3.1887200000000018,2.87939
-0.5707199999999999,20.321272,3.1887200000000018,2.879390000000001
-0.5707199999999999,20.330248,3.1887200000000018,2.87939
-0.5707199999999999,20.340248,3.1887200000000018,2.879390000000001
-0.5707199999999999,20.350248,3.1887200000000018,2.87939
-0.5707199999999999,20.360252,3.1887200000000018,2.879390000000001
-0.5707199999999999,20.370248,3.1887200000000018,2.87939
-0.5707199999999999,20.380248,3.1887200000000018,2.879390000000001
-0.5707199999999999,20.390248,3.1887200000000018,2.87939
-0.5707199999999999,20.400248,3.1887200000000018,2.879390000000001
-0.5707199999999999,20.410248,3.1887200000000018,2.87939
-0.5707199999999999,20.420248,3.1887200000000018,2.879390000000001
-0.5707199999999999,20.430248,3.1887200000000018,2.87939
-0.5707199999999999,20.440248,3.1887200000000018,2.879390000000001
-0.5707199999999999,20.450248,3.1887200000000018,2.87939
-0.5707199999999999,20.459224,3.1887200000000018,2.879390000000001
-0.5707199999999999,20.469224,3.1887200000000018,2.87939
-0.5707199999999999,20.479224,3.1887200000000018,2.879390000000001
-0.5707199999999999,20.489224,3.1887200000000018,2.87939
-0.5707199999999999,20.4982,3.1887200000000018,2.879390000000001
-0.5707199999999999,20.5082,3.1887200000000018,2.87939
-0.5707199999999999,20.5182,3.1887200000000018,2.879390000000001
-0.5707199999999999,20.5282,3.1887200000000018,2.87939
-0.5707199999999999,20.5382,3.1887200000000018,2.879390000000001
-0.5707199999999999,20.5482,3.1887200000000018,2.87939
-0.5707199999999999,20.5582,3.1887200000000018,2.879390000000001
-0.5707199999999999,20.5682,3.1887200000000018,2.87939
-0.5707199999999999,20.5782,3.1887200000000018,2.879390000000001
-0.5707199999999999,20.5882,3.1887200000000018,2.87939
-0.5707199999999999,20.5982,3.1887200000000018,2.879390000000001
-0.5707199999999999,20.6082,3.1887200000000018,2.87939
-0.5707199999999999,20.6182,3.1887200000000018,2.879390000000001
-0.5707199999999999,20.627176,3.1887200000000018,2.87939
-0.5707199999999999,20.637176,3.1887200000000018,2.879390000000001
-0.5707199999999999,20.647176,3.1887200000000018,2.87939
-0.5707199999999999,20.657176,3.1887200000000018,2.879390000000001
-0.5707199999999999,20.666152,3.1887200000000018,2.87939
-0.5707199999999999,20.676152,3.1887200000000018,2.879390000000001
-0.5707199999999999,20.686152,3.1887200000000018,2.87939
-0.5707199999999999,20.696152,3.1887200000000018,2.879390000000001
-0.5707199999999999,20.706152,3.1887200000000018,2.87939
-0.5707199999999999,20.716152,3.1887200000000018,2.879390000000001
-0.5707199999999999,20.726152,3.1887200000000018,2.87939
-0.5707199999999999,20.736152,3.1887200000000018,2.879390000000001
-0.5707199999999999,20.746152,3.1887200000000018,2.87939
-0.5707199999999999,20.756152,3.1887200000000018,2.879390000000001
-0.5707199999999999,20.766152,3.1887200000000018,2.87939
-0.5707199999999999,20.776152,3.1887200000000018,2.879390000000001
-0.5707199999999999,20.786152,3.1887200000000018,2.87939
-0.5707199999999999,20.795128,3.1887200000000018,2.879390000000001
-0.5707199999999999,20.805128,3.1887200000000018,2.87939
-0.5707199999999999,20.815128,3.1887200000000018,2.879390000000001
-0.5707199999999999,20.825128,3.1887200000000018,2.87939
-0.5707199999999999,20.834104,3.1887200000000018,2.879390000000001
-0.5707199999999999,20.844104,3.1887200000000018,2.87939
-0.5707199999999999,20.854104,3.1887200000000018,2.879390000000001
-0.5707199999999999,20.864104,3.1887200000000018,2.87939
-0.5707199999999999,20.874104,3.1887200000000018,2.879390000000001
-0.5707199999999999,20.884104,3.1887200000000018,2.87939
-0.5707199999999999,20.894104,3.1887200000000018,2.879390000000001
-0.5707199999999999,20.904104,3.1887200000000018,2.87939
-0.5707199999999999,20.914104,3.1887200000000018,2.879390000000001
-0.5707199999999999,20.92308,3.1887200000000018,2.87939
-0.5707199999999999,20.93308,3.1887200000000018,2.879390000000001
-0.5707199999999999,20.94308,3.1887200000000018,2.87939
-0.5707199999999999,20.95308,3.1887200000000018,2.879390000000001
-0.5707199999999999,20.962056,3.1887200000000018,2.87939
-0.5707199999999999,20.972056,3.1887200000000018,2.879390000000001
-0.5707199999999999,20.982056,3.1887200000000018,2.87939
-0.5707199999999999,20.99206,3.1887200000000018,2.879390000000001
-0.4660004999999998,21.002056,3.1887200000000018,2.87939
-0.36128099999999985,21.012056,3.1887200000000018,2.879390000000001
-0.25656149999999994,21.022056,3.1887200000000018,2.87939
-0.15184199999999995,21.032056,3.1887200000000018,2.879390000000001
-0.04712249999999992,21.042056,3.1887200000000018,2.87939
0.05759700000000008,21.051032,3.1887200000000018,2.879390000000001
0.16231650000000009,21.061032,3.1887200000000018,2.87939
0.2670360000000001,21.071032,3.1887200000000018,2.879390000000001
0.37175550000000007,21.081032,3.1887200000000018,2.87939
0.476475,21.090008,3.1887200000000018,2.879390000000001
0.5811945,21.100008,3.1887200000000018,2.87939
0.685914,21.110008,3.1887200000000018,2.879390000000001
0.7906335000000001,21.120008,3.1887200000000018,2.87939
0.895353,21.128984,3.1887200000000018,2.879390000000001
1.0000725,21.138984,3.1887200000000018,2.87939
1.1047919999999998,21.148984,3.1887200000000018,2.879390000000001
1.2095114999999999,21.158984,3.1887200000000018,2.87939
1.3142309999999997,21.168984,3.1887200000000018,2.879390000000001
1.4189504999999996,21.178984,3.1887200000000018,2.87939
1.5236699999999996,21.188984,3.1887200000000018,2.879390000000001
1.5236699999999996,21.198984,3.1887200000000018,2.87939
1.5236699999999996,21.208984,3.1887200000000018,2.879390000000001
1.5236699999999996,21.21796,3.1887200000000018,2.87939
1.5236699999999996,21.22796,3.1887200000000018,2.879390000000001
1.5236699999999996,21.23796,3.1887200000000018,2.87939
1.5236699999999996,21.24796,3.1887200000000018,2.879390000000001
1.5236699999999996,21.256936,3.1887200000000018,2.87939
1.5236699999999996,21.266936,3.1887200000000018,2.879390000000001
1.5236699999999996,21.276936,3.1887200000000018,2.87939
1.5236699999999996,21.286936,3.1887200000000018,2.879390000000001
1.5236699999999996,21.295912,3.1887200000000018,2.87939
1.5236699999999996,21.305912,3.1887200000000018,2.879390000000001
1.5236699999999996,21.315912,3.1887200000000018,2.87939
1.5236699999999996,21.325912,3.1887200000000018,2.879390000000001
1.5236699999999996,21.335912,3.1887200000000018,2.87939
1.5236699999999996,21.345912,3.1887200000000018,2.879390000000001
1.5236699999999996,21.355912,3.1887200000000018,2.87939
1.5236699999999996,21.365912,3.1887200000000018,2.879390000000001
1.5236699999999996,21.375912,3.1887200000000018,2.87939
1.5236699999999996,21.385912,3.1887200000000018,2.879390000000001
1.5236699999999996,21.395912,3.1887200000000018,2.87939
1.5236699999999996,21.405912,3.1887200000000018,2.879390000000001
1.5236699999999996,21.415912,3.1887200000000018,2.87939
1.5236699999999996,21.424888,3.1887200000000018,2.879390000000001
1.5236699999999996,21.434888,3.1887200000000018,2.87939
1.5236699999999996,21.444888,3.1887200000000018,2.879390000000001
1.5236699999999996,21.454888,3.1887200000000018,2.87939
1.5236699999999996,21.463864,3.1887200000000018,2.879390000000001
1.5236699999999996,21.473864,3.1887200000000018,2.87939
1.5236699999999996,21.483864,3.1887200000000018,2.879390000000001
1.5236699999999996,21.493864,3.1887200000000018,2.87939
1.5236699999999996,21.503864,3.1887200000000018,2.879390000000001
1.5236699999999996,21.513864,3.1887200000000018,2.87939
1.5236699999999996,21.523864,3.1887200000000018,2.879390000000001
1.5236699999999996,21.533864,3.1887200000000018,2.87939
1.5236699999999996,21.543864,3.1887200000000018,2.879390000000001
1.5236699999999996,21.553864,3.1887200000000018,2.87939
1.5236699999999996,21.563864,3.1887200000000018,2.879390000000001
1.5236699999999996,21.573864,3.1887200000000018,2.87939
1.5236699999999996,21.583864,3.1887200000000018,2.879390000000001
1.5236699999999996,21.59284,3.1887200000000018,2.87939
1.5236699999999996,21.60284,3.1887200000000018,2.879390000000001
1.5236699999999996,21.61284,3.1887200000000018,2.87939
1.5236699999999996,21.622844,3.1887200000000018,2.879390000000001
1.5236699999999996,21.63284,3.1887200000000018,2.87939
1.5236699999999996,21.64284,3.1887200000000018,2.879390000000001
1.5236699999999996,21.65284,3.1887200000000018,2.87939
1.5236699999999996,21.66284,3.1887200000000018,2.879390000000001
1.5236699999999996,21.67284,3.1887200000000018,2.87939
1.5236699999999996,21.68284,3.1887200000000018,2.879390000000001
1.5236699999999996,21.69284,3.1887200000000018,2.87939
1.5236699999999996,21.70284,3.1887200000000018,2.879390000000001
1.5236699999999996,21.71284,3.1887200000000018,2.87939
1.5236699999999996,21.72284,3.1887200000000018,2.879390000000001
1.5236699999999996,21.73284,3.1887200000000018,2.87939
1.5236699999999996,21.74284,3.1887200000000018,2.879390000000001
1.5236699999999996,21.75284,3.1887200000000018,2.87939
1.5236699999999996,21.761816,3.1887200000000018,2.879390000000001
1.5236699999999996,21.771816,3.1887200000000018,2.87939
1.5236699999999996,21.781816,3.1887200000000018,2.879390000000001
1.5236699999999996,21.791816,3.1887200000000018,2.87939
1.5236699999999996,21.801816,3.1887200000000018,2.879390000000001
1.5236699999999996,21.811816,3.1887200000000018,2.87939
1.5236699999999996,21.821816,3.1887200000000018,2.879390000000001
1.5236699999999996,21.831816,3.1887200000000018,2.87939
1.5236699999999996,21.841816,3.1887200000000018,2.879390000000001
1.5236699999999996,21.851816,3.1887200000000018,2.87939
1.5236699999999996,21.861816,3.1887200000000018,2.879390000000001
1.5236699999999996,21.871816,3.1887200000000018,2.87939
1.5236699999999996,21.881816,3.1887200000000018,2.879390000000001
1.5236699999999996,21.890792,3.1887200000000018,2.87939
1.5236699999999996,21.900792,3.1887200000000018,2.879390000000001
1.5236699999999996,21.910792,3.1887200000000018,1.74533
1.5236699999999996,21.920792,3.1887200000000018,2.8226870000000006
1.5236699999999996,21.929768,3.1887200000000018,1.74533
1.5236699999999996,21.939768,3.1887200000000018,2.765984000000001
1.5236699999999996,21.949768,3.1887200000000018,1.74533
1.5236699999999996,21.959768,3.1887200000000018,2.7092810000000007
1.5236699999999996,21.969768,3.1887200000000018,1.74533
1.5236699999999996,21.979768,3.1887200000000018,2.6525780000000005
1.5236699999999996,21.989768,3.1887200000000018,1.74533
1.5236699999999996,21.999768,3.1887200000000018,2.5958750000000004
1.5236699999999996,22.009768,3.1887200000000018,1.74533
1.5236699999999996,22.019768,3.1887200000000018,2.5391720000000007
1.5236699999999996,22.029768,3.1887200000000018,1.74533
1.5236699999999996,22.039768,3.1887200000000018,2.482469
1.5236699999999996,22.049768,3.1887200000000018,1.74533
1.5236699999999996,22.058744,3.1887200000000018,2.4257660000000003
1.5236699999999996,22.068744,3.1887200000000018,1.74533
1.5236699999999996,22.078744,3.1887200000000018,2.369063
1.5236699999999996,22.088744,3.1887200000000018,1.74533
1.5236699999999996,22.09772,3.1887200000000018,2.31236
1.5236699999999996,22.10772,3.1887200000000018,1.74533
1.5236699999999996,22.11772,3.1887200000000018,2.255657
1.5236699999999996,22.12772,3.1887200000000018,1.74533
1.5236699999999996,22.13772,3.1887200000000018,2.198954
1.5236699999999996,22.14772,3.1887200000000018,1.74533
1.5236699999999996,22.15772,3.1887200000000018,2.1422509999999995
1.5236699999999996,22.16772,3.1887200000000018,1.74533
1.5236699999999996,22.17772,3.1887200000000018,2.0855479999999997
1.5236699999999996,22.18772,3.1887200000000018,1.74533
1.5236699999999996,22.19772,3.1887200000000018,2.0288449999999996
1.5236699999999996,22.20772,3.1887200000000018,1.74533
1.5236699999999996,22.21772,3.1887200000000018,1.9721419999999996
1.5236699999999996,22.226696,3.1887200000000018,1.74533
1.5236699999999996,22.236696,3.1887200000000018,1.9154389999999997
1.5236699999999996,22.246696,3.1887200000000018,1.74533
1.5236699999999996,22.2567,3.1887200000000018,1.8587359999999997
1.5236699999999996,22.266696,3.1887200000000018,1.74533
1.5236699999999996,22.276696,3.1887200000000018,1.8020329999999998
1.5236699999999996,22.286696,3.1887200000000018,1.74533
1.5236699999999996,22.296696,3.1887200000000018,1.7453299999999996
1.5236699999999996,22.306696,3.1887200000000018,1.74533
1.5236699999999996,22.316696,3.1887200000000018,1.7453299999999996
1.5236699999999996,22.326696,3.1887200000000018,1.74533
1.5236699999999996,22.336696,3.1887200000000018,1.7453299999999996
1.5236699999999996,22.346696,3.1887200000000018,1.74533
1.5236699999999996,22.356696,3.1887200000000018,1.7453299999999996
1.5236699999999996,22.366696,3.1887200000000018,1.74533
1.5236699999999996,22.376696,3.1887200000000018,1.7453299999999996
1.5236699999999996,22.386696,3.1887200000000018,1.74533
1.5236699999999996,22.395672,3.1887200000000018,1.7453299999999996
1.5236699999999996,22.405672,3.1887200000000018,1.74533
1.5236699999999996,22.415672,3.1887200000000018,1.7453299999999996
1.5236699999999996,22.425672,3.1887200000000018,1.74533
1.5236699999999996,22.435672,3.1887200000000018,1.7453299999999996
1.5236699999999996,22.445672,3.1887200000000018,1.74533
1.5236699999999996,22.455672,3.1887200000000018,1.7453299999999996
1.5236699999999996,22.465672,3.1887200000000018,1.74533
1.5236699999999996,22.475672,3.1887200000000018,1.7453299999999996
1.5236699999999996,22.485672,3.1887200000000018,1.74533
1.5236699999999996,22.495672,3.1887200000000018,1.7453299999999996
1.5236699999999996,22.505672,3.1887200000000018,1.74533
1.5236699999999996,22.515672,3.1887200000000018,1.7453299999999996
1.5236699999999996,22.524648,3.1887200000000018,1.74533
1.5236699999999996,22.534648,3.1887200000000018,1.7453299999999996
1.5236699999999996,22.544648,3.1887200000000018,1.74533
1.5236699999999996,22.554648,3.1887200000000018,1.7453299999999996
1.5236699999999996,22.563624,3.1887200000000018,1.74533
1.5236699999999996,22.573624,3.1887200000000018,1.7453299999999996
1.5236699999999996,22.583624,3.1887200000000018,1.74533
1.5236699999999996,22.593624,3.1887200000000018,1.7453299999999996
1.5236699999999996,22.603624,3.1887200000000018,1.74533
1.5236699999999996,22.613624,3.1887200000000018,1.7453299999999996
1.5236699999999996,22.623624,3.1887200000000018,1.74533
1.5236699999999996,22.633624,3.1887200000000018,1.7453299999999996
1.5236699999999996,22.643624,3.1887200000000018,1.74533
1.5236699999999996,22.653624,3.1887200000000018,1.7453299999999996
1.5236699999999996,22.663624,3.1887200000000018,1.74533
1.5236699999999996,22.673624,3.1887200000000018,1.7453299999999996
1.5236699999999996,22.683624,3.1887200000000018,1.74533
1.5236699999999996,22.6926,3.1887200000000018,1.7453299999999996
1.5236699999999996,22.7026,3.1887200000000018,1.74533
1.5236699999999996,22.7126,3.1887200000000018,1.7453299999999996
1.5236699999999996,22.7226,3.1887200000000018,1.74533
1.5236699999999996,22.731576,3.1887200000000018,1.7453299999999996
1.5236699999999996,22.741576,3.1887200000000018,1.74533
1.5236699999999996,22.751576,3.1887200000000018,1.7453299999999996
1.5236699999999996,22.761576,3.1887200000000018,1.74533
1.5236699999999996,22.771576,3.1887200000000018,1.7453299999999996
1.5236699999999996,22.781576,3.1887200000000018,1.74533
1.5236699999999996,22.791576,3.1887200000000018,1.7453299999999996
1.5236699999999996,22.801576,3.1887200000000018,1.74533
1.5236699999999996,22.811576,3.1887200000000018,1.7453299999999996
1.5236699999999996,22.821576,3.1887200000000018,1.74533
1.5236699999999996,22.831576,3.1887200000000018,1.7453299999999996
1.5236699999999996,22.841576,3.1887200000000018,1.74533
1.5236699999999996,22.851576,3.1887200000000018,1.7453299999999996
1.5236699999999996,22.860552,3.1887200000000018,1.74533
1.5236699999999996,22.870552,3.1887200000000018,1.7453299999999996
1.5236699999999996,22.880552,3.1887200000000018,1.74533
1.5236699999999996,22.890556,3.1887200000000018,1.7453299999999996
1.5236699999999996,22.900552,3.1887200000000018,1.74533
1.5236699999999996,22.910552,3.1887200000000018,1.7453299999999996
1.5236699999999996,22.920552,3.1887200000000018,1.74533
1.5236699999999996,22.930552,3.1887200000000018,1.7453299999999996
1.5236699999999996,22.940552,3.1887200000000018,1.74533
1.5236699999999996,22.950552,3.1887200000000018,1.7453299999999996
1.5236699999999996,22.960552,3.1887200000000018,1.74533
1.5236699999999996,22.970552,3.1887200000000018,1.7453299999999996
1.5236699999999996,22.980552,3.1887200000000018,1.74533
1.5236699999999996,22.990552,3.1887200000000018,1.7453299999999996
1.3055039999999998,23.000552,3.1887200000000018,1.74533
1.0870234999999997,23.010576,3.1890340000000013,1.7453299999999996
0.8681504999999998,23.02058,3.189740500000001,1.74533
0.6498274999999998,23.029556,3.1898975000000007,1.7453299999999996
0.43323199999999995,23.039556,3.1883265000000005,1.74533
0.21883599999999986,23.04956,3.1845565000000007,1.7453299999999996
0.00687449999999985,23.05956,3.1783515000000007,1.74533
-0.2020240000000001,23.06956,3.1690835000000006,1.7453299999999996
-0.40730950000000005,23.079556,3.1562030000000005,1.74533
-0.608511,23.089556,3.1392380000000006,1.7453299999999996
-0.8055500000000001,23.09956,3.1181105000000007,1.74533
-0.9992115000000003,23.10956,3.093606000000001,1.7453299999999996
-1.1906740000000002,23.118536,3.066902500000001,1.74533
-1.3811155000000004,23.128532,3.039178000000001,1.7453299999999996
-1.5711645000000003,23.138532,3.0110605000000006,1.74533
-1.761056,23.148512,2.982786000000001,1.7453299999999996
-1.9509474999999998,23.15748,2.9545115000000006,1.74533
-2.1408389999999997,23.16748,2.9262370000000004,1.7453299999999996
-2.3307305,23.17748,2.8979625,1.74533
-2.5206220000000004,23.18748,2.869688,1.7453299999999996
-2.4923475000000006,23.196456,2.8414135,1.74533
-2.4637585000000004,23.206456,2.812825,1.7453299999999996
-2.4347770000000004,23.216456,2.783844,1.74533
-2.4063455000000005,23.226456,2.7554125000000003,1.7453299999999996
-2.379641500000001,23.236456,2.7287090000000003,1.74533
-2.355137000000001,23.246456,2.7042045,1.7453299999999996
-2.333067000000001,23.256456,2.682135,1.74533
-2.314060000000001,23.266456,2.6631285,1.7453299999999996
-2.298666000000001,23.276456,2.6477345000000003,1.74533
-2.2873560000000013,23.286456,2.636425,1.7453299999999996
-2.2802085000000014,23.296456,2.629278,1.74533
-2.276438500000001,23.306456,2.625508,1.7453299999999996
-2.274867500000001,23.316456,2.6239369999999997,1.74533
-2.2743175000000013,23.325432,2.623387,1.7453299999999996
-2.2741600000000015,23.335432,2.62323,1.74533
-2.2741600000000015,23.345432,2.62323,1.7453299999999996
-2.2741600000000015,23.355432,2.62323,1.74533
-2.2741600000000015,23.364408,2.62323,1.7453299999999996
-2.2741600000000015,23.374408,2.62323,1.74533
-2.2741600000000015,23.384408,2.62323,1.7453299999999996
-2.2741600000000015,23.394408,2.62323,1.74533
-2.2741600000000015,23.404408,2.62323,1.7453299999999996
-2.2741600000000015,23.414408,2.62323,1.74533
-2.2741600000000015,23.424408,2.62323,1.7453299999999996
-2.2741600000000015,23.434408,2.62323,1.74533
-2.2741600000000015,23.444408,2.62323,1.7453299999999996
-2.2741600000000015,23.454408,2.62323,1.74533
-2.2741600000000015,23.464408,2.62323,1.7453299999999996
-2.2741600000000015,23.474408,2.62323,1.74533
-2.2741600000000015,23.484408,2.62323,1.7453299999999996
-2.2741600000000015,23.493384,2.62323,1.74533
-2.2741600000000015,23.503384,2.62323,1.7453299999999996
-2.2741600000000015,23.513384,2.62323,1.74533
-2.2741600000000015,23.523388,2.62323,1.7453299999999996
-2.2741600000000015,23.533384,2.62323,1.74533
-2.2741600000000015,23.543384,2.62323,1.7453299999999996
-2.2741600000000015,23.553384,2.62323,1.74533
-2.2741600000000015,23.563384,2.62323,1.7453299999999996
-2.2741600000000015,23.573384,2.62323,1.74533
-2.2741600000000015,23.583384,2.62323,1.7453299999999996
-2.2741600000000015,23.593384,2.62323,1.74533
-2.2741600000000015,23.603384,2.62323,1.7453299999999996
-2.2741600000000015,23.613384,2.62323,1.74533
-2.2741600000000015,23.62236,2.62323,1.7453299999999996
-2.2741600000000015,23.63236,2.62323,1.74533
-2.2741600000000015,23.64236,2.62323,1.7453299999999996
-2.2741600000000015,23.65236,2.62323,1.74533
-2.2741600000000015,23.661336,2.62323,1.7453299999999996
-2.2741600000000015,23.671336,2.62323,1.74533
-2.2741600000000015,23.681336,2.62323,1.7453299999999996
-2.2741600000000015,23.691336,2.62323,1.74533
-2.2741600000000015,23.701336,2.62323,1.7453299999999996
-2.2741600000000015,23.711336,2.62323,1.74533
-2.2741600000000015,23.721336,2.62323,1.7453299999999996
-2.2741600000000015,23.731336,2.62323,1.74533
-2.2741600000000015,23.741336,2.62323,1.7453299999999996
-2.2741600000000015,23.751336,2.62323,1.74533
-2.2741600000000015,23.761336,2.62323,1.7453299999999996
-2.2741600000000015,23.771336,2.62323,1.74533
-2.2741600000000015,23.781336,2.62323,1.7453299999999996
-2.2741600000000015,23.790312,2.62323,1.74533
-2.2741600000000015,23.800312,2.62323,1.7453299999999996
-2.2741600000000015,23.810312,2.62323,1.74533
-2.2741600000000015,23.820312,2.62323,1.7453299999999996
-2.2741600000000015,23.829288,2.62323,1.74533
-2.2741600000000015,23.839288,2.62323,1.7453299999999996
-2.2741600000000015,23.849288,2.62323,1.74533
-2.2741600000000015,23.859288,2.62323,1.7453299999999996
-2.2741600000000015,23.869288,2.62323,1.74533
-2.2741600000000015,23.879288,2.62323,1.7453299999999996
-2.2741600000000015,23.889288,2.62323,1.74533
-2.2741600000000015,23.899288,2.62323,1.7453299999999996
-2.2741600000000015,23.909288,2.62323,1.74533
-2.2741600000000015,23.919288,2.62323,1.7453299999999996
-2.2741600000000015,23.929288,2.62323,1.74533
-2.2741600000000015,23.939288,2.62323,1.7453299999999996
-2.2741600000000015,23.949288,2.62323,1.74533
-2.2741600000000015,23.958264,2.62323,1.7453299999999996
-2.2741600000000015,23.968264,2.62323,1.74533
-2.2741600000000015,23.978264,2.62323,1.7453299999999996
-2.2741600000000015,23.988264,2.62323,1.74533
-2.2741600000000015,23.99724,2.62323,1.7453299999999996
-2.2741600000000015,24.00724,2.62323,1.74533
