0.0,0.010056,0.0,0.0
0.0,0.020056,0.0,0.0
0.0,0.030056,0.0,0.0
0.0,0.040056,0.0,0.0
0.0,0.050056,0.0,0.0
0.0,0.060056,0.0,0.0
0.0,0.070056,0.0,0.0
0.0,0.080056,0.0,0.0
0.0,0.090056,0.0,0.0
0.0,0.100056,0.0,0.0
0.0,0.110056,0.0,0.0
0.0,0.120056,0.0,0.0
0.0,0.130056,0.0,0.0
0.0,0.140056,0.0,0.0
0.0,0.150056,0.0,0.0
0.0,0.160056,0.0,0.0
0.0,0.170056,0.0,0.0
0.0,0.180056,0.0,0.0
0.0,0.190056,0.0,0.0
0.0,0.200056,0.0,0.0
0.0,0.210056,0.0,0.0
0.0,0.220056,0.0,0.0
0.0,0.230056,0.0,0.0
0.0,0.240056,0.0,0.0
0.0,0.250056,0.0,0.0
0.0,0.260056,0.0,0.0
0.0,0.270056,0.0,0.0
0.0,0.280056,0.0,0.0
0.0,0.290056,0.0,0.0
0.0,0.300056,0.0,0.0
0.0,0.310056,0.0,0.0
0.0,0.320056,0.0,0.0
0.0,0.330056,0.0,0.0
0.0,0.340056,0.0,0.0
0.0,0.350056,0.0,0.0
0.0,0.360056,0.0,0.0
0.0,0.370056,0.0,0.0
0.0,0.380056,0.0,0.0
0.0,0.390056,0.0,0.0
0.0,0.400056,0.0,0.0
0.0,0.410056,0.0,0.0
0.0,0.420056,0.0,0.0
0.0,0.430056,0.0,0.0
0.0,0.440056,0.0,0.0
0.0,0.450056,0.0,0.0
0.0,0.460056,0.0,0.0
0.0,0.470056,0.0,0.0
0.0,0.480056,0.0,0.0
0.0,0.490056,0.0,0.0
0.0,0.500056,0.0,0.0
0.0,0.510056,0.0,0.0
0.0,0.520056,0.0,0.0
0.0,0.530056,0.0,0.0
0.0,0.540056,0.0,0.0
0.0,0.550056,0.0,0.0
0.0,0.560056,0.0,0.0
0.0,0.570056,0.0,0.0
0.0,0.580056,0.0,0.0
0.0,0.590056,0.0,0.0
0.0,0.600056,0.0,0.0
0.0,0.610056,0.0,0.0
0.0,0.620056,0.0,0.0
0.0,0.630056,0.0,0.0
0.0,0.64006,0.0,0.0
0.0,0.650056,0.0,0.0
0.0,0.660056,0.0,0.0
0.0,0.670056,0.0,0.0
0.0,0.680056,0.0,0.0
0.0,0.690056,0.0,0.0
0.0,0.700056,0.0,0.0
0.0,0.710056,0.0,0.0
0.0,0.720056,0.0,0.0
0.0,0.730056,0.0,0.0
0.0,0.740056,0.0,0.0
0.0,0.750056,0.0,0.0
0.0,0.760056,0.0,0.0
0.0,0.770056,0.0,0.0
0.0,0.780056,0.0,0.0
0.0,0.790056,0.0,0.0
0.0,0.800056,0.0,0.0
0.0,0.810056,0.0,0.0
0.0,0.820056,0.0,0.0
0.0,0.830056,0.0,0.0
0.0,0.840056,0.0,0.0
0.0,0.850056,0.0,0.0
0.0,0.860056,0.0,0.0
0.0,0.870056,0.0,0.0
0.0,0.880056,0.0,0.0
0.0,0.890056,0.0,0.0
0.0,0.900056,0.0,0.0
0.0,0.910056,0.0,0.0
0.0,0.920056,0.0,0.0
0.0,0.930056,0.0,0.0
0.0,0.940056,0.0,0.0
0.0,0.950056,0.0,0.0
0.0,0.960056,0.0,0.0
0.0,0.970056,0.0,0.0
0.0,0.980056,0.0,0.0
0.0,0.990056,0.0,0.0
0.0,1.000056,0.0,0.0
0.0,1.010056,0.0,0.0
0.0,1.020056,0.0,0.0
0.0,1.030056,0.0,0.0
0.0,1.040056,0.0,0.0
0.0,1.050056,0.0,0.0
0.0,1.060056,0.0,0.0
0.0,1.070056,0.0,0.0
0.0,1.080056,0.0,0.0
0.0,1.090056,0.0,0.0
0.0,1.100056,0.0,0.0
0.0,1.110056,0.0,0.0
0.0,1.120056,0.0,0.0
0.0,1.130056,0.0,0.0
0.0,1.140056,0.0,0.0
0.0,1.150056,0.0,0.0
0.0,1.160056,0.0,0.0
0.0,1.170056,0.0,0.0
0.0,1.180056,0.0,0.0
0.0,1.190056,0.0,0.0
0.0,1.200056,0.0,0.0
0.0,1.210056,0.0,0.0
0.0,1.220056,0.0,0.0
0.0,1.230056,0.0,0.0
0.0,1.240056,0.0,0.0
0.0,1.250056,0.0,0.0
0.0,1.260056,0.0,0.0
0.0,1.270056,0.0,0.0
0.0,1.28006,0.0,0.0
0.0,1.290056,0.0,0.0
0.0,1.300056,0.0,0.0
0.0,1.310056,0.0,0.0
0.0,1.320056,0.0,0.0
0.0,1.330056,0.0,0.0
0.0,1.340056,0.0,0.0
0.0,1.350056,0.0,0.0
0.0,1.360056,0.0,0.0
0.0,1.370056,0.0,0.0
0.0,1.380056,0.0,0.0
0.0,1.390056,0.0,0.0
0.0,1.400056,0.0,0.0
0.0,1.410056,0.0,0.0
0.0,1.420056,0.0,0.0
0.0,1.430056,0.0,0.0
0.0,1.440056,0.0,0.0
0.0,1.450056,0.0,0.0
0.0,1.460056,0.0,0.0
0.0,1.470056,0.0,0.0
0.0,1.480056,0.0,0.0
0.0,1.490056,0.0,0.0
0.0,1.500056,0.0,0.0
0.0,1.510056,0.0,0.0
0.0,1.520056,0.0,0.0
0.0,1.530056,0.0,0.0
0.0,1.540056,0.0,0.0
0.0,1.550056,0.0,0.0
0.0,1.560056,0.0,0.0
0.0,1.570056,0.0,0.0
0.0,1.580056,0.0,0.0
0.0,1.590056,0.0,0.0
0.0,1.600056,0.0,0.0
0.0,1.610056,0.0,0.0
0.0,1.620056,0.0,0.0
0.0,1.630056,0.0,0.0
0.0,1.640056,0.0,0.0
0.0,1.650056,0.0,0.0
0.0,1.660056,0.0,0.0
0.0,1.670056,0.0,0.0
0.0,1.680056,0.0,0.0
0.0,1.690056,0.0,0.0
0.0,1.700056,0.0,0.0
0.0,1.710056,0.0,0.0
0.0,1.720056,0.0,0.0
0.0,1.730056,0.0,0.0
0.0,1.740056,0.0,0.0
0.0,1.750056,0.0,0.0
0.0,1.760056,0.0,0.0
0.0,1.770056,0.0,0.0
0.0,1.780056,0.0,0.0
0.0,1.790056,0.0,0.0
0.0,1.800056,0.0,0.0
0.0,1.810056,0.0,0.0
0.0,1.820056,0.0,0.0
0.0,1.830056,0.0,0.0
0.0,1.840056,0.0,0.0
0.0,1.850056,0.0,0.0
0.0,1.860056,0.0,0.0
0.0,1.870056,0.0,0.0
0.0,1.880056,0.0,0.0
0.0,1.890056,0.0,0.0
0.0,1.900056,0.0,0.0
0.0,1.910056,0.0,0.0
0.0,1.92006,0.0,0.0
0.0,1.930056,0.0,0.0
0.0,1.940056,0.0,0.0
0.0,1.950056,0.0,0.0
0.0,1.960056,0.0,0.0
0.0,1.970056,0.0,0.0
0.0,1.980056,0.0,0.0
0.0,1.990056,0.0,0.0
0.0,2.000056,0.0,0.0
0.0,2.010056,0.0,0.0
0.0,2.020056,0.0,0.0
0.0,2.030056,0.0,0.0
0.0,2.040056,0.0,0.0
0.0,2.050056,0.0,0.0
0.0,2.060056,0.0,0.0
0.0,2.070056,0.0,0.0
0.0,2.080056,0.0,0.0
0.0,2.090056,0.0,0.0
0.0,2.100056,0.0,0.0
0.0,2.110056,0.0,0.0
0.0,2.120056,0.0,0.0
0.0,2.130056,0.0,0.0
0.0,2.140056,0.0,0.0
0.0,2.150056,0.0,0.0
0.0,2.160056,0.0,0.0
0.0,2.170056,0.0,0.0
0.0,2.180056,0.0,0.0
0.0,2.190056,0.0,0.0
0.0,2.200056,0.0,0.0
0.0,2.210056,0.0,0.0
0.0,2.220056,0.0,0.0
0.0,2.230056,0.0,0.0
0.0,2.240056,0.0,0.0
0.0,2.250056,0.0,0.0
0.0,2.260056,0.0,0.0
0.0,2.270056,0.0,0.0
0.0,2.280056,0.0,0.0
0.0,2.290056,0.0,0.0
0.0,2.300056,0.0,0.0
0.0,2.310056,0.0,0.0
0.0,2.320056,0.0,0.0
0.0,2.330056,0.0,0.0
0.0,2.340056,0.0,0.0
0.0,2.350056,0.0,0.0
0.0,2.360056,0.0,0.0
0.0,2.370056,0.0,0.0
0.0,2.380056,0.0,0.0
0.0,2.390056,0.0,0.0
0.0,2.400056,0.0,0.0
0.0,2.410056,0.0,0.0
0.0,2.420056,0.0,0.0
0.0,2.430056,0.0,0.0
0.0,2.440056,0.0,0.0
0.0,2.450056,0.0,0.0
0.0,2.460056,0.0,0.0
0.0,2.470056,0.0,0.0
0.0,2.480056,0.0,0.0
0.0,2.490056,0.0,0.0
0.0,2.500056,0.0,0.0
0.0,2.510056,0.0,0.0
0.0,2.520056,0.0,0.0
0.0,2.530056,0.0,0.0
0.0,2.540056,0.0,0.0
0.0,2.550056,0.0,0.0
0.0,2.56006,0.0,0.0
0.0,2.570056,0.0,0.0
0.0,2.580056,0.0,0.0
0.0,2.590056,0.0,0.0
0.0,2.600056,0.0,0.0
0.0,2.610056,0.0,0.0
0.0,2.620056,0.0,0.0
0.0,2.630056,0.0,0.0
0.0,2.640056,0.0,0.0
0.0,2.650056,0.0,0.0
0.0,2.660056,0.0,0.0
0.0,2.670056,0.0,0.0
0.0,2.680056,0.0,0.0
0.0,2.690056,0.0,0.0
0.0,2.700056,0.0,0.0
0.0,2.710056,0.0,0.0
0.0,2.720056,0.0,0.0
0.0,2.730056,0.0,0.0
0.0,2.740056,0.0,0.0
0.0,2.750056,0.0,0.0
0.0,2.760056,0.0,0.0
0.0,2.770056,0.0,0.0
0.0,2.780056,0.0,0.0
0.0,2.790056,0.0,0.0
0.0,2.800056,0.0,0.0
0.0,2.810056,0.0,0.0
0.0,2.820056,0.0,0.0
0.0,2.830056,0.0,0.0
0.0,2.840056,0.0,0.0
0.0,2.850056,0.0,0.0
0.0,2.860056,0.0,0.0
0.0,2.870056,0.0,0.0
0.0,2.880056,0.0,0.0
0.0,2.890056,0.0,0.0
0.0,2.900056,0.0,0.0
0.0,2.910056,0.0,0.0
0.0,2.920056,0.0,0.0
0.0,2.930056,0.0,0.0
0.0,2.940056,0.0,0.0
0.0,2.950056,0.0,0.0
0.0,2.960056,0.0,0.0
0.0,2.970056,0.0,0.0
0.0,2.980056,0.0,0.0
0.0,2.990056,0.0,0.0
0.0,3.000056,0.0,0.0
0.0,3.010056,0.0,0.0
0.0,3.020056,0.0,0.0
0.0,3.030056,0.0,0.0
0.0,3.040056,0.0,0.0
0.0,3.050056,0.0,0.0
0.0,3.060056,0.0,0.0
0.0,3.070056,0.0,0.0
0.0,3.080056,0.0,0.0
0.0,3.090056,0.0,0.0
0.0,3.100056,0.0,0.0
0.0,3.110056,0.0,0.0
0.0,3.120056,0.0,0.0
0.0,3.130056,0.0,0.0
0.0,3.140056,0.0,0.0
0.0,3.150056,0.0,0.0
0.0,3.160056,0.0,0.0
0.0,3.170056,0.0,0.0
0.0,3.180056,0.0,0.0
0.0,3.190056,0.0,0.0
0.0,3.20006,0.0,0.0
0.0,3.210056,0.0,0.0
0.0,3.220056,0.0,0.0
0.0,3.230056,0.0,0.0
0.0,3.240056,0.0,0.0
0.0,3.250056,0.0,0.0
0.0,3.260056,0.0,0.0
0.0,3.270056,0.0,0.0
0.0,3.280056,0.0,0.0
0.0,3.290056,0.0,0.0
0.0,3.300056,0.0,0.0
0.0,3.310056,0.0,0.0
0.0,3.320056,0.0,0.0
0.0,3.330056,0.0,0.0
0.0,3.340056,0.0,0.0
0.0,3.350056,0.0,0.0
0.0,3.360056,0.0,0.0
0.0,3.370056,0.0,0.0
0.0,3.380056,0.0,0.0
0.0,3.390056,0.0,0.0
0.0,3.400056,0.0,0.0
0.0,3.410056,0.0,0.0
0.0,3.420056,0.0,0.0
0.0,3.430056,0.0,0.0
0.0,3.440056,0.0,0.0
0.0,3.450056,0.0,0.0
0.0,3.460056,0.0,0.0
0.0,3.470056,0.0,0.0
0.0,3.480056,0.0,0.0
0.0,3.490056,0.0,0.0
0.0,3.500056,0.0,0.0
0.0,3.510056,0.0,0.0
0.0,3.520056,0.0,0.0
0.0,3.530056,0.0,0.0
0.0,3.540056,0.0,0.0
0.0,3.550056,0.0,0.0
0.0,3.560056,0.0,0.0
0.0,3.570056,0.0,0.0
0.0,3.580056,0.0,0.0
0.0,3.590056,0.0,0.0
0.0,3.600056,0.0,0.0
0.0,3.610056,0.0,0.0
0.0,3.620056,0.0,0.0
0.0,3.630056,0.0,0.0
0.0,3.640056,0.0,0.0
0.0,3.650056,0.0,0.0
0.0,3.660056,0.0,0.0
0.0,3.670056,0.0,0.0
0.0,3.680056,0.0,0.0
0.0,3.690056,0.0,0.0
0.0,3.700056,0.0,0.0
0.0,3.710056,0.0,0.0
0.0,3.720056,0.0,0.0
0.0,3.730056,0.0,0.0
0.0,3.740056,0.0,0.0
0.0,3.750056,0.0,0.0
0.0,3.760056,0.0,0.0
0.0,3.770056,0.0,0.0
0.0,3.780056,0.0,0.0
0.0,3.790056,0.0,0.0
0.0,3.800056,0.0,0.0
0.0,3.810056,0.0,0.0
0.0,3.820056,0.0,0.0
0.0,3.830056,0.0,0.0
0.0,3.84006,0.0,0.0
0.0,3.850056,0.0,0.0
0.0,3.860056,0.0,0.0
0.0,3.870056,0.0,0.0
0.0,3.880056,0.0,0.0
0.0,3.890056,0.0,0.0
0.0,3.900056,0.0,0.0
0.0,3.910056,0.0,0.0
0.0,3.920056,0.0,0.0
0.0,3.930056,0.0,0.0
0.0,3.940056,0.0,0.0
0.0,3.950056,0.0,0.0
0.0,3.960056,0.0,0.0
0.0,3.970056,0.0,0.0
0.0,3.980056,0.0,0.0
0.0,3.990056,0.0,0.0
0.0,4.000056,0.0,0.0
0.0,4.010056,0.0,0.0
0.0,4.020056,0.0,0.0
0.0,4.030056,0.0,0.0
0.0,4.040056,0.0,0.0
0.0,4.050056,0.0,0.0
0.0,4.060056,0.0,0.0
0.0,4.070056,0.0,0.0
0.0,4.080056,0.0,0.0
0.0,4.090056,0.0,0.0
0.0,4.100056,0.0,0.0
0.0,4.110056,0.0,0.0
0.0,4.120056,0.0,0.0
0.0,4.130056,0.0,0.0
0.0,4.140056,0.0,0.0
0.0,4.150056,0.0,0.0
0.0,4.160056,0.0,0.0
0.0,4.170056,0.0,0.0
0.0,4.180056,0.0,0.0
0.0,4.190056,0.0,0.0
0.0,4.200056,0.0,0.0
0.0,4.210056,0.0,0.0
0.0,4.220056,0.0,0.0
0.0,4.230056,0.0,0.0
0.0,4.240056,0.0,0.0
0.0,4.250056,0.0,0.0
0.0,4.260056,0.0,0.0
0.0,4.270056,0.0,0.0
0.0,4.280056,0.0,0.0
0.0,4.290056,0.0,0.0
0.0,4.300056,0.0,0.0
0.0,4.310056,0.0,0.0
0.0,4.320056,0.0,0.0
0.0,4.330056,0.0,0.0
0.0,4.340056,0.0,0.0
0.0,4.350056,0.0,0.0
0.0,4.360056,0.0,0.0
0.0,4.370056,0.0,0.0
0.0,4.380056,0.0,0.0
0.0,4.390056,0.0,0.0
0.0,4.400056,0.0,0.0
0.0,4.410056,0.0,0.0
0.0,4.420056,0.0,0.0
0.0,4.430056,0.0,0.0
0.0,4.440056,0.0,0.0
0.0,4.450056,0.0,0.0
0.0,4.460056,0.0,0.0
0.0,4.470056,0.0,0.0
0.0,4.48006,0.0,0.0
0.0,4.490056,0.0,0.0
0.0,4.500056,0.0,0.0
0.0,4.510056,0.0,0.0
0.0,4.520056,0.0,0.0
0.0,4.530056,0.0,0.0
0.0,4.540056,0.0,0.0
0.0,4.550056,0.0,0.0
0.0,4.560056,0.0,0.0
0.0,4.570056,0.0,0.0
0.0,4.580056,0.0,0.0
0.0,4.590056,0.0,0.0
0.0,4.600056,0.0,0.0
0.0,4.610056,0.0,0.0
0.0,4.620056,0.0,0.0
0.0,4.630056,0.0,0.0
0.0,4.640056,0.0,0.0
0.0,4.650056,0.0,0.0
0.0,4.660056,0.0,0.0
0.0,4.670056,0.0,0.0
0.0,4.680056,0.0,0.0
0.0,4.690056,0.0,0.0
0.0,4.700056,0.0,0.0
0.0,4.710056,0.0,0.0
0.0,4.720056,0.0,0.0
0.0,4.730056,0.0,0.0
0.0,4.740056,0.0,0.0
0.0,4.750056,0.0,0.0
0.0,4.760056,0.0,0.0
0.0,4.770056,0.0,0.0
0.0,4.780056,0.0,0.0
0.0,4.790056,0.0,0.0
0.0,4.800056,0.0,0.0
0.0,4.810056,0.0,0.0
0.0,4.820056,0.0,0.0
0.0,4.830056,0.0,0.0
0.0,4.840056,0.0,0.0
0.0,4.850056,0.0,0.0
0.0,4.860056,0.0,0.0
0.0,4.870056,0.0,0.0
0.0,4.880056,0.0,0.0
0.0,4.890056,0.0,0.0
0.0,4.900056,0.0,0.0
0.0,4.910056,0.0,0.0
0.0,4.920056,0.0,0.0
0.0,4.930056,0.0,0.0
0.0,4.940056,0.0,0.0
0.0,4.950056,0.0,0.0
0.0,4.960056,0.0,0.0
0.0,4.970056,0.0,0.0
0.0,4.980056,0.0,0.0
0.0,4.990056,0.0,0.0
0.02618,5.000056,0.0,0.0
0.051417500000000005,5.010076,0.0009425,0.0
0.0738275,5.02008,0.0047125000000000005,0.0
0.0930175,5.030084,0.011702500000000001,0.0
0.10969400000000001,5.040084,0.021206000000000003,0.0
0.1234645,5.04906,0.0336155,0.0
0.13393649999999999,5.059056,0.0493235,0.0
0.1410315,5.069056,0.0684085,0.0
0.1443565,5.07906,0.0912635,0.0
0.14359750000000002,5.088036,0.11820249999999999,0.0
0.139304,5.098036,0.148676,0.0
0.13367550000000003,5.108036,0.1804845,0.0
0.12883200000000003,5.11804,0.21150750000000001,0.0
0.125481,5.128036,0.24103850000000004,0.0
0.123701,5.138036,0.26899850000000003,0.0
0.12372700000000002,5.148036,0.29515250000000004,0.0
0.125167,5.158036,0.3198925,0.0
0.126607,5.168044,0.3446325,0.0
0.12734,5.17804,0.3700795,0.0
0.12768050000000003,5.18804,0.395919,0.0
0.10176250000000003,5.198016,0.421837,0.0
0.076787,5.208008,0.4468125,0.0
0.05463899999999997,5.218008,0.46896049999999995,0.0
0.035711000000000014,5.228008,0.48788849999999995,0.0
0.019296500000000008,5.238008,0.504303,0.0
0.005787999999999997,5.248008,0.5178115,0.0
-0.0044220000000000015,5.256984,0.5280214999999999,0.0
-0.011255,5.266984,0.5348544999999999,0.0
-0.014317999999999997,5.276984,0.5379174999999999,0.0
-0.013296999999999998,5.286984,0.5368965,0.0
-0.0087415,5.296984,0.5323410000000001,0.0
-0.002851,5.306984,0.5264505,0.0
0.002254500000000001,5.316984,0.5213455000000001,0.0
0.0058675,5.326984,0.5177325,0.0
0.0079095,5.336984,0.5156905000000002,0.0
0.0081455,5.346984,0.5154545000000001,0.0
0.006967500000000001,5.356984,0.5166325000000002,0.0
0.005789499999999999,5.366984,0.5178105000000002,0.0
0.005318499999999999,5.376984,0.5182815000000001,0.0
0.005239999999999998,5.38596,0.51836,0.0
0.005239999999999998,5.39596,0.51836,0.0
0.005239999999999998,5.40596,0.51836,0.0
0.005239999999999998,5.41596,0.51836,0.0
0.005239999999999998,5.424936,0.51836,0.0
0.005239999999999998,5.434936,0.51836,0.0
0.005239999999999998,5.444936,0.51836,0.0
0.005239999999999998,5.454936,0.51836,0.0
0.005239999999999998,5.464936,0.51836,0.0
0.005239999999999998,5.474936,0.51836,0.0
0.005239999999999998,5.484936,0.51836,0.0
0.005239999999999998,5.494936,0.51836,0.0
0.005239999999999998,5.504936,0.51836,0.0
0.005239999999999998,5.514936,0.51836,0.0
0.005239999999999998,5.524936,0.51836,0.0
0.005239999999999998,5.534936,0.51836,0.0
0.005239999999999998,5.544936,0.51836,0.0
0.005239999999999998,5.553912,0.51836,0.0
0.005239999999999998,5.563912,0.51836,0.0
0.005239999999999998,5.573912,0.51836,0.0
0.005239999999999998,5.583912,0.51836,0.0
0.005239999999999998,5.592888,0.51836,0.0
0.005239999999999998,5.602888,0.51836,0.0
0.005239999999999998,5.612888,0.51836,0.0
0.005239999999999998,5.622888,0.51836,0.0
0.005239999999999998,5.632888,0.51836,0.0
0.005239999999999998,5.642888,0.51836,0.0
0.005239999999999998,5.652888,0.51836,0.0
0.005239999999999998,5.662888,0.51836,0.0
0.005239999999999998,5.672888,0.51836,0.0
0.005239999999999998,5.682888,0.51836,0.0
0.005239999999999998,5.692888,0.51836,0.0
0.005239999999999998,5.702888,0.51836,0.0
0.005239999999999998,5.712888,0.51836,0.0
0.005239999999999998,5.721864,0.51836,0.0
0.005239999999999998,5.731864,0.51836,0.0
0.005239999999999998,5.741864,0.51836,0.0
0.005239999999999998,5.751868,0.51836,0.0
0.005239999999999998,5.761864,0.51836,0.0
0.005239999999999998,5.771864,0.51836,0.0
0.005239999999999998,5.781864,0.51836,0.0
0.005239999999999998,5.791864,0.51836,0.0
0.005239999999999998,5.801864,0.51836,0.0
0.005239999999999998,5.811864,0.51836,0.0
0.005239999999999998,5.821864,0.51836,0.0
0.005239999999999998,5.831864,0.51836,0.0
0.005239999999999998,5.841864,0.51836,0.0
0.005239999999999998,5.851864,0.51836,0.0
0.005239999999999998,5.861864,0.51836,0.0
0.005239999999999998,5.871864,0.51836,0.0
0.005239999999999998,5.881864,0.51836,0.0
0.005239999999999998,5.89084,0.51836,0.0
0.005239999999999998,5.90084,0.51836,0.0
0.005239999999999998,5.91084,0.51836,0.0
0.005239999999999998,5.92084,0.51836,0.0
0.005239999999999998,5.93084,0.51836,0.0
0.005239999999999998,5.94084,0.51836,0.0
0.005239999999999998,5.95084,0.51836,0.0
0.005239999999999998,5.96084,0.51836,0.0
0.005239999999999998,5.97084,0.51836,0.0
0.005239999999999998,5.98084,0.51836,0.0
0.005239999999999998,5.99084,0.51836,0.0
0.005239999999999998,6.00084,0.51836,0.0
0.005239999999999998,6.01084,0.51836,0.0
0.005239999999999998,6.019816,0.51836,0.0
0.005239999999999998,6.029816,0.51836,0.0
0.005239999999999998,6.039816,0.51836,0.0
0.005239999999999998,6.049816,0.51836,0.0
0.005239999999999998,6.058792,0.51836,0.0
0.005239999999999998,6.068792,0.51836,0.0
0.005239999999999998,6.078792,0.51836,0.0
0.005239999999999998,6.088792,0.51836,0.0
0.005239999999999998,6.098792,0.51836,0.0
0.005239999999999998,6.108792,0.51836,0.0
0.005239999999999998,6.118792,0.51836,0.0
0.005239999999999998,6.128792,0.51836,0.0
0.005239999999999998,6.138792,0.51836,0.0
0.005239999999999998,6.148792,0.51836,0.0
0.005239999999999998,6.158792,0.51836,0.0
0.005239999999999998,6.168792,0.51836,0.0
0.005239999999999998,6.178792,0.51836,0.0
0.005239999999999998,6.187768,0.51836,0.0
0.005239999999999998,6.197768,0.51836,0.0
0.005239999999999998,6.207768,0.51836,0.0
0.005239999999999998,6.217768,0.51836,0.0
0.005239999999999998,6.226744,0.51836,0.0
0.005239999999999998,6.236744,0.51836,0.0
0.005239999999999998,6.246744,0.51836,0.0
0.005239999999999998,6.256744,0.51836,0.0
0.005239999999999998,6.266744,0.51836,0.0
0.005239999999999998,6.276744,0.51836,0.0
0.005239999999999998,6.286744,0.51836,0.0
0.005239999999999998,6.296744,0.51836,0.0
0.005239999999999998,6.306744,0.51836,0.0
0.005239999999999998,6.316744,0.51836,0.0
0.005239999999999998,6.326744,0.51836,0.0
0.005239999999999998,6.336744,0.51836,0.0
0.005239999999999998,6.346744,0.51836,0.0
0.005239999999999998,6.35572,0.51836,0.0
0.005239999999999998,6.36572,0.51836,0.0
0.005239999999999998,6.37572,0.51836,0.0
0.005239999999999998,6.385724,0.51836,0.0
0.005239999999999998,6.39572,0.51836,0.0
0.005239999999999998,6.40572,0.51836,0.0
0.005239999999999998,6.41572,0.51836,0.0
0.005239999999999998,6.42572,0.51836,0.0
0.005239999999999998,6.43572,0.51836,0.0
0.005239999999999998,6.44572,0.51836,0.0
0.005239999999999998,6.45572,0.51836,0.0
0.005239999999999998,6.46572,0.51836,0.0
0.005239999999999998,6.47572,0.51836,0.0
0.005239999999999998,6.48572,0.51836,0.0
0.005239999999999998,6.49572,0.51836,0.0
0.005239999999999998,6.50572,0.51836,0.0
0.005239999999999998,6.51572,0.51836,0.0
0.005239999999999998,6.524696,0.51836,0.0
0.005239999999999998,6.534696,0.51836,0.0
0.005239999999999998,6.544696,0.51836,0.0
0.005239999999999998,6.554696,0.51836,0.0
0.005239999999999998,6.564696,0.51836,0.0
0.005239999999999998,6.574696,0.51836,0.0
0.005239999999999998,6.584696,0.51836,0.0
0.005239999999999998,6.594696,0.51836,0.0
0.005239999999999998,6.604696,0.51836,0.0
0.005239999999999998,6.614696,0.51836,0.0
0.005239999999999998,6.624696,0.51836,0.0
0.005239999999999998,6.634696,0.51836,0.0
0.005239999999999998,6.644696,0.51836,0.0
0.005239999999999998,6.653672,0.51836,0.0
0.005239999999999998,6.663672,0.51836,0.0
0.005239999999999998,6.673672,0.51836,0.0
0.005239999999999998,6.683672,0.51836,0.0
0.005239999999999998,6.692648,0.51836,0.0
0.005239999999999998,6.702648,0.51836,0.0
0.005239999999999998,6.712648,0.51836,0.0
0.005239999999999998,6.722648,0.51836,0.0
0.005239999999999998,6.732648,0.51836,0.0
0.005239999999999998,6.742648,0.51836,0.0
0.005239999999999998,6.752648,0.51836,0.0
0.005239999999999998,6.762648,0.51836,0.0
0.005239999999999998,6.772648,0.51836,0.0
0.005239999999999998,6.782648,0.51836,0.0
0.005239999999999998,6.792648,0.51836,0.0
0.005239999999999998,6.802648,0.51836,0.0
0.005239999999999998,6.812648,0.51836,0.0
0.005239999999999998,6.821624,0.51836,0.0
0.005239999999999998,6.831624,0.51836,0.0
0.005239999999999998,6.841624,0.51836,0.0
0.005239999999999998,6.851624,0.51836,0.0
0.005239999999999998,6.8606,0.51836,0.0
0.005239999999999998,6.8706,0.51836,0.0
0.005239999999999998,6.8806,0.51836,0.0
0.005239999999999998,6.8906,0.51836,0.0
0.005239999999999998,6.9006,0.51836,0.0
0.005239999999999998,6.9106,0.51836,0.0
0.005239999999999998,6.9206,0.51836,0.0
0.005239999999999998,6.9306,0.51836,0.0
0.005239999999999998,6.9406,0.51836,0.0
0.005239999999999998,6.9506,0.51836,0.0
0.005239999999999998,6.9606,0.51836,0.0
0.005239999999999998,6.9706,0.51836,0.0
0.005239999999999998,6.9806,0.51836,0.0
0.005239999999999998,6.989576,0.51836,0.0
0.005239999999999998,6.999576,0.51836,0.0
0.04014650000000003,7.009576,0.51836,0.0
0.07371749999999994,7.0196,0.5196955,0.0
0.10391150000000011,7.029604,0.5244080000000001,0.0
0.13025700000000012,7.039604,0.532969,0.0
0.15322550000000013,7.049604,0.544907,0.0
0.17281650000000012,7.059604,0.5602225,0.0
0.18863750000000012,7.069604,0.579308,0.0
0.2003745000000001,7.07858,0.6024775,0.0
0.20771349999999988,7.08858,0.6300449999999999,0.0
0.2103399999999999,7.09858,0.6623249999999998,0.0
0.20801849999999988,7.10858,0.6995529999999999,0.0
0.2013774999999999,7.117556,0.7411004999999998,0.0
0.19238000000000002,7.127556,0.7850044999999999,0.0
0.1833825,7.13756,0.8289085,0.0
0.17556300000000002,7.14756,0.8716345000000001,0.0
0.16876449999999998,7.156536,0.9133395000000001,0.0
0.162359,7.166512,0.9546515,0.0
0.1559535,7.176504,0.9959634999999999,0.0
0.14954800000000001,7.186504,1.0372755,0.0
0.14314250000000003,7.196504,1.0785875,0.0
0.10183050000000003,7.206504,1.1198995,0.0
0.06185400000000002,7.216504,1.1598759999999997,0.0
0.02525450000000002,7.226504,1.1964754999999998,0.0
-0.007496499999999996,7.236504,1.2292264999999998,0.0
-0.03687050000000001,7.246504,1.2586004999999998,0.0
-0.062867,7.256504,1.2845969999999998,0.0
-0.08509350000000002,7.266504,1.3068235,0.0
-0.103236,7.276504,1.3249659999999999,0.0
-0.11698049999999999,7.28548,1.3387104999999997,0.0
-0.1260125,7.29548,1.3477424999999998,0.0
-0.13009649999999998,7.30548,1.3518264999999998,0.0
-0.129861,7.31548,1.351591,0.0
-0.127269,7.324456,1.348999,0.0
-0.12467700000000002,7.334456,1.3464070000000001,0.0
-0.123263,7.344456,1.344993,0.0
-0.12287,7.354456,1.3446,0.0
-0.12287,7.364456,1.3446,0.0
-0.12287,7.374456,1.3446,0.0
-0.12287,7.384456,1.3446,0.0
-0.12287,7.394456,1.3446,0.0
-0.12287,7.404456,1.3446,0.0
-0.12287,7.414456,1.3446,0.0
-0.12287,7.424456,1.3446,0.0
-0.12287,7.434456,1.3446,0.0
-0.12287,7.444456,1.3446,0.0
-0.12287,7.453432,1.3446,0.0
-0.12287,7.463432,1.3446,0.0
-0.12287,7.473432,1.3446,0.0
-0.12287,7.483432,1.3446,0.0
-0.12287,7.492408,1.3446,0.0
-0.12287,7.502408,1.3446,0.0
-0.12287,7.512408,1.3446,0.0
-0.12287,7.522408,1.3446,0.0
-0.12287,7.532408,1.3446,0.0
-0.12287,7.542408,1.3446,0.0
-0.12287,7.552408,1.3446,0.0
-0.12287,7.562408,1.3446,0.0
-0.12287,7.572408,1.3446,0.0
-0.12287,7.582408,1.3446,0.0
-0.12287,7.592408,1.3446,0.0
-0.12287,7.602408,1.3446,0.0
-0.12287,7.612408,1.3446,0.0
-0.12287,7.621384,1.3446,0.0
-0.12287,7.631384,1.3446,0.0
-0.12287,7.641384,1.3446,0.0
-0.12287,7.651388,1.3446,0.0
-0.12287,7.661384,1.3446,0.0
-0.12287,7.671384,1.3446,0.0
-0.12287,7.681384,1.3446,0.0
-0.12287,7.691384,1.3446,0.0
-0.12287,7.701384,1.3446,0.0
-0.12287,7.711384,1.3446,0.0
-0.12287,7.721384,1.3446,0.0
-0.12287,7.731384,1.3446,0.0
-0.12287,7.741384,1.3446,0.0
-0.12287,7.75036,1.3446,0.0
-0.12287,7.76036,1.3446,0.0
-0.12287,7.77036,1.3446,0.0
-0.12287,7.78036,1.3446,0.0
-0.12287,7.789336,1.3446,0.0
-0.12287,7.799336,1.3446,0.0
-0.12287,7.809336,1.3446,0.0
-0.12287,7.819336,1.3446,0.0
-0.12287,7.829336,1.3446,0.0
-0.12287,7.839336,1.3446,0.0
-0.12287,7.849336,1.3446,0.0
-0.12287,7.859336,1.3446,0.0
-0.12287,7.869336,1.3446,0.0
-0.12287,7.879336,1.3446,0.0
-0.12287,7.889336,1.3446,0.0
-0.12287,7.899336,1.3446,0.0
-0.12287,7.909336,1.3446,0.0
-0.12287,7.918312,1.3446,0.0
-0.12287,7.928312,1.3446,0.0
-0.12287,7.938312,1.3446,0.0
-0.12287,7.948312,1.3446,0.0
-0.12287,7.957288,1.3446,0.0
-0.12287,7.967288,1.3446,0.0
-0.12287,7.977288,1.3446,0.0
-0.12287,7.987288,1.3446,0.0
-0.12287,7.997288,1.3446,0.0
-0.12287,8.007288,1.3446,0.0
-0.12287,8.017288,1.3446,0.0
-0.12287,8.027288,1.3446,0.0
-0.12287,8.037288,1.3446,0.0
-0.12287,8.047288,1.3446,0.0
-0.12287,8.057288,1.3446,0.0
-0.12287,8.067288,1.3446,0.0
-0.12287,8.077288,1.3446,0.0
-0.12287,8.086264,1.3446,0.0
-0.12287,8.096264,1.3446,0.0
-0.12287,8.106264,1.3446,0.0
-0.12287,8.116264,1.3446,0.0
-0.12287,8.12524,1.3446,0.0
-0.12287,8.13524,1.3446,0.0
-0.12287,8.14524,1.3446,0.0
-0.12287,8.15524,1.3446,0.0
-0.12287,8.16524,1.3446,0.0
-0.12287,8.17524,1.3446,0.0
-0.12287,8.18524,1.3446,0.0
-0.12287,8.19524,1.3446,0.0
-0.12287,8.20524,1.3446,0.0
-0.12287,8.21524,1.3446,0.0
-0.12287,8.22524,1.3446,0.0
-0.12287,8.23524,1.3446,0.0
-0.12287,8.24524,1.3446,0.0
-0.12287,8.254216,1.3446,0.0
-0.12287,8.264216,1.3446,0.0
-0.12287,8.274216,1.3446,0.0
-0.12287,8.28422,1.3446,0.0
-0.12287,8.294216,1.3446,0.0
-0.12287,8.304216,1.3446,0.0
-0.12287,8.314216,1.3446,0.0
-0.12287,8.324216,1.3446,0.0
-0.12287,8.334216,1.3446,0.0
-0.12287,8.344216,1.3446,0.0
-0.12287,8.354216,1.3446,0.0
-0.12287,8.364216,1.3446,0.0
-0.12287,8.374216,1.3446,0.0
-0.12287,8.383192,1.3446,0.0
-0.12287,8.393192,1.3446,0.0
-0.12287,8.403192,1.3446,0.0
-0.12287,8.413192,1.3446,0.0
-0.12287,8.422168,1.3446,0.0
-0.12287,8.432168,1.3446,0.0
-0.12287,8.442168,1.3446,0.0
-0.12287,8.452168,1.3446,0.0
-0.12287,8.462168,1.3446,0.0
-0.12287,8.472168,1.3446,0.0
-0.12287,8.482168,1.3446,0.0
-0.12287,8.492168,1.3446,0.0
-0.12287,8.502168,1.3446,0.0
-0.12287,8.512168,1.3446,0.0
-0.12287,8.522168,1.3446,0.0
-0.12287,8.532168,1.3446,0.0
-0.12287,8.542168,1.3446,0.0
-0.12287,8.551144,1.3446,0.0
-0.12287,8.561144,1.3446,0.0
-0.12287,8.571144,1.3446,0.0
-0.12287,8.581144,1.3446,0.0
-0.12287,8.59012,1.3446,0.0
-0.12287,8.60012,1.3446,0.0
-0.12287,8.61012,1.3446,0.0
-0.12287,8.62012,1.3446,0.0
-0.12287,8.63012,1.3446,0.0
-0.12287,8.64012,1.3446,0.0
-0.12287,8.65012,1.3446,0.0
-0.12287,8.66012,1.3446,0.0
-0.12287,8.67012,1.3446,0.0
-0.12287,8.68012,1.3446,0.0
-0.12287,8.69012,1.3446,0.0
-0.12287,8.70012,1.3446,0.0
-0.12287,8.71012,1.3446,0.0
-0.12287,8.719096,1.3446,0.0
-0.12287,8.729096,1.3446,0.0
-0.12287,8.739096,1.3446,0.0
-0.12287,8.749096,1.3446,0.0
-0.12287,8.758072,1.3446,0.0
-0.12287,8.768072,1.3446,0.0
-0.12287,8.778072,1.3446,0.0
-0.12287,8.788072,1.3446,0.0
-0.12287,8.798072,1.3446,0.0
-0.12287,8.808072,1.3446,0.0
-0.12287,8.818072,1.3446,0.0
-0.12287,8.828072,1.3446,0.0
-0.12287,8.838072,1.3446,0.0
-0.12287,8.848072,1.3446,0.0
-0.12287,8.858072,1.3446,0.0
-0.12287,8.868072,1.3446,0.0
-0.12287,8.878072,1.3446,0.0
-0.12287,8.887048,1.3446,0.0
-0.12287,8.897048,1.3446,0.0
-0.12287,8.907048,1.3446,0.0
-0.12287,8.917052,1.3446,0.0
-0.12287,8.927048,1.3446,0.0
-0.12287,8.937048,1.3446,0.0
-0.12287,8.947048,1.3446,0.0
-0.12287,8.957048,1.3446,0.0
-0.12287,8.967048,1.3446,0.0
-0.12287,8.977048,1.3446,0.0
-0.12287,8.987048,1.3446,0.0
-0.12287,8.997048,1.3446,0.0
-0.0399875,9.007048,1.3446,0.0
0.04203100000000004,9.016048,1.345464,0.0
0.12090800000000015,9.026052,1.3494694999999999,0.0
0.19452300000000014,9.036052,1.3587375,0.0
0.26201200000000013,9.046052,1.3741314999999998,0.0
0.32321750000000016,9.055028,1.3958085,0.0
0.37806149999999994,9.065036,1.4238475,0.0
0.4264649999999998,9.075028,1.4583265,0.0
0.4683499999999998,9.085028,1.4993245,0.0
0.5036374999999998,9.095028,1.5469195,0.0
0.5322489999999999,9.105028,1.6011905,0.0
0.5544204999999999,9.115028,1.661902,0.0
0.5700729999999999,9.125028,1.729132,0.0
0.5788139999999999,9.135028,1.8032735,0.0
0.5806435,9.144004,1.8843265,0.0
0.5762685000000001,9.154008,1.9715844999999999,0.0
0.5679665,9.164008,2.0627695,0.0
0.558329,9.174008,2.1552895,0.0
0.548613,9.182984,2.247888,0.0
0.5389754999999999,9.19296,2.340408,0.0
0.4464555,9.202952,2.4329280000000004,0.0
0.3547995,9.212952,2.5245840000000004,0.0
0.26628500000000005,9.221928,2.6130985,0.0
0.1830325,9.231928,2.6963505000000003,0.0
0.105906,9.241928,2.7734765,0.0
0.035063000000000004,9.251928,2.8443195,0.0
-0.029418500000000028,9.261928,2.9088005,0.0
-0.08745950000000002,9.271928,2.9668415,0.0
-0.13898200000000005,9.281928,3.0183635,0.0
-0.18390700000000004,9.291928,3.0632885,0.0
-0.22215600000000008,9.301928,3.1015375,0.0
-0.2539650000000001,9.310904,3.133346,0.0
-0.2792550000000001,9.320904,3.158636,0.0
-0.29763350000000005,9.330904,3.1770145000000003,0.0
-0.30910050000000006,9.340904,3.1884815,0.0
-0.31436300000000006,9.34988,3.1937435,0.0
-0.31569850000000005,9.35988,3.1950785,0.0
-0.31569850000000005,9.36988,3.1950785,0.0
-0.31562,9.37988,3.1950000000000003,0.0
-0.31562,9.388856,3.1950000000000003,0.0
-0.31562,9.398856,3.1950000000000003,0.0
-0.31562,9.408856,3.1950000000000003,0.0
-0.31562,9.418856,3.1950000000000003,0.0
-0.31562,9.428856,3.1950000000000003,0.0
-0.31562,9.438856,3.1950000000000003,0.0
-0.31562,9.448856,3.1950000000000003,0.0
-0.31562,9.458856,3.1950000000000003,0.0
-0.31562,9.468856,3.1950000000000003,0.0
-0.31562,9.477832,3.1950000000000003,0.0
-0.31562,9.487832,3.1950000000000003,0.0
-0.31562,9.497832,3.1950000000000003,0.0
-0.31562,9.507832,3.1950000000000003,0.0
-0.31562,9.516808,3.1950000000000003,0.0
-0.31562,9.526808,3.1950000000000003,0.0
-0.31562,9.536808,3.1950000000000003,0.0
-0.31562,9.546812,3.1950000000000003,0.0
-0.31562,9.556808,3.1950000000000003,0.0
-0.31562,9.566808,3.1950000000000003,0.0
-0.31562,9.576808,3.1950000000000003,0.0
-0.31562,9.586808,3.1950000000000003,0.0
-0.31562,9.596808,3.1950000000000003,0.0
-0.31562,9.606808,3.1950000000000003,0.0
-0.31562,9.616808,3.1950000000000003,0.0
-0.31562,9.626808,3.1950000000000003,0.0
-0.31562,9.636808,3.1950000000000003,0.0
-0.31562,9.645784,3.1950000000000003,0.0
-0.31562,9.655784,3.1950000000000003,0.0
-0.31562,9.665784,3.1950000000000003,0.0
-0.31562,9.675784,3.1950000000000003,0.0
-0.31562,9.68476,3.1950000000000003,0.0
-0.31562,9.69476,3.1950000000000003,0.0
-0.31562,9.70476,3.1950000000000003,0.0
-0.31562,9.71476,3.1950000000000003,0.0
-0.31562,9.72476,3.1950000000000003,0.0
-0.31562,9.73476,3.1950000000000003,0.0
-0.31562,9.74476,3.1950000000000003,0.0
-0.31562,9.75476,3.1950000000000003,0.0
-0.31562,9.76476,3.1950000000000003,0.0
-0.31562,9.77476,3.1950000000000003,0.0
-0.31562,9.78476,3.1950000000000003,0.0
-0.31562,9.79476,3.1950000000000003,0.0
-0.31562,9.80476,3.1950000000000003,0.0
-0.31562,9.813736,3.1950000000000003,0.0
-0.31562,9.823736,3.1950000000000003,0.0
-0.31562,9.833736,3.1950000000000003,0.0
-0.31562,9.843736,3.1950000000000003,0.0
-0.31562,9.852712,3.1950000000000003,0.0
-0.31562,9.862712,3.1950000000000003,0.0
-0.31562,9.872712,3.1950000000000003,0.0
-0.31562,9.882712,3.1950000000000003,0.0
-0.31562,9.892712,3.1950000000000003,0.0
-0.31562,9.902712,3.1950000000000003,0.0
-0.31562,9.912712,3.1950000000000003,0.0
-0.31562,9.922712,3.1950000000000003,0.0
-0.31562,9.932712,3.1950000000000003,0.5236
-0.31562,9.941688,3.1950000000000003,0.02618
-0.31562,9.951688,3.1950000000000003,0.5236
-0.31562,9.961688,3.1950000000000003,0.05236
-0.31562,9.971688,3.1950000000000003,0.5236
-0.31562,9.980664,3.1950000000000003,0.07854
-0.31562,9.990664,3.1950000000000003,0.5236
-0.31562,10.000664,3.1950000000000003,0.10472
-0.31562,10.010664,3.1950000000000003,0.5236
-0.31562,10.01964,3.1950000000000003,0.1309
-0.31562,10.02964,3.1950000000000003,0.5236
-0.31562,10.03964,3.1950000000000003,0.15708
-0.31562,10.04964,3.1950000000000003,0.5236
-0.31562,10.05964,3.1950000000000003,0.18326
-0.31562,10.06964,3.1950000000000003,0.5236
-0.31562,10.07964,3.1950000000000003,0.20944
-0.31562,10.08964,3.1950000000000003,0.5236
-0.31562,10.09964,3.1950000000000003,0.23562
-0.31562,10.108616,3.1950000000000003,0.5236
-0.31562,10.118616,3.1950000000000003,0.2618
-0.31562,10.128616,3.1950000000000003,0.5236
-0.31562,10.138616,3.1950000000000003,0.28798
-0.31562,10.147592,3.1950000000000003,0.5236
-0.31562,10.157592,3.1950000000000003,0.31416
-0.31562,10.167592,3.1950000000000003,0.5236
-0.31562,10.177596,3.1950000000000003,0.34034000000000003
-0.31562,10.187592,3.1950000000000003,0.5236
-0.31562,10.197592,3.1950000000000003,0.36652
-0.31562,10.207592,3.1950000000000003,0.5236
-0.31562,10.217592,3.1950000000000003,0.39270000000000005
-0.31562,10.227592,3.1950000000000003,0.5236
-0.31562,10.236568,3.1950000000000003,0.41888
-0.31562,10.246568,3.1950000000000003,0.5236
-0.31562,10.256568,3.1950000000000003,0.44506
-0.31562,10.266568,3.1950000000000003,0.5236
-0.31562,10.275544,3.1950000000000003,0.47124
-0.31562,10.285544,3.1950000000000003,0.5236
-0.31562,10.295544,3.1950000000000003,0.49742
-0.31562,10.305544,3.1950000000000003,0.5236
-0.31562,10.31452,3.1950000000000003,0.5236
-0.31562,10.32452,3.1950000000000003,0.5236
-0.31562,10.33452,3.1950000000000003,0.5236
-0.31562,10.34452,3.1950000000000003,0.5236
-0.31562,10.35452,3.1950000000000003,0.5236
-0.31562,10.36452,3.1950000000000003,0.5236
-0.31562,10.37452,3.1950000000000003,0.5236
-0.31562,10.38452,3.1950000000000003,0.5236
-0.31562,10.39452,3.1950000000000003,0.5236
-0.31562,10.403496,3.1950000000000003,0.5236
-0.31562,10.413496,3.1950000000000003,0.5236
-0.31562,10.423496,3.1950000000000003,0.5236
-0.31562,10.433496,3.1950000000000003,0.5236
-0.31562,10.442472,3.1950000000000003,0.5236
-0.31562,10.452472,3.1950000000000003,0.5236
-0.31562,10.462472,3.1950000000000003,0.5236
-0.31562,10.472472,3.1950000000000003,0.5236
-0.19983900000000002,10.481448,3.1950000000000003,0.5236
-0.19983900000000002,10.491448,3.1950000000000003,0.5236
-0.19983900000000002,10.501448,3.1950000000000003,0.5236
-0.19983900000000002,10.511448,3.1950000000000003,0.5236
-0.19983900000000002,10.521448,3.1950000000000003,0.5236
-0.19983900000000002,10.531448,3.1950000000000003,0.5236
-0.19983900000000002,10.541448,3.1950000000000003,0.5236
-0.19983900000000002,10.551448,3.1950000000000003,0.5236
-0.19983900000000002,10.561448,3.1950000000000003,0.5236
-0.19983900000000002,10.570424,3.1950000000000003,0.5236
-0.19983900000000002,10.580424,3.1950000000000003,0.5236
-0.19983900000000002,10.590424,3.1950000000000003,0.5236
-0.19983900000000002,10.600424,3.1950000000000003,0.5236
-0.19983900000000002,10.6094,3.1950000000000003,0.5236
-0.19983900000000002,10.6194,3.1950000000000003,0.5236
-0.19983900000000002,10.6294,3.1950000000000003,0.5236
-0.19983900000000002,10.6394,3.1950000000000003,0.5236
-0.19983900000000002,10.648376,3.1950000000000003,0.5236
-0.19983900000000002,10.658376,3.1950000000000003,0.5236
-0.19983900000000002,10.668376,3.1950000000000003,0.5236
-0.31562,10.678376,3.1950000000000003,0.5236
-0.31562,10.688376,3.1950000000000003,0.5236
-0.31562,10.698376,3.1950000000000003,0.5236
-0.31562,10.708376,3.1950000000000003,0.5236
-0.31562,10.718376,3.1950000000000003,0.5236
-0.31562,10.728376,3.1950000000000003,0.5236
-0.31562,10.737352,3.1950000000000003,0.5236
-0.31562,10.747352,3.1950000000000003,0.5236
-0.31562,10.757352,3.1950000000000003,0.5236
-0.31562,10.767352,3.1950000000000003,0.5236
-0.31562,10.776328,3.1950000000000003,0.5236
-0.31562,10.786328,3.1950000000000003,0.5236
-0.31562,10.796328,3.1950000000000003,0.5236
-0.31562,10.806332,3.1950000000000003,0.5236
-0.31562,10.816328,3.1950000000000003,0.5236
-0.31562,10.826328,3.1950000000000003,0.5236
-0.31562,10.836328,3.1950000000000003,0.5236
-0.31562,10.846328,3.1950000000000003,0.5236
-0.31562,10.856328,3.1950000000000003,0.5236
-0.31562,10.865304,3.1950000000000003,0.5236
-0.31562,10.875304,3.1950000000000003,0.5236
-0.31562,10.885304,3.1950000000000003,0.5236
-0.31562,10.895304,3.1950000000000003,0.5236
-0.31562,10.90428,3.1950000000000003,0.5236
-0.31562,10.91428,3.1950000000000003,0.5236
-0.31562,10.92428,3.1950000000000003,0.5236
-0.31562,10.93428,3.1950000000000003,0.5236
-0.31562,10.943256,3.1950000000000003,0.5236
-0.31562,10.953256,3.1950000000000003,0.5236
-0.31562,10.963256,3.1950000000000003,0.5236
-0.31562,10.973256,3.1950000000000003,0.5236
-0.31562,10.983256,3.1950000000000003,0.5236
-0.31562,10.993256,3.1950000000000003,0.5236
-0.37232250000000006,11.003256,3.1950000000000003,0.5236
-0.42721850000000006,11.01328,3.1931935,0.5236
-0.4768524999999999,11.023284,3.1861250000000005,0.5236
-0.5198104999999998,11.03226,3.1723805000000005,0.5236
-0.5564069999999998,11.04226,3.1522745000000003,0.5236
-0.5866414999999998,11.05226,3.1258065,0.5236
-0.6103574999999998,11.062264,3.0928199999999997,0.5236
-0.6274759999999999,11.071236,3.053236,0.5236
-0.6381545,11.081236,3.0072115,0.5236
-0.6425495,11.091236,2.954904,0.5236
-0.640583,11.101248,2.896235,0.5236
-0.6318619999999999,11.110212,2.8308115,0.5236
-0.6163080000000001,11.120212,2.758555,0.5236
-0.5941565,11.130212,2.679701,0.5236
-0.5661145000000001,11.140212,2.5949565000000003,0.5236
-0.534224,11.150212,2.5063635,0.5236
-0.50092,11.159188,2.416357,0.5236
-0.46824449999999995,11.169188,2.326979,0.5236
-0.4368255,11.179192,2.2388575,0.5236
-0.4061135,11.189188,2.1514425,0.5236
-0.31885600000000003,11.198164,2.0641850000000006,0.5236
-0.2333265000000001,11.208144,1.9786555000000001,0.5236
-0.15305899999999997,11.218136,1.8983880000000004,0.5236
-0.07946749999999998,11.228136,1.8247965000000002,0.5236
-0.012237499999999988,11.237112,1.7575665000000003,0.5236
0.0486305,11.247112,1.6966985,0.5236
0.10298000000000003,11.257112,1.6423490000000003,0.5236
0.150732,11.267112,1.5945970000000003,0.5236
0.19204399999999996,11.276088,1.5532855000000003,0.5236
0.2270724999999999,11.286088,1.5182570000000002,0.5236
0.2557394999999999,11.296088,1.4895900000000004,0.5236
0.2776519999999999,11.306088,1.4676775000000004,0.5236
0.29273149999999987,11.316088,1.4525980000000003,0.5236
0.3012134999999999,11.326088,1.4441160000000002,0.5236
0.3038049999999999,11.336088,1.4415245000000003,0.5236
0.3025479999999999,11.346088,1.4427815000000004,0.5236
0.2998774999999999,11.356088,1.4454520000000004,0.5236
0.29783549999999986,11.365064,1.4474940000000003,0.5236
0.29704999999999987,11.375064,1.4482795000000004,0.5236
0.2969714999999999,11.385064,1.4483585000000003,0.5236
0.29704999999999987,11.395064,1.4482800000000005,0.5236
0.29704999999999987,11.40404,1.4482800000000005,0.5236
0.29704999999999987,11.41404,1.4482800000000005,0.5236
0.29704999999999987,11.42404,1.4482800000000005,0.5236
0.29704999999999987,11.434044,1.4482800000000005,0.5236
0.29704999999999987,11.44404,1.4482800000000005,0.5236
0.29704999999999987,11.45404,1.4482800000000005,0.5236
0.29704999999999987,11.46404,1.4482800000000005,0.5236
0.29704999999999987,11.47404,1.4482800000000005,0.5236
0.29704999999999987,11.48404,1.4482800000000005,0.5236
0.29704999999999987,11.49404,1.4482800000000005,0.5236
0.29704999999999987,11.50404,1.4482800000000005,0.5236
0.29704999999999987,11.51404,1.4482800000000005,0.5236
0.29704999999999987,11.52404,1.4482800000000005,0.5236
0.29704999999999987,11.533016,1.4482800000000005,0.5236
0.29704999999999987,11.543016,1.4482800000000005,0.5236
0.29704999999999987,11.553016,1.4482800000000005,0.5236
0.29704999999999987,11.563016,1.4482800000000005,0.5236
0.29704999999999987,11.571992,1.4482800000000005,0.5236
0.29704999999999987,11.581992,1.4482800000000005,0.5236
0.29704999999999987,11.591992,1.4482800000000005,0.5236
0.29704999999999987,11.601992,1.4482800000000005,0.5236
0.29704999999999987,11.611992,1.4482800000000005,0.5236
0.29704999999999987,11.621992,1.4482800000000005,0.5236
0.29704999999999987,11.631992,1.4482800000000005,0.5236
0.29704999999999987,11.641992,1.4482800000000005,0.5236
0.29704999999999987,11.651992,1.4482800000000005,0.5236
0.29704999999999987,11.661992,1.4482800000000005,0.5236
0.29704999999999987,11.671992,1.4482800000000005,0.5236
0.29704999999999987,11.681992,1.4482800000000005,0.5236
0.29704999999999987,11.691992,1.4482800000000005,0.5236
0.29704999999999987,11.700968,1.4482800000000005,0.5236
0.29704999999999987,11.710968,1.4482800000000005,0.5236
0.29704999999999987,11.720968,1.4482800000000005,0.5236
0.29704999999999987,11.730968,1.4482800000000005,0.5236
0.29704999999999987,11.739944,1.4482800000000005,0.5236
0.29704999999999987,11.749944,1.4482800000000005,0.5236
0.29704999999999987,11.759944,1.4482800000000005,0.5236
0.29704999999999987,11.769944,1.4482800000000005,0.5236
0.29704999999999987,11.779944,1.4482800000000005,0.5236
0.29704999999999987,11.789944,1.4482800000000005,0.5236
0.29704999999999987,11.799944,1.4482800000000005,0.5236
0.29704999999999987,11.809944,1.4482800000000005,0.5236
0.29704999999999987,11.819944,1.4482800000000005,0.5236
0.29704999999999987,11.82892,1.4482800000000005,0.5236
0.29704999999999987,11.83892,1.4482800000000005,0.5236
0.29704999999999987,11.84892,1.4482800000000005,0.5236
0.29704999999999987,11.85892,1.4482800000000005,0.5236
0.29704999999999987,11.867896,1.4482800000000005,0.5236
0.29704999999999987,11.877896,1.4482800000000005,0.5236
0.29704999999999987,11.887896,1.4482800000000005,0.5236
0.29704999999999987,11.897896,1.4482800000000005,0.5236
0.29704999999999987,11.906872,1.4482800000000005,0.5236
0.29704999999999987,11.916872,1.4482800000000005,0.5236
0.29704999999999987,11.926872,1.4482800000000005,0.5236
0.29704999999999987,11.936872,1.4482800000000005,0.5236
0.29704999999999987,11.946872,1.4482800000000005,0.5236
0.29704999999999987,11.956872,1.4482800000000005,0.5236
0.29704999999999987,11.966872,1.4482800000000005,0.5236
0.29704999999999987,11.976872,1.4482800000000005,0.5236
0.29704999999999987,11.986872,1.4482800000000005,0.5236
0.29704999999999987,11.995848,1.4482800000000005,0.5236
0.29704999999999987,12.005848,1.4482800000000005,0.5236
0.29704999999999987,12.015848,1.4482800000000005,0.5236
0.29704999999999987,12.025848,1.4482800000000005,0.5236
0.29704999999999987,12.034824,1.4482800000000005,0.5236
0.29704999999999987,12.044824,1.4482800000000005,0.5236
0.29704999999999987,12.054824,1.4482800000000005,0.5236
0.29704999999999987,12.064828,1.4482800000000005,0.5236
0.29704999999999987,12.074824,1.4482800000000005,0.5236
0.29704999999999987,12.084824,1.4482800000000005,0.5236
0.29704999999999987,12.094824,1.4482800000000005,0.5236
0.29704999999999987,12.104824,1.4482800000000005,0.5236
0.29704999999999987,12.114824,1.4482800000000005,0.5236
0.29704999999999987,12.124824,1.4482800000000005,0.5236
0.29704999999999987,12.134824,1.4482800000000005,0.5236
0.29704999999999987,12.144824,1.4482800000000005,0.5236
0.29704999999999987,12.154824,1.4482800000000005,0.5236
0.29704999999999987,12.1638,1.4482800000000005,0.5236
0.29704999999999987,12.1738,1.4482800000000005,0.5236
0.29704999999999987,12.1838,1.4482800000000005,0.5236
0.29704999999999987,12.1938,1.4482800000000005,0.5236
0.29704999999999987,12.202776,1.4482800000000005,0.5236
0.29704999999999987,12.212776,1.4482800000000005,0.5236
0.29704999999999987,12.222776,1.4482800000000005,0.5236
0.29704999999999987,12.232776,1.4482800000000005,0.5236
0.29704999999999987,12.242776,1.4482800000000005,0.5236
0.29704999999999987,12.252776,1.4482800000000005,0.5236
0.29704999999999987,12.262776,1.4482800000000005,0.5236
0.29704999999999987,12.272776,1.4482800000000005,0.5236
0.29704999999999987,12.282776,1.4482800000000005,0.5236
0.29704999999999987,12.292776,1.4482800000000005,0.5236
0.29704999999999987,12.302776,1.4482800000000005,0.5236
0.29704999999999987,12.312776,1.4482800000000005,0.5236
0.29704999999999987,12.322776,1.4482800000000005,0.5236
0.29704999999999987,12.331752,1.4482800000000005,0.5236
0.29704999999999987,12.341752,1.4482800000000005,0.5236
0.29704999999999987,12.351752,1.4482800000000005,0.5236
0.29704999999999987,12.361752,1.4482800000000005,0.5236
0.29704999999999987,12.370728,1.4482800000000005,0.5236
0.29704999999999987,12.380728,1.4482800000000005,0.5236
0.29704999999999987,12.390728,1.4482800000000005,0.5236
0.29704999999999987,12.400728,1.4482800000000005,0.5236
0.29704999999999987,12.410728,1.4482800000000005,0.5236
0.29704999999999987,12.420728,1.4482800000000005,0.5236
0.29704999999999987,12.430728,1.4482800000000005,0.5236
0.29704999999999987,12.440728,1.4482800000000005,0.5236
0.29704999999999987,12.450728,1.4482800000000005,0.5236
0.29704999999999987,12.459704,1.4482800000000005,0.5236
0.29704999999999987,12.469704,1.4482800000000005,0.5236
0.29704999999999987,12.479704,1.4482800000000005,0.5236
0.29704999999999987,12.489704,1.4482800000000005,0.5236
0.29704999999999987,12.49868,1.4482800000000005,0.5236
0.29704999999999987,12.50868,1.4482800000000005,0.5236
0.29704999999999987,12.51868,1.4482800000000005,0.5236
0.29704999999999987,12.52868,1.4482800000000005,0.5236
0.29704999999999987,12.537656,1.4482800000000005,0.5236
0.29704999999999987,12.547656,1.4482800000000005,0.5236
0.29704999999999987,12.557656,1.4482800000000005,0.5236
0.29704999999999987,12.567656,1.4482800000000005,0.5236
0.29704999999999987,12.577656,1.4482800000000005,0.5236
0.29704999999999987,12.587656,1.4482800000000005,0.5236
0.29704999999999987,12.597656,1.4482800000000005,0.5236
0.29704999999999987,12.607656,1.4482800000000005,0.5236
0.29704999999999987,12.617656,1.4482800000000005,0.5236
0.29704999999999987,12.626632,1.4482800000000005,0.5236
0.29704999999999987,12.636632,1.4482800000000005,0.5236
0.29704999999999987,12.646632,1.4482800000000005,0.5236
0.29704999999999987,12.656632,1.4482800000000005,0.5236
0.29704999999999987,12.665608,1.4482800000000005,0.5236
0.29704999999999987,12.675608,1.4482800000000005,0.5236
0.29704999999999987,12.685608,1.4482800000000005,0.5236
0.29704999999999987,12.695612,1.4482800000000005,0.5236
0.29704999999999987,12.705608,1.4482800000000005,0.5236
0.29704999999999987,12.715608,1.4482800000000005,0.5236
0.29704999999999987,12.725608,1.4482800000000005,0.5236
0.29704999999999987,12.735608,1.4482800000000005,0.5236
0.29704999999999987,12.745608,1.4482800000000005,0.5236
0.29704999999999987,12.755608,1.4482800000000005,0.5236
0.29704999999999987,12.765608,1.4482800000000005,0.5236
0.29704999999999987,12.775608,1.4482800000000005,0.5236
0.29704999999999987,12.785608,1.4482800000000005,0.5236
0.29704999999999987,12.794584,1.4482800000000005,0.5236
0.29704999999999987,12.804584,1.4482800000000005,0.5236
0.29704999999999987,12.814584,1.4482800000000005,0.5236
0.29704999999999987,12.824584,1.4482800000000005,0.5236
0.29704999999999987,12.83356,1.4482800000000005,0.5236
0.29704999999999987,12.84356,1.4482800000000005,0.5236
0.29704999999999987,12.85356,1.4482800000000005,0.5236
0.29704999999999987,12.86356,1.4482800000000005,0.5236
0.29704999999999987,12.87356,1.4482800000000005,0.5236
0.29704999999999987,12.88356,1.4482800000000005,0.5236
0.29704999999999987,12.89356,1.4482800000000005,0.5236
0.29704999999999987,12.90356,1.4482800000000005,0.5236
0.29704999999999987,12.91356,1.4482800000000005,0.5236
0.29704999999999987,12.92356,1.4482800000000005,0.5236
0.29704999999999987,12.93356,1.4482800000000005,0.5236
0.29704999999999987,12.94356,1.4482800000000005,0.5236
0.29704999999999987,12.95356,1.4482800000000005,0.5236
0.29704999999999987,12.962536,1.4482800000000005,0.5236
0.29704999999999987,12.972536,1.4482800000000005,0.5236
0.29704999999999987,12.982536,1.4482800000000005,0.5236
0.29704999999999987,12.992536,1.4482800000000005,0.5236
0.4803095000000001,13.001512,1.4482800000000005,0.5236
0.6624695000000003,13.011548,1.4493795000000005,0.5236
0.8401529999999999,13.02154,1.4549555000000005,0.5236
1.0103749999999996,13.031536,1.4679930000000003,0.5236
1.1725074999999998,13.04154,1.4891200000000002,0.5236
1.3267075,13.050516,1.5181795000000002,0.5236
1.4730535,13.060516,1.5550930000000003,0.5236
1.6115455,13.070516,1.5998605000000001,0.5236
1.7422620000000002,13.080516,1.6524035000000001,0.5236
1.8652815000000005,13.089492,1.7126435000000002,0.5236
1.9806830000000002,13.099492,1.7805015000000002,0.5236
2.088466,13.1095,1.8559780000000001,0.5236
2.1887090000000007,13.119492,1.9389944999999997,0.5236
2.2814910000000004,13.128468,2.0294719999999997,0.5236
2.3667330000000004,13.138468,2.1274895,0.5236
2.4445135000000007,13.148468,2.2329684999999997,0.5236
2.5149115,13.158476,2.34583,0.5236
2.5780055000000006,13.167444,2.4659955,0.5236
2.633795,13.177444,2.5934654999999998,0.5236
2.6822805000000005,13.187444,2.7282395,0.5236
2.5402805,13.197444,2.8702395000000003,0.5236
2.3921545,13.207444,3.0183655,0.5236
2.2412795000000005,13.21642,3.1692405,0.5236
2.0904045000000004,13.22642,3.3201154999999996,0.5236
1.9402365000000004,13.23642,3.4702835000000003,0.5236
1.7908540000000004,13.24642,3.6196665000000006,0.5236
1.6418640000000004,13.255396,3.7686565000000005,0.5236
1.4932665000000003,13.265404,3.917254,0.5236
1.3452975000000003,13.275396,4.065223,0.5236
1.1987425000000003,13.2854,4.211778,0.5236
1.0555640000000004,13.294372,4.3549565,0.5236
0.918198,13.304372,4.4923225,0.5236
0.788686,13.314372,4.6218344999999985,0.5236
0.6678915,13.324372,4.742629,0.5236
0.5558939999999999,13.334372,4.854626499999999,0.5236
0.45300699999999994,13.343344,4.957513499999999,0.5236
0.3599375,13.353344,5.050583,0.5236
0.27731350000000005,13.363348,5.133206999999999,0.5236
0.20529250000000007,13.373352,5.205227999999998,0.5236
0.14395300000000003,13.382324,5.266567499999998,0.5236
0.09282400000000002,13.392324,5.3176964999999985,0.5236
0.05017700000000003,13.402324,5.360343499999998,0.5236
0.014205500000000032,13.412324,5.396314999999999,0.5236
-0.015639499999999962,13.4213,5.426159999999999,0.5236
-0.03912299999999997,13.4313,5.4496435,0.5236
-0.05577349999999997,13.44128,5.466293499999999,0.5236
-0.06496249999999996,13.451272,5.4754825,0.5236
-0.06668999999999997,13.460248,5.4772099999999995,0.5236
-0.06127049999999998,13.470248,5.471790500000001,0.5236
-0.04956799999999998,13.480248,5.460088000000001,0.5236
-0.033624,13.490248,5.444144000000001,0.5236
-0.01587399999999999,13.500248,5.426394000000001,0.5236
0.0015619999999999913,13.510248,5.408958000000002,0.5236
0.017741500000000004,13.520248,5.392778500000002,0.5236
0.03266399999999999,13.530248,5.377856000000001,0.5236
0.04593749999999999,13.540248,5.364582500000002,0.5236
0.05677599999999999,13.549224,5.3537440000000025,0.5236
0.06447299999999999,13.559224,5.346047000000002,0.5236
0.06887149999999999,13.569224,5.341648500000002,0.5236
0.06989249999999997,13.579224,5.340627500000001,0.5236
0.06792899999999998,13.5882,5.342591000000002,0.5236
0.06470899999999999,13.5982,5.345811000000002,0.5236
0.06203899999999998,13.6082,5.348481000000003,0.5236
0.06070399999999997,13.6182,5.349816000000003,0.5236
0.06038999999999997,13.627176,5.350130000000004,0.5236
0.06038999999999997,13.637176,5.350130000000004,0.5236
0.06038999999999997,13.647176,5.350130000000004,0.5236
0.06038999999999997,13.657176,5.350130000000004,0.5236
0.06038999999999997,13.667176,5.350130000000004,0.5236
0.06038999999999997,13.677176,5.350130000000004,0.5236
0.06038999999999997,13.687176,5.350130000000004,0.5236
0.06038999999999997,13.697176,5.350130000000004,0.5236
0.06038999999999997,13.707176,5.350130000000004,0.5236
0.06038999999999997,13.716152,5.350130000000004,0.5236
0.06038999999999997,13.726152,5.350130000000004,0.5236
0.06038999999999997,13.736152,5.350130000000004,0.5236
0.06038999999999997,13.746152,5.350130000000004,0.5236
0.06038999999999997,13.755128,5.350130000000004,0.5236
0.06038999999999997,13.765128,5.350130000000004,0.5236
0.06038999999999997,13.775128,5.350130000000004,0.5236
0.06038999999999997,13.785128,5.350130000000004,0.5236
0.06038999999999997,13.794104,5.350130000000004,0.5236
0.06038999999999997,13.804104,5.350130000000004,0.5236
0.06038999999999997,13.814104,5.350130000000004,0.5236
0.06038999999999997,13.824104,5.350130000000004,0.5236
0.06038999999999997,13.834104,5.350130000000004,0.5236
0.06038999999999997,13.844104,5.350130000000004,0.5236
0.06038999999999997,13.854104,5.350130000000004,0.5236
0.06038999999999997,13.864104,5.350130000000004,0.5236
0.06038999999999997,13.874104,5.350130000000004,0.5236
0.06038999999999997,13.88308,5.350130000000004,0.5236
0.06038999999999997,13.89308,5.350130000000004,0.5236
0.06038999999999997,13.90308,5.350130000000004,0.5236
0.06038999999999997,13.91308,5.350130000000004,0.5236
0.06038999999999997,13.922056,5.350130000000004,1.22173
0.06038999999999997,13.932056,5.350130000000004,0.5585065
0.06038999999999997,13.942056,5.350130000000004,1.22173
0.06038999999999997,13.95206,5.350130000000004,0.5934130000000001
0.06038999999999997,13.962056,5.350130000000004,1.22173
0.06038999999999997,13.972056,5.350130000000004,0.6283195
0.06038999999999997,13.982056,5.350130000000004,1.22173
0.06038999999999997,13.992056,5.350130000000004,0.6632260000000001
0.06038999999999997,14.002056,5.350130000000004,1.22173
0.06038999999999997,14.012056,5.350130000000004,0.6981325
0.06038999999999997,14.022056,5.350130000000004,1.22173
0.06038999999999997,14.032056,5.350130000000004,0.7330390000000001
0.06038999999999997,14.042056,5.350130000000004,1.22173
0.06038999999999997,14.051032,5.350130000000004,0.7679455000000001
0.06038999999999997,14.061032,5.350130000000004,1.22173
0.06038999999999997,14.071032,5.350130000000004,0.8028520000000001
0.06038999999999997,14.081032,5.350130000000004,1.22173
0.06038999999999997,14.090008,5.350130000000004,0.8377585000000001
0.06038999999999997,14.100008,5.350130000000004,1.22173
0.06038999999999997,14.110008,5.350130000000004,0.872665
0.06038999999999997,14.120008,5.350130000000004,1.22173
0.06038999999999997,14.130008,5.350130000000004,0.9075714999999998
0.06038999999999997,14.140008,5.350130000000004,1.22173
0.06038999999999997,14.150008,5.350130000000004,0.9424779999999997
0.06038999999999997,14.160008,5.350130000000004,1.22173
0.06038999999999997,14.170008,5.350130000000004,0.9773844999999999
0.06038999999999997,14.178984,5.350130000000004,1.22173
0.06038999999999997,14.188984,5.350130000000004,1.012291
0.06038999999999997,14.198984,5.350130000000004,1.22173
0.06038999999999997,14.208984,5.350130000000004,1.0471975
0.06038999999999997,14.21796,5.350130000000004,1.22173
0.06038999999999997,14.22796,5.350130000000004,1.0821040000000002
0.06038999999999997,14.23796,5.350130000000004,1.22173
0.06038999999999997,14.24796,5.350130000000004,1.1170105000000004
0.06038999999999997,14.256936,5.350130000000004,1.22173
0.06038999999999997,14.266936,5.350130000000004,1.1519170000000005
0.06038999999999997,14.276936,5.350130000000004,1.22173
0.06038999999999997,14.286936,5.350130000000004,1.1868235000000007
0.06038999999999997,14.296936,5.350130000000004,1.22173
0.06038999999999997,14.306936,5.350130000000004,1.2217300000000006
0.06038999999999997,14.316936,5.350130000000004,1.22173
0.06038999999999997,14.326936,5.350130000000004,1.2217300000000006
0.06038999999999997,14.336936,5.350130000000004,1.22173
0.06038999999999997,14.345912,5.350130000000004,1.2217300000000006
0.06038999999999997,14.355912,5.350130000000004,1.22173
0.06038999999999997,14.365912,5.350130000000004,1.2217300000000006
0.06038999999999997,14.375912,5.350130000000004,1.22173
0.06038999999999997,14.384888,5.350130000000004,1.2217300000000006
0.06038999999999997,14.394888,5.350130000000004,1.22173
0.06038999999999997,14.404888,5.350130000000004,1.2217300000000006
0.06038999999999997,14.414888,5.350130000000004,1.22173
0.06038999999999997,14.423864,5.350130000000004,1.2217300000000006
0.06038999999999997,14.433864,5.350130000000004,1.22173
0.06038999999999997,14.443864,5.350130000000004,1.2217300000000006
0.06038999999999997,14.453864,5.350130000000004,1.22173
0.06038999999999997,14.463864,5.350130000000004,1.2217300000000006
0.06038999999999997,14.473864,5.350130000000004,1.22173
0.06038999999999997,14.483864,5.350130000000004,1.2217300000000006
0.06038999999999997,14.493864,5.350130000000004,1.22173
0.06038999999999997,14.503864,5.350130000000004,1.2217300000000006
0.06038999999999997,14.51284,5.350130000000004,1.22173
0.06038999999999997,14.52284,5.350130000000004,1.2217300000000006
0.06038999999999997,14.53284,5.350130000000004,1.22173
0.06038999999999997,14.54284,5.350130000000004,1.2217300000000006
0.06038999999999997,14.551816,5.350130000000004,1.22173
0.06038999999999997,14.561816,5.350130000000004,1.2217300000000006
0.06038999999999997,14.571816,5.350130000000004,1.22173
0.06038999999999997,14.58182,5.350130000000004,1.2217300000000006
0.06038999999999997,14.591816,5.350130000000004,1.22173
0.06038999999999997,14.601816,5.350130000000004,1.2217300000000006
0.06038999999999997,14.611816,5.350130000000004,1.22173
0.06038999999999997,14.621816,5.350130000000004,1.2217300000000006
0.06038999999999997,14.631816,5.350130000000004,1.22173
0.06038999999999997,14.641816,5.350130000000004,1.2217300000000006
0.06038999999999997,14.651816,5.350130000000004,1.22173
0.06038999999999997,14.661816,5.350130000000004,1.2217300000000006
0.06038999999999997,14.671816,5.350130000000004,1.22173
0.06038999999999997,14.680792,5.350130000000004,1.2217300000000006
0.06038999999999997,14.690792,5.350130000000004,1.22173
0.06038999999999997,14.700792,5.350130000000004,1.2217300000000006
0.06038999999999997,14.710792,5.350130000000004,1.22173
0.06038999999999997,14.719768,5.350130000000004,1.2217300000000006
0.06038999999999997,14.729768,5.350130000000004,1.22173
0.06038999999999997,14.739768,5.350130000000004,1.2217300000000006
0.06038999999999997,14.749768,5.350130000000004,1.22173
0.06038999999999997,14.759768,5.350130000000004,1.2217300000000006
0.06038999999999997,14.769768,5.350130000000004,1.22173
0.06038999999999997,14.779768,5.350130000000004,1.2217300000000006
0.06038999999999997,14.789768,5.350130000000004,1.22173
0.06038999999999997,14.799768,5.350130000000004,1.2217300000000006
0.06038999999999997,14.808744,5.350130000000004,1.22173
0.06038999999999997,14.818744,5.350130000000004,1.2217300000000006
0.06038999999999997,14.828744,5.350130000000004,1.22173
0.06038999999999997,14.838744,5.350130000000004,1.2217300000000006
0.06038999999999997,14.84772,5.350130000000004,1.22173
0.06038999999999997,14.85772,5.350130000000004,1.2217300000000006
0.06038999999999997,14.86772,5.350130000000004,1.22173
0.06038999999999997,14.87772,5.350130000000004,1.2217300000000006
0.06038999999999997,14.886696,5.350130000000004,1.22173
0.06038999999999997,14.896696,5.350130000000004,1.2217300000000006
0.06038999999999997,14.906696,5.350130000000004,1.22173
0.06038999999999997,14.916696,5.350130000000004,1.2217300000000006
0.06038999999999997,14.926696,5.350130000000004,1.22173
0.06038999999999997,14.936696,5.350130000000004,1.2217300000000006
0.06038999999999997,14.946696,5.350130000000004,1.22173
0.06038999999999997,14.956696,5.350130000000004,1.2217300000000006
0.06038999999999997,14.966696,5.350130000000004,1.22173
0.06038999999999997,14.975672,5.350130000000004,1.2217300000000006
0.06038999999999997,14.985672,5.350130000000004,1.22173
0.06038999999999997,14.995672,5.350130000000004,1.2217300000000006
-0.009423500000000015,15.005672,5.350130000000004,1.22173
-0.07805850000000003,15.014668,5.348952000000003,1.2217300000000006
-0.14229550000000005,15.024676,5.343376000000003,1.22173
-0.20001350000000004,15.034692,5.3312810000000015,1.2217300000000006
-0.25137000000000004,15.04468,5.312824500000001,1.22173
-0.2966005,15.053656,5.288241500000002,1.2217300000000006
-0.33554750000000005,15.062632,5.257375500000001,1.22173
-0.36829,15.072632,5.220305000000001,1.2217300000000006
-0.3949850000000001,15.082632,5.177187000000001,1.22173
-0.415161,15.092632,5.127550000000001,1.2217300000000006
-0.4284255,15.101604,5.0710015,1.22173
-0.4347000000000001,15.111604,5.007463,1.2217300000000006
-0.43414150000000007,15.121604,4.9370915,1.22173
-0.42769250000000003,15.131624,4.8608295,1.2217300000000006
-0.41739500000000007,15.140584,4.7807189999999995,1.22173
-0.4057625,15.150584,4.699273499999999,1.2217300000000006
-0.394444,15.16058,4.618142,1.22173
-0.38359699999999997,15.17058,4.5374815,1.2217300000000006
-0.37275,15.17956,4.456821,1.22173
-0.3618245,15.189536,4.376081999999999,1.2217300000000006
-0.28108550000000004,15.199528,4.295342999999999,1.22173
-0.201525,15.209532,4.215781999999999,1.2217300000000006
-0.12636250000000002,15.219528,4.140618999999999,1.22173
-0.05771900000000001,15.229528,4.071974999999998,1.2217300000000006
0.004562999999999995,15.239528,4.009692499999999,1.22173
0.060718999999999995,15.249528,3.9535364999999985,1.2217300000000006
0.11059150000000001,15.259528,3.903663499999999,1.22173
0.15425950000000002,15.268504,3.8599949999999987,1.2217300000000006
0.19188000000000008,15.278504,3.8223739999999986,1.22173
0.22298150000000005,15.288504,3.791271999999999,1.2217300000000006
0.24717150000000007,15.298504,3.7670814999999993,1.22173
0.26437150000000004,15.30748,3.7498809999999985,1.2217300000000006
0.27473850000000005,15.31748,3.7395134999999993,1.22173
0.27921500000000005,15.32748,3.735036499999999,1.2217300000000006
0.27984300000000006,15.33748,3.7344079999999993,1.22173
0.27913600000000005,15.346456,3.735114499999999,1.2217300000000006
0.2787430000000001,15.356456,3.7355069999999984,1.22173
0.27882150000000006,15.366456,3.7354284999999985,1.2217300000000006
0.2789000000000001,15.376456,3.7353499999999986,1.22173
0.2789000000000001,15.386456,3.7353499999999986,1.2217300000000006
0.2789000000000001,15.396456,3.7353499999999986,1.22173
0.2789000000000001,15.406456,3.7353499999999986,1.2217300000000006
0.2789000000000001,15.416456,3.7353499999999986,1.22173
0.2789000000000001,15.426456,3.7353499999999986,1.2217300000000006
0.2789000000000001,15.435432,3.7353499999999986,1.22173
0.2789000000000001,15.445432,3.7353499999999986,1.2217300000000006
0.2789000000000001,15.455432,3.7353499999999986,1.22173
0.2789000000000001,15.465432,3.7353499999999986,1.2217300000000006
0.2789000000000001,15.474408,3.7353499999999986,1.22173
0.2789000000000001,15.484408,3.7353499999999986,1.2217300000000006
0.2789000000000001,15.494408,3.7353499999999986,1.22173
0.2789000000000001,15.504408,3.7353499999999986,1.2217300000000006
0.2789000000000001,15.513384,3.7353499999999986,1.22173
0.2789000000000001,15.523384,3.7353499999999986,1.2217300000000006
0.2789000000000001,15.533384,3.7353499999999986,1.22173
0.2789000000000001,15.543384,3.7353499999999986,1.2217300000000006
0.2789000000000001,15.553384,3.7353499999999986,1.22173
0.2789000000000001,15.563384,3.7353499999999986,1.2217300000000006
0.2789000000000001,15.573384,3.7353499999999986,1.22173
0.2789000000000001,15.583384,3.7353499999999986,1.2217300000000006
0.2789000000000001,15.593384,3.7353499999999986,1.22173
0.2789000000000001,15.60236,3.7353499999999986,1.2217300000000006
0.2789000000000001,15.61236,3.7353499999999986,1.22173
0.2789000000000001,15.62236,3.7353499999999986,1.2217300000000006
0.2789000000000001,15.63236,3.7353499999999986,1.22173
0.2789000000000001,15.641336,3.7353499999999986,1.2217300000000006
0.2789000000000001,15.651336,3.7353499999999986,1.22173
0.2789000000000001,15.661336,3.7353499999999986,1.2217300000000006
0.2789000000000001,15.671336,3.7353499999999986,1.22173
0.2789000000000001,15.680312,3.7353499999999986,1.2217300000000006
0.2789000000000001,15.690312,3.7353499999999986,1.22173
0.2789000000000001,15.700312,3.7353499999999986,1.2217300000000006
0.2789000000000001,15.710312,3.7353499999999986,1.22173
0.2789000000000001,15.720312,3.7353499999999986,1.2217300000000006
0.2789000000000001,15.730312,3.7353499999999986,1.22173
0.2789000000000001,15.740312,3.7353499999999986,1.2217300000000006
0.2789000000000001,15.750312,3.7353499999999986,1.22173
0.2789000000000001,15.760312,3.7353499999999986,1.2217300000000006
0.2789000000000001,15.769288,3.7353499999999986,1.22173
0.2789000000000001,15.779288,3.7353499999999986,1.2217300000000006
0.2789000000000001,15.789288,3.7353499999999986,1.22173
0.2789000000000001,15.799288,3.7353499999999986,1.2217300000000006
0.2789000000000001,15.808264,3.7353499999999986,1.22173
0.2789000000000001,15.818264,3.7353499999999986,1.2217300000000006
0.2789000000000001,15.828264,3.7353499999999986,1.22173
0.2789000000000001,15.838268,3.7353499999999986,1.2217300000000006
0.2789000000000001,15.848264,3.7353499999999986,1.22173
0.2789000000000001,15.858264,3.7353499999999986,1.2217300000000006
0.2789000000000001,15.868264,3.7353499999999986,1.22173
0.2789000000000001,15.878264,3.7353499999999986,1.2217300000000006
0.2789000000000001,15.888264,3.7353499999999986,1.22173
0.2789000000000001,15.89724,3.7353499999999986,1.2217300000000006
0.2789000000000001,15.90724,3.7353499999999986,1.22173
0.2789000000000001,15.91724,3.7353499999999986,1.2217300000000006
0.2789000000000001,15.92724,3.7353499999999986,1.22173
0.2789000000000001,15.936216,3.7353499999999986,1.2217300000000006
0.2789000000000001,15.946216,3.7353499999999986,1.22173
0.2789000000000001,15.956216,3.7353499999999986,1.2217300000000006
0.2789000000000001,15.966216,3.7353499999999986,1.22173
0.2789000000000001,15.975192,3.7353499999999986,1.2217300000000006
0.2789000000000001,15.985192,3.7353499999999986,1.22173
0.2789000000000001,15.995192,3.7353499999999986,1.2217300000000006
0.2789000000000001,16.005192,3.7353499999999986,1.22173
0.2789000000000001,16.015192,3.7353499999999986,1.2217300000000006
0.2789000000000001,16.025192,3.7353499999999986,1.22173
0.2789000000000001,16.035192,3.7353499999999986,1.2217300000000006
0.2789000000000001,16.045192,3.7353499999999986,1.22173
0.2789000000000001,16.055192,3.7353499999999986,1.2217300000000006
0.2789000000000001,16.064168,3.7353499999999986,1.22173
0.2789000000000001,16.074168,3.7353499999999986,1.2217300000000006
0.2789000000000001,16.084168,3.7353499999999986,1.22173
0.2789000000000001,16.094168,3.7353499999999986,1.2217300000000006
0.2789000000000001,16.103144,3.7353499999999986,1.22173
0.2789000000000001,16.113144,3.7353499999999986,1.2217300000000006
0.2789000000000001,16.123144,3.7353499999999986,1.22173
0.2789000000000001,16.133144,3.7353499999999986,1.2217300000000006
0.2789000000000001,16.14212,3.7353499999999986,1.22173
0.2789000000000001,16.15212,3.7353499999999986,1.2217300000000006
0.2789000000000001,16.16212,3.7353499999999986,1.22173
0.2789000000000001,16.17212,3.7353499999999986,1.2217300000000006
0.2789000000000001,16.18212,3.7353499999999986,1.22173
0.2789000000000001,16.19212,3.7353499999999986,1.2217300000000006
0.2789000000000001,16.20212,3.7353499999999986,1.22173
0.2789000000000001,16.21212,3.7353499999999986,1.2217300000000006
0.2789000000000001,16.22212,3.7353499999999986,1.22173
0.2789000000000001,16.231096,3.7353499999999986,1.2217300000000006
0.2789000000000001,16.241096,3.7353499999999986,1.22173
0.2789000000000001,16.251096,3.7353499999999986,1.2217300000000006
0.2789000000000001,16.261096,3.7353499999999986,1.22173
0.2789000000000001,16.270072,3.7353499999999986,1.2217300000000006
0.2789000000000001,16.280072,3.7353499999999986,1.22173
0.2789000000000001,16.290072,3.7353499999999986,1.2217300000000006
0.2789000000000001,16.300072,3.7353499999999986,1.22173
0.2789000000000001,16.309048,3.7353499999999986,1.2217300000000006
0.2789000000000001,16.319048,3.7353499999999986,1.22173
0.2789000000000001,16.329048,3.7353499999999986,1.2217300000000006
0.2789000000000001,16.339048,3.7353499999999986,1.22173
0.2789000000000001,16.349048,3.7353499999999986,1.2217300000000006
0.2789000000000001,16.359048,3.7353499999999986,1.22173
0.2789000000000001,16.369048,3.7353499999999986,1.2217300000000006
0.2789000000000001,16.379048,3.7353499999999986,1.22173
0.2789000000000001,16.389048,3.7353499999999986,1.2217300000000006
0.2789000000000001,16.398024,3.7353499999999986,1.22173
0.2789000000000001,16.408024,3.7353499999999986,1.2217300000000006
0.2789000000000001,16.418024,3.7353499999999986,1.22173
0.2789000000000001,16.428024,3.7353499999999986,1.2217300000000006
0.2789000000000001,16.437,3.7353499999999986,1.22173
0.2789000000000001,16.447,3.7353499999999986,1.2217300000000006
0.2789000000000001,16.457,3.7353499999999986,1.22173
0.2789000000000001,16.467004,3.7353499999999986,1.2217300000000006
0.2789000000000001,16.477,3.7353499999999986,1.22173
0.2789000000000001,16.487,3.7353499999999986,1.2217300000000006
0.2789000000000001,16.497,3.7353499999999986,1.22173
0.2789000000000001,16.507,3.7353499999999986,1.2217300000000006
0.2789000000000001,16.517,3.7353499999999986,1.22173
0.2789000000000001,16.525976,3.7353499999999986,1.2217300000000006
0.2789000000000001,16.535976,3.7353499999999986,1.22173
0.2789000000000001,16.545976,3.7353499999999986,1.2217300000000006
0.2789000000000001,16.555976,3.7353499999999986,1.22173
0.2789000000000001,16.564952,3.7353499999999986,1.2217300000000006
0.2789000000000001,16.574952,3.7353499999999986,1.22173
0.2789000000000001,16.584952,3.7353499999999986,1.2217300000000006
0.2789000000000001,16.594952,3.7353499999999986,1.22173
0.2789000000000001,16.603928,3.7353499999999986,1.2217300000000006
0.2789000000000001,16.613928,3.7353499999999986,1.22173
0.2789000000000001,16.623928,3.7353499999999986,1.2217300000000006
0.2789000000000001,16.633928,3.7353499999999986,1.22173
0.2789000000000001,16.643928,3.7353499999999986,1.2217300000000006
0.2789000000000001,16.653928,3.7353499999999986,1.22173
0.2789000000000001,16.663928,3.7353499999999986,1.2217300000000006
0.2789000000000001,16.673928,3.7353499999999986,1.22173
0.2789000000000001,16.683928,3.7353499999999986,1.2217300000000006
0.2789000000000001,16.692904,3.7353499999999986,1.22173
0.2789000000000001,16.702904,3.7353499999999986,1.2217300000000006
0.2789000000000001,16.712904,3.7353499999999986,1.22173
0.2789000000000001,16.722904,3.7353499999999986,1.2217300000000006
0.2789000000000001,16.73188,3.7353499999999986,1.22173
0.2789000000000001,16.74188,3.7353499999999986,1.2217300000000006
0.2789000000000001,16.75188,3.7353499999999986,1.22173
0.2789000000000001,16.76188,3.7353499999999986,1.2217300000000006
0.2789000000000001,16.770856,3.7353499999999986,1.22173
0.2789000000000001,16.780856,3.7353499999999986,1.2217300000000006
0.2789000000000001,16.790856,3.7353499999999986,1.22173
0.2789000000000001,16.800856,3.7353499999999986,1.2217300000000006
0.2789000000000001,16.810856,3.7353499999999986,1.22173
0.2789000000000001,16.820856,3.7353499999999986,1.2217300000000006
0.2789000000000001,16.830856,3.7353499999999986,1.22173
0.2789000000000001,16.840856,3.7353499999999986,1.2217300000000006
0.2789000000000001,16.850856,3.7353499999999986,1.22173
0.2789000000000001,16.859832,3.7353499999999986,1.2217300000000006
0.2789000000000001,16.869832,3.7353499999999986,1.22173
0.2789000000000001,16.879832,3.7353499999999986,1.2217300000000006
0.2789000000000001,16.889832,3.7353499999999986,1.22173
0.2789000000000001,16.898808,3.7353499999999986,1.2217300000000006
0.2789000000000001,16.908808,3.7353499999999986,1.22173
0.2789000000000001,16.918808,3.7353499999999986,1.2217300000000006
0.2789000000000001,16.928808,3.7353499999999986,1.22173
0.2789000000000001,16.937784,3.7353499999999986,1.2217300000000006
0.2789000000000001,16.947784,3.7353499999999986,1.22173
0.2789000000000001,16.957784,3.7353499999999986,1.2217300000000006
0.2789000000000001,16.967784,3.7353499999999986,1.22173
0.2789000000000001,16.977784,3.7353499999999986,1.2217300000000006
0.2789000000000001,16.987784,3.7353499999999986,1.22173
0.2789000000000001,16.997784,3.7353499999999986,1.2217300000000006
0.11745700000000006,17.007784,3.7353499999999986,1.22173
-0.04249349999999996,17.017892,3.733857999999999,1.2217300000000006
-0.19694600000000007,17.026788,3.726867999999999,1.22173
-0.34220949999999994,17.036788,3.7106889999999986,1.2217300000000006
-0.4771844999999999,17.046788,3.684221499999999,1.22173
-0.6018705,17.056788,3.647464999999999,1.2217300000000006
-0.7160325000000001,17.065764,3.6001839999999987,1.22173
-0.8194345000000001,17.075768,3.542143499999999,1.2217300000000006
-0.9120765000000001,17.085764,3.4733429999999994,1.22173
-0.9940370000000001,17.095768,3.3938609999999994,1.2217300000000006
-1.065473,17.105764,3.3038544999999986,1.22173
-1.1266205,17.11474,3.203559499999999,1.2217300000000006
-1.1776365,17.12474,3.093132499999999,1.22173
-1.2186780000000002,17.13474,2.972730999999999,1.2217300000000006
-1.249902,17.14474,2.8425119999999993,1.22173
-1.271544,17.153716,2.7027114999999995,1.2217300000000006
-1.2837610000000002,17.163716,2.5534859999999995,1.22173
-1.287496,17.173716,2.3957785,1.2217300000000006
-1.285105,17.183716,2.2319445,1.22173
-1.2794935,17.192692,2.0648905,1.2217300000000006
-1.1118895,17.202696,1.8972870000000002,1.22173
-0.9465629999999998,17.212692,1.7319605000000005,1.2217300000000006
-0.7872060000000003,17.222672,1.5726035000000005,1.22173
-0.6370380000000001,17.23164,1.4224355000000004,1.2217300000000006
-0.49715850000000006,17.24164,1.2825560000000003,1.22173
-0.36756799999999995,17.25164,1.1529655000000003,1.2217300000000006
-0.24850150000000004,17.26164,1.0338995000000002,1.22173
-0.14019500000000004,17.27164,0.925593,1.2217300000000006
-0.04264849999999997,17.28164,0.8280465000000001,1.22173
0.04421650000000002,17.29164,0.7411815,1.2217300000000006
0.12055700000000003,17.30164,0.664841,1.22173
0.18660900000000008,17.31164,0.598789,1.2217300000000006
0.24252950000000006,17.320616,0.542869,1.22173
0.28847550000000005,17.330616,0.4969235000000001,1.2217300000000006
0.32460400000000006,17.340616,0.46079549999999997,1.22173
0.35115050000000014,17.350616,0.434249,1.2217300000000006
0.36827200000000015,17.359592,0.4171275,1.22173
0.37691150000000007,17.369592,0.408488,1.2217300000000006
0.3794250000000001,17.379592,0.40597500000000003,1.22173
0.3787180000000001,17.389592,0.406682,1.2217300000000006
0.3774615000000001,17.398568,0.40793850000000004,1.22173
0.37699000000000016,17.408568,0.40841000000000005,1.2217300000000006
0.37699000000000016,17.418568,0.40841000000000005,1.22173
0.37699000000000016,17.428568,0.40841000000000005,1.2217300000000006
0.37699000000000016,17.438568,0.40841000000000005,1.22173
0.37699000000000016,17.448568,0.40841000000000005,1.2217300000000006
0.37699000000000016,17.458568,0.40841000000000005,1.22173
0.37699000000000016,17.468568,0.40841000000000005,1.2217300000000006
0.37699000000000016,17.478568,0.40841000000000005,1.22173
0.37699000000000016,17.487544,0.40841000000000005,1.2217300000000006
0.37699000000000016,17.497544,0.40841000000000005,1.22173
0.37699000000000016,17.507544,0.40841000000000005,1.2217300000000006
0.37699000000000016,17.517544,0.40841000000000005,1.22173
0.37699000000000016,17.52652,0.40841000000000005,1.2217300000000006
0.37699000000000016,17.53652,0.40841000000000005,1.22173
0.37699000000000016,17.54652,0.40841000000000005,1.2217300000000006
0.37699000000000016,17.55652,0.40841000000000005,1.22173
0.37699000000000016,17.565496,0.40841000000000005,1.2217300000000006
0.37699000000000016,17.575496,0.40841000000000005,1.22173
0.37699000000000016,17.585496,0.40841000000000005,1.2217300000000006
0.37699000000000016,17.595496,0.40841000000000005,1.22173
0.37699000000000016,17.605496,0.40841000000000005,1.2217300000000006
0.37699000000000016,17.615496,0.40841000000000005,1.22173
0.37699000000000016,17.625496,0.40841000000000005,1.2217300000000006
0.37699000000000016,17.635496,0.40841000000000005,1.22173
0.37699000000000016,17.645496,0.40841000000000005,1.2217300000000006
0.37699000000000016,17.654472,0.40841000000000005,1.22173
0.37699000000000016,17.664472,0.40841000000000005,1.2217300000000006
0.37699000000000016,17.674472,0.40841000000000005,1.22173
0.37699000000000016,17.684472,0.40841000000000005,1.2217300000000006
0.37699000000000016,17.693448,0.40841000000000005,1.22173
0.37699000000000016,17.703448,0.40841000000000005,1.2217300000000006
0.37699000000000016,17.713448,0.40841000000000005,1.22173
0.37699000000000016,17.723452,0.40841000000000005,1.2217300000000006
0.37699000000000016,17.733448,0.40841000000000005,1.22173
0.37699000000000016,17.743448,0.40841000000000005,1.2217300000000006
0.37699000000000016,17.753448,0.40841000000000005,1.22173
0.37699000000000016,17.763448,0.40841000000000005,1.2217300000000006
0.37699000000000016,17.773448,0.40841000000000005,1.22173
0.37699000000000016,17.783448,0.40841000000000005,1.2217300000000006
0.37699000000000016,17.793448,0.40841000000000005,1.22173
0.37699000000000016,17.803448,0.40841000000000005,1.2217300000000006
0.37699000000000016,17.813448,0.40841000000000005,1.22173
0.37699000000000016,17.822424,0.40841000000000005,1.2217300000000006
0.37699000000000016,17.832424,0.40841000000000005,1.22173
0.37699000000000016,17.842424,0.40841000000000005,1.2217300000000006
0.37699000000000016,17.852424,0.40841000000000005,1.22173
0.37699000000000016,17.8614,0.40841000000000005,1.2217300000000006
0.37699000000000016,17.8714,0.40841000000000005,1.22173
0.37699000000000016,17.8814,0.40841000000000005,1.2217300000000006
0.37699000000000016,17.8914,0.40841000000000005,2.87939
0.37699000000000016,17.9014,0.40841000000000005,1.3046130000000007
0.37699000000000016,17.9114,0.40841000000000005,2.87939
0.37699000000000016,17.9214,0.40841000000000005,1.3874960000000005
0.37699000000000016,17.9314,0.40841000000000005,2.87939
0.37699000000000016,17.9414,0.40841000000000005,1.4703790000000005
0.37699000000000016,17.950376,0.40841000000000005,2.87939
0.37699000000000016,17.960376,0.40841000000000005,1.5532620000000006
0.37699000000000016,17.970376,0.40841000000000005,2.87939
0.37699000000000016,17.980376,0.40841000000000005,1.6361450000000006
0.37699000000000016,17.989352,0.40841000000000005,2.87939
0.37699000000000016,17.999352,0.40841000000000005,1.7190280000000007
0.37699000000000016,18.009352,0.40841000000000005,2.87939
0.37699000000000016,18.019352,0.40841000000000005,1.8019110000000005
0.37699000000000016,18.028328,0.40841000000000005,2.87939
0.37699000000000016,18.038328,0.40841000000000005,1.8847940000000005
0.37699000000000016,18.048328,0.40841000000000005,2.87939
0.37699000000000016,18.058328,0.40841000000000005,1.9676770000000006
0.37699000000000016,18.068328,0.40841000000000005,2.87939
0.37699000000000016,18.078328,0.40841000000000005,2.0505600000000004
0.37699000000000016,18.088328,0.40841000000000005,2.87939
0.37699000000000016,18.098328,0.40841000000000005,2.1334430000000006
0.37699000000000016,18.108328,0.40841000000000005,2.87939
0.37699000000000016,18.117304,0.40841000000000005,2.2163260000000005
0.37699000000000016,18.127304,0.40841000000000005,2.87939
0.37699000000000016,18.137304,0.40841000000000005,2.2992090000000007
0.37699000000000016,18.147304,0.40841000000000005,2.87939
0.37699000000000016,18.15628,0.40841000000000005,2.3820920000000005
0.37699000000000016,18.16628,0.40841000000000005,2.87939
0.37699000000000016,18.17628,0.40841000000000005,2.464975000000001
0.37699000000000016,18.18628,0.40841000000000005,2.87939
0.37699000000000016,18.195256,0.40841000000000005,2.5478580000000006
0.37699000000000016,18.205256,0.40841000000000005,2.87939
0.37699000000000016,18.215256,0.40841000000000005,2.6307410000000004
0.37699000000000016,18.225256,0.40841000000000005,2.87939
0.37699000000000016,18.235256,0.40841000000000005,2.7136240000000007
0.37699000000000016,18.245256,0.40841000000000005,2.87939
0.37699000000000016,18.255256,0.40841000000000005,2.7965070000000005
0.37699000000000016,18.265256,0.40841000000000005,2.87939
0.37699000000000016,18.275256,0.40841000000000005,2.879390000000001
0.37699000000000016,18.284232,0.40841000000000005,2.87939
0.37699000000000016,18.294232,0.40841000000000005,2.879390000000001
0.37699000000000016,18.304232,0.40841000000000005,2.87939
0.37699000000000016,18.314232,0.40841000000000005,2.879390000000001
0.37699000000000016,18.323208,0.40841000000000005,2.87939
0.37699000000000016,18.333208,0.40841000000000005,2.879390000000001
0.37699000000000016,18.343208,0.40841000000000005,2.87939
0.37699000000000016,18.353212,0.40841000000000005,2.879390000000001
0.37699000000000016,18.363208,0.40841000000000005,2.87939
0.37699000000000016,18.373208,0.40841000000000005,2.879390000000001
0.37699000000000016,18.383208,0.40841000000000005,2.87939
0.37699000000000016,18.393208,0.40841000000000005,2.879390000000001
0.37699000000000016,18.403208,0.40841000000000005,2.87939
0.37699000000000016,18.413208,0.40841000000000005,2.879390000000001
0.37699000000000016,18.423208,0.40841000000000005,2.87939
0.37699000000000016,18.433208,0.40841000000000005,2.879390000000001
0.37699000000000016,18.443208,0.40841000000000005,2.87939
0.37699000000000016,18.452184,0.40841000000000005,2.879390000000001
0.37699000000000016,18.462184,0.40841000000000005,2.87939
0.37699000000000016,18.472184,0.40841000000000005,2.879390000000001
0.37699000000000016,18.482184,0.40841000000000005,2.87939
0.37699000000000016,18.49116,0.40841000000000005,2.879390000000001
0.37699000000000016,18.50116,0.40841000000000005,2.87939
0.37699000000000016,18.51116,0.40841000000000005,2.879390000000001
0.37699000000000016,18.52116,0.40841000000000005,2.87939
0.37699000000000016,18.53116,0.40841000000000005,2.879390000000001
0.37699000000000016,18.54116,0.40841000000000005,2.87939
0.37699000000000016,18.55116,0.40841000000000005,2.879390000000001
0.37699000000000016,18.56116,0.40841000000000005,2.87939
0.37699000000000016,18.57116,0.40841000000000005,2.879390000000001
0.37699000000000016,18.580136,0.40841000000000005,2.87939
0.37699000000000016,18.590136,0.40841000000000005,2.879390000000001
0.37699000000000016,18.600136,0.40841000000000005,2.87939
0.37699000000000016,18.610136,0.40841000000000005,2.879390000000001
0.37699000000000016,18.619112,0.40841000000000005,2.87939
0.37699000000000016,18.629112,0.40841000000000005,2.879390000000001
0.37699000000000016,18.639112,0.40841000000000005,2.87939
0.37699000000000016,18.649112,0.40841000000000005,2.879390000000001
0.37699000000000016,18.658088,0.40841000000000005,2.87939
0.37699000000000016,18.668088,0.40841000000000005,2.879390000000001
0.37699000000000016,18.678088,0.40841000000000005,2.87939
0.37699000000000016,18.688088,0.40841000000000005,2.879390000000001
0.37699000000000016,18.698088,0.40841000000000005,2.87939
0.37699000000000016,18.708088,0.40841000000000005,2.879390000000001
0.37699000000000016,18.718088,0.40841000000000005,2.87939
0.37699000000000016,18.728088,0.40841000000000005,2.879390000000001
0.37699000000000016,18.738088,0.40841000000000005,2.87939
0.37699000000000016,18.747064,0.40841000000000005,2.879390000000001
0.37699000000000016,18.757064,0.40841000000000005,2.87939
0.37699000000000016,18.767064,0.40841000000000005,2.879390000000001
0.37699000000000016,18.777064,0.40841000000000005,2.87939
0.37699000000000016,18.78604,0.40841000000000005,2.879390000000001
0.37699000000000016,18.79604,0.40841000000000005,2.87939
0.37699000000000016,18.80604,0.40841000000000005,2.879390000000001
0.37699000000000016,18.81604,0.40841000000000005,2.87939
0.37699000000000016,18.825016,0.40841000000000005,2.879390000000001
0.37699000000000016,18.835016,0.40841000000000005,2.87939
0.37699000000000016,18.845016,0.40841000000000005,2.879390000000001
0.37699000000000016,18.855016,0.40841000000000005,2.87939
0.37699000000000016,18.865016,0.40841000000000005,2.879390000000001
0.37699000000000016,18.875016,0.40841000000000005,2.87939
0.37699000000000016,18.885016,0.40841000000000005,2.879390000000001
0.37699000000000016,18.895016,0.40841000000000005,2.87939
0.37699000000000016,18.905016,0.40841000000000005,2.879390000000001
0.37699000000000016,18.913992,0.40841000000000005,2.87939
0.37699000000000016,18.923992,0.40841000000000005,2.879390000000001
0.37699000000000016,18.933992,0.40841000000000005,2.87939
0.37699000000000016,18.943992,0.40841000000000005,2.879390000000001
0.37699000000000016,18.952968,0.40841000000000005,2.87939
0.37699000000000016,18.962968,0.40841000000000005,2.879390000000001
0.37699000000000016,18.972968,0.40841000000000005,2.87939
0.37699000000000016,18.982972,0.40841000000000005,2.879390000000001
0.37699000000000016,18.992968,0.40841000000000005,2.87939
0.46862,19.002968,0.40841000000000005,2.879390000000001
0.5593074999999997,19.012988,0.4093525,2.87939
0.6459894999999996,19.022996,0.41430049999999996,2.879390000000001
0.7256024999999995,19.032996,0.426317,2.87939
0.7975189999999995,19.041972,0.4460305,2.879390000000001
0.8620524999999996,19.051972,0.4731265,2.87939
0.9192034999999996,19.061972,0.5076055,2.879390000000001
0.9690499999999997,19.071972,0.5493885,2.87939
1.0116709999999995,19.080948,0.5983970000000001,2.879390000000001
1.0469874999999997,19.090948,0.65471,2.87939
1.0746859999999996,19.100948,0.7186414999999999,2.879390000000001
1.0945304999999996,19.110964,0.790427,2.87939
1.1065994999999995,19.119924,0.8699875000000001,2.879390000000001
1.1112069999999996,19.129932,0.9570095000000001,2.87939
1.1086674999999997,19.139924,1.0511785,2.879390000000001
1.0987454999999997,19.149924,1.1527305,2.87939
1.0814404999999998,19.159924,1.261665,2.879390000000001
1.0568315,19.1689,1.377904,2.87939
1.0257034999999999,19.1789,1.5006615,2.879390000000001
0.9904129999999999,19.188904,1.627582,2.87939
0.861843,19.1989,1.7561515,2.879390000000001
0.734687,19.207876,1.8833075000000001,2.87939
0.6130285,19.217876,2.0049655000000004,2.879390000000001
0.4998529999999999,19.227876,2.1181414999999997,2.87939
0.3961014999999999,19.237876,2.2218925000000005,2.879390000000001
0.302325,19.246856,2.315669,2.87939
0.21891550000000004,19.256856,2.3990780000000003,2.879390000000001
0.145952,19.266852,2.4720415,2.87939
0.08382699999999998,19.27686,2.5341665,2.879390000000001
0.033011999999999986,19.285828,2.5849815,2.87939
-0.006808000000000012,19.295832,2.624801,2.879390000000001
-0.03743850000000002,19.305808,2.6554315000000006,2.87939
-0.06092200000000001,19.31582,2.6789150000000004,2.879390000000001
-0.0782005,19.325824,2.696194,2.87939
-0.08919600000000001,19.334804,2.7071895,2.879390000000001
-0.09304450000000002,19.344784,2.7110380000000003,2.87939
-0.08951000000000002,19.354776,2.707504,2.879390000000001
-0.07867150000000002,19.364776,2.6966655,2.87939
-0.061314000000000014,19.373752,2.6793085,2.879390000000001
-0.03979400000000001,19.383752,2.6577884999999997,2.87939
-0.016624499999999997,19.393752,2.6346194999999994,2.879390000000001
0.006073500000000002,19.403752,2.6119215,2.87939
0.02727949999999999,19.412728,2.590715999999999,2.879390000000001
0.0470715,19.422728,2.5709239999999998,2.87939
0.06513600000000001,19.432728,2.552859999999999,2.879390000000001
0.08060850000000001,19.442728,2.5373879999999995,2.87939
0.0930965,19.451704,2.5249004999999998,2.879390000000001
0.10244300000000002,19.461704,2.5155545,2.87939
0.10817650000000004,19.471704,2.5098214999999997,2.879390000000001
0.10990450000000003,19.481704,2.5080939999999994,2.87939
0.10825550000000002,19.491704,2.5097435,2.879390000000001
0.10527100000000003,19.501704,2.512727999999999,2.87939
0.102915,19.511704,2.515084499999999,2.879390000000001
0.10181550000000002,19.521704,2.516183999999999,2.87939
0.10158,19.531704,2.5164199999999988,2.879390000000001
0.10158,19.54068,2.5164199999999988,2.87939
0.10158,19.55068,2.5164199999999988,2.879390000000001
0.10158,19.56068,2.5164199999999988,2.87939
0.10158,19.57068,2.5164199999999988,2.879390000000001
0.10158,19.579656,2.5164199999999988,2.87939
0.10158,19.589656,2.5164199999999988,2.879390000000001
0.10158,19.599656,2.5164199999999988,2.87939
0.10158,19.60966,2.5164199999999988,2.879390000000001
0.10158,19.619656,2.5164199999999988,2.87939
0.10158,19.629656,2.5164199999999988,2.879390000000001
0.10158,19.639656,2.5164199999999988,2.87939
0.10158,19.649656,2.5164199999999988,2.879390000000001
0.10158,19.659656,2.5164199999999988,2.87939
0.10158,19.668632,2.5164199999999988,2.879390000000001
0.10158,19.678632,2.5164199999999988,2.87939
0.10158,19.688632,2.5164199999999988,2.879390000000001
0.10158,19.698632,2.5164199999999988,2.87939
0.10158,19.707608,2.5164199999999988,2.879390000000001
0.10158,19.717608,2.5164199999999988,2.87939
0.10158,19.727608,2.5164199999999988,2.879390000000001
0.10158,19.737608,2.5164199999999988,2.87939
0.10158,19.746584,2.5164199999999988,2.879390000000001
0.10158,19.756584,2.5164199999999988,2.87939
0.10158,19.766584,2.5164199999999988,2.879390000000001
0.10158,19.776584,2.5164199999999988,2.87939
0.10158,19.786584,2.5164199999999988,2.879390000000001
0.10158,19.796584,2.5164199999999988,2.87939
0.10158,19.806584,2.5164199999999988,2.879390000000001
0.10158,19.816584,2.5164199999999988,2.87939
0.10158,19.826584,2.5164199999999988,2.879390000000001
0.10158,19.83556,2.5164199999999988,2.87939
0.10158,19.84556,2.5164199999999988,2.879390000000001
0.10158,19.85556,2.5164199999999988,2.87939
0.10158,19.86556,2.5164199999999988,2.879390000000001
0.10158,19.874536,2.5164199999999988,2.8793
0.10158,19.884536,2.5164199999999988,2.8793855000000006
0.10158,19.894536,2.5164199999999988,2.8793
0.10158,19.904536,2.5164199999999988,2.8793810000000004
0.10158,19.913512,2.5164199999999988,2.8793
0.10158,19.923512,2.5164199999999988,2.8793765000000007
0.10158,19.933512,2.5164199999999988,2.8793
0.10158,19.943512,2.5164199999999988,2.8793720000000005
0.10158,19.953512,2.5164199999999988,2.8793
0.10158,19.963512,2.5164199999999988,2.8793675000000007
0.10158,19.973512,2.5164199999999988,2.8793
0.10158,19.983512,2.5164199999999988,2.8793630000000006
0.10158,19.993512,2.5164199999999988,2.8793
0.10158,20.002488,2.5164199999999988,2.8793585000000004
0.10158,20.012488,2.5164199999999988,2.8793
0.10158,20.022488,2.5164199999999988,2.8793540000000006
0.10158,20.032488,2.5164199999999988,2.8793
0.10158,20.041464,2.5164199999999988,2.8793495000000005
0.10158,20.051464,2.5164199999999988,2.8793
0.10158,20.061464,2.5164199999999988,2.8793450000000007
0.10158,20.071464,2.5164199999999988,2.8793
0.10158,20.08044,2.5164199999999988,2.8793405000000005
0.10158,20.09044,2.5164199999999988,2.8793
0.10158,20.10044,2.5164199999999988,2.8793360000000003
0.10158,20.11044,2.5164199999999988,2.8793
0.10158,20.12044,2.5164199999999988,2.8793315000000006
0.10158,20.13044,2.5164199999999988,2.8793
0.10158,20.14044,2.5164199999999988,2.8793270000000004
0.10158,20.15044,2.5164199999999988,2.8793
0.10158,20.16044,2.5164199999999988,2.8793225000000007
0.10158,20.169416,2.5164199999999988,2.8793
0.10158,20.179416,2.5164199999999988,2.8793180000000005
0.10158,20.189416,2.5164199999999988,2.8793
0.10158,20.199416,2.5164199999999988,2.8793135000000003
0.10158,20.208392,2.5164199999999988,2.8793
0.10158,20.218392,2.5164199999999988,2.8793090000000006
0.10158,20.228392,2.5164199999999988,2.8793
0.10158,20.238396,2.5164199999999988,2.8793045000000004
0.10158,20.248392,2.5164199999999988,2.8793
0.10158,20.258392,2.5164199999999988,2.8793000000000006
0.10158,20.268392,2.5164199999999988,2.8793
0.10158,20.278392,2.5164199999999988,2.8793000000000006
0.10158,20.288392,2.5164199999999988,2.8793
0.10158,20.297368,2.5164199999999988,2.8793000000000006
0.10158,20.307368,2.5164199999999988,2.8793
0.10158,20.317368,2.5164199999999988,2.8793000000000006
0.10158,20.327368,2.5164199999999988,2.8793
0.10158,20.336344,2.5164199999999988,2.8793000000000006
0.10158,20.346344,2.5164199999999988,2.8793
0.10158,20.356344,2.5164199999999988,2.8793000000000006
0.10158,20.366344,2.5164199999999988,2.8793
0.10158,20.37532,2.5164199999999988,2.8793000000000006
0.10158,20.38532,2.5164199999999988,2.8793
0.10158,20.39532,2.5164199999999988,2.8793000000000006
0.10158,20.40532,2.5164199999999988,2.8793
0.10158,20.41532,2.5164199999999988,2.8793000000000006
0.10158,20.42532,2.5164199999999988,2.8793
0.10158,20.43532,2.5164199999999988,2.8793000000000006
0.10158,20.44532,2.5164199999999988,2.8793
0.10158,20.45532,2.5164199999999988,2.8793000000000006
0.10158,20.464296,2.5164199999999988,2.8793
0.10158,20.474296,2.5164199999999988,2.8793000000000006
0.10158,20.484296,2.5164199999999988,2.8793
0.10158,20.494296,2.5164199999999988,2.8793000000000006
0.10158,20.503272,2.5164199999999988,2.8793
0.10158,20.513272,2.5164199999999988,2.8793000000000006
0.10158,20.523272,2.5164199999999988,2.8793
0.10158,20.533272,2.5164199999999988,2.8793000000000006
0.10158,20.542248,2.5164199999999988,2.8793
0.10158,20.552248,2.5164199999999988,2.8793000000000006
0.10158,20.562248,2.5164199999999988,2.8793
0.10158,20.572248,2.5164199999999988,2.8793000000000006
0.10158,20.582248,2.5164199999999988,2.8793
0.10158,20.592248,2.5164199999999988,2.8793000000000006
0.10158,20.602248,2.5164199999999988,2.8793
0.10158,20.612248,2.5164199999999988,2.8793000000000006
0.10158,20.622248,2.5164199999999988,2.8793
0.10158,20.631224,2.5164199999999988,2.8793000000000006
0.10158,20.641224,2.5164199999999988,2.8793
0.10158,20.651224,2.5164199999999988,2.8793000000000006
0.10158,20.661224,2.5164199999999988,2.8793
0.10158,20.6702,2.5164199999999988,2.8793000000000006
0.10158,20.6802,2.5164199999999988,2.8793
0.10158,20.6902,2.5164199999999988,2.8793000000000006
0.10158,20.7002,2.5164199999999988,2.8793
0.10158,20.709176,2.5164199999999988,2.8793000000000006
0.10158,20.719176,2.5164199999999988,2.8793
0.10158,20.729176,2.5164199999999988,2.8793000000000006
0.10158,20.739176,2.5164199999999988,2.8793
0.10158,20.749176,2.5164199999999988,2.8793000000000006
0.10158,20.759176,2.5164199999999988,2.8793
0.10158,20.769176,2.5164199999999988,2.8793000000000006
0.10158,20.779176,2.5164199999999988,2.8793
0.10158,20.789176,2.5164199999999988,2.8793000000000006
0.10158,20.798152,2.5164199999999988,2.8793
0.10158,20.808152,2.5164199999999988,2.8793000000000006
0.10158,20.818152,2.5164199999999988,2.8793
0.10158,20.828152,2.5164199999999988,2.8793000000000006
0.10158,20.837128,2.5164199999999988,2.8793
0.10158,20.847128,2.5164199999999988,2.8793000000000006
0.10158,20.857128,2.5164199999999988,2.8793
0.10158,20.867132,2.5164199999999988,2.8793000000000006
0.10158,20.877128,2.5164199999999988,2.8793
0.10158,20.887128,2.5164199999999988,2.8793000000000006
0.10158,20.897128,2.5164199999999988,2.8793
0.10158,20.907128,2.5164199999999988,2.8793000000000006
0.10158,20.917128,2.5164199999999988,2.8793
0.10158,20.926104,2.5164199999999988,2.8793000000000006
0.10158,20.936104,2.5164199999999988,2.8793
0.10158,20.946104,2.5164199999999988,2.8793000000000006
0.10158,20.956104,2.5164199999999988,2.8793
0.10158,20.96508,2.5164199999999988,2.8793000000000006
0.10158,20.97508,2.5164199999999988,2.8793
0.10158,20.98508,2.5164199999999988,2.8793000000000006
0.10158,20.99508,2.5164199999999988,2.8793
0.2062995000000002,21.004056,2.5164199999999988,2.8793000000000006
0.3101550000000002,21.01408,2.5172834999999996,2.8793
0.4100050000000002,21.024084,2.522152999999999,2.8793000000000006
0.5028650000000002,21.034092,2.5340124999999993,2.8793
0.5881070000000002,21.044084,2.5534899999999996,2.8793000000000006
0.6658090000000002,21.05306,2.580507499999999,2.8793
0.7358925000000002,21.063076,2.6151434999999994,2.8793000000000006
0.7984365000000002,21.07306,2.6573189999999993,2.8793
0.8535189999999997,21.08306,2.706956,2.8793000000000006
0.9011399999999997,21.092036,2.7640545,2.8793
0.9412999999999997,21.102036,2.828614,2.8793000000000006
0.9739984999999998,21.112048,2.900635,2.8793
0.999393,21.122036,2.97996,2.8793000000000006
1.0174830000000001,21.131012,3.066589,2.8793
1.0279550000000002,21.141012,3.1608365000000003,2.8793000000000006
1.0308869999999999,21.151012,3.2626239999999997,2.8793
1.0263579999999999,21.161012,3.3718725000000003,2.8793000000000006
1.0143674999999999,21.169988,3.4885824999999997,2.8793
0.9960940000000001,21.179992,3.6115754999999994,2.8793000000000006
0.9737359999999999,21.189988,3.7386524999999993,2.8793
0.8452449999999999,21.199968,3.8671434999999996,2.8793000000000006
0.7182465000000001,21.20998,3.9941424999999997,2.8793
0.5964315,21.218964,4.1159574999999995,2.8793000000000006
0.482313,21.228964,4.2300755,2.8793
0.37597,21.238944,4.3364185,2.8793000000000006
0.27716700000000005,21.248936,4.435221499999999,2.87939
0.18598250000000002,21.257912,4.526405999999999,2.8793045000000004
0.10233750000000003,21.267912,4.610050999999999,2.87939
0.026154000000000024,21.277912,4.686234499999999,2.8793090000000006
-0.04256800000000001,21.287912,4.7549565,2.87939
-0.10382900000000002,21.296888,4.8162175000000005,2.8793135000000003
-0.1576285,21.306888,4.870017000000001,2.87939
-0.20412399999999997,21.316888,4.9165125000000005,2.8793180000000005
-0.24331499999999995,21.326888,4.955704000000001,2.87939
-0.27488799999999997,21.335864,4.9872770000000015,2.8793225000000007
-0.29892099999999994,21.345864,5.011310000000002,2.87939
-0.31549299999999986,21.355864,5.027882000000002,2.8793270000000004
-0.3246034999999999,21.365864,5.036992500000001,2.87939
-0.32743099999999986,21.375864,5.0398200000000015,2.8793315000000006
-0.3261739999999999,21.385864,5.038563500000002,2.87939
-0.3235034999999999,21.395864,5.0358930000000015,2.8793360000000003
-0.32146149999999984,21.405864,5.033851000000002,2.8793
-0.32059749999999987,21.415864,5.032987000000001,2.8793360000000003
-0.3204399999999999,21.42484,5.032830000000001,2.8793
-0.3204399999999999,21.43484,5.032830000000001,2.8793360000000003
-0.3204399999999999,21.44484,5.032830000000001,2.8793
-0.3204399999999999,21.45484,5.032830000000001,2.8793360000000003
-0.3204399999999999,21.463816,5.032830000000001,2.8793
-0.3204399999999999,21.473816,5.032830000000001,2.8793360000000003
-0.3204399999999999,21.483816,5.032830000000001,2.8793
-0.3204399999999999,21.49382,5.032830000000001,2.8793360000000003
-0.3204399999999999,21.503816,5.032830000000001,2.8793
-0.3204399999999999,21.513816,5.032830000000001,2.8793360000000003
-0.3204399999999999,21.523816,5.032830000000001,2.8793
-0.3204399999999999,21.533816,5.032830000000001,2.8793360000000003
-0.3204399999999999,21.543816,5.032830000000001,2.8793
-0.3204399999999999,21.552792,5.032830000000001,2.8793360000000003
-0.3204399999999999,21.562792,5.032830000000001,2.8793
-0.3204399999999999,21.572792,5.032830000000001,2.8793360000000003
-0.3204399999999999,21.582792,5.032830000000001,2.8793
-0.3204399999999999,21.591768,5.032830000000001,2.8793360000000003
-0.3204399999999999,21.601768,5.032830000000001,2.8793
-0.3204399999999999,21.611768,5.032830000000001,2.8793360000000003
-0.3204399999999999,21.621768,5.032830000000001,2.8793
-0.3204399999999999,21.630744,5.032830000000001,2.8793360000000003
-0.3204399999999999,21.640744,5.032830000000001,2.8793
-0.3204399999999999,21.650744,5.032830000000001,2.8793315000000006
-0.3204399999999999,21.660744,5.032830000000001,2.8793
-0.3204399999999999,21.670744,5.032830000000001,2.8793270000000004
-0.3204399999999999,21.680744,5.032830000000001,2.8793
-0.3204399999999999,21.690744,5.032830000000001,2.8793225000000007
-0.3204399999999999,21.700744,5.032830000000001,2.8793
-0.3204399999999999,21.710744,5.032830000000001,2.8793180000000005
-0.3204399999999999,21.71972,5.032830000000001,2.8793
-0.3204399999999999,21.72972,5.032830000000001,2.8793135000000003
-0.3204399999999999,21.73972,5.032830000000001,2.8793
-0.3204399999999999,21.74972,5.032830000000001,2.8793090000000006
-0.3204399999999999,21.758696,5.032830000000001,2.8793
-0.3204399999999999,21.768696,5.032830000000001,2.8793045000000004
-0.3204399999999999,21.778696,5.032830000000001,2.8793
-0.3204399999999999,21.788696,5.032830000000001,2.8793000000000006
-0.3204399999999999,21.797672,5.032830000000001,2.8793
-0.3204399999999999,21.807672,5.032830000000001,2.8793000000000006
-0.3204399999999999,21.817672,5.032830000000001,2.8793
-0.3204399999999999,21.827672,5.032830000000001,2.8793000000000006
-0.3204399999999999,21.837672,5.032830000000001,2.8793
-0.3204399999999999,21.847672,5.032830000000001,2.8793000000000006
-0.3204399999999999,21.857672,5.032830000000001,2.8793
-0.3204399999999999,21.867672,5.032830000000001,2.8793000000000006
-0.3204399999999999,21.877672,5.032830000000001,1.7453
-0.3204399999999999,21.886648,5.032830000000001,2.8226000000000004
-0.3204399999999999,21.896648,5.032830000000001,1.7453
-0.3204399999999999,21.906648,5.032830000000001,2.7659000000000002
-0.3204399999999999,21.916648,5.032830000000001,1.7453
-0.3204399999999999,21.925624,5.032830000000001,2.7092000000000005
-0.3204399999999999,21.935624,5.032830000000001,1.7453
-0.3204399999999999,21.945624,5.032830000000001,2.6525000000000003
-0.3204399999999999,21.955624,5.032830000000001,1.7453
-0.3204399999999999,21.9646,5.032830000000001,2.5958000000000006
-0.3204399999999999,21.9746,5.032830000000001,1.7453
-0.3204399999999999,21.9846,5.032830000000001,2.5391000000000004
-0.3204399999999999,21.9946,5.032830000000001,1.7453
-0.3204399999999999,22.0046,5.032830000000001,2.4824
-0.3204399999999999,22.0146,5.032830000000001,1.7453
-0.3204399999999999,22.0246,5.032830000000001,2.4257000000000004
-0.3204399999999999,22.0346,5.032830000000001,1.7453
-0.3204399999999999,22.0446,5.032830000000001,2.369
-0.3204399999999999,22.053576,5.032830000000001,1.7453
-0.3204399999999999,22.063576,5.032830000000001,2.3123
-0.3204399999999999,22.073576,5.032830000000001,1.7453
-0.3204399999999999,22.083576,5.032830000000001,2.2556000000000003
-0.3204399999999999,22.092552,5.032830000000001,1.7453
-0.3204399999999999,22.102552,5.032830000000001,2.1989
-0.3204399999999999,22.112552,5.032830000000001,1.7453
-0.3204399999999999,22.122556,5.032830000000001,2.1422000000000003
-0.3204399999999999,22.132552,5.032830000000001,1.74533
-0.3204399999999999,22.142552,5.032830000000001,2.0855015000000003
-0.3204399999999999,22.152552,5.032830000000001,1.74533
-0.3204399999999999,22.162552,5.032830000000001,2.0288030000000004
-0.3204399999999999,22.172552,5.032830000000001,1.74533
-0.3204399999999999,22.181528,5.032830000000001,1.9721045000000001
-0.3204399999999999,22.191528,5.032830000000001,1.74533
-0.3204399999999999,22.201528,5.032830000000001,1.9154060000000002
-0.3204399999999999,22.211528,5.032830000000001,1.74533
-0.3204399999999999,22.220504,5.032830000000001,1.8587075000000004
-0.3204399999999999,22.230504,5.032830000000001,1.74533
-0.3204399999999999,22.240504,5.032830000000001,1.802009
-0.3204399999999999,22.250504,5.032830000000001,1.74533
-0.3204399999999999,22.25948,5.032830000000001,1.7453105000000002
-0.3204399999999999,22.26948,5.032830000000001,1.74533
-0.3204399999999999,22.27948,5.032830000000001,1.745312
-0.3204399999999999,22.28948,5.032830000000001,1.74533
-0.3204399999999999,22.29948,5.032830000000001,1.7453135
-0.3204399999999999,22.30948,5.032830000000001,1.74533
-0.3204399999999999,22.31948,5.032830000000001,1.7453149999999997
-0.3204399999999999,22.32948,5.032830000000001,1.74533
-0.3204399999999999,22.33948,5.032830000000001,1.7453165
-0.3204399999999999,22.348456,5.032830000000001,1.74533
-0.3204399999999999,22.358456,5.032830000000001,1.7453179999999997
-0.3204399999999999,22.368456,5.032830000000001,1.74533
-0.3204399999999999,22.378456,5.032830000000001,1.7453195
-0.3204399999999999,22.387432,5.032830000000001,1.74533
-0.3204399999999999,22.397432,5.032830000000001,1.7453209999999997
-0.3204399999999999,22.407432,5.032830000000001,1.74533
-0.3204399999999999,22.417432,5.032830000000001,1.7453224999999997
-0.3204399999999999,22.426408,5.032830000000001,1.74533
-0.3204399999999999,22.436408,5.032830000000001,1.7453239999999994
-0.3204399999999999,22.446408,5.032830000000001,1.74533
-0.3204399999999999,22.456408,5.032830000000001,1.7453254999999996
-0.3204399999999999,22.466408,5.032830000000001,1.74533
-0.3204399999999999,22.476408,5.032830000000001,1.7453269999999994
-0.3204399999999999,22.486408,5.032830000000001,1.74533
-0.3204399999999999,22.496408,5.032830000000001,1.7453284999999994
-0.3204399999999999,22.506408,5.032830000000001,1.74533
-0.3204399999999999,22.515384,5.032830000000001,1.7453299999999996
-0.3204399999999999,22.525384,5.032830000000001,1.74533
-0.3204399999999999,22.535384,5.032830000000001,1.7453299999999996
-0.3204399999999999,22.545384,5.032830000000001,1.74533
-0.3204399999999999,22.55436,5.032830000000001,1.7453299999999996
-0.3204399999999999,22.56436,5.032830000000001,1.74533
-0.3204399999999999,22.57436,5.032830000000001,1.7453299999999996
-0.3204399999999999,22.58436,5.032830000000001,1.74533
-0.3204399999999999,22.593336,5.032830000000001,1.7453299999999996
-0.3204399999999999,22.603336,5.032830000000001,1.74533
-0.3204399999999999,22.613336,5.032830000000001,1.7453299999999996
-0.3204399999999999,22.623336,5.032830000000001,1.74533
-0.3204399999999999,22.633336,5.032830000000001,1.7453299999999996
-0.3204399999999999,22.643336,5.032830000000001,1.74533
-0.3204399999999999,22.653336,5.032830000000001,1.7453299999999996
-0.3204399999999999,22.663336,5.032830000000001,1.74533
-0.3204399999999999,22.673336,5.032830000000001,1.7453299999999996
-0.3204399999999999,22.682312,5.032830000000001,1.74533
-0.3204399999999999,22.692312,5.032830000000001,1.7453299999999996
-0.3204399999999999,22.702312,5.032830000000001,1.74533
-0.3204399999999999,22.712312,5.032830000000001,1.7453299999999996
-0.3204399999999999,22.721288,5.032830000000001,1.74533
-0.3204399999999999,22.731288,5.032830000000001,1.7453299999999996
-0.3204399999999999,22.741288,5.032830000000001,1.74533
-0.3204399999999999,22.751292,5.032830000000001,1.7453299999999996
-0.3204399999999999,22.761288,5.032830000000001,1.74533
-0.3204399999999999,22.771288,5.032830000000001,1.7453299999999996
-0.3204399999999999,22.781288,5.032830000000001,1.74533
-0.3204399999999999,22.791288,5.032830000000001,1.7453299999999996
-0.3204399999999999,22.801288,5.032830000000001,1.74533
-0.3204399999999999,22.810264,5.032830000000001,1.7453299999999996
-0.3204399999999999,22.820264,5.032830000000001,1.74533
-0.3204399999999999,22.830264,5.032830000000001,1.7453299999999996
-0.3204399999999999,22.840264,5.032830000000001,1.74533
-0.3204399999999999,22.84924,5.032830000000001,1.7453299999999996
-0.3204399999999999,22.85924,5.032830000000001,1.74533
-0.3204399999999999,22.86924,5.032830000000001,1.7453299999999996
-0.3204399999999999,22.87924,5.032830000000001,1.74533
-0.3204399999999999,22.888216,5.032830000000001,1.7453299999999996
-0.3204399999999999,22.898216,5.032830000000001,1.74533
-0.3204399999999999,22.908216,5.032830000000001,1.7453299999999996
-0.3204399999999999,22.918216,5.032830000000001,1.74533
-0.3204399999999999,22.928216,5.032830000000001,1.7453299999999996
-0.3204399999999999,22.938216,5.032830000000001,1.74533
-0.3204399999999999,22.948216,5.032830000000001,1.7453299999999996
-0.3204399999999999,22.958216,5.032830000000001,1.74533
-0.3204399999999999,22.968216,5.032830000000001,1.7453299999999996
-0.3204399999999999,22.977192,5.032830000000001,1.74533
-0.3204399999999999,22.987192,5.032830000000001,1.7453299999999996
-0.3204399999999999,22.997192,5.032830000000001,1.74533
-0.5386064999999999,23.007192,5.032830000000001,1.7453299999999996
-0.7558304999999998,23.016188,5.031887500000001,1.74533
-0.9686560000000006,23.026196,5.026547000000001,1.7453299999999996
-1.1729995000000004,23.036196,5.012724000000001,1.74533
-1.3672895000000005,23.046196,4.988848000000001,1.7453299999999996
-1.5512910000000004,23.055172,4.954683500000002,1.74533
-1.7246894999999995,23.065176,4.909916000000001,1.7453299999999996
-1.8874064999999995,23.075176,4.8544670000000005,1.74533
-2.0395994999999996,23.085172,4.7884935,1.7453299999999996
-2.1815035,23.095172,4.7122315,1.74533
-2.3133545,23.104148,4.625916499999999,1.7453299999999996
-2.4353095000000002,23.114148,4.5297054999999995,1.74533
-2.5475255,23.12416,4.4237554999999995,1.7453299999999996
-2.6502385,23.134148,4.3083019999999985,1.74533
-2.743605,23.143124,4.183502499999999,1.7453299999999996
-2.8277824999999996,23.153124,4.049513499999999,1.74533
-2.9028495000000003,23.163124,3.906413999999999,1.7453299999999996
-2.9689625,23.173124,3.754360999999999,1.74533
-3.0262005,23.1821,3.593432999999999,1.7453299999999996
-3.0745635000000004,23.1921,3.4236299999999993,1.74533
-2.8960425,23.2021,3.2451089999999994,1.7453299999999996
-2.7098245,23.2121,3.0588910000000005,1.74533
-2.5193655,23.221092,2.8684320000000003,1.7453299999999996
-2.3289065,23.230052,2.6779729999999997,1.74533
-2.1400970000000004,23.240052,2.4891635,1.7453299999999996
-1.9531720000000004,23.250052,2.3022385,1.74533
-1.7685250000000003,23.260064,2.1175915,1.7453299999999996
-1.5863130000000005,23.269024,1.9353789999999997,1.74533
-1.4073205000000004,23.279024,1.756387,1.7453299999999996
-1.2335120000000004,23.289024,1.5825784999999997,1.74533
-1.0674790000000003,23.299028,1.4165449999999997,1.7453299999999996
-0.9112635000000003,23.308,1.2603289999999996,1.74533
-0.765415,23.318004,1.1144804999999998,1.7453299999999996
-0.6294624999999999,23.328004,0.9785279999999998,1.74533
-0.502935,23.337984,0.852,1.7453299999999996
-0.3855965,23.346952,0.7346615000000002,1.74533
-0.2773685,23.356952,0.6264335000000003,1.7453299999999996
-0.1780945,23.366952,0.5271590000000002,1.74533
-0.08769550000000007,23.376956,0.4367595000000002,1.7453299999999996
-0.006171500000000044,23.386952,0.35523499999999997,1.74533
0.06663499999999993,23.396952,0.28242849999999997,1.7453299999999996
0.13080199999999995,23.406952,0.2182615,1.74533
0.18632949999999993,23.416952,0.16273349999999998,1.7453299999999996
0.233375,23.426952,0.115688,1.74533
0.27201650000000005,23.436952,0.077046,1.7453299999999996
0.3022540000000001,23.446952,0.046808,1.74533
0.3241665000000001,23.456952,0.024895000000000004,1.7453299999999996
0.3378325000000001,23.466952,0.011229000000000001,1.74533
0.34419400000000006,23.475928,0.004867,1.7453299999999996
0.3454505000000001,23.485928,0.0036099999999999995,1.74533
0.3444295000000001,23.495928,0.004630999999999999,1.7453299999999996
0.34333000000000014,23.505928,0.005730499999999998,1.74533
0.3428585000000001,23.514904,0.006201499999999998,1.7453299999999996
0.3427800000000001,23.524904,0.006279999999999997,1.74533
0.3427800000000001,23.534904,0.006279999999999997,1.7453299999999996
0.3427800000000001,23.544904,0.006279999999999997,1.74533
0.3427800000000001,23.554904,0.006279999999999997,1.7453299999999996
0.3427800000000001,23.564904,0.006279999999999997,1.74533
0.3427800000000001,23.574904,0.006279999999999997,1.7453299999999996
0.3427800000000001,23.584904,0.006279999999999997,1.74533
0.3427800000000001,23.594904,0.006279999999999997,1.7453299999999996
0.3427800000000001,23.604904,0.006279999999999997,1.74533
0.3427800000000001,23.614904,0.006279999999999997,1.7453299999999996
0.3427800000000001,23.624904,0.006279999999999997,1.74533
0.3427800000000001,23.634904,0.006279999999999997,1.7453299999999996
0.3427800000000001,23.64388,0.006279999999999997,1.74533
0.3427800000000001,23.65388,0.006279999999999997,1.7453299999999996
0.3427800000000001,23.66388,0.006279999999999997,1.74533
0.3427800000000001,23.67388,0.006279999999999997,1.7453299999999996
0.3427800000000001,23.682856,0.006279999999999997,1.74533
0.3427800000000001,23.692856,0.006279999999999997,1.7453299999999996
0.3427800000000001,23.702856,0.006279999999999997,1.74533
0.3427800000000001,23.712856,0.006279999999999997,1.7453299999999996
0.3427800000000001,23.722856,0.006279999999999997,1.74533
0.3427800000000001,23.732856,0.006279999999999997,1.7453299999999996
0.3427800000000001,23.742856,0.006279999999999997,1.74533
0.3427800000000001,23.752856,0.006279999999999997,1.7453299999999996
0.3427800000000001,23.762856,0.006279999999999997,1.74533
0.3427800000000001,23.771832,0.006279999999999997,1.7453299999999996
0.3427800000000001,23.781832,0.006279999999999997,1.74533
0.3427800000000001,23.791832,0.006279999999999997,1.7453299999999996
0.3427800000000001,23.801832,0.006279999999999997,1.74533
0.3427800000000001,23.810808,0.006279999999999997,1.7453299999999996
0.3427800000000001,23.820808,0.006279999999999997,1.74533
0.3427800000000001,23.830808,0.006279999999999997,1.7453299999999996
0.3427800000000001,23.840808,0.006279999999999997,1.74533
0.3427800000000001,23.849784,0.006279999999999997,1.7453299999999996
0.3427800000000001,23.859784,0.006279999999999997,1.74533
0.3427800000000001,23.869784,0.006279999999999997,1.7453299999999996
0.3427800000000001,23.879784,0.006279999999999997,1.74533
0.3427800000000001,23.889784,0.006279999999999997,1.7453299999999996
0.3427800000000001,23.899784,0.006279999999999997,1.74533
0.3427800000000001,23.909784,0.006279999999999997,1.7453299999999996
0.3427800000000001,23.919784,0.006279999999999997,1.74533
0.3427800000000001,23.929784,0.006279999999999997,1.7453299999999996
0.3427800000000001,23.93876,0.006279999999999997,1.74533
0.3427800000000001,23.94876,0.006279999999999997,1.7453299999999996
0.3427800000000001,23.95876,0.006279999999999997,1.74533
0.3427800000000001,23.96876,0.006279999999999997,1.7453299999999996
0.3427800000000001,23.977736,0.006279999999999997,1.74533
0.3427800000000001,23.987736,0.006279999999999997,1.7453299999999996
0.3427800000000001,23.997736,0.006279999999999997,1.74533
0.3427800000000001,24.00774,0.006279999999999997,1.7453299999999996
