0.0,0.010056,0.0,0.0
0.0,0.020056,0.0,0.0
0.0,0.030056,0.0,0.0
0.0,0.040056,0.0,0.0
0.0,0.050056,0.0,0.0
0.0,0.060056,0.0,0.0
0.0,0.070056,0.0,0.0
0.0,0.080056,0.0,0.0
0.0,0.090056,0.0,0.0
0.0,0.100056,0.0,0.0
0.0,0.110056,0.0,0.0
0.0,0.120056,0.0,0.0
0.0,0.130056,0.0,0.0
0.0,0.140056,0.0,0.0
0.0,0.150056,0.0,0.0
0.0,0.160056,0.0,0.0
0.0,0.170056,0.0,0.0
0.0,0.180056,0.0,0.0
0.0,0.190056,0.0,0.0
0.0,0.200056,0.0,0.0
0.0,0.210056,0.0,0.0
0.0,0.220056,0.0,0.0
0.0,0.230056,0.0,0.0
0.0,0.240056,0.0,0.0
0.0,0.250056,0.0,0.0
0.0,0.260056,0.0,0.0
0.0,0.270056,0.0,0.0
0.0,0.280056,0.0,0.0
0.0,0.290056,0.0,0.0
0.0,0.300056,0.0,0.0
0.0,0.310056,0.0,0.0
0.0,0.320056,0.0,0.0
0.0,0.330056,0.0,0.0
0.0,0.340056,0.0,0.0
0.0,0.350056,0.0,0.0
0.0,0.360056,0.0,0.0
0.0,0.370056,0.0,0.0
0.0,0.380056,0.0,0.0
0.0,0.390056,0.0,0.0
0.0,0.400056,0.0,0.0
0.0,0.410056,0.0,0.0
0.0,0.420056,0.0,0.0
0.0,0.430056,0.0,0.0
0.0,0.440056,0.0,0.0
0.0,0.450056,0.0,0.0
0.0,0.460056,0.0,0.0
0.0,0.470056,0.0,0.0
0.0,0.480056,0.0,0.0
0.0,0.490056,0.0,0.0
0.0,0.500056,0.0,0.0
0.0,0.510056,0.0,0.0
0.0,0.520056,0.0,0.0
0.0,0.530056,0.0,0.0
0.0,0.540056,0.0,0.0
0.0,0.550056,0.0,0.0
0.0,0.560056,0.0,0.0
0.0,0.570056,0.0,0.0
0.0,0.580056,0.0,0.0
0.0,0.590056,0.0,0.0
0.0,0.600056,0.0,0.0
0.0,0.610056,0.0,0.0
0.0,0.620056,0.0,0.0
0.0,0.630056,0.0,0.0
0.0,0.64006,0.0,0.0
0.0,0.650056,0.0,0.0
0.0,0.660056,0.0,0.0
0.0,0.670056,0.0,0.0
0.0,0.680056,0.0,0.0
0.0,0.690056,0.0,0.0
0.0,0.700056,0.0,0.0
0.0,0.710056,0.0,0.0
0.0,0.720056,0.0,0.0
0.0,0.730056,0.0,0.0
0.0,0.740056,0.0,0.0
0.0,0.750056,0.0,0.0
0.0,0.760056,0.0,0.0
0.0,0.770056,0.0,0.0
0.0,0.780056,0.0,0.0
0.0,0.790056,0.0,0.0
0.0,0.800056,0.0,0.0
0.0,0.810056,0.0,0.0
0.0,0.820056,0.0,0.0
0.0,0.830056,0.0,0.0
0.0,0.840056,0.0,0.0
0.0,0.850056,0.0,0.0
0.0,0.860056,0.0,0.0
0.0,0.870056,0.0,0.0
0.0,0.880056,0.0,0.0
0.0,0.890056,0.0,0.0
0.0,0.900056,0.0,0.0
0.0,0.910056,0.0,0.0
0.0,0.920056,0.0,0.0
0.0,0.930056,0.0,0.0
0.0,0.940056,0.0,0.0
0.0,0.950056,0.0,0.0
0.0,0.960056,0.0,0.0
0.0,0.970056,0.0,0.0
0.0,0.980056,0.0,0.0
0.0,0.990056,0.0,0.0
0.0,1.000056,0.0,0.0
0.0,1.010056,0.0,0.0
0.0,1.020056,0.0,0.0
0.0,1.030056,0.0,0.0
0.0,1.040056,0.0,0.0
0.0,1.050056,0.0,0.0
0.0,1.060056,0.0,0.0
0.0,1.070056,0.0,0.0
0.0,1.080056,0.0,0.0
0.0,1.090056,0.0,0.0
0.0,1.100056,0.0,0.0
0.0,1.110056,0.0,0.0
0.0,1.120056,0.0,0.0
0.0,1.130056,0.0,0.0
0.0,1.140056,0.0,0.0
0.0,1.150056,0.0,0.0
0.0,1.160056,0.0,0.0
0.0,1.170056,0.0,0.0
0.0,1.180056,0.0,0.0
0.0,1.190056,0.0,0.0
0.0,1.200056,0.0,0.0
0.0,1.210056,0.0,0.0
0.0,1.220056,0.0,0.0
0.0,1.230056,0.0,0.0
0.0,1.240056,0.0,0.0
0.0,1.250056,0.0,0.0
0.0,1.260056,0.0,0.0
0.0,1.270056,0.0,0.0
0.0,1.28006,0.0,0.0
0.0,1.290056,0.0,0.0
0.0,1.300056,0.0,0.0
0.0,1.310056,0.0,0.0
0.0,1.320056,0.0,0.0
0.0,1.330056,0.0,0.0
0.0,1.340056,0.0,0.0
0.0,1.350056,0.0,0.0
0.0,1.360056,0.0,0.0
0.0,1.370056,0.0,0.0
0.0,1.380056,0.0,0.0
0.0,1.390056,0.0,0.0
0.0,1.400056,0.0,0.0
0.0,1.410056,0.0,0.0
0.0,1.420056,0.0,0.0
0.0,1.430056,0.0,0.0
0.0,1.440056,0.0,0.0
0.0,1.450056,0.0,0.0
0.0,1.460056,0.0,0.0
0.0,1.470056,0.0,0.0
0.0,1.480056,0.0,0.0
0.0,1.490056,0.0,0.0
0.0,1.500056,0.0,0.0
0.0,1.510056,0.0,0.0
0.0,1.520056,0.0,0.0
0.0,1.530056,0.0,0.0
0.0,1.540056,0.0,0.0
0.0,1.550056,0.0,0.0
0.0,1.560056,0.0,0.0
0.0,1.570056,0.0,0.0
0.0,1.580056,0.0,0.0
0.0,1.590056,0.0,0.0
0.0,1.600056,0.0,0.0
0.0,1.610056,0.0,0.0
0.0,1.620056,0.0,0.0
0.0,1.630056,0.0,0.0
0.0,1.640056,0.0,0.0
0.0,1.650056,0.0,0.0
0.0,1.660056,0.0,0.0
0.0,1.670056,0.0,0.0
0.0,1.680056,0.0,0.0
0.0,1.690056,0.0,0.0
0.0,1.700056,0.0,0.0
0.0,1.710056,0.0,0.0
0.0,1.720056,0.0,0.0
0.0,1.730056,0.0,0.0
0.0,1.740056,0.0,0.0
0.0,1.750056,0.0,0.0
0.0,1.760056,0.0,0.0
0.0,1.770056,0.0,0.0
0.0,1.780056,0.0,0.0
0.0,1.790056,0.0,0.0
0.0,1.800056,0.0,0.0
0.0,1.810056,0.0,0.0
0.0,1.820056,0.0,0.0
0.0,1.830056,0.0,0.0
0.0,1.840056,0.0,0.0
0.0,1.850056,0.0,0.0
0.0,1.860056,0.0,0.0
0.0,1.870056,0.0,0.0
0.0,1.880056,0.0,0.0
0.0,1.890056,0.0,0.0
0.0,1.900056,0.0,0.0
0.0,1.910056,0.0,0.0
0.0,1.92006,0.0,0.0
0.0,1.930056,0.0,0.0
0.0,1.940056,0.0,0.0
0.0,1.950056,0.0,0.0
0.0,1.960056,0.0,0.0
0.0,1.970056,0.0,0.0
0.0,1.980056,0.0,0.0
0.0,1.990056,0.0,0.0
0.0,2.000056,0.0,0.0
0.0,2.010056,0.0,0.0
0.0,2.020056,0.0,0.0
0.0,2.030056,0.0,0.0
0.0,2.040056,0.0,0.0
0.0,2.050056,0.0,0.0
0.0,2.060056,0.0,0.0
0.0,2.070056,0.0,0.0
0.0,2.080056,0.0,0.0
0.0,2.090056,0.0,0.0
0.0,2.100056,0.0,0.0
0.0,2.110056,0.0,0.0
0.0,2.120056,0.0,0.0
0.0,2.130056,0.0,0.0
0.0,2.140056,0.0,0.0
0.0,2.150056,0.0,0.0
0.0,2.160056,0.0,0.0
0.0,2.170056,0.0,0.0
0.0,2.180056,0.0,0.0
0.0,2.190056,0.0,0.0
0.0,2.200056,0.0,0.0
0.0,2.210056,0.0,0.0
0.0,2.220056,0.0,0.0
0.0,2.230056,0.0,0.0
0.0,2.240056,0.0,0.0
0.0,2.250056,0.0,0.0
0.0,2.260056,0.0,0.0
0.0,2.270056,0.0,0.0
0.0,2.280056,0.0,0.0
0.0,2.290056,0.0,0.0
0.0,2.300056,0.0,0.0
0.0,2.310056,0.0,0.0
0.0,2.320056,0.0,0.0
0.0,2.330056,0.0,0.0
0.0,2.340056,0.0,0.0
0.0,2.350056,0.0,0.0
0.0,2.360056,0.0,0.0
0.0,2.370056,0.0,0.0
0.0,2.380056,0.0,0.0
0.0,2.390056,0.0,0.0
0.0,2.400056,0.0,0.0
0.0,2.410056,0.0,0.0
0.0,2.420056,0.0,0.0
0.0,2.430056,0.0,0.0
0.0,2.440056,0.0,0.0
0.0,2.450056,0.0,0.0
0.0,2.460056,0.0,0.0
0.0,2.470056,0.0,0.0
0.0,2.480056,0.0,0.0
0.0,2.490056,0.0,0.0
0.0,2.500056,0.0,0.0
0.0,2.510056,0.0,0.0
0.0,2.520056,0.0,0.0
0.0,2.530056,0.0,0.0
0.0,2.540056,0.0,0.0
0.0,2.550056,0.0,0.0
0.0,2.56006,0.0,0.0
0.0,2.570056,0.0,0.0
0.0,2.580056,0.0,0.0
0.0,2.590056,0.0,0.0
0.0,2.600056,0.0,0.0
0.0,2.610056,0.0,0.0
0.0,2.620056,0.0,0.0
0.0,2.630056,0.0,0.0
0.0,2.640056,0.0,0.0
0.0,2.650056,0.0,0.0
0.0,2.660056,0.0,0.0
0.0,2.670056,0.0,0.0
0.0,2.680056,0.0,0.0
0.0,2.690056,0.0,0.0
0.0,2.700056,0.0,0.0
0.0,2.710056,0.0,0.0
0.0,2.720056,0.0,0.0
0.0,2.730056,0.0,0.0
0.0,2.740056,0.0,0.0
0.0,2.750056,0.0,0.0
0.0,2.760056,0.0,0.0
0.0,2.770056,0.0,0.0
0.0,2.780056,0.0,0.0
0.0,2.790056,0.0,0.0
0.0,2.800056,0.0,0.0
0.0,2.810056,0.0,0.0
0.0,2.820056,0.0,0.0
0.0,2.830056,0.0,0.0
0.0,2.840056,0.0,0.0
0.0,2.850056,0.0,0.0
0.0,2.860056,0.0,0.0
0.0,2.870056,0.0,0.0
0.0,2.880056,0.0,0.0
0.0,2.890056,0.0,0.0
0.0,2.900056,0.0,0.0
0.0,2.910056,0.0,0.0
0.0,2.920056,0.0,0.0
0.0,2.930056,0.0,0.0
0.0,2.940056,0.0,0.0
0.0,2.950056,0.0,0.0
0.0,2.960056,0.0,0.0
0.0,2.970056,0.0,0.0
0.0,2.980056,0.0,0.0
0.0,2.990056,0.0,0.0
0.0,3.000056,0.0,0.0
0.0,3.010056,0.0,0.0
0.0,3.020056,0.0,0.0
0.0,3.030056,0.0,0.0
0.0,3.040056,0.0,0.0
0.0,3.050056,0.0,0.0
0.0,3.060056,0.0,0.0
0.0,3.070056,0.0,0.0
0.0,3.080056,0.0,0.0
0.0,3.090056,0.0,0.0
0.0,3.100056,0.0,0.0
0.0,3.110056,0.0,0.0
0.0,3.120056,0.0,0.0
0.0,3.130056,0.0,0.0
0.0,3.140056,0.0,0.0
0.0,3.150056,0.0,0.0
0.0,3.160056,0.0,0.0
0.0,3.170056,0.0,0.0
0.0,3.180056,0.0,0.0
0.0,3.190056,0.0,0.0
0.0,3.20006,0.0,0.0
0.0,3.210056,0.0,0.0
0.0,3.220056,0.0,0.0
0.0,3.230056,0.0,0.0
0.0,3.240056,0.0,0.0
0.0,3.250056,0.0,0.0
0.0,3.260056,0.0,0.0
0.0,3.270056,0.0,0.0
0.0,3.280056,0.0,0.0
0.0,3.290056,0.0,0.0
0.0,3.300056,0.0,0.0
0.0,3.310056,0.0,0.0
0.0,3.320056,0.0,0.0
0.0,3.330056,0.0,0.0
0.0,3.340056,0.0,0.0
0.0,3.350056,0.0,0.0
0.0,3.360056,0.0,0.0
0.0,3.370056,0.0,0.0
0.0,3.380056,0.0,0.0
0.0,3.390056,0.0,0.0
0.0,3.400056,0.0,0.0
0.0,3.410056,0.0,0.0
0.0,3.420056,0.0,0.0
0.0,3.430056,0.0,0.0
0.0,3.440056,0.0,0.0
0.0,3.450056,0.0,0.0
0.0,3.460056,0.0,0.0
0.0,3.470056,0.0,0.0
0.0,3.480056,0.0,0.0
0.0,3.490056,0.0,0.0
0.0,3.500056,0.0,0.0
0.0,3.510056,0.0,0.0
0.0,3.520056,0.0,0.0
0.0,3.530056,0.0,0.0
0.0,3.540056,0.0,0.0
0.0,3.550056,0.0,0.0
0.0,3.560056,0.0,0.0
0.0,3.570056,0.0,0.0
0.0,3.580056,0.0,0.0
0.0,3.590056,0.0,0.0
0.0,3.600056,0.0,0.0
0.0,3.610056,0.0,0.0
0.0,3.620056,0.0,0.0
0.0,3.630056,0.0,0.0
0.0,3.640056,0.0,0.0
0.0,3.650056,0.0,0.0
0.0,3.660056,0.0,0.0
0.0,3.670056,0.0,0.0
0.0,3.680056,0.0,0.0
0.0,3.690056,0.0,0.0
0.0,3.700056,0.0,0.0
0.0,3.710056,0.0,0.0
0.0,3.720056,0.0,0.0
0.0,3.730056,0.0,0.0
0.0,3.740056,0.0,0.0
0.0,3.750056,0.0,0.0
0.0,3.760056,0.0,0.0
0.0,3.770056,0.0,0.0
0.0,3.780056,0.0,0.0
0.0,3.790056,0.0,0.0
0.0,3.800056,0.0,0.0
0.0,3.810056,0.0,0.0
0.0,3.820056,0.0,0.0
0.0,3.830056,0.0,0.0
0.0,3.84006,0.0,0.0
0.0,3.850056,0.0,0.0
0.0,3.860056,0.0,0.0
0.0,3.870056,0.0,0.0
0.0,3.880056,0.0,0.0
0.0,3.890056,0.0,0.0
0.0,3.900056,0.0,0.0
0.0,3.910056,0.0,0.0
0.0,3.920056,0.0,0.0
0.0,3.930056,0.0,0.0
0.0,3.940056,0.0,0.0
0.0,3.950056,0.0,0.0
0.0,3.960056,0.0,0.0
0.0,3.970056,0.0,0.0
0.0,3.980056,0.0,0.0
0.0,3.990056,0.0,0.0
0.0,4.000056,0.0,0.0
0.0,4.010056,0.0,0.0
0.0,4.020056,0.0,0.0
0.0,4.030056,0.0,0.0
0.0,4.040056,0.0,0.0
0.0,4.050056,0.0,0.0
0.0,4.060056,0.0,0.0
0.0,4.070056,0.0,0.0
0.0,4.080056,0.0,0.0
0.0,4.090056,0.0,0.0
0.0,4.100056,0.0,0.0
0.0,4.110056,0.0,0.0
0.0,4.120056,0.0,0.0
0.0,4.130056,0.0,0.0
0.0,4.140056,0.0,0.0
0.0,4.150056,0.0,0.0
0.0,4.160056,0.0,0.0
0.0,4.170056,0.0,0.0
0.0,4.180056,0.0,0.0
0.0,4.190056,0.0,0.0
0.0,4.200056,0.0,0.0
0.0,4.210056,0.0,0.0
0.0,4.220056,0.0,0.0
0.0,4.230056,0.0,0.0
0.0,4.240056,0.0,0.0
0.0,4.250056,0.0,0.0
0.0,4.260056,0.0,0.0
0.0,4.270056,0.0,0.0
0.0,4.280056,0.0,0.0
0.0,4.290056,0.0,0.0
0.0,4.300056,0.0,0.0
0.0,4.310056,0.0,0.0
0.0,4.320056,0.0,0.0
0.0,4.330056,0.0,0.0
0.0,4.340056,0.0,0.0
0.0,4.350056,0.0,0.0
0.0,4.360056,0.0,0.0
0.0,4.370056,0.0,0.0
0.0,4.380056,0.0,0.0
0.0,4.390056,0.0,0.0
0.0,4.400056,0.0,0.0
0.0,4.410056,0.0,0.0
0.0,4.420056,0.0,0.0
0.0,4.430056,0.0,0.0
0.0,4.440056,0.0,0.0
0.0,4.450056,0.0,0.0
0.0,4.460056,0.0,0.0
0.0,4.470056,0.0,0.0
0.0,4.48006,0.0,0.0
0.0,4.490056,0.0,0.0
0.0,4.500056,0.0,0.0
0.0,4.510056,0.0,0.0
0.0,4.520056,0.0,0.0
0.0,4.530056,0.0,0.0
0.0,4.540056,0.0,0.0
0.0,4.550056,0.0,0.0
0.0,4.560056,0.0,0.0
0.0,4.570056,0.0,0.0
0.0,4.580056,0.0,0.0
0.0,4.590056,0.0,0.0
0.0,4.600056,0.0,0.0
0.0,4.610056,0.0,0.0
0.0,4.620056,0.0,0.0
0.0,4.630056,0.0,0.0
0.0,4.640056,0.0,0.0
0.0,4.650056,0.0,0.0
0.0,4.660056,0.0,0.0
0.0,4.670056,0.0,0.0
0.0,4.680056,0.0,0.0
0.0,4.690056,0.0,0.0
0.0,4.700056,0.0,0.0
0.0,4.710056,0.0,0.0
0.0,4.720056,0.0,0.0
0.0,4.730056,0.0,0.0
0.0,4.740056,0.0,0.0
0.0,4.750056,0.0,0.0
0.0,4.760056,0.0,0.0
0.0,4.770056,0.0,0.0
0.0,4.780056,0.0,0.0
0.0,4.790056,0.0,0.0
0.0,4.800056,0.0,0.0
0.0,4.810056,0.0,0.0
0.0,4.820056,0.0,0.0
0.0,4.830056,0.0,0.0
0.0,4.840056,0.0,0.0
0.0,4.850056,0.0,0.0
0.0,4.860056,0.0,0.0
0.0,4.870056,0.0,0.0
0.0,4.880056,0.0,0.0
0.0,4.890056,0.0,0.0
0.0,4.900056,0.0,0.0
0.0,4.910056,0.0,0.0
0.0,4.920056,0.0,0.0
0.0,4.930056,0.0,0.0
0.0,4.940056,0.0,0.0
0.0,4.950056,0.0,0.0
0.0,4.960056,0.0,0.0
0.0,4.970056,0.0,0.0
0.0,4.980056,0.0,0.0
0.0,4.990056,0.0,0.0
0.02618,5.000056,0.0,0.0
0.052045999999999995,5.010076,0.00031400000000000004,0.0
0.07681199999999999,5.02008,0.0017274999999999999,0.0
0.09961450000000001,5.03008,0.0051045000000000005,0.0
0.120061,5.04008,0.010838,0.0
0.1377585,5.049056,0.019320500000000004,0.0
0.15207900000000002,5.059056,0.031180000000000003,0.0
0.162551,5.069068,0.046888000000000006,0.0
0.16878200000000002,5.079056,0.06683700000000001,0.0
0.17037900000000003,5.088036,0.09142,0.0
0.16742050000000003,5.098036,0.12055850000000001,0.0
0.16084950000000003,5.108036,0.15330950000000002,0.0
0.15231500000000003,5.11804,0.18802400000000002,0.0
0.14370200000000002,5.12804,0.22281700000000002,0.0
0.13642400000000002,5.138036,0.256275,0.0
0.131502,5.148036,0.287377,0.0
0.129643,5.158036,0.3154155,0.0
0.1307685,5.168044,0.3404695,0.0
0.13425050000000002,5.178036,0.36316750000000003,0.0
0.1392245,5.188036,0.38437350000000003,0.0
0.11801849999999998,5.198036,0.4055795,0.0
0.09571300000000002,5.208036,0.42788500000000007,0.0
0.0726225,5.217012,0.45097600000000004,0.0
0.05016050000000001,5.227012,0.4734385000000001,0.0
0.029740000000000013,5.237012,0.49385900000000005,0.0
0.012146999999999998,5.246992,0.5114515000000001,0.0
-0.0020689999999999992,5.25596,0.525667,0.0
-0.012436499999999998,5.26596,0.536034,0.0
-0.018562999999999996,5.27596,0.54216,0.0
-0.0200555,5.28596,0.543652,0.0
-0.0169925,5.29596,0.5405885,0.0
-0.010317000000000005,5.30596,0.5339124999999999,0.0
-0.0016780000000000024,5.31596,0.5252729999999999,0.0
0.007039499999999999,5.32596,0.516555,0.0
0.014421999999999999,5.33596,0.509172,0.0
0.019448500000000004,5.34596,0.504145,0.0
0.021412,5.35596,0.5021815,0.0
0.020391000000000003,5.36596,0.5032024999999999,0.0
0.0170135,5.37596,0.5065794999999998,0.0
0.012144000000000002,5.38596,0.5114484999999999,0.0
0.007274500000000002,5.39596,0.5163174999999999,0.0
0.003818499999999999,5.40596,0.5197729999999998,0.0
0.002247500000000001,5.41596,0.5213434999999998,0.0
0.0020115000000000007,5.424936,0.5215789999999999,0.0
0.002090000000000001,5.434936,0.5214999999999999,0.0
0.002090000000000001,5.444936,0.5214999999999999,0.0
0.002090000000000001,5.454936,0.5214999999999999,0.0
0.002090000000000001,5.464936,0.5214999999999999,0.0
0.002090000000000001,5.474936,0.5214999999999999,0.0
0.002090000000000001,5.484936,0.5214999999999999,0.0
0.002090000000000001,5.494936,0.5214999999999999,0.0
0.002090000000000001,5.504936,0.5214999999999999,0.0
0.002090000000000001,5.514936,0.5214999999999999,0.0
0.002090000000000001,5.524936,0.5214999999999999,0.0
0.002090000000000001,5.534936,0.5214999999999999,0.0
0.002090000000000001,5.544936,0.5214999999999999,0.0
0.002090000000000001,5.553912,0.5214999999999999,0.0
0.002090000000000001,5.563912,0.5214999999999999,0.0
0.002090000000000001,5.573912,0.5214999999999999,0.0
0.002090000000000001,5.583912,0.5214999999999999,0.0
0.002090000000000001,5.592888,0.5214999999999999,0.0
0.002090000000000001,5.602888,0.5214999999999999,0.0
0.002090000000000001,5.612888,0.5214999999999999,0.0
0.002090000000000001,5.622888,0.5214999999999999,0.0
0.002090000000000001,5.632888,0.5214999999999999,0.0
0.002090000000000001,5.642888,0.5214999999999999,0.0
0.002090000000000001,5.652888,0.5214999999999999,0.0
0.002090000000000001,5.662888,0.5214999999999999,0.0
0.002090000000000001,5.672888,0.5214999999999999,0.0
0.002090000000000001,5.682888,0.5214999999999999,0.0
0.002090000000000001,5.692888,0.5214999999999999,0.0
0.002090000000000001,5.702888,0.5214999999999999,0.0
0.002090000000000001,5.712888,0.5214999999999999,0.0
0.002090000000000001,5.721864,0.5214999999999999,0.0
0.002090000000000001,5.731864,0.5214999999999999,0.0
0.002090000000000001,5.741864,0.5214999999999999,0.0
0.002090000000000001,5.751868,0.5214999999999999,0.0
0.002090000000000001,5.761864,0.5214999999999999,0.0
0.002090000000000001,5.771864,0.5214999999999999,0.0
0.002090000000000001,5.781864,0.5214999999999999,0.0
0.002090000000000001,5.791864,0.5214999999999999,0.0
0.002090000000000001,5.801864,0.5214999999999999,0.0
0.002090000000000001,5.811864,0.5214999999999999,0.0
0.002090000000000001,5.821864,0.5214999999999999,0.0
0.002090000000000001,5.831864,0.5214999999999999,0.0
0.002090000000000001,5.841864,0.5214999999999999,0.0
0.002090000000000001,5.851864,0.5214999999999999,0.0
0.002090000000000001,5.861864,0.5214999999999999,0.0
0.002090000000000001,5.871864,0.5214999999999999,0.0
0.002090000000000001,5.881864,0.5214999999999999,0.0
0.002090000000000001,5.89084,0.5214999999999999,0.0
0.002090000000000001,5.90084,0.5214999999999999,0.0
0.002090000000000001,5.91084,0.5214999999999999,0.0
0.002090000000000001,5.92084,0.5214999999999999,0.0
0.002090000000000001,5.93084,0.5214999999999999,0.0
0.002090000000000001,5.94084,0.5214999999999999,0.0
0.002090000000000001,5.95084,0.5214999999999999,0.0
0.002090000000000001,5.96084,0.5214999999999999,0.0
0.002090000000000001,5.97084,0.5214999999999999,0.0
0.002090000000000001,5.98084,0.5214999999999999,0.0
0.002090000000000001,5.99084,0.5214999999999999,0.0
0.002090000000000001,6.00084,0.5214999999999999,0.0
0.002090000000000001,6.01084,0.5214999999999999,0.0
0.002090000000000001,6.02084,0.5214999999999999,0.0
0.002090000000000001,6.03084,0.5214999999999999,0.0
0.002090000000000001,6.04084,0.5214999999999999,0.0
0.002090000000000001,6.05084,0.5214999999999999,0.0
0.002090000000000001,6.059816,0.5214999999999999,0.0
0.002090000000000001,6.069816,0.5214999999999999,0.0
0.002090000000000001,6.079816,0.5214999999999999,0.0
0.002090000000000001,6.089816,0.5214999999999999,0.0
0.002090000000000001,6.099816,0.5214999999999999,0.0
0.002090000000000001,6.109816,0.5214999999999999,0.0
0.002090000000000001,6.119816,0.5214999999999999,0.0
0.002090000000000001,6.129816,0.5214999999999999,0.0
0.002090000000000001,6.139816,0.5214999999999999,0.0
0.002090000000000001,6.149816,0.5214999999999999,0.0
0.002090000000000001,6.159816,0.5214999999999999,0.0
0.002090000000000001,6.169816,0.5214999999999999,0.0
0.002090000000000001,6.179816,0.5214999999999999,0.0
0.002090000000000001,6.188792,0.5214999999999999,0.0
0.002090000000000001,6.198792,0.5214999999999999,0.0
0.002090000000000001,6.208792,0.5214999999999999,0.0
0.002090000000000001,6.218792,0.5214999999999999,0.0
0.002090000000000001,6.227768,0.5214999999999999,0.0
0.002090000000000001,6.237768,0.5214999999999999,0.0
0.002090000000000001,6.247768,0.5214999999999999,0.0
0.002090000000000001,6.257768,0.5214999999999999,0.0
0.002090000000000001,6.267768,0.5214999999999999,0.0
0.002090000000000001,6.277768,0.5214999999999999,0.0
0.002090000000000001,6.287768,0.5214999999999999,0.0
0.002090000000000001,6.297768,0.5214999999999999,0.0
0.002090000000000001,6.307768,0.5214999999999999,0.0
0.002090000000000001,6.317768,0.5214999999999999,0.0
0.002090000000000001,6.327768,0.5214999999999999,0.0
0.002090000000000001,6.337768,0.5214999999999999,0.0
0.002090000000000001,6.347768,0.5214999999999999,0.0
0.002090000000000001,6.356744,0.5214999999999999,0.0
0.002090000000000001,6.366744,0.5214999999999999,0.0
0.002090000000000001,6.376744,0.5214999999999999,0.0
0.002090000000000001,6.386748,0.5214999999999999,0.0
0.002090000000000001,6.396744,0.5214999999999999,0.0
0.002090000000000001,6.406744,0.5214999999999999,0.0
0.002090000000000001,6.416744,0.5214999999999999,0.0
0.002090000000000001,6.426744,0.5214999999999999,0.0
0.002090000000000001,6.436744,0.5214999999999999,0.0
0.002090000000000001,6.446744,0.5214999999999999,0.0
0.002090000000000001,6.456744,0.5214999999999999,0.0
0.002090000000000001,6.466744,0.5214999999999999,0.0
0.002090000000000001,6.476744,0.5214999999999999,0.0
0.002090000000000001,6.486744,0.5214999999999999,0.0
0.002090000000000001,6.496744,0.5214999999999999,0.0
0.002090000000000001,6.506744,0.5214999999999999,0.0
0.002090000000000001,6.516744,0.5214999999999999,0.0
0.002090000000000001,6.52572,0.5214999999999999,0.0
0.002090000000000001,6.53572,0.5214999999999999,0.0
0.002090000000000001,6.54572,0.5214999999999999,0.0
0.002090000000000001,6.55572,0.5214999999999999,0.0
0.002090000000000001,6.56572,0.5214999999999999,0.0
0.002090000000000001,6.57572,0.5214999999999999,0.0
0.002090000000000001,6.58572,0.5214999999999999,0.0
0.002090000000000001,6.59572,0.5214999999999999,0.0
0.002090000000000001,6.60572,0.5214999999999999,0.0
0.002090000000000001,6.61572,0.5214999999999999,0.0
0.002090000000000001,6.62572,0.5214999999999999,0.0
0.002090000000000001,6.63572,0.5214999999999999,0.0
0.002090000000000001,6.64572,0.5214999999999999,0.0
0.002090000000000001,6.65572,0.5214999999999999,0.0
0.002090000000000001,6.66572,0.5214999999999999,0.0
0.002090000000000001,6.67572,0.5214999999999999,0.0
0.002090000000000001,6.68572,0.5214999999999999,0.0
0.002090000000000001,6.694696,0.5214999999999999,0.0
0.002090000000000001,6.704696,0.5214999999999999,0.0
0.002090000000000001,6.714696,0.5214999999999999,0.0
0.002090000000000001,6.724696,0.5214999999999999,0.0
0.002090000000000001,6.734696,0.5214999999999999,0.0
0.002090000000000001,6.744696,0.5214999999999999,0.0
0.002090000000000001,6.754696,0.5214999999999999,0.0
0.002090000000000001,6.764696,0.5214999999999999,0.0
0.002090000000000001,6.774696,0.5214999999999999,0.0
0.002090000000000001,6.784696,0.5214999999999999,0.0
0.002090000000000001,6.794696,0.5214999999999999,0.0
0.002090000000000001,6.804696,0.5214999999999999,0.0
0.002090000000000001,6.814696,0.5214999999999999,0.0
0.002090000000000001,6.823672,0.5214999999999999,0.0
0.002090000000000001,6.833672,0.5214999999999999,0.0
0.002090000000000001,6.843672,0.5214999999999999,0.0
0.002090000000000001,6.853672,0.5214999999999999,0.0
0.002090000000000001,6.862648,0.5214999999999999,0.0
0.002090000000000001,6.872648,0.5214999999999999,0.0
0.002090000000000001,6.882648,0.5214999999999999,0.0
0.002090000000000001,6.892648,0.5214999999999999,0.0
0.002090000000000001,6.902648,0.5214999999999999,0.0
0.002090000000000001,6.912648,0.5214999999999999,0.0
0.002090000000000001,6.922648,0.5214999999999999,0.0
0.002090000000000001,6.932648,0.5214999999999999,0.0
0.002090000000000001,6.942648,0.5214999999999999,0.0
0.002090000000000001,6.952648,0.5214999999999999,0.0
0.002090000000000001,6.962648,0.5214999999999999,0.0
0.002090000000000001,6.972648,0.5214999999999999,0.0
0.002090000000000001,6.982648,0.5214999999999999,0.0
0.002090000000000001,6.991624,0.5214999999999999,0.0
0.03699700000000004,7.001624,0.5214999999999999,0.0
0.07119699999999994,7.011648,0.5222069999999998,0.0
0.10319799999999996,7.021656,0.5251129999999998,0.0
0.13189999999999996,7.031652,0.5313179999999998,0.0
0.15651799999999996,7.041652,0.5416069999999998,0.0
0.17634499999999997,7.051652,0.5566869999999998,0.0
0.19090999999999997,7.061652,0.5770289999999999,0.0
0.19989849999999998,7.071652,0.6029474999999999,0.0
0.20307499999999995,7.080628,0.6346779999999999,0.0
0.20067549999999998,7.090628,0.6719844999999999,0.0
0.19379899999999994,7.100628,0.713768,0.0
0.18425249999999996,7.110628,0.758222,0.0
0.17415599999999998,7.119604,0.8032254999999999,0.0
0.16508049999999996,7.129604,0.8472080000000001,0.0
0.15820399999999998,7.139604,0.8889915,0.0
0.15439049999999999,7.149604,0.9277120000000001,0.0
0.15348299999999998,7.15858,0.9635265000000001,0.0
0.1544605,7.168584,0.9974560000000001,0.0
0.1565375,7.178584,1.030286,0.0
0.15908600000000003,7.18856,1.0626445,0.0
0.1267275,7.198552,1.0950030000000002,0.0
0.09507600000000001,7.208552,1.1266545000000001,0.0
0.06562350000000004,7.218552,1.1561070000000002,0.0
0.039469999999999984,7.228552,1.1822605000000002,0.0
0.017400499999999992,7.238552,1.2043300000000003,0.0
0.00012199999999999815,7.248552,1.2216085000000003,0.0
-0.011894500000000002,7.258552,1.2336250000000002,0.0
-0.018334500000000004,7.268552,1.2400650000000004,0.0
-0.0189625,7.278552,1.2406930000000003,0.0
-0.014014499999999997,7.287528,1.2357450000000003,0.0
-0.004589499999999996,7.297528,1.2263200000000003,0.0
0.007505500000000002,7.307528,1.2142245000000003,0.0
0.020150500000000002,7.317528,1.2015795000000002,0.0
0.031774500000000004,7.326504,1.1899555000000002,0.0
0.0411995,7.336504,1.1805305000000001,0.0
0.04756150000000001,7.346504,1.1741685000000002,0.0
0.05101750000000001,7.356504,1.1707125,0.0
0.05258850000000001,7.366504,1.1691415,0.0
0.05306000000000001,7.376504,1.1686699999999999,0.0
0.05306000000000001,7.386504,1.1686699999999999,0.0
0.05306000000000001,7.396504,1.1686699999999999,0.0
0.05306000000000001,7.406504,1.1686699999999999,0.0
0.05306000000000001,7.416504,1.1686699999999999,0.0
0.05306000000000001,7.426504,1.1686699999999999,0.0
0.05306000000000001,7.436504,1.1686699999999999,0.0
0.05306000000000001,7.446504,1.1686699999999999,0.0
0.05306000000000001,7.45548,1.1686699999999999,0.0
0.05306000000000001,7.46548,1.1686699999999999,0.0
0.05306000000000001,7.47548,1.1686699999999999,0.0
0.05306000000000001,7.48548,1.1686699999999999,0.0
0.05306000000000001,7.494456,1.1686699999999999,0.0
0.05306000000000001,7.504456,1.1686699999999999,0.0
0.05306000000000001,7.514456,1.1686699999999999,0.0
0.05306000000000001,7.524456,1.1686699999999999,0.0
0.05306000000000001,7.534456,1.1686699999999999,0.0
0.05306000000000001,7.544456,1.1686699999999999,0.0
0.05306000000000001,7.554456,1.1686699999999999,0.0
0.05306000000000001,7.564456,1.1686699999999999,0.0
0.05306000000000001,7.574456,1.1686699999999999,0.0
0.05306000000000001,7.584456,1.1686699999999999,0.0
0.05306000000000001,7.594456,1.1686699999999999,0.0
0.05306000000000001,7.604456,1.1686699999999999,0.0
0.05306000000000001,7.614456,1.1686699999999999,0.0
0.05306000000000001,7.623432,1.1686699999999999,0.0
0.05306000000000001,7.633432,1.1686699999999999,0.0
0.05306000000000001,7.643432,1.1686699999999999,0.0
0.05306000000000001,7.653436,1.1686699999999999,0.0
0.05306000000000001,7.663432,1.1686699999999999,0.0
0.05306000000000001,7.673432,1.1686699999999999,0.0
0.05306000000000001,7.683432,1.1686699999999999,0.0
0.05306000000000001,7.693432,1.1686699999999999,0.0
0.05306000000000001,7.703432,1.1686699999999999,0.0
0.05306000000000001,7.713432,1.1686699999999999,0.0
0.05306000000000001,7.723432,1.1686699999999999,0.0
0.05306000000000001,7.733432,1.1686699999999999,0.0
0.05306000000000001,7.743432,1.1686699999999999,0.0
0.05306000000000001,7.753432,1.1686699999999999,0.0
0.05306000000000001,7.763432,1.1686699999999999,0.0
0.05306000000000001,7.773432,1.1686699999999999,0.0
0.05306000000000001,7.783432,1.1686699999999999,0.0
0.05306000000000001,7.792408,1.1686699999999999,0.0
0.05306000000000001,7.802408,1.1686699999999999,0.0
0.05306000000000001,7.812408,1.1686699999999999,0.0
0.05306000000000001,7.822408,1.1686699999999999,0.0
0.05306000000000001,7.832408,1.1686699999999999,0.0
0.05306000000000001,7.842408,1.1686699999999999,0.0
0.05306000000000001,7.852408,1.1686699999999999,0.0
0.05306000000000001,7.862408,1.1686699999999999,0.0
0.05306000000000001,7.872408,1.1686699999999999,0.0
0.05306000000000001,7.882408,1.1686699999999999,0.0
0.05306000000000001,7.892408,1.1686699999999999,0.0
0.05306000000000001,7.902408,1.1686699999999999,0.0
0.05306000000000001,7.912408,1.1686699999999999,0.0
0.05306000000000001,7.921384,1.1686699999999999,0.0
0.05306000000000001,7.931384,1.1686699999999999,0.0
0.05306000000000001,7.941384,1.1686699999999999,0.0
0.05306000000000001,7.951384,1.1686699999999999,0.0
0.05306000000000001,7.96036,1.1686699999999999,0.0
0.05306000000000001,7.97036,1.1686699999999999,0.0
0.05306000000000001,7.98036,1.1686699999999999,0.0
0.05306000000000001,7.99036,1.1686699999999999,0.0
0.05306000000000001,8.00036,1.1686699999999999,0.0
0.05306000000000001,8.01036,1.1686699999999999,0.0
0.05306000000000001,8.02036,1.1686699999999999,0.0
0.05306000000000001,8.03036,1.1686699999999999,0.0
0.05306000000000001,8.04036,1.1686699999999999,0.0
0.05306000000000001,8.05036,1.1686699999999999,0.0
0.05306000000000001,8.06036,1.1686699999999999,0.0
0.05306000000000001,8.07036,1.1686699999999999,0.0
0.05306000000000001,8.08036,1.1686699999999999,0.0
0.05306000000000001,8.089336,1.1686699999999999,0.0
0.05306000000000001,8.099336,1.1686699999999999,0.0
0.05306000000000001,8.109336,1.1686699999999999,0.0
0.05306000000000001,8.119336,1.1686699999999999,0.0
0.05306000000000001,8.128312,1.1686699999999999,0.0
0.05306000000000001,8.138312,1.1686699999999999,0.0
0.05306000000000001,8.148312,1.1686699999999999,0.0
0.05306000000000001,8.158312,1.1686699999999999,0.0
0.05306000000000001,8.168312,1.1686699999999999,0.0
0.05306000000000001,8.178312,1.1686699999999999,0.0
0.05306000000000001,8.188312,1.1686699999999999,0.0
0.05306000000000001,8.198312,1.1686699999999999,0.0
0.05306000000000001,8.208312,1.1686699999999999,0.0
0.05306000000000001,8.218312,1.1686699999999999,0.0
0.05306000000000001,8.228312,1.1686699999999999,0.0
0.05306000000000001,8.238312,1.1686699999999999,0.0
0.05306000000000001,8.248312,1.1686699999999999,0.0
0.05306000000000001,8.257288,1.1686699999999999,0.0
0.05306000000000001,8.267288,1.1686699999999999,0.0
0.05306000000000001,8.277288,1.1686699999999999,0.0
0.05306000000000001,8.287292,1.1686699999999999,0.0
0.05306000000000001,8.297288,1.1686699999999999,0.0
0.05306000000000001,8.307288,1.1686699999999999,0.0
0.05306000000000001,8.317288,1.1686699999999999,0.0
0.05306000000000001,8.327288,1.1686699999999999,0.0
0.05306000000000001,8.337288,1.1686699999999999,0.0
0.05306000000000001,8.347288,1.1686699999999999,0.0
0.05306000000000001,8.357288,1.1686699999999999,0.0
0.05306000000000001,8.367288,1.1686699999999999,0.0
0.05306000000000001,8.377288,1.1686699999999999,0.0
0.05306000000000001,8.387288,1.1686699999999999,0.0
0.05306000000000001,8.397288,1.1686699999999999,0.0
0.05306000000000001,8.407288,1.1686699999999999,0.0
0.05306000000000001,8.417288,1.1686699999999999,0.0
0.05306000000000001,8.426264,1.1686699999999999,0.0
0.05306000000000001,8.436264,1.1686699999999999,0.0
0.05306000000000001,8.446264,1.1686699999999999,0.0
0.05306000000000001,8.456264,1.1686699999999999,0.0
0.05306000000000001,8.466264,1.1686699999999999,0.0
0.05306000000000001,8.476264,1.1686699999999999,0.0
0.05306000000000001,8.486264,1.1686699999999999,0.0
0.05306000000000001,8.496264,1.1686699999999999,0.0
0.05306000000000001,8.506264,1.1686699999999999,0.0
0.05306000000000001,8.516264,1.1686699999999999,0.0
0.05306000000000001,8.526264,1.1686699999999999,0.0
0.05306000000000001,8.536264,1.1686699999999999,0.0
0.05306000000000001,8.546264,1.1686699999999999,0.0
0.05306000000000001,8.55524,1.1686699999999999,0.0
0.05306000000000001,8.56524,1.1686699999999999,0.0
0.05306000000000001,8.57524,1.1686699999999999,0.0
0.05306000000000001,8.58524,1.1686699999999999,0.0
0.05306000000000001,8.594216,1.1686699999999999,0.0
0.05306000000000001,8.604216,1.1686699999999999,0.0
0.05306000000000001,8.614216,1.1686699999999999,0.0
0.05306000000000001,8.624216,1.1686699999999999,0.0
0.05306000000000001,8.634216,1.1686699999999999,0.0
0.05306000000000001,8.644216,1.1686699999999999,0.0
0.05306000000000001,8.654216,1.1686699999999999,0.0
0.05306000000000001,8.664216,1.1686699999999999,0.0
0.05306000000000001,8.674216,1.1686699999999999,0.0
0.05306000000000001,8.684216,1.1686699999999999,0.0
0.05306000000000001,8.694216,1.1686699999999999,0.0
0.05306000000000001,8.704216,1.1686699999999999,0.0
0.05306000000000001,8.714216,1.1686699999999999,0.0
0.05306000000000001,8.723192,1.1686699999999999,0.0
0.05306000000000001,8.733192,1.1686699999999999,0.0
0.05306000000000001,8.743192,1.1686699999999999,0.0
0.05306000000000001,8.753192,1.1686699999999999,0.0
0.05306000000000001,8.762168,1.1686699999999999,0.0
0.05306000000000001,8.772168,1.1686699999999999,0.0
0.05306000000000001,8.782168,1.1686699999999999,0.0
0.05306000000000001,8.792168,1.1686699999999999,0.0
0.05306000000000001,8.802168,1.1686699999999999,0.0
0.05306000000000001,8.812168,1.1686699999999999,0.0
0.05306000000000001,8.822168,1.1686699999999999,0.0
0.05306000000000001,8.832168,1.1686699999999999,0.0
0.05306000000000001,8.842168,1.1686699999999999,0.0
0.05306000000000001,8.852168,1.1686699999999999,0.0
0.05306000000000001,8.862168,1.1686699999999999,0.0
0.05306000000000001,8.872168,1.1686699999999999,0.0
0.05306000000000001,8.882168,1.1686699999999999,0.0
0.05306000000000001,8.891144,1.1686699999999999,0.0
0.05306000000000001,8.901144,1.1686699999999999,0.0
0.05306000000000001,8.911144,1.1686699999999999,0.0
0.05306000000000001,8.921148,1.1686699999999999,0.0
0.05306000000000001,8.931144,1.1686699999999999,0.0
0.05306000000000001,8.941144,1.1686699999999999,0.0
0.05306000000000001,8.951144,1.1686699999999999,0.0
0.05306000000000001,8.961144,1.1686699999999999,0.0
0.05306000000000001,8.971144,1.1686699999999999,0.0
0.05306000000000001,8.981144,1.1686699999999999,0.0
0.05306000000000001,8.991144,1.1686699999999999,0.0
0.13594249999999994,9.001144,1.1686699999999999,0.0
0.2171760000000001,9.011164,1.1703195,0.0
0.29314700000000027,9.020148,1.1772309999999997,0.0
0.3604000000000003,9.030148,1.1928604999999999,0.0
0.4165005000000003,9.040148,1.2196424999999997,0.0
0.4594850000000002,9.050148,1.2595409999999996,0.0
0.48801800000000023,9.059124,1.3138904999999996,0.0
0.5017855000000002,9.069124,1.3830054999999994,0.0
0.5011020000000002,9.079124,1.4665719999999995,0.0
0.4875375000000001,9.089124,1.5630189999999997,0.0
0.4640770000000001,9.099124,1.6693619999999996,0.0
0.43425500000000006,9.109124,1.7820669999999996,0.0
0.40137,9.119128,1.8978349999999997,0.0
0.367935,9.129124,2.0141524999999993,0.0
0.335678,9.139132,2.1292919999999995,0.0
0.3057775,9.148104,2.2420755,0.0
0.27886149999999993,9.1581,2.3518744999999996,0.0
0.2553224999999999,9.1681,2.458296,0.0
0.2356319999999999,9.1781,2.560869,0.0
0.22026149999999994,9.187076,2.6591224999999996,0.0
0.12672049999999999,9.19708,2.7526634999999997,0.0
0.03985500000000003,9.20708,2.8395284999999997,0.0
-0.03679999999999999,9.217076,2.9161834999999994,0.0
-0.10081000000000001,9.226052,2.9801934999999995,0.0
-0.151625,9.236052,3.0310089999999996,0.0
-0.1892455,9.246048,3.0686294999999997,0.0
-0.21390700000000004,9.256052,3.093291,0.0
-0.22631600000000002,9.266056,3.1057004999999998,0.0
-0.22670900000000002,9.275028,3.1060929999999995,0.0
-0.21571300000000002,9.285028,3.0950974999999996,0.0
-0.19544950000000003,9.295028,3.0748344999999997,0.0
-0.168903,9.305032,3.0482879999999994,0.0
-0.139215,9.313984,3.0185999999999997,0.0
-0.10897700000000002,9.323976,2.9883625,0.0
-0.07991700000000002,9.333976,2.9593030000000002,0.0
-0.053213500000000004,9.343976,2.9325995000000002,0.0
-0.029494499999999996,9.352952,2.9088805000000004,0.0
-0.009152499999999996,9.362952,2.888539,0.0
0.0073409999999999994,9.372952,2.872046,0.0
0.0195145,9.382952,2.8598725000000003,0.0
0.026976000000000007,9.391928,2.8524115000000005,0.0
0.029411000000000007,9.401928,2.8499770000000004,0.0
0.026898000000000005,9.411928,2.8524905000000005,0.0
0.020458000000000004,9.421928,2.8589310000000006,0.0
0.0119755,9.431928,2.8674135000000005,0.0
0.003414499999999999,9.441928,2.8759745000000008,0.0
-0.0036540000000000006,9.451928,2.8830435000000008,0.0
-0.0082095,9.461928,2.8875990000000007,0.0
-0.01033,9.471928,2.8897200000000005,0.0
-0.010958500000000001,9.480904,2.890348500000001,0.0
-0.010958500000000001,9.490904,2.890348500000001,0.0
-0.01088,9.500904,2.890270000000001,0.0
-0.01088,9.510904,2.890270000000001,0.0
-0.01088,9.51988,2.890270000000001,0.0
-0.01088,9.52988,2.890270000000001,0.0
-0.01088,9.53988,2.890270000000001,0.0
-0.01088,9.549884,2.890270000000001,0.0
-0.01088,9.55988,2.890270000000001,0.0
-0.01088,9.56988,2.890270000000001,0.0
-0.01088,9.57988,2.890270000000001,0.0
-0.01088,9.58988,2.890270000000001,0.0
-0.01088,9.59988,2.890270000000001,0.0
-0.01088,9.60988,2.890270000000001,0.0
-0.01088,9.61988,2.890270000000001,0.0
-0.01088,9.62988,2.890270000000001,0.0
-0.01088,9.63988,2.890270000000001,0.0
-0.01088,9.648856,2.890270000000001,0.0
-0.01088,9.658856,2.890270000000001,0.0
-0.01088,9.668856,2.890270000000001,0.0
-0.01088,9.678856,2.890270000000001,0.0
-0.01088,9.687832,2.890270000000001,0.0
-0.01088,9.697832,2.890270000000001,0.0
-0.01088,9.707832,2.890270000000001,0.0
-0.01088,9.717832,2.890270000000001,0.0
-0.01088,9.727832,2.890270000000001,0.0
-0.01088,9.737832,2.890270000000001,0.0
-0.01088,9.747832,2.890270000000001,0.0
-0.01088,9.757832,2.890270000000001,0.0
-0.01088,9.767832,2.890270000000001,0.0
-0.01088,9.777832,2.890270000000001,0.0
-0.01088,9.787832,2.890270000000001,0.0
-0.01088,9.797832,2.890270000000001,0.0
-0.01088,9.807832,2.890270000000001,0.0
-0.01088,9.816808,2.890270000000001,0.0
-0.01088,9.826808,2.890270000000001,0.0
-0.01088,9.836808,2.890270000000001,0.0
-0.01088,9.846808,2.890270000000001,0.0
-0.01088,9.855784,2.890270000000001,0.0
-0.01088,9.865784,2.890270000000001,0.0
-0.01088,9.875784,2.890270000000001,0.0
-0.01088,9.885784,2.890270000000001,0.0
-0.01088,9.895784,2.890270000000001,0.0
-0.01088,9.905784,2.890270000000001,0.0
-0.01088,9.915784,2.890270000000001,0.0
-0.01088,9.925784,2.890270000000001,0.0
-0.01088,9.935784,2.890270000000001,0.5236
-0.01088,9.94476,2.890270000000001,0.02618
-0.01088,9.95476,2.890270000000001,0.5236
-0.01088,9.96476,2.890270000000001,0.05236
-0.01088,9.97476,2.890270000000001,0.5236
-0.01088,9.983736,2.890270000000001,0.07854
-0.01088,9.993736,2.890270000000001,0.5236
-0.01088,10.003736,2.890270000000001,0.10472
-0.01088,10.013736,2.890270000000001,0.5236
-0.01088,10.022712,2.890270000000001,0.1309
-0.01088,10.032712,2.890270000000001,0.5236
-0.01088,10.042712,2.890270000000001,0.15708
-0.01088,10.052712,2.890270000000001,0.5236
-0.01088,10.062712,2.890270000000001,0.18326
-0.01088,10.072712,2.890270000000001,0.5236
-0.01088,10.082712,2.890270000000001,0.20944
-0.01088,10.092712,2.890270000000001,0.5236
-0.01088,10.102712,2.890270000000001,0.23562
-0.01088,10.111688,2.890270000000001,0.5236
-0.01088,10.121688,2.890270000000001,0.2618
-0.01088,10.131688,2.890270000000001,0.5236
-0.01088,10.141688,2.890270000000001,0.28798
-0.01088,10.150664,2.890270000000001,0.5236
-0.01088,10.160664,2.890270000000001,0.31416
-0.01088,10.170664,2.890270000000001,0.5236
-0.01088,10.180668,2.890270000000001,0.34034000000000003
-0.01088,10.190664,2.890270000000001,0.5236
-0.01088,10.200664,2.890270000000001,0.36652
-0.01088,10.210664,2.890270000000001,0.5236
-0.01088,10.220664,2.890270000000001,0.39270000000000005
-0.01088,10.230664,2.890270000000001,0.5236
-0.01088,10.23964,2.890270000000001,0.41888
-0.01088,10.24964,2.890270000000001,0.5236
-0.01088,10.25964,2.890270000000001,0.44506
-0.01088,10.26964,2.890270000000001,0.5236
-0.01088,10.278616,2.890270000000001,0.47124
-0.01088,10.288616,2.890270000000001,0.5236
-0.01088,10.298616,2.890270000000001,0.49742
-0.01088,10.308616,2.890270000000001,0.5236
-0.01088,10.317592,2.890270000000001,0.5236
-0.01088,10.327592,2.890270000000001,0.5236
-0.01088,10.337592,2.890270000000001,0.5236
-0.01088,10.347592,2.890270000000001,0.5236
-0.01088,10.357592,2.890270000000001,0.5236
-0.01088,10.367592,2.890270000000001,0.5236
-0.01088,10.377592,2.890270000000001,0.5236
-0.01088,10.387592,2.890270000000001,0.5236
-0.01088,10.397592,2.890270000000001,0.5236
-0.01088,10.406568,2.890270000000001,0.5236
-0.01088,10.416568,2.890270000000001,0.5236
-0.01088,10.426568,2.890270000000001,0.5236
-0.01088,10.436568,2.890270000000001,0.5236
-0.01088,10.445544,2.890270000000001,0.5236
-0.01088,10.455544,2.890270000000001,0.5236
-0.01088,10.465544,2.890270000000001,0.5236
-0.01088,10.475544,2.890270000000001,0.5236
-0.01088,10.48452,2.890270000000001,0.5236
-0.01088,10.49452,2.890270000000001,0.5236
-0.01088,10.50452,2.890270000000001,0.5236
-0.01088,10.51452,2.890270000000001,0.5236
-0.01088,10.52452,2.890270000000001,0.5236
-0.01088,10.53452,2.890270000000001,0.5236
-0.01088,10.54452,2.890270000000001,0.5236
-0.01088,10.55452,2.890270000000001,0.5236
-0.01088,10.56452,2.890270000000001,0.5236
-0.01088,10.573496,2.890270000000001,0.5236
-0.01088,10.583496,2.890270000000001,0.5236
-0.01088,10.593496,2.890270000000001,0.5236
-0.01088,10.603496,2.890270000000001,0.5236
-0.01088,10.612472,2.890270000000001,0.5236
-0.01088,10.622472,2.890270000000001,0.5236
-0.01088,10.632472,2.890270000000001,0.5236
-0.01088,10.642472,2.890270000000001,0.5236
-0.01088,10.651448,2.890270000000001,0.5236
-0.01088,10.661448,2.890270000000001,0.5236
-0.01088,10.671448,2.890270000000001,0.5236
-0.01088,10.681448,2.890270000000001,0.5236
-0.01088,10.691448,2.890270000000001,0.5236
-0.01088,10.701448,2.890270000000001,0.5236
-0.01088,10.711448,2.890270000000001,0.5236
-0.01088,10.721448,2.890270000000001,0.5236
-0.01088,10.731448,2.890270000000001,0.5236
-0.01088,10.740424,2.890270000000001,0.5236
-0.01088,10.750424,2.890270000000001,0.5236
-0.01088,10.760424,2.890270000000001,0.5236
-0.01088,10.770424,2.890270000000001,0.5236
-0.01088,10.7794,2.890270000000001,0.5236
-0.01088,10.7894,2.890270000000001,0.5236
-0.01088,10.7994,2.890270000000001,0.5236
-0.01088,10.809404,2.890270000000001,0.5236
-0.01088,10.8194,2.890270000000001,0.5236
-0.01088,10.8294,2.890270000000001,0.5236
-0.01088,10.8394,2.890270000000001,0.5236
-0.01088,10.8494,2.890270000000001,0.5236
-0.01088,10.8594,2.890270000000001,0.5236
-0.01088,10.868376,2.890270000000001,0.5236
-0.01088,10.878376,2.890270000000001,0.5236
-0.01088,10.888376,2.890270000000001,0.5236
-0.01088,10.898376,2.890270000000001,0.5236
-0.01088,10.907352,2.890270000000001,0.5236
-0.01088,10.917352,2.890270000000001,0.5236
-0.01088,10.927352,2.890270000000001,0.5236
-0.01088,10.937352,2.890270000000001,0.5236
-0.01088,10.946328,2.890270000000001,0.5236
-0.01088,10.956328,2.890270000000001,0.5236
-0.01088,10.966328,2.890270000000001,0.5236
-0.01088,10.976328,2.890270000000001,0.5236
-0.01088,10.986328,2.890270000000001,0.5236
-0.01088,10.996328,2.890270000000001,0.5236
-0.067583,11.006328,2.890270000000001,0.5236
-0.12334350000000015,11.016352,2.8893275000000007,0.5236
-0.1753340000000001,11.02636,2.8846150000000006,0.5236
-0.22135550000000015,11.035332,2.8739335000000006,0.5236
-0.25991550000000013,11.045332,2.855790500000001,0.5236
-0.2892865000000001,11.055332,2.8284585000000004,0.5236
-0.3086830000000001,11.065332,2.7911520000000003,0.5236
-0.3178690000000001,11.074312,2.7436350000000003,0.5236
-0.31692350000000014,11.084308,2.6859865000000003,0.5236
-0.3067105000000001,11.094308,2.6190705,0.5236
-0.28935050000000007,11.104308,2.545007,0.5236
-0.26782750000000005,11.113288,2.4667809999999997,0.5236
-0.2452050000000001,11.123284,2.3874554999999993,0.5236
-0.22344650000000002,11.133284,2.3089939999999998,0.5236
-0.203416,11.143284,2.2322604999999998,0.5236
-0.18589850000000008,11.153284,2.1580399999999993,0.5236
-0.17136550000000006,11.162272,2.0868039999999994,0.5236
-0.16005300000000003,11.17226,2.0187884999999994,0.5236
-0.15251050000000005,11.18226,1.9545424999999998,0.5236
-0.149209,11.19226,1.8945379999999998,0.5236
-0.09344550000000001,11.20124,1.8387745,0.5236
-0.04200200000000001,11.21124,1.7873305,0.5236
0.004336499999999985,11.221216,1.740992,0.5236
0.04541299999999998,11.231232,1.6999155000000004,0.5236
0.080677,11.240216,1.664651,0.5236
0.10848000000000001,11.250212,1.6368479999999999,0.5236
0.12764399999999998,11.260232,1.617684,0.5236
0.137147,11.270192,1.608181,0.5236
0.1365185,11.27916,1.6088095,0.5236
0.12662249999999997,11.28916,1.6187055000000001,0.5236
0.1095795,11.29916,1.6357490000000003,0.5236
0.0883735,11.30916,1.6569550000000004,0.5236
0.06606799999999999,11.31916,1.6792605000000003,0.5236
0.04462649999999999,11.32916,1.7007020000000002,0.5236
0.024912999999999998,11.33916,1.7204155000000005,0.5236
0.007712500000000006,11.34916,1.7376160000000003,0.5236
-0.0065035,11.35916,1.7518320000000003,0.5236
-0.017498999999999997,11.368136,1.7628275000000002,0.5236
-0.024724499999999996,11.378136,1.7700535000000004,0.5236
-0.027708999999999998,11.388136,1.7730380000000001,0.5236
-0.026452499999999997,11.398136,1.7717815000000003,0.5236
-0.021818499999999998,11.407112,1.7671480000000004,0.5236
-0.0158495,11.417112,1.7611790000000003,0.5236
-0.010587499999999996,11.427112,1.7559170000000002,0.5236
-0.006974499999999999,11.437116,1.7523045000000004,0.5236
-0.005089500000000001,11.447112,1.7504195000000007,0.5236
-0.0045400000000000015,11.457112,1.7498700000000007,0.5236
-0.0045400000000000015,11.467112,1.7498700000000007,0.5236
-0.0045400000000000015,11.477112,1.7498700000000007,0.5236
-0.0045400000000000015,11.487112,1.7498700000000007,0.5236
-0.0045400000000000015,11.497112,1.7498700000000007,0.5236
-0.0045400000000000015,11.507112,1.7498700000000007,0.5236
-0.0045400000000000015,11.517112,1.7498700000000007,0.5236
-0.0045400000000000015,11.527112,1.7498700000000007,0.5236
-0.0045400000000000015,11.536088,1.7498700000000007,0.5236
-0.0045400000000000015,11.546088,1.7498700000000007,0.5236
-0.0045400000000000015,11.556088,1.7498700000000007,0.5236
-0.0045400000000000015,11.566088,1.7498700000000007,0.5236
-0.0045400000000000015,11.575064,1.7498700000000007,0.5236
-0.0045400000000000015,11.585064,1.7498700000000007,0.5236
-0.0045400000000000015,11.595064,1.7498700000000007,0.5236
-0.0045400000000000015,11.605064,1.7498700000000007,0.5236
-0.0045400000000000015,11.615064,1.7498700000000007,0.5236
-0.0045400000000000015,11.625064,1.7498700000000007,0.5236
-0.0045400000000000015,11.635064,1.7498700000000007,0.5236
-0.0045400000000000015,11.645064,1.7498700000000007,0.5236
-0.0045400000000000015,11.655064,1.7498700000000007,0.5236
-0.0045400000000000015,11.665064,1.7498700000000007,0.5236
-0.0045400000000000015,11.675064,1.7498700000000007,0.5236
-0.0045400000000000015,11.685064,1.7498700000000007,0.5236
-0.0045400000000000015,11.695064,1.7498700000000007,0.5236
-0.0045400000000000015,11.70404,1.7498700000000007,0.5236
-0.0045400000000000015,11.71404,1.7498700000000007,0.5236
-0.0045400000000000015,11.72404,1.7498700000000007,0.5236
-0.0045400000000000015,11.73404,1.7498700000000007,0.5236
-0.0045400000000000015,11.743016,1.7498700000000007,0.5236
-0.0045400000000000015,11.753016,1.7498700000000007,0.5236
-0.0045400000000000015,11.763016,1.7498700000000007,0.5236
-0.0045400000000000015,11.773016,1.7498700000000007,0.5236
-0.0045400000000000015,11.783016,1.7498700000000007,0.5236
-0.0045400000000000015,11.793016,1.7498700000000007,0.5236
-0.0045400000000000015,11.803016,1.7498700000000007,0.5236
-0.0045400000000000015,11.813016,1.7498700000000007,0.5236
-0.0045400000000000015,11.823016,1.7498700000000007,0.5236
-0.0045400000000000015,11.831992,1.7498700000000007,0.5236
-0.0045400000000000015,11.841992,1.7498700000000007,0.5236
-0.0045400000000000015,11.851992,1.7498700000000007,0.5236
-0.0045400000000000015,11.861992,1.7498700000000007,0.5236
-0.0045400000000000015,11.870968,1.7498700000000007,0.5236
-0.0045400000000000015,11.880968,1.7498700000000007,0.5236
-0.0045400000000000015,11.890968,1.7498700000000007,0.5236
-0.0045400000000000015,11.900968,1.7498700000000007,0.5236
-0.0045400000000000015,11.909944,1.7498700000000007,0.5236
-0.0045400000000000015,11.919944,1.7498700000000007,0.5236
-0.0045400000000000015,11.929944,1.7498700000000007,0.5236
-0.0045400000000000015,11.939944,1.7498700000000007,0.5236
-0.0045400000000000015,11.949944,1.7498700000000007,0.5236
-0.0045400000000000015,11.959944,1.7498700000000007,0.5236
-0.0045400000000000015,11.969944,1.7498700000000007,0.5236
-0.0045400000000000015,11.979944,1.7498700000000007,0.5236
-0.0045400000000000015,11.989944,1.7498700000000007,0.5236
-0.0045400000000000015,11.99892,1.7498700000000007,0.5236
-0.0045400000000000015,12.00892,1.7498700000000007,0.5236
-0.0045400000000000015,12.01892,1.7498700000000007,0.5236
-0.0045400000000000015,12.02892,1.7498700000000007,0.5236
-0.0045400000000000015,12.037896,1.7498700000000007,0.5236
-0.0045400000000000015,12.047896,1.7498700000000007,0.5236
-0.0045400000000000015,12.057896,1.7498700000000007,0.5236
-0.0045400000000000015,12.0679,1.7498700000000007,0.5236
-0.0045400000000000015,12.077896,1.7498700000000007,0.5236
-0.0045400000000000015,12.087896,1.7498700000000007,0.5236
-0.0045400000000000015,12.097896,1.7498700000000007,0.5236
-0.0045400000000000015,12.107896,1.7498700000000007,0.5236
-0.0045400000000000015,12.117896,1.7498700000000007,0.5236
-0.0045400000000000015,12.127896,1.7498700000000007,0.5236
-0.0045400000000000015,12.137896,1.7498700000000007,0.5236
-0.0045400000000000015,12.147896,1.7498700000000007,0.5236
-0.0045400000000000015,12.157896,1.7498700000000007,0.5236
-0.0045400000000000015,12.166872,1.7498700000000007,0.5236
-0.0045400000000000015,12.176872,1.7498700000000007,0.5236
-0.0045400000000000015,12.186872,1.7498700000000007,0.5236
-0.0045400000000000015,12.196872,1.7498700000000007,0.5236
-0.0045400000000000015,12.205848,1.7498700000000007,0.5236
-0.0045400000000000015,12.215848,1.7498700000000007,0.5236
-0.0045400000000000015,12.225848,1.7498700000000007,0.5236
-0.0045400000000000015,12.235848,1.7498700000000007,0.5236
-0.0045400000000000015,12.245848,1.7498700000000007,0.5236
-0.0045400000000000015,12.255848,1.7498700000000007,0.5236
-0.0045400000000000015,12.265848,1.7498700000000007,0.5236
-0.0045400000000000015,12.275848,1.7498700000000007,0.5236
-0.0045400000000000015,12.285848,1.7498700000000007,0.5236
-0.0045400000000000015,12.295848,1.7498700000000007,0.5236
-0.0045400000000000015,12.305848,1.7498700000000007,0.5236
-0.0045400000000000015,12.315848,1.7498700000000007,0.5236
-0.0045400000000000015,12.325848,1.7498700000000007,0.5236
-0.0045400000000000015,12.334824,1.7498700000000007,0.5236
-0.0045400000000000015,12.344824,1.7498700000000007,0.5236
-0.0045400000000000015,12.354824,1.7498700000000007,0.5236
-0.0045400000000000015,12.364824,1.7498700000000007,0.5236
-0.0045400000000000015,12.3738,1.7498700000000007,0.5236
-0.0045400000000000015,12.3838,1.7498700000000007,0.5236
-0.0045400000000000015,12.3938,1.7498700000000007,0.5236
-0.0045400000000000015,12.4038,1.7498700000000007,0.5236
-0.0045400000000000015,12.4138,1.7498700000000007,0.5236
-0.0045400000000000015,12.4238,1.7498700000000007,0.5236
-0.0045400000000000015,12.4338,1.7498700000000007,0.5236
-0.0045400000000000015,12.4438,1.7498700000000007,0.5236
-0.0045400000000000015,12.4538,1.7498700000000007,0.5236
-0.0045400000000000015,12.462776,1.7498700000000007,0.5236
-0.0045400000000000015,12.472776,1.7498700000000007,0.5236
-0.0045400000000000015,12.482776,1.7498700000000007,0.5236
-0.0045400000000000015,12.492776,1.7498700000000007,0.5236
-0.0045400000000000015,12.501752,1.7498700000000007,0.5236
-0.0045400000000000015,12.511752,1.7498700000000007,0.5236
-0.0045400000000000015,12.521752,1.7498700000000007,0.5236
-0.0045400000000000015,12.531752,1.7498700000000007,0.5236
-0.0045400000000000015,12.540728,1.7498700000000007,0.5236
-0.0045400000000000015,12.550728,1.7498700000000007,0.5236
-0.0045400000000000015,12.560728,1.7498700000000007,0.5236
-0.0045400000000000015,12.570728,1.7498700000000007,0.5236
-0.0045400000000000015,12.580728,1.7498700000000007,0.5236
-0.0045400000000000015,12.590728,1.7498700000000007,0.5236
-0.0045400000000000015,12.600728,1.7498700000000007,0.5236
-0.0045400000000000015,12.610728,1.7498700000000007,0.5236
-0.0045400000000000015,12.620728,1.7498700000000007,0.5236
-0.0045400000000000015,12.629704,1.7498700000000007,0.5236
-0.0045400000000000015,12.639704,1.7498700000000007,0.5236
-0.0045400000000000015,12.649704,1.7498700000000007,0.5236
-0.0045400000000000015,12.659704,1.7498700000000007,0.5236
-0.0045400000000000015,12.66868,1.7498700000000007,0.5236
-0.0045400000000000015,12.67868,1.7498700000000007,0.5236
-0.0045400000000000015,12.68868,1.7498700000000007,0.5236
-0.0045400000000000015,12.698684,1.7498700000000007,0.5236
-0.0045400000000000015,12.70868,1.7498700000000007,0.5236
-0.0045400000000000015,12.71868,1.7498700000000007,0.5236
-0.0045400000000000015,12.72868,1.7498700000000007,0.5236
-0.0045400000000000015,12.73868,1.7498700000000007,0.5236
-0.0045400000000000015,12.74868,1.7498700000000007,0.5236
-0.0045400000000000015,12.75868,1.7498700000000007,0.5236
-0.0045400000000000015,12.76868,1.7498700000000007,0.5236
-0.0045400000000000015,12.77868,1.7498700000000007,0.5236
-0.0045400000000000015,12.78868,1.7498700000000007,0.5236
-0.0045400000000000015,12.797656,1.7498700000000007,0.5236
-0.0045400000000000015,12.807656,1.7498700000000007,0.5236
-0.0045400000000000015,12.817656,1.7498700000000007,0.5236
-0.0045400000000000015,12.827656,1.7498700000000007,0.5236
-0.0045400000000000015,12.836632,1.7498700000000007,0.5236
-0.0045400000000000015,12.846632,1.7498700000000007,0.5236
-0.0045400000000000015,12.856632,1.7498700000000007,0.5236
-0.0045400000000000015,12.866632,1.7498700000000007,0.5236
-0.0045400000000000015,12.876632,1.7498700000000007,0.5236
-0.0045400000000000015,12.886632,1.7498700000000007,0.5236
-0.0045400000000000015,12.896632,1.7498700000000007,0.5236
-0.0045400000000000015,12.906632,1.7498700000000007,0.5236
-0.0045400000000000015,12.916632,1.7498700000000007,0.5236
-0.0045400000000000015,12.926632,1.7498700000000007,0.5236
-0.0045400000000000015,12.936632,1.7498700000000007,0.5236
-0.0045400000000000015,12.946632,1.7498700000000007,0.5236
-0.0045400000000000015,12.956632,1.7498700000000007,0.5236
-0.0045400000000000015,12.965608,1.7498700000000007,0.5236
-0.0045400000000000015,12.975608,1.7498700000000007,0.5236
-0.0045400000000000015,12.985608,1.7498700000000007,0.5236
-0.0045400000000000015,12.995608,1.7498700000000007,0.5236
0.17871950000000003,13.004584,1.7498700000000007,0.5236
0.3597799999999999,13.014604,1.7520690000000005,0.5236
0.5329079999999998,13.024612,1.7622005000000005,0.5236
0.6939409999999999,13.034612,1.7844270000000007,0.5236
0.8410725000000003,13.044608,1.8205550000000004,0.5236
0.9713180000000001,13.053588,1.8735690000000003,0.5236
1.0827135,13.063588,1.9454330000000004,0.5236
1.1746315,13.073588,2.0367745000000004,0.5236
1.2462075,13.083588,2.148458,0.5236
1.2968919999999997,13.092564,2.2810330000000003,0.5236
1.3267635,13.102564,2.4344210000000004,0.5236
1.3363715,13.112568,2.6080725000000005,0.5236
1.3262659999999997,13.122564,2.801437500000001,0.5236
1.2981749999999999,13.13154,3.012788000000001,0.5236
1.2558684999999998,13.14154,3.238354000000001,0.5236
1.517982,13.151544,3.159500000000001,0.5236
1.7731839999999999,13.161536,3.087557500000001,0.5236
2.020061,13.170512,3.0239400000000005,0.5236
2.2546855000000003,13.180512,2.9725750000000004,0.5236
2.4741520000000006,13.190512,2.9363680000000003,0.5236
2.493473,13.20052,2.917047,0.5236
2.4960650000000006,13.210512,2.9144550000000002,0.5236
2.4860905,13.219492,2.9244295000000005,0.5236
2.4671625000000006,13.229492,2.9433575000000003,0.5236
2.4404590000000006,13.239492,2.9700610000000003,0.5236
2.4084930000000004,13.249492,3.002027,0.5236
2.3727575,13.258468,3.0377625,0.5236
2.3336445,13.268468,3.0768755,0.5236
2.2923325,13.27848,3.1181875,0.5236
2.2501565000000006,13.288468,3.1603635,0.5236
2.2080590000000004,13.297448,3.2024610000000004,0.5236
2.1672970000000005,13.307448,3.243223,0.5236
2.4453280000000004,13.317448,2.965192,0.5236
2.7289355,13.327452,2.6815845000000005,0.5236
3.0137205,13.336416,2.3967995,0.5236
2.9789275,13.346416,2.4315925000000003,0.5236
2.93361,13.356428,2.47691,0.5236
2.877611,13.36642,2.532909,0.5236
2.8135225000000004,13.376428,2.5969975,0.5236
2.7433080000000003,13.385396,2.667212,0.5236
2.6681455000000005,13.395396,2.7423745,0.5236
2.5896055000000002,13.405396,2.8209145,0.5236
2.5089450000000006,13.415396,2.901575,0.5236
2.4264780000000004,13.424372,2.9840419999999996,0.5236
2.3429115,13.434372,3.0676084999999995,0.5236
2.259345,13.444372,3.1511750000000003,0.5236
2.177271,13.45438,3.2332490000000003,0.5236
2.0988094999999998,13.463348,3.3117105,0.5236
2.0272599999999996,13.473348,3.3832605000000004,0.5236
2.2810219999999997,13.483356,3.1294985,0.5236
2.546565,13.493344,2.8639555,0.5236
2.8199620000000003,13.503348,2.5905585,0.5236
2.7805350000000004,13.51232,2.6299855,0.5236
2.737102,13.52232,2.6734185000000004,0.5236
2.6887999999999996,13.53232,2.7217205,0.5236
2.6361784999999998,13.54232,2.7743425,0.5236
2.5802585,13.5513,2.830263,0.5236
2.5219820000000004,13.5613,2.8885395000000003,0.5236
2.4620564999999996,13.5713,2.948465,0.5236
2.4011095000000005,13.5813,3.009412,0.5236
2.3394555,13.590276,3.071066,0.5236
2.2774875000000003,13.600276,3.1330340000000003,0.5236
2.2158335,13.610276,3.194688,0.5236
2.1555935,13.620292,3.2549280000000005,0.5236
2.0992805000000003,13.629252,3.3112410000000008,0.5236
2.051057,13.639252,3.359464500000001,0.5236
2.0146930000000003,13.649252,3.3958285000000004,0.5236
2.3061545000000003,13.65926,3.1043670000000003,0.5236
2.6096320000000004,13.669248,2.800889,0.5236
2.6029565000000003,13.678228,2.8075645000000002,0.5236
2.5934535000000007,13.688224,2.8170675000000003,0.5236
2.5800230000000006,13.698236,2.8304980000000004,0.5236
2.5632940000000004,13.708224,2.847227,0.5236
2.5444445000000004,13.717208,2.8660765,0.5236
2.5239460000000005,13.7272,2.8865755,0.5236
2.5026615000000003,13.737204,2.9078595000000003,0.5236
2.4809060000000005,13.747204,2.929615,0.5236
2.458915,13.75618,2.951606,0.5236
2.4369235000000002,13.76618,2.9735975000000003,0.5236
2.414775,13.77618,2.9957460000000005,0.5236
2.3927054999999995,13.78618,3.0178155,0.5236
2.371107,13.795156,3.0394140000000003,0.5236
2.3504514999999997,13.805156,3.0600695000000004,0.5236
2.332623,13.815156,3.0778980000000002,0.5236
2.319664,13.825172,3.090857,0.5236
2.311182,13.835156,3.0993390000000005,0.5236
2.620786,13.84414,2.7897350000000003,0.5236
2.6176445,13.854128,2.7928765,0.5236
2.6107329999999997,13.864132,2.7997880000000004,0.5236
2.5991874999999998,13.874128,2.8113335000000004,0.5236
2.585286,13.88312,2.8252355000000002,0.5236
2.5696570000000003,13.893104,2.840865,0.5236
2.5522210000000003,13.903108,2.858301,1.22173
2.53345,13.913108,2.877072,0.5585065
2.5137359999999997,13.922084,2.8967855000000005,1.22173
2.4930015,13.932084,2.91752,0.5934130000000001
2.4714815,13.942084,2.9390395000000002,1.22173
2.4490975,13.952084,2.9614235,0.6283195
2.4260855,13.962092,2.9844355000000005,1.22173
2.4030735,13.972088,3.0074475000000005,0.6632260000000001
2.380454,13.982104,3.0300670000000003,1.22173
2.3586985,13.992084,3.0518225,0.6981325
2.33977,14.002084,3.0707510000000005,1.22173
2.325554,14.01106,3.0849670000000007,0.7330390000000001
2.315972,14.02106,3.0945490000000007,1.22173
2.625183,14.031064,2.7853380000000003,0.7679455000000002
2.6222770000000004,14.041056,2.7882440000000006,1.22173
2.615758,14.050036,2.794763,0.8028520000000001
2.6042125,14.060036,2.8063085,1.22173
2.5895255,14.070032,2.8209955000000004,0.8377585000000001
2.572168,14.080036,2.8383525000000005,1.22173
2.55269,14.089012,2.8578300000000003,0.872665
2.5321914999999997,14.097992,2.8783285000000003,1.22173
2.511143,14.107988,2.8993770000000003,0.9075715
2.489466,14.117988,2.9210540000000003,1.22173
2.467239,14.127988,2.9432810000000003,0.9424779999999999
2.4446195,14.136972,2.9659005,1.22173
2.4219215,14.146964,2.9885985,0.9773844999999999
2.399459,14.15698,3.011061,1.22173
2.3775465000000002,14.166964,3.0329735,1.012291
2.356576,14.17594,3.053944,1.22173
2.3382765,14.185944,3.0722435000000003,1.0471975
2.324532,14.19594,3.0859880000000004,1.22173
2.315186,14.20594,3.0953340000000003,1.0821040000000002
2.624083,14.214924,2.7864370000000003,1.22173
2.6198420000000002,14.224912,2.790678,1.1170105000000004
2.6116740000000003,14.234912,2.7988460000000006,1.22173
2.60005,14.244912,2.8104700000000005,1.1519170000000005
2.5861485,14.253888,2.8243715000000007,1.22173
2.569655,14.263888,2.840865000000001,1.1868235000000007
2.551355,14.273888,2.859165000000001,1.22173
2.5312485000000002,14.283888,2.8792715000000006,1.2217300000000006
2.5097284999999996,14.293892,2.9007915000000004,1.22173
2.487266,14.302868,2.9232540000000005,1.2217300000000006
2.4640185,14.312868,2.9465015000000006,1.22173
2.4402209999999998,14.322868,2.9702990000000007,1.2217300000000006
2.416109,14.332868,2.994411000000001,1.22173
2.3919969999999995,14.341844,3.018523000000001,1.2217300000000006
2.3683564999999995,14.351844,3.042163500000001,1.22173
2.3455014999999997,14.361844,3.0650185000000008,1.2217300000000006
2.3249244999999994,14.371856,3.0855955000000006,1.22173
2.3086664999999997,14.38082,3.1018535000000007,1.2217300000000006
2.611045,14.390828,2.7994750000000006,1.22173
2.915151,14.400816,2.495369,1.2217300000000006
2.9006209999999997,14.410816,2.5098990000000003,1.22173
2.876588,14.419792,2.533932,1.2217300000000006
2.8436794999999995,14.429792,2.5668405,1.22173
2.8040169999999995,14.439792,2.606503,1.2217300000000006
2.7593279999999996,14.449796,2.651192,1.22173
2.7110259999999995,14.459796,2.699494,1.2217300000000006
2.6599754999999994,14.468772,2.750545,1.22173
2.6080609999999997,14.478772,2.8024595,1.2217300000000006
2.5554390000000002,14.488772,2.8550815000000003,1.22173
2.5014035,14.498772,2.909117,1.2217300000000006
2.446347,14.507748,2.9641735,1.22173
2.3909765,14.517764,3.019544,1.2217300000000006
2.3363914999999995,14.527756,3.074129,1.22173
2.2832205,14.537748,3.1273005,1.2217300000000006
2.2328764999999993,14.546724,3.1776445000000004,1.22173
2.502739,14.55674,2.9077820000000005,1.2217300000000006
2.778727999999999,14.566732,2.6317935000000006,1.22173
3.0553454999999996,14.57672,2.355176,1.2217300000000006
3.0112059999999996,14.58672,2.3993155,1.22173
2.9564639999999995,14.595716,2.4540575000000002,1.2217300000000006
2.8915115,14.605704,2.51901,1.22173
2.8188619999999998,14.6157,2.5916595000000004,1.2217300000000006
2.7406365,14.6257,2.6698850000000003,1.22173
2.6584839999999996,14.634676,2.7520375,1.2217300000000006
2.573661,14.644692,2.8368605000000002,1.22173
2.4867175,14.654676,2.923804,1.2217300000000006
2.3982815,14.664676,3.0122394999999997,1.22173
2.3086675,14.673652,3.1018535,1.2217300000000006
2.2190540000000003,14.683652,3.1914669999999994,1.22173
2.1313250000000004,14.693652,3.2791959999999998,1.2217300000000006
2.0478370000000004,14.703652,3.362684,1.22173
2.286127,14.712636,3.1243939999999997,1.2217300000000006
2.5342339999999997,14.722624,2.8762869999999996,1.22173
2.7902735000000005,14.732624,2.6202469999999995,1.2217300000000006
3.0489050000000004,14.742628,2.3616155,1.22173
2.989922,14.752628,2.4205985,1.2217300000000006
2.924027,14.7616,2.486493,1.22173
2.8516130000000004,14.7716,2.5589069999999996,1.2217300000000006
2.7740945000000004,14.781612,2.6364254999999996,1.22173
2.6928055,14.791612,2.7177145,1.2217300000000006
2.6090825,14.80058,2.8014375,1.22173
2.523867,14.81058,2.886653,1.2217300000000006
2.4374730000000002,14.82058,2.9730469999999998,1.22173
2.3501365,14.830592,3.0603835,1.2217300000000006
2.2629575,14.839556,3.1475624999999994,1.22173
2.177349,14.849556,3.2331709999999996,1.2217300000000006
2.0953535000000003,14.859568,3.3151664999999997,1.22173
2.0205835000000003,14.869556,3.3899364999999997,1.2217300000000006
2.271675,14.878536,3.138845,1.22173
2.535883,14.888532,2.874637,1.2217300000000006
2.807945,14.898528,2.602575,1.22173
2.7661615,14.908528,2.6443585,1.2217300000000006
2.7199805,14.91854,2.6905399999999995,1.22173
2.6684585,14.927516,2.742062,1.2217300000000006
2.6131664999999997,14.937512,2.7973540000000003,1.22173
2.5556749999999995,14.947508,2.8548454999999997,1.2217300000000006
2.496456,14.957508,2.9140650000000003,1.22173
2.435352,14.966484,2.9751689999999997,1.2217300000000006
2.372991,14.976496,3.03753,1.22173
2.3101589999999996,14.986496,3.100362,1.2217300000000006
2.2471699999999997,14.996496,3.1633509999999996,1.22173
2.1148389999999995,15.00546,3.2258689999999994,1.2217300000000006
1.9867494999999995,15.015472,3.2841454999999997,1.22173
1.8712259999999994,15.024436,3.3298555000000003,1.2217300000000006
1.7752589999999995,15.03444,3.3560095,1.22173
1.7035609999999997,15.043412,3.3578945,1.2217300000000006
1.6590375,15.052388,3.3326049999999996,1.22173
1.6406679999999998,15.062388,3.2811614999999996,1.2217300000000006
1.3312300000000001,15.072388,3.5207865,1.22173
1.0435475000000003,15.082388,3.7386559999999998,1.2217300000000006
0.7810765000000002,15.091376,3.931314,1.22173
0.5475865000000002,15.101368,4.094990999999999,1.2217300000000006
0.3442555,15.111364,4.2285085,1.22173
0.17171200000000006,15.121364,4.331239,1.2217300000000006
0.02877850000000001,15.13034,4.404359500000001,1.22173
-0.08753,15.14034,4.450855000000001,1.2217300000000006
-0.18019849999999998,15.150344,4.4737100000000005,1.22173
-0.2517395,15.16034,4.4754380000000005,1.2217300000000006
-0.30356700000000003,15.169316,4.4574525000000005,1.22173
-0.33670200000000006,15.179316,4.4207745,1.2217300000000006
-0.35224450000000007,15.18932,4.366504000000001,1.22173
-0.2814015,15.19932,4.295661000000001,1.2217300000000006
-0.1977565,15.20932,4.212016000000001,1.22173
-0.10987049999999998,15.219316,4.12413,1.2217300000000006
-0.025597499999999995,15.229316,4.0398570000000005,1.22173
0.04956500000000001,15.239316,3.9646945000000002,1.2217300000000006
0.11200399999999999,15.24932,3.9022555000000008,1.22173
0.16093400000000002,15.258292,3.8533250000000003,1.2217300000000006
0.19651249999999998,15.268292,3.8177465000000006,1.22173
0.2193675,15.278292,3.7948915000000003,1.2217300000000006
0.22996999999999998,15.288288,3.7842890000000007,1.22173
0.2293415,15.297268,3.7849175000000006,1.2217300000000006
0.21858149999999998,15.307272,3.7956775,1.22173
0.19886800000000002,15.317272,3.8153910000000004,1.2217300000000006
0.17232150000000002,15.327268,3.8419375000000002,1.22173
0.14114100000000002,15.336244,3.8731180000000003,1.2217300000000006
0.10815400000000004,15.346244,3.9061045,1.22173
0.07626700000000002,15.356224,3.9379915000000008,1.2217300000000006
0.04712900000000002,15.366216,3.9671295000000004,1.22173
0.02191800000000001,15.376216,3.9923405000000005,1.2217300000000006
0.0016550000000000163,15.386216,4.0126035,1.22173
-0.013031999999999983,15.396216,4.0272905,1.2217300000000006
-0.021906999999999982,15.406216,4.0361655,1.22173
-0.024733999999999985,15.416216,4.0389930000000005,1.2217300000000006
-0.02127799999999998,15.425192,4.035537000000001,1.22173
-0.011852999999999982,15.435192,4.026112,1.2217300000000006
0.0023630000000000096,15.445192,4.011896,1.22173
0.01940649999999999,15.455192,3.994853,1.2217300000000006
0.036999500000000005,15.464168,3.97726,1.22173
0.05333600000000001,15.474168,3.9609235,1.2217300000000006
0.06755200000000001,15.484168,3.9467075000000005,1.22173
0.0787835,15.494168,3.935476,1.2217300000000006
0.08648050000000002,15.503144,3.9277790000000006,1.22173
0.09087900000000002,15.513144,3.9233805,1.2217300000000006
0.09276400000000001,15.523144,3.9214955000000007,1.22173
0.09339250000000002,15.533144,3.9208670000000008,1.2217300000000006
0.09355000000000002,15.543144,3.9207100000000006,1.22173
0.09355000000000002,15.553144,3.9207100000000006,1.2217300000000006
0.09355000000000002,15.563144,3.9207100000000006,1.22173
0.09355000000000002,15.573144,3.9207100000000006,1.2217300000000006
0.09355000000000002,15.583144,3.9207100000000006,1.22173
0.09355000000000002,15.59212,3.9207100000000006,1.2217300000000006
0.09355000000000002,15.60212,3.9207100000000006,1.22173
0.09355000000000002,15.61212,3.9207100000000006,1.2217300000000006
0.09355000000000002,15.62212,3.9207100000000006,1.22173
0.09355000000000002,15.631096,3.9207100000000006,1.2217300000000006
0.09355000000000002,15.641096,3.9207100000000006,1.22173
0.09355000000000002,15.651096,3.9207100000000006,1.2217300000000006
0.09355000000000002,15.661096,3.9207100000000006,1.22173
0.09355000000000002,15.670072,3.9207100000000006,1.2217300000000006
0.09355000000000002,15.680072,3.9207100000000006,1.22173
0.09355000000000002,15.690072,3.9207100000000006,1.2217300000000006
0.09355000000000002,15.700072,3.9207100000000006,1.22173
0.09355000000000002,15.710072,3.9207100000000006,1.2217300000000006
0.09355000000000002,15.720072,3.9207100000000006,1.22173
0.09355000000000002,15.730072,3.9207100000000006,1.2217300000000006
0.09355000000000002,15.740072,3.9207100000000006,1.22173
0.09355000000000002,15.750072,3.9207100000000006,1.2217300000000006
0.09355000000000002,15.759048,3.9207100000000006,1.22173
0.09355000000000002,15.769048,3.9207100000000006,1.2217300000000006
0.09355000000000002,15.779048,3.9207100000000006,1.22173
0.09355000000000002,15.789048,3.9207100000000006,1.2217300000000006
0.09355000000000002,15.798024,3.9207100000000006,1.22173
0.09355000000000002,15.808024,3.9207100000000006,1.2217300000000006
0.09355000000000002,15.818024,3.9207100000000006,1.22173
0.09355000000000002,15.828028,3.9207100000000006,1.2217300000000006
0.09355000000000002,15.838024,3.9207100000000006,1.22173
0.09355000000000002,15.848024,3.9207100000000006,1.2217300000000006
0.09355000000000002,15.858024,3.9207100000000006,1.22173
0.09355000000000002,15.868024,3.9207100000000006,1.2217300000000006
0.09355000000000002,15.878024,3.9207100000000006,1.22173
0.09355000000000002,15.888024,3.9207100000000006,1.2217300000000006
0.09355000000000002,15.898024,3.9207100000000006,1.22173
0.09355000000000002,15.908024,3.9207100000000006,1.2217300000000006
0.09355000000000002,15.918024,3.9207100000000006,1.22173
0.09355000000000002,15.927,3.9207100000000006,1.2217300000000006
0.09355000000000002,15.937,3.9207100000000006,1.22173
0.09355000000000002,15.947,3.9207100000000006,1.2217300000000006
0.09355000000000002,15.957,3.9207100000000006,1.22173
0.09355000000000002,15.965976,3.9207100000000006,1.2217300000000006
0.09355000000000002,15.975976,3.9207100000000006,1.22173
0.09355000000000002,15.985976,3.9207100000000006,1.2217300000000006
0.09355000000000002,15.995976,3.9207100000000006,1.22173
0.09355000000000002,16.005976,3.9207100000000006,1.2217300000000006
0.09355000000000002,16.015976,3.9207100000000006,1.22173
0.09355000000000002,16.025976,3.9207100000000006,1.2217300000000006
0.09355000000000002,16.035976,3.9207100000000006,1.22173
0.09355000000000002,16.045976,3.9207100000000006,1.2217300000000006
0.09355000000000002,16.054952,3.9207100000000006,1.22173
0.09355000000000002,16.064952,3.9207100000000006,1.2217300000000006
0.09355000000000002,16.074952,3.9207100000000006,1.22173
0.09355000000000002,16.084952,3.9207100000000006,1.2217300000000006
0.09355000000000002,16.093928,3.9207100000000006,1.22173
0.09355000000000002,16.103928,3.9207100000000006,1.2217300000000006
0.09355000000000002,16.113928,3.9207100000000006,1.22173
0.09355000000000002,16.123928,3.9207100000000006,1.2217300000000006
0.09355000000000002,16.132904,3.9207100000000006,1.22173
0.09355000000000002,16.142904,3.9207100000000006,1.2217300000000006
0.09355000000000002,16.152904,3.9207100000000006,1.22173
0.09355000000000002,16.162904,3.9207100000000006,1.2217300000000006
0.09355000000000002,16.172904,3.9207100000000006,1.22173
0.09355000000000002,16.182904,3.9207100000000006,1.2217300000000006
0.09355000000000002,16.192904,3.9207100000000006,1.22173
0.09355000000000002,16.202904,3.9207100000000006,1.2217300000000006
0.09355000000000002,16.212904,3.9207100000000006,1.22173
0.09355000000000002,16.22188,3.9207100000000006,1.2217300000000006
0.09355000000000002,16.23188,3.9207100000000006,1.22173
0.09355000000000002,16.24188,3.9207100000000006,1.2217300000000006
0.09355000000000002,16.25188,3.9207100000000006,1.22173
0.09355000000000002,16.260856,3.9207100000000006,1.2217300000000006
0.09355000000000002,16.270856,3.9207100000000006,1.22173
0.09355000000000002,16.280856,3.9207100000000006,1.2217300000000006
0.09355000000000002,16.290856,3.9207100000000006,1.22173
0.09355000000000002,16.299832,3.9207100000000006,1.2217300000000006
0.09355000000000002,16.309832,3.9207100000000006,1.22173
0.09355000000000002,16.319832,3.9207100000000006,1.2217300000000006
0.09355000000000002,16.329832,3.9207100000000006,1.22173
0.09355000000000002,16.339832,3.9207100000000006,1.2217300000000006
0.09355000000000002,16.349832,3.9207100000000006,1.22173
0.09355000000000002,16.359832,3.9207100000000006,1.2217300000000006
0.09355000000000002,16.369832,3.9207100000000006,1.22173
0.09355000000000002,16.379832,3.9207100000000006,1.2217300000000006
0.09355000000000002,16.388808,3.9207100000000006,1.22173
0.09355000000000002,16.398808,3.9207100000000006,1.2217300000000006
0.09355000000000002,16.408808,3.9207100000000006,1.22173
0.09355000000000002,16.418808,3.9207100000000006,1.2217300000000006
0.09355000000000002,16.427784,3.9207100000000006,1.22173
0.09355000000000002,16.437784,3.9207100000000006,1.2217300000000006
0.09355000000000002,16.447784,3.9207100000000006,1.22173
0.09355000000000002,16.457788,3.9207100000000006,1.2217300000000006
0.09355000000000002,16.467784,3.9207100000000006,1.22173
0.09355000000000002,16.477784,3.9207100000000006,1.2217300000000006
0.09355000000000002,16.487784,3.9207100000000006,1.22173
0.09355000000000002,16.497784,3.9207100000000006,1.2217300000000006
0.09355000000000002,16.507784,3.9207100000000006,1.22173
0.09355000000000002,16.517784,3.9207100000000006,1.2217300000000006
0.09355000000000002,16.527784,3.9207100000000006,1.22173
0.09355000000000002,16.537784,3.9207100000000006,1.2217300000000006
0.09355000000000002,16.547784,3.9207100000000006,1.22173
0.09355000000000002,16.55676,3.9207100000000006,1.2217300000000006
0.09355000000000002,16.56676,3.9207100000000006,1.22173
0.09355000000000002,16.57676,3.9207100000000006,1.2217300000000006
0.09355000000000002,16.58676,3.9207100000000006,1.22173
0.09355000000000002,16.595736,3.9207100000000006,1.2217300000000006
0.09355000000000002,16.605736,3.9207100000000006,1.22173
0.09355000000000002,16.615736,3.9207100000000006,1.2217300000000006
0.09355000000000002,16.625736,3.9207100000000006,1.22173
0.09355000000000002,16.635736,3.9207100000000006,1.2217300000000006
0.09355000000000002,16.645736,3.9207100000000006,1.22173
0.09355000000000002,16.655736,3.9207100000000006,1.2217300000000006
0.09355000000000002,16.665736,3.9207100000000006,1.22173
0.09355000000000002,16.675736,3.9207100000000006,1.2217300000000006
0.09355000000000002,16.684712,3.9207100000000006,1.22173
0.09355000000000002,16.694712,3.9207100000000006,1.2217300000000006
0.09355000000000002,16.704712,3.9207100000000006,1.22173
0.09355000000000002,16.714712,3.9207100000000006,1.2217300000000006
0.09355000000000002,16.723688,3.9207100000000006,1.22173
0.09355000000000002,16.733688,3.9207100000000006,1.2217300000000006
0.09355000000000002,16.743688,3.9207100000000006,1.22173
0.09355000000000002,16.753688,3.9207100000000006,1.2217300000000006
0.09355000000000002,16.762664,3.9207100000000006,1.22173
0.09355000000000002,16.772664,3.9207100000000006,1.2217300000000006
0.09355000000000002,16.782664,3.9207100000000006,1.22173
0.09355000000000002,16.792664,3.9207100000000006,1.2217300000000006
0.09355000000000002,16.802664,3.9207100000000006,1.22173
0.09355000000000002,16.812664,3.9207100000000006,1.2217300000000006
0.09355000000000002,16.822664,3.9207100000000006,1.22173
0.09355000000000002,16.832664,3.9207100000000006,1.2217300000000006
0.09355000000000002,16.842664,3.9207100000000006,1.22173
0.09355000000000002,16.85164,3.9207100000000006,1.2217300000000006
0.09355000000000002,16.86164,3.9207100000000006,1.22173
0.09355000000000002,16.87164,3.9207100000000006,1.2217300000000006
0.09355000000000002,16.88164,3.9207100000000006,1.22173
0.09355000000000002,16.890616,3.9207100000000006,1.2217300000000006
0.09355000000000002,16.900616,3.9207100000000006,1.22173
0.09355000000000002,16.910616,3.9207100000000006,1.2217300000000006
0.09355000000000002,16.920616,3.9207100000000006,1.22173
0.09355000000000002,16.929592,3.9207100000000006,1.2217300000000006
0.09355000000000002,16.939592,3.9207100000000006,1.22173
0.09355000000000002,16.949592,3.9207100000000006,1.2217300000000006
0.09355000000000002,16.959592,3.9207100000000006,1.22173
0.09355000000000002,16.969592,3.9207100000000006,1.2217300000000006
0.09355000000000002,16.979592,3.9207100000000006,1.22173
0.09355000000000002,16.989592,3.9207100000000006,1.2217300000000006
0.09355000000000002,16.999592,3.9207100000000006,1.22173
-0.067893,17.009592,3.9207100000000006,1.2217300000000006
-0.2279225,17.018592,3.9192965,1.22173
-0.3820615000000004,17.028596,3.9119925,1.2217300000000006
-0.5261475,17.038696,3.8946355000000006,1.22173
-0.6570384999999997,17.047572,3.8640835000000004,1.2217300000000006
-0.7717504999999998,17.056548,3.8173525,1.22173
-0.8682409999999998,17.066548,3.7524,1.2217300000000006
-0.9447039999999998,17.076548,3.66742,1.22173
-1.000511,17.086548,3.5617840000000003,1.2217300000000006
-1.0358189999999998,17.096548,3.435649,1.22173
-1.0509425,17.106548,3.2893295000000005,1.2217300000000006
-1.046274,17.116544,3.1232179999999996,1.22173
-1.0235414999999999,17.126544,2.9390419999999997,1.2217300000000006
-0.9865929999999999,17.136548,2.7406504999999997,1.22173
-0.9407694999999999,17.14552,2.533384,1.2217300000000006
-0.8912544999999998,17.155524,2.3224259999999997,1.22173
-0.842368,17.165524,2.1120965,1.2217300000000006
-0.7978795000000001,17.175524,1.9061649999999997,1.22173
-0.7601455,17.184532,1.706988,1.2217300000000006
-0.7302655,17.194496,1.5156649999999996,1.22173
-0.5475034999999999,17.204496,1.3329029999999997,1.2217300000000006
-0.3751084999999999,17.2145,1.1605079999999999,1.22173
-0.21755749999999976,17.223476,1.0029569999999997,1.2217300000000006
-0.079013,17.233476,0.8644124999999999,1.22173
0.03816799999999999,17.243476,0.7472310000000001,1.2217300000000006
0.13327999999999998,17.253476,0.652119,1.22173
0.20726450000000002,17.26348,0.5781345,1.2217300000000006
0.260907,17.27348,0.5244920000000001,1.22173
0.2953075,17.283476,0.49009150000000007,1.2217300000000006
0.3114080000000001,17.293476,0.4739910000000001,1.22173
0.31023000000000006,17.303476,0.4751690000000001,1.2217300000000006
0.29279400000000005,17.312452,0.49260450000000006,1.22173
0.261064,17.322452,0.5243350000000001,1.2217300000000006
0.2188095,17.332452,0.5665895,1.22173
0.1705075,17.342452,0.6148915,1.2217300000000006
0.120556,17.351428,0.6648430000000001,1.22173
0.072568,17.361428,0.7128310000000001,1.2217300000000006
0.028978,17.371428,0.7564210000000001,1.22173
-0.009114000000000006,17.381428,0.7945130000000001,1.2217300000000006
-0.041080000000000005,17.390408,0.826479,1.22173
-0.06582,17.400408,0.851219,1.2217300000000006
-0.082078,17.410384,0.8674765,1.22173
-0.08938249999999998,17.420376,0.8747805,1.2217300000000006
-0.08773349999999996,17.430376,0.8731309999999999,1.22173
-0.077916,17.440376,0.8633135,1.2217300000000006
-0.06220849999999999,17.450376,0.8476054999999999,1.22173
-0.043595,17.460376,0.8289915000000001,1.2217300000000006
-0.024667000000000012,17.470376,0.8100630000000001,1.22173
-0.007152999999999999,17.479352,0.7925485000000001,1.2217300000000006
0.008161999999999997,17.489352,0.7772330000000001,1.22173
0.020571,17.499352,0.7648235,1.2217300000000006
0.029446,17.509352,0.7559485,1.22173
0.034551,17.518328,0.750843,1.2217300000000006
0.035964499999999996,17.528328,0.7494290000000001,1.22173
0.0345505,17.538328,0.7508425000000001,1.2217300000000006
0.031094499999999997,17.548328,0.7542980000000001,1.22173
0.026303499999999997,17.557304,0.7590885000000002,1.2217300000000006
0.021512499999999993,17.567304,0.7638790000000002,1.22173
0.017977999999999994,17.577304,0.7674130000000002,1.2217300000000006
0.016171499999999995,17.587304,0.7692190000000002,1.22173
0.015699999999999995,17.597304,0.7696900000000002,1.2217300000000006
0.015699999999999995,17.607304,0.7696900000000002,1.22173
0.015699999999999995,17.617304,0.7696900000000002,1.2217300000000006
0.015699999999999995,17.627304,0.7696900000000002,1.22173
0.015699999999999995,17.637304,0.7696900000000002,1.2217300000000006
0.015699999999999995,17.64628,0.7696900000000002,1.22173
0.015699999999999995,17.65628,0.7696900000000002,1.2217300000000006
0.015699999999999995,17.66628,0.7696900000000002,1.22173
0.015699999999999995,17.67628,0.7696900000000002,1.2217300000000006
0.015699999999999995,17.685256,0.7696900000000002,1.22173
0.015699999999999995,17.695256,0.7696900000000002,1.2217300000000006
0.015699999999999995,17.705256,0.7696900000000002,1.22173
0.015699999999999995,17.71526,0.7696900000000002,1.2217300000000006
0.015699999999999995,17.725256,0.7696900000000002,1.22173
0.015699999999999995,17.735256,0.7696900000000002,1.2217300000000006
0.015699999999999995,17.745256,0.7696900000000002,1.22173
0.015699999999999995,17.755256,0.7696900000000002,1.2217300000000006
0.015699999999999995,17.765256,0.7696900000000002,1.22173
0.015699999999999995,17.775256,0.7696900000000002,1.2217300000000006
0.015699999999999995,17.785256,0.7696900000000002,1.22173
0.015699999999999995,17.795256,0.7696900000000002,1.2217300000000006
0.015699999999999995,17.805256,0.7696900000000002,1.22173
0.015699999999999995,17.814232,0.7696900000000002,1.2217300000000006
0.015699999999999995,17.824232,0.7696900000000002,1.22173
0.015699999999999995,17.834232,0.7696900000000002,1.2217300000000006
0.015699999999999995,17.844232,0.7696900000000002,1.22173
0.015699999999999995,17.853208,0.7696900000000002,1.2217300000000006
0.015699999999999995,17.863208,0.7696900000000002,2.87939
0.015699999999999995,17.873208,0.7696900000000002,1.3046130000000007
0.015699999999999995,17.883208,0.7696900000000002,2.87939
0.015699999999999995,17.893208,0.7696900000000002,1.3874960000000007
0.015699999999999995,17.903208,0.7696900000000002,2.87939
0.015699999999999995,17.913208,0.7696900000000002,1.4703790000000008
0.015699999999999995,17.923208,0.7696900000000002,2.87939
0.015699999999999995,17.933208,0.7696900000000002,1.5532620000000008
0.015699999999999995,17.943208,0.7696900000000002,2.87939
0.015699999999999995,17.953208,0.7696900000000002,1.6361450000000006
0.015699999999999995,17.963208,0.7696900000000002,2.87939
0.015699999999999995,17.973208,0.7696900000000002,1.7190280000000007
0.015699999999999995,17.982184,0.7696900000000002,2.87939
0.015699999999999995,17.992184,0.7696900000000002,1.8019110000000005
0.015699999999999995,18.002184,0.7696900000000002,2.87939
0.015699999999999995,18.012184,0.7696900000000002,1.8847940000000005
0.015699999999999995,18.02116,0.7696900000000002,2.87939
0.015699999999999995,18.03116,0.7696900000000002,1.9676770000000006
0.015699999999999995,18.04116,0.7696900000000002,2.87939
0.015699999999999995,18.05116,0.7696900000000002,2.0505600000000004
0.015699999999999995,18.06116,0.7696900000000002,2.87939
0.015699999999999995,18.07116,0.7696900000000002,2.1334430000000006
0.015699999999999995,18.08116,0.7696900000000002,2.87939
0.015699999999999995,18.09116,0.7696900000000002,2.2163260000000005
0.015699999999999995,18.10116,0.7696900000000002,2.87939
0.015699999999999995,18.110136,0.7696900000000002,2.2992090000000007
0.015699999999999995,18.120136,0.7696900000000002,2.87939
0.015699999999999995,18.130136,0.7696900000000002,2.3820920000000005
0.015699999999999995,18.140136,0.7696900000000002,2.87939
0.015699999999999995,18.149112,0.7696900000000002,2.464975000000001
0.015699999999999995,18.159112,0.7696900000000002,2.87939
0.015699999999999995,18.169112,0.7696900000000002,2.5478580000000006
0.015699999999999995,18.179112,0.7696900000000002,2.87939
0.015699999999999995,18.188088,0.7696900000000002,2.6307410000000004
0.015699999999999995,18.198088,0.7696900000000002,2.87939
0.015699999999999995,18.208088,0.7696900000000002,2.7136240000000007
0.015699999999999995,18.218088,0.7696900000000002,2.87939
0.015699999999999995,18.228088,0.7696900000000002,2.7965070000000005
0.015699999999999995,18.238088,0.7696900000000002,2.87939
0.015699999999999995,18.248088,0.7696900000000002,2.879390000000001
0.015699999999999995,18.258088,0.7696900000000002,2.87939
0.015699999999999995,18.268088,0.7696900000000002,2.879390000000001
0.015699999999999995,18.277064,0.7696900000000002,2.87939
0.015699999999999995,18.287064,0.7696900000000002,2.879390000000001
0.015699999999999995,18.297064,0.7696900000000002,2.87939
0.015699999999999995,18.307064,0.7696900000000002,2.879390000000001
0.015699999999999995,18.31604,0.7696900000000002,2.87939
0.015699999999999995,18.32604,0.7696900000000002,2.879390000000001
0.015699999999999995,18.33604,0.7696900000000002,2.87939
0.015699999999999995,18.346044,0.7696900000000002,2.879390000000001
0.015699999999999995,18.35604,0.7696900000000002,2.87939
0.015699999999999995,18.36604,0.7696900000000002,2.879390000000001
0.015699999999999995,18.37604,0.7696900000000002,2.87939
0.015699999999999995,18.38604,0.7696900000000002,2.879390000000001
0.015699999999999995,18.39604,0.7696900000000002,2.87939
0.015699999999999995,18.40604,0.7696900000000002,2.879390000000001
0.015699999999999995,18.41604,0.7696900000000002,2.87939
0.015699999999999995,18.42604,0.7696900000000002,2.879390000000001
0.015699999999999995,18.43604,0.7696900000000002,2.87939
0.015699999999999995,18.445016,0.7696900000000002,2.879390000000001
0.015699999999999995,18.455016,0.7696900000000002,2.87939
0.015699999999999995,18.465016,0.7696900000000002,2.879390000000001
0.015699999999999995,18.475016,0.7696900000000002,2.87939
0.015699999999999995,18.483992,0.7696900000000002,2.879390000000001
0.015699999999999995,18.493992,0.7696900000000002,2.87939
0.015699999999999995,18.503992,0.7696900000000002,2.879390000000001
0.015699999999999995,18.513992,0.7696900000000002,2.87939
0.015699999999999995,18.523992,0.7696900000000002,2.879390000000001
0.015699999999999995,18.533992,0.7696900000000002,2.87939
0.015699999999999995,18.543992,0.7696900000000002,2.879390000000001
0.015699999999999995,18.553992,0.7696900000000002,2.87939
0.015699999999999995,18.563992,0.7696900000000002,2.879390000000001
0.015699999999999995,18.573992,0.7696900000000002,2.87939
0.015699999999999995,18.583992,0.7696900000000002,2.879390000000001
0.015699999999999995,18.593992,0.7696900000000002,2.87939
0.015699999999999995,18.603992,0.7696900000000002,2.879390000000001
0.015699999999999995,18.612968,0.7696900000000002,2.87939
0.015699999999999995,18.622968,0.7696900000000002,2.879390000000001
0.015699999999999995,18.632968,0.7696900000000002,2.87939
0.015699999999999995,18.642968,0.7696900000000002,2.879390000000001
0.015699999999999995,18.651944,0.7696900000000002,2.87939
0.015699999999999995,18.661944,0.7696900000000002,2.879390000000001
0.015699999999999995,18.671944,0.7696900000000002,2.87939
0.015699999999999995,18.681944,0.7696900000000002,2.879390000000001
0.015699999999999995,18.691944,0.7696900000000002,2.87939
0.015699999999999995,18.701944,0.7696900000000002,2.879390000000001
0.015699999999999995,18.711944,0.7696900000000002,2.87939
0.015699999999999995,18.721944,0.7696900000000002,2.879390000000001
0.015699999999999995,18.731944,0.7696900000000002,2.87939
0.015699999999999995,18.74092,0.7696900000000002,2.879390000000001
0.015699999999999995,18.75092,0.7696900000000002,2.87939
0.015699999999999995,18.76092,0.7696900000000002,2.879390000000001
0.015699999999999995,18.77092,0.7696900000000002,2.87939
0.015699999999999995,18.779896,0.7696900000000002,2.879390000000001
0.015699999999999995,18.789896,0.7696900000000002,2.87939
0.015699999999999995,18.799896,0.7696900000000002,2.879390000000001
0.015699999999999995,18.809896,0.7696900000000002,2.87939
0.015699999999999995,18.818872,0.7696900000000002,2.879390000000001
0.015699999999999995,18.828872,0.7696900000000002,2.87939
0.015699999999999995,18.838872,0.7696900000000002,2.879390000000001
0.015699999999999995,18.848872,0.7696900000000002,2.87939
0.015699999999999995,18.858872,0.7696900000000002,2.879390000000001
0.015699999999999995,18.868872,0.7696900000000002,2.87939
0.015699999999999995,18.878872,0.7696900000000002,2.879390000000001
0.015699999999999995,18.888872,0.7696900000000002,2.87939
0.015699999999999995,18.898872,0.7696900000000002,2.879390000000001
0.015699999999999995,18.907848,0.7696900000000002,2.87939
0.015699999999999995,18.917848,0.7696900000000002,2.879390000000001
0.015699999999999995,18.927848,0.7696900000000002,2.87939
0.015699999999999995,18.937848,0.7696900000000002,2.879390000000001
0.015699999999999995,18.946824,0.7696900000000002,2.87939
0.015699999999999995,18.956824,0.7696900000000002,2.879390000000001
0.015699999999999995,18.966824,0.7696900000000002,2.87939
0.015699999999999995,18.976828,0.7696900000000002,2.879390000000001
0.015699999999999995,18.986824,0.7696900000000002,2.87939
0.015699999999999995,18.996824,0.7696900000000002,2.879390000000001
0.10732999999999995,19.006824,0.7696900000000002,2.87939
0.19746749999999988,19.016844,0.7711825000000003,2.879390000000001
0.28100799999999987,19.026852,0.7792725000000003,2.87939
0.3536314999999999,19.035828,0.7982795000000004,2.879390000000001
0.41376700000000044,19.045828,0.8297740000000003,2.87939
0.4596085000000004,19.055832,0.8755630000000004,2.879390000000001
0.4902915000000004,19.0648,0.9365100000000004,2.87939
0.5058165000000003,19.07378,1.0126155000000003,2.879390000000001
0.5061045000000003,19.08378,1.1039575000000004,2.87939
0.4925695000000002,19.09378,1.2091225000000003,2.879390000000001
0.4684320000000002,19.10378,1.3248905000000004,2.87939
0.4372255000000001,19.112756,1.4477270000000004,2.879390000000001
0.402485,19.12276,1.5740980000000002,2.87939
0.3672729999999999,19.132756,1.7009399999999997,2.879390000000001
0.3337889999999999,19.142756,1.8260539999999996,2.87939
0.3033679999999999,19.15276,1.9481049999999998,2.879390000000001
0.2767954999999999,19.161732,2.0663075,2.87939
0.25477849999999996,19.171736,2.179955,2.879390000000001
0.2377095,19.181732,2.2886545000000007,2.87939
0.2259809999999999,19.191736,2.3920130000000004,2.879390000000001
0.12835600000000003,19.200712,2.4896380000000007,2.87939
0.0378785,19.210712,2.5801160000000003,2.879390000000001
-0.04050450000000002,19.220712,2.6584985000000003,2.87939
-0.10380750000000004,19.230712,2.7218015,2.879390000000001
-0.15297350000000004,19.239688,2.7709675000000007,2.87939
-0.18823800000000002,19.249684,2.806232,2.879390000000001
-0.2099935,19.259684,2.8279875000000008,2.87939
-0.2190255,19.269688,2.8370195000000002,2.879390000000001
-0.21572650000000004,19.278664,2.833721,2.87939
-0.20143200000000003,19.288664,2.8194270000000006,2.879390000000001
-0.1788915,19.298664,2.796886,2.87939
-0.15077400000000005,19.30866,2.7687685,2.879390000000001
-0.11967250000000003,19.31866,2.7376665000000004,2.87939
-0.08817800000000003,19.327616,2.7061720000000005,2.879390000000001
-0.05841150000000002,19.337608,2.6764055,2.87939
-0.03170800000000001,19.347608,2.649702,2.879390000000001
-0.008853000000000007,19.357608,2.6268469999999997,2.87939
0.009446499999999995,19.366584,2.6085469999999997,2.879390000000001
0.022798000000000002,19.376584,2.595195,2.87939
0.030809,19.386584,2.5871839999999997,2.879390000000001
0.03308650000000001,19.396584,2.5849064999999998,2.87939
0.02970900000000001,19.40556,2.5882834999999997,2.879390000000001
0.020834000000000005,19.41556,2.5971585,2.87939
0.007795999999999995,19.42556,2.6101959999999997,2.879390000000001
-0.006890999999999999,19.43556,2.6248829999999996,2.87939
-0.021185499999999996,19.444536,2.6391769999999997,2.879390000000001
-0.03383049999999999,19.454536,2.6518219999999997,2.87939
-0.04404099999999999,19.464536,2.662032,2.879390000000001
-0.0513455,19.474536,2.6693359999999995,2.87939
-0.0558225,19.484536,2.6738125,2.879390000000001
-0.057943,19.493512,2.6759329999999997,2.87939
-0.0585715,19.503512,2.6765614999999996,2.879390000000001
-0.05865000000000001,19.513512,2.6766399999999995,2.87939
-0.05865000000000001,19.523512,2.6766399999999995,2.879390000000001
-0.05865000000000001,19.532488,2.6766399999999995,2.87939
-0.05865000000000001,19.542488,2.6766399999999995,2.879390000000001
-0.05865000000000001,19.552488,2.6766399999999995,2.87939
-0.05865000000000001,19.562488,2.6766399999999995,2.879390000000001
-0.05865000000000001,19.571464,2.6766399999999995,2.87939
-0.05865000000000001,19.581464,2.6766399999999995,2.879390000000001
-0.05865000000000001,19.591464,2.6766399999999995,2.87939
-0.05865000000000001,19.601468,2.6766399999999995,2.879390000000001
-0.05865000000000001,19.611464,2.6766399999999995,2.87939
-0.05865000000000001,19.621464,2.6766399999999995,2.879390000000001
-0.05865000000000001,19.631464,2.6766399999999995,2.87939
-0.05865000000000001,19.641464,2.6766399999999995,2.879390000000001
-0.05865000000000001,19.651464,2.6766399999999995,2.87939
-0.05865000000000001,19.66044,2.6766399999999995,2.879390000000001
-0.05865000000000001,19.67044,2.6766399999999995,2.87939
-0.05865000000000001,19.68044,2.6766399999999995,2.879390000000001
-0.05865000000000001,19.69044,2.6766399999999995,2.87939
-0.05865000000000001,19.699416,2.6766399999999995,2.879390000000001
-0.05865000000000001,19.709416,2.6766399999999995,2.87939
-0.05865000000000001,19.719416,2.6766399999999995,2.879390000000001
-0.05865000000000001,19.729416,2.6766399999999995,2.87939
-0.05865000000000001,19.738392,2.6766399999999995,2.879390000000001
-0.05865000000000001,19.748392,2.6766399999999995,2.87939
-0.05865000000000001,19.758392,2.6766399999999995,2.879390000000001
-0.05865000000000001,19.768392,2.6766399999999995,2.87939
-0.05865000000000001,19.778392,2.6766399999999995,2.879390000000001
-0.05865000000000001,19.788392,2.6766399999999995,2.87939
-0.05865000000000001,19.798392,2.6766399999999995,2.879390000000001
-0.05865000000000001,19.808392,2.6766399999999995,2.87939
-0.05865000000000001,19.818392,2.6766399999999995,2.879390000000001
-0.05865000000000001,19.827368,2.6766399999999995,2.87939
-0.05865000000000001,19.837368,2.6766399999999995,2.879390000000001
-0.05865000000000001,19.847368,2.6766399999999995,2.87939
-0.05865000000000001,19.857368,2.6766399999999995,2.879390000000001
-0.05865000000000001,19.866344,2.6766399999999995,2.8793
-0.05865000000000001,19.876344,2.6766399999999995,2.8793855000000006
-0.05865000000000001,19.886344,2.6766399999999995,2.8793
-0.05865000000000001,19.896344,2.6766399999999995,2.8793810000000004
-0.05865000000000001,19.90532,2.6766399999999995,2.8793
-0.05865000000000001,19.91532,2.6766399999999995,2.8793765000000007
-0.05865000000000001,19.92532,2.6766399999999995,2.8793
-0.05865000000000001,19.93532,2.6766399999999995,2.8793720000000005
-0.05865000000000001,19.94532,2.6766399999999995,2.8793
-0.05865000000000001,19.95532,2.6766399999999995,2.8793675000000007
-0.05865000000000001,19.96532,2.6766399999999995,2.8793
-0.05865000000000001,19.97532,2.6766399999999995,2.8793630000000006
-0.05865000000000001,19.98532,2.6766399999999995,2.8793
-0.05865000000000001,19.994296,2.6766399999999995,2.8793585000000004
-0.05865000000000001,20.004296,2.6766399999999995,2.8793
-0.05865000000000001,20.014296,2.6766399999999995,2.8793540000000006
-0.05865000000000001,20.024296,2.6766399999999995,2.8793
-0.05865000000000001,20.033272,2.6766399999999995,2.8793495000000005
-0.05865000000000001,20.043272,2.6766399999999995,2.8793
-0.05865000000000001,20.053272,2.6766399999999995,2.8793450000000007
-0.05865000000000001,20.063272,2.6766399999999995,2.8793
-0.05865000000000001,20.072248,2.6766399999999995,2.8793405000000005
-0.05865000000000001,20.082248,2.6766399999999995,2.8793
-0.05865000000000001,20.092248,2.6766399999999995,2.8793360000000003
-0.05865000000000001,20.102248,2.6766399999999995,2.8793
-0.05865000000000001,20.112248,2.6766399999999995,2.8793315000000006
-0.05865000000000001,20.121224,2.6766399999999995,2.8793
-0.05865000000000001,20.131224,2.6766399999999995,2.8793270000000004
-0.05865000000000001,20.141224,2.6766399999999995,2.8793
-0.05865000000000001,20.151224,2.6766399999999995,2.8793225000000007
-0.05865000000000001,20.1602,2.6766399999999995,2.8793
-0.05865000000000001,20.1702,2.6766399999999995,2.8793180000000005
-0.05865000000000001,20.1802,2.6766399999999995,2.8793
-0.05865000000000001,20.1902,2.6766399999999995,2.8793135000000003
-0.05865000000000001,20.199176,2.6766399999999995,2.8793
-0.05865000000000001,20.209176,2.6766399999999995,2.8793090000000006
-0.05865000000000001,20.219176,2.6766399999999995,2.8793
-0.05865000000000001,20.22918,2.6766399999999995,2.8793045000000004
-0.05865000000000001,20.239176,2.6766399999999995,2.8793
-0.05865000000000001,20.249176,2.6766399999999995,2.8793000000000006
-0.05865000000000001,20.259176,2.6766399999999995,2.8793
-0.05865000000000001,20.269176,2.6766399999999995,2.8793000000000006
-0.05865000000000001,20.279176,2.6766399999999995,2.8793
-0.05865000000000001,20.288152,2.6766399999999995,2.8793000000000006
-0.05865000000000001,20.298152,2.6766399999999995,2.8793
-0.05865000000000001,20.308152,2.6766399999999995,2.8793000000000006
-0.05865000000000001,20.318152,2.6766399999999995,2.8793
-0.05865000000000001,20.327128,2.6766399999999995,2.8793000000000006
-0.05865000000000001,20.337128,2.6766399999999995,2.8793
-0.05865000000000001,20.347128,2.6766399999999995,2.8793000000000006
-0.05865000000000001,20.357128,2.6766399999999995,2.8793
-0.05865000000000001,20.366104,2.6766399999999995,2.8793000000000006
-0.05865000000000001,20.376104,2.6766399999999995,2.8793
-0.05865000000000001,20.386104,2.6766399999999995,2.8793000000000006
-0.05865000000000001,20.396104,2.6766399999999995,2.8793
-0.05865000000000001,20.406104,2.6766399999999995,2.8793000000000006
-0.05865000000000001,20.416104,2.6766399999999995,2.8793
-0.05865000000000001,20.426104,2.6766399999999995,2.8793000000000006
-0.05865000000000001,20.436104,2.6766399999999995,2.8793
-0.05865000000000001,20.446104,2.6766399999999995,2.8793000000000006
-0.05865000000000001,20.45508,2.6766399999999995,2.8793
-0.05865000000000001,20.46508,2.6766399999999995,2.8793000000000006
-0.05865000000000001,20.47508,2.6766399999999995,2.8793
-0.05865000000000001,20.48508,2.6766399999999995,2.8793000000000006
-0.05865000000000001,20.494056,2.6766399999999995,2.8793
-0.05865000000000001,20.504056,2.6766399999999995,2.8793000000000006
-0.05865000000000001,20.514056,2.6766399999999995,2.8793
-0.05865000000000001,20.524056,2.6766399999999995,2.8793000000000006
-0.05865000000000001,20.533032,2.6766399999999995,2.8793
-0.05865000000000001,20.543032,2.6766399999999995,2.8793000000000006
-0.05865000000000001,20.553032,2.6766399999999995,2.8793
-0.05865000000000001,20.563032,2.6766399999999995,2.8793000000000006
-0.05865000000000001,20.573032,2.6766399999999995,2.8793
-0.05865000000000001,20.583032,2.6766399999999995,2.8793000000000006
-0.05865000000000001,20.593032,2.6766399999999995,2.8793
-0.05865000000000001,20.603032,2.6766399999999995,2.8793000000000006
-0.05865000000000001,20.613032,2.6766399999999995,2.8793
-0.05865000000000001,20.622008,2.6766399999999995,2.8793000000000006
-0.05865000000000001,20.632008,2.6766399999999995,2.8793
-0.05865000000000001,20.642008,2.6766399999999995,2.8793000000000006
-0.05865000000000001,20.652008,2.6766399999999995,2.8793
-0.05865000000000001,20.660984,2.6766399999999995,2.8793000000000006
-0.05865000000000001,20.670984,2.6766399999999995,2.8793
-0.05865000000000001,20.680984,2.6766399999999995,2.8793000000000006
-0.05865000000000001,20.690984,2.6766399999999995,2.8793
-0.05865000000000001,20.69996,2.6766399999999995,2.8793000000000006
-0.05865000000000001,20.70996,2.6766399999999995,2.8793
-0.05865000000000001,20.71996,2.6766399999999995,2.8793000000000006
-0.05865000000000001,20.72996,2.6766399999999995,2.8793
-0.05865000000000001,20.73996,2.6766399999999995,2.8793000000000006
-0.05865000000000001,20.748936,2.6766399999999995,2.8793
-0.05865000000000001,20.758936,2.6766399999999995,2.8793000000000006
-0.05865000000000001,20.768936,2.6766399999999995,2.8793
-0.05865000000000001,20.778936,2.6766399999999995,2.8793000000000006
-0.05865000000000001,20.787912,2.6766399999999995,2.8793
-0.05865000000000001,20.797912,2.6766399999999995,2.8793000000000006
-0.05865000000000001,20.807912,2.6766399999999995,2.8793
-0.05865000000000001,20.817912,2.6766399999999995,2.8793000000000006
-0.05865000000000001,20.826888,2.6766399999999995,2.8793
-0.05865000000000001,20.836888,2.6766399999999995,2.8793000000000006
-0.05865000000000001,20.846888,2.6766399999999995,2.8793
-0.05865000000000001,20.856892,2.6766399999999995,2.8793000000000006
-0.05865000000000001,20.866888,2.6766399999999995,2.8793
-0.05865000000000001,20.876888,2.6766399999999995,2.8793000000000006
-0.05865000000000001,20.886888,2.6766399999999995,2.8793
-0.05865000000000001,20.896888,2.6766399999999995,2.8793000000000006
-0.05865000000000001,20.906888,2.6766399999999995,2.8793
-0.05865000000000001,20.915864,2.6766399999999995,2.8793000000000006
-0.05865000000000001,20.925864,2.6766399999999995,2.8793
-0.05865000000000001,20.935864,2.6766399999999995,2.8793000000000006
-0.05865000000000001,20.945864,2.6766399999999995,2.8793
-0.05865000000000001,20.95484,2.6766399999999995,2.8793000000000006
-0.05865000000000001,20.96484,2.6766399999999995,2.8793
-0.05865000000000001,20.97484,2.6766399999999995,2.8793000000000006
-0.05865000000000001,20.98484,2.6766399999999995,2.8793
-0.05865000000000001,20.993816,2.6766399999999995,2.8793000000000006
0.04606999999999996,21.003816,2.6766399999999995,2.8793
0.14866949999999995,21.01384,2.678760499999999,2.8793000000000006
0.24467149999999993,21.023844,2.687478499999999,2.8793
0.32952099999999995,21.033844,2.7073489999999993,2.8793000000000006
0.39999749999999995,21.04282,2.7415924999999994,2.8793
0.4546874999999999,21.05282,2.7916224999999995,2.8793000000000006
0.4929624999999999,21.06282,2.8580669999999997,2.8793
0.514666,21.07282,2.9410834999999995,2.8793000000000006
0.5201115,21.081796,3.0403579999999994,2.8793
0.511106,21.091796,3.1540834999999996,2.8793000000000006
0.491262,21.1018,3.2786475,2.8793
0.464349,21.1118,3.41028,2.8793000000000006
0.433588,21.120772,3.5457609999999997,2.8793
0.4018055,21.130772,3.682262999999999,2.8793000000000006
0.37135850000000015,21.140772,3.817429999999999,2.8793
0.3436605000000001,21.150772,3.9498480000000002,2.8793000000000006
0.31965350000000003,21.159748,4.078575,2.8793
0.30012350000000004,21.169752,4.202825,2.8793000000000006
0.28562000000000004,21.179752,4.3220485,2.8793
0.27661449999999993,21.189752,4.435773999999999,2.8793000000000006
0.16862199999999997,21.199752,4.543766499999999,2.8793
0.06871900000000002,21.208728,4.643669500000001,2.8793000000000006
-0.018852999999999995,21.218728,4.7312415,2.8793
-0.0911885,21.228724,4.803577000000001,2.8793000000000006
-0.14750150000000004,21.238724,4.85989,2.8793
-0.18849900000000006,21.2477,4.9008875000000005,2.8793000000000006
-0.21488800000000008,21.257696,4.927277,2.8793
-0.22729750000000004,21.2677,4.9396865000000005,2.8793000000000006
-0.22643350000000007,21.277696,4.938822500000001,2.8793
-0.21394600000000008,21.286672,4.926335000000001,2.8793000000000006
-0.19274050000000004,21.296672,4.9051295,2.8793
-0.16580100000000006,21.306672,4.8781905,2.8793000000000006
-0.13556350000000003,21.316656,4.847953,2.8793
-0.10422600000000003,21.325648,4.816616,2.8793000000000006
-0.07414549999999998,21.335632,4.7865355,2.8793
-0.046813999999999995,21.345624,4.759204,2.8793000000000006
-0.023173500000000003,21.355624,4.7355635000000005,2.8793
-0.004009999999999995,21.365624,4.716399999999999,2.8793000000000006
0.010127000000000004,21.3746,4.702263,2.8793
0.01876600000000001,21.3846,4.693624000000001,2.8793000000000006
0.02167200000000001,21.3946,4.690718,2.8793
0.018609,21.4046,4.693781,2.8793000000000006
0.009812499999999997,21.413576,4.7025775,2.8793
-0.0030680000000000035,21.423576,4.715458000000001,2.8793000000000006
-0.017598000000000003,21.433576,4.729988000000001,2.8793
-0.03165700000000001,21.443576,4.744047,2.8793000000000006
-0.04390950000000001,21.452552,4.756299500000001,2.8793
-0.053570000000000007,21.462552,4.765960000000001,2.8793000000000006
-0.060246000000000015,21.472552,4.772635999999999,2.8793
-0.06409450000000001,21.482556,4.7764845,2.8793000000000006
-0.0658225,21.492552,4.7782124999999995,2.8793
-0.06621550000000001,21.502552,4.778605499999999,2.8793000000000006
-0.0660585,21.512552,4.778448499999999,2.8793
-0.06598,21.522552,4.778369999999999,2.8793000000000006
-0.06598,21.532552,4.778369999999999,2.8793
-0.06598,21.541528,4.778369999999999,2.8793000000000006
-0.06598,21.551528,4.778369999999999,2.8793
-0.06598,21.561528,4.778369999999999,2.8793000000000006
-0.06598,21.571528,4.778369999999999,2.8793
-0.06598,21.580504,4.778369999999999,2.8793000000000006
-0.06598,21.590504,4.778369999999999,2.8793
-0.06598,21.600504,4.778369999999999,2.8793000000000006
-0.06598,21.610504,4.778369999999999,2.8793
-0.06598,21.61948,4.778369999999999,2.8793000000000006
-0.06598,21.62948,4.778369999999999,2.8793
-0.06598,21.63948,4.778369999999999,2.8793000000000006
-0.06598,21.64948,4.778369999999999,2.8793
-0.06598,21.65948,4.778369999999999,2.8793000000000006
-0.06598,21.66948,4.778369999999999,2.8793
-0.06598,21.67948,4.778369999999999,2.8793000000000006
-0.06598,21.68948,4.778369999999999,2.8793
-0.06598,21.69948,4.778369999999999,2.8793000000000006
-0.06598,21.708456,4.778369999999999,2.8793
-0.06598,21.718456,4.778369999999999,2.8793000000000006
-0.06598,21.728456,4.778369999999999,2.8793
-0.06598,21.738456,4.778369999999999,2.8793000000000006
-0.06598,21.747432,4.778369999999999,2.8793
-0.06598,21.757432,4.778369999999999,2.8793000000000006
-0.06598,21.767432,4.778369999999999,2.8793
-0.06598,21.777432,4.778369999999999,2.8793000000000006
-0.06598,21.786408,4.778369999999999,2.8793
-0.06598,21.796408,4.778369999999999,2.8793000000000006
-0.06598,21.806408,4.778369999999999,2.8793
-0.06598,21.816408,4.778369999999999,2.8793000000000006
-0.06598,21.826408,4.778369999999999,2.8793
-0.06598,21.836408,4.778369999999999,2.8793000000000006
-0.06598,21.846408,4.778369999999999,2.8793
-0.06598,21.856408,4.778369999999999,2.8793000000000006
-0.06598,21.866408,4.778369999999999,1.7453
-0.06598,21.875384,4.778369999999999,2.8226000000000004
-0.06598,21.885384,4.778369999999999,1.7453
-0.06598,21.895384,4.778369999999999,2.7659000000000002
-0.06598,21.905384,4.778369999999999,1.7453
-0.06598,21.91436,4.778369999999999,2.7092000000000005
-0.06598,21.92436,4.778369999999999,1.7453
-0.06598,21.93436,4.778369999999999,2.6525000000000003
-0.06598,21.94436,4.778369999999999,1.7453
-0.06598,21.953336,4.778369999999999,2.5958000000000006
-0.06598,21.963336,4.778369999999999,1.74533
-0.06598,21.973336,4.778369999999999,2.5391015000000006
-0.06598,21.983336,4.778369999999999,1.74533
-0.06598,21.993336,4.778369999999999,2.4824030000000006
-0.06598,22.002312,4.778369999999999,1.74533
-0.06598,22.012312,4.778369999999999,2.4257045000000006
-0.06598,22.022312,4.778369999999999,1.74533
-0.06598,22.032312,4.778369999999999,2.3690060000000006
-0.06598,22.041288,4.778369999999999,1.74533
-0.06598,22.051288,4.778369999999999,2.3123075000000006
-0.06598,22.061288,4.778369999999999,1.74533
-0.06598,22.071288,4.778369999999999,2.255609000000001
-0.06598,22.080264,4.778369999999999,1.74533
-0.06598,22.090264,4.778369999999999,2.198910500000001
-0.06598,22.100264,4.778369999999999,1.74533
-0.06598,22.110268,4.778369999999999,2.142212000000001
-0.06598,22.120264,4.778369999999999,1.74533
-0.06598,22.130264,4.778369999999999,2.0855135000000007
-0.06598,22.140264,4.778369999999999,1.74533
-0.06598,22.150264,4.778369999999999,2.0288150000000007
-0.06598,22.160264,4.778369999999999,1.74533
-0.06598,22.16924,4.778369999999999,1.9721165000000007
-0.06598,22.17924,4.778369999999999,1.74533
-0.06598,22.18924,4.778369999999999,1.9154180000000005
-0.06598,22.19924,4.778369999999999,1.74533
-0.06598,22.208216,4.778369999999999,1.8587195000000003
-0.06598,22.218216,4.778369999999999,1.74533
-0.06598,22.228216,4.778369999999999,1.8020210000000003
-0.06598,22.238216,4.778369999999999,1.74533
-0.06598,22.247192,4.778369999999999,1.7453225
-0.06598,22.257192,4.778369999999999,1.7453
-0.06598,22.267192,4.778369999999999,1.7453225
-0.06598,22.277192,4.778369999999999,1.7453
-0.06598,22.287192,4.778369999999999,1.7453225
-0.06598,22.297192,4.778369999999999,1.7453
-0.06598,22.307192,4.778369999999999,1.7453225
-0.06598,22.317192,4.778369999999999,1.7453
-0.06598,22.327192,4.778369999999999,1.7453225
-0.06598,22.336168,4.778369999999999,1.7453
-0.06598,22.346168,4.778369999999999,1.7453225
-0.06598,22.356168,4.778369999999999,1.7453
-0.06598,22.366168,4.778369999999999,1.745321
-0.06598,22.375144,4.778369999999999,1.7453
-0.06598,22.385144,4.778369999999999,1.7453195000000001
-0.06598,22.395144,4.778369999999999,1.7453
-0.06598,22.405144,4.778369999999999,1.7453180000000001
-0.06598,22.41412,4.778369999999999,1.7453
-0.06598,22.42412,4.778369999999999,1.7453165000000004
-0.06598,22.43412,4.778369999999999,1.7453
-0.06598,22.44412,4.778369999999999,1.7453150000000002
-0.06598,22.45412,4.778369999999999,1.7453
-0.06598,22.46412,4.778369999999999,1.7453135000000004
-0.06598,22.47412,4.778369999999999,1.7453
-0.06598,22.48412,4.778369999999999,1.7453120000000002
-0.06598,22.49412,4.778369999999999,1.7453
-0.06598,22.503096,4.778369999999999,1.7453105000000002
-0.06598,22.513096,4.778369999999999,1.7453
-0.06598,22.523096,4.778369999999999,1.745309
-0.06598,22.533096,4.778369999999999,1.7453
-0.06598,22.542072,4.778369999999999,1.7453075000000002
-0.06598,22.552072,4.778369999999999,1.7453
-0.06598,22.562072,4.778369999999999,1.7453060000000002
-0.06598,22.572072,4.778369999999999,1.7453
-0.06598,22.581048,4.778369999999999,1.7453045
-0.06598,22.591048,4.778369999999999,1.7453
-0.06598,22.601048,4.778369999999999,1.7453030000000003
-0.06598,22.611048,4.778369999999999,1.7453
-0.06598,22.621048,4.778369999999999,1.7453015
-0.06598,22.630024,4.778369999999999,1.7453
-0.06598,22.640024,4.778369999999999,1.7453
-0.06598,22.650024,4.778369999999999,1.7453
-0.06598,22.660024,4.778369999999999,1.7453
-0.06598,22.669,4.778369999999999,1.7453
-0.06598,22.679,4.778369999999999,1.7453
-0.06598,22.689,4.778369999999999,1.7453
-0.06598,22.699,4.778369999999999,1.7453
-0.06598,22.707976,4.778369999999999,1.7453
-0.06598,22.717976,4.778369999999999,1.7453
-0.06598,22.727976,4.778369999999999,1.7453
-0.06598,22.73798,4.778369999999999,1.7453
-0.06598,22.747976,4.778369999999999,1.7453
-0.06598,22.757976,4.778369999999999,1.7453
-0.06598,22.767976,4.778369999999999,1.7453
-0.06598,22.777976,4.778369999999999,1.7453
-0.06598,22.787976,4.778369999999999,1.7453
-0.06598,22.796952,4.778369999999999,1.7453
-0.06598,22.806952,4.778369999999999,1.7453
-0.06598,22.816952,4.778369999999999,1.7453
-0.06598,22.826952,4.778369999999999,1.7453
-0.06598,22.835928,4.778369999999999,1.7453
-0.06598,22.845928,4.778369999999999,1.7453
-0.06598,22.855928,4.778369999999999,1.7453
-0.06598,22.865928,4.778369999999999,1.7453
-0.06598,22.874904,4.778369999999999,1.7453
-0.06598,22.884904,4.778369999999999,1.7453
-0.06598,22.894904,4.778369999999999,1.7453
-0.06598,22.904904,4.778369999999999,1.7453
-0.06598,22.914904,4.778369999999999,1.7453
-0.06598,22.924904,4.778369999999999,1.7453
-0.06598,22.934904,4.778369999999999,1.7453
-0.06598,22.944904,4.778369999999999,1.7453
-0.06598,22.954904,4.778369999999999,1.7453
-0.06598,22.96388,4.778369999999999,1.7453
-0.06598,22.97388,4.778369999999999,1.7453
-0.06598,22.98388,4.778369999999999,1.7453
-0.06598,22.99388,4.778369999999999,1.7453
-0.28414599999999984,23.002856,4.778369999999999,1.7453
-0.5005054999999999,23.01288,4.776563499999999,1.7453
-0.7103459999999999,23.022884,4.768237999999999,1.7453
-0.9091124999999999,23.032884,4.7488385,1.7453
-1.093899,23.041864,4.715459,1.7453
-1.2617995,23.05186,4.6651935,1.7453
-1.4113215,23.06186,4.596549500000001,1.7453
-1.5414444999999999,23.07186,4.508506000000001,1.7453
-1.6505970000000003,23.08186,4.399492500000001,1.7453
-1.7382300000000002,23.090836,4.2689590000000015,1.7453
-1.8039499999999997,23.10084,4.116513,1.7453
-1.847522,23.110848,3.9419185,1.7453
-1.8691814999999998,23.120836,3.7454115000000003,1.7453
-1.869635,23.129808,3.527699,1.7453
-1.8513174999999997,23.139808,3.2912155,1.7453
-1.8188630000000001,23.149808,3.0405944999999996,1.7453
-1.7768265,23.159808,2.780392,1.7453
-1.7290565000000002,23.168788,2.514456,1.7453
-1.6796375000000001,23.178788,2.2468705,1.7453
-1.6319460000000001,23.188792,1.9810130000000001,1.7453
-1.370094,23.198788,1.7191610000000006,1.7453
-1.1158605,23.20776,1.4649275,1.7453
-0.8752145000000001,23.21776,1.2242815,1.7453
-0.6533395,23.22776,1.0024065,1.7453
-0.453063,23.23776,0.80213,1.7453
-0.277134,23.24776,0.6262005,1.7453
-0.126495,23.256736,0.4755610000000001,1.7453
-0.000909499999999952,23.266736,0.34997600000000006,1.7453
0.10017100000000007,23.27674,0.24889550000000005,1.7453
0.17894650000000006,23.286744,0.17012000000000005,1.7453
0.23690850000000002,23.29572,0.11215750000000001,1.7453
0.2745290000000001,23.305716,0.074537,1.7453
0.292515,23.31572,0.05655150000000001,1.7453
0.29220050000000003,23.325716,0.056865500000000006,1.7453
0.2761,23.334692,0.072966,1.7453
0.24837550000000005,23.344692,0.100691,1.7453
0.21279700000000004,23.354692,0.1362695,1.7453
0.17211300000000007,23.364676,0.176953,1.7453
0.12970150000000003,23.374684,0.21936450000000002,1.7453
0.088939,23.384672,0.2601265,1.7453
0.052182000000000006,23.394664,0.29688299999999995,1.7453
0.02123700000000001,23.404664,0.3278275,1.7453
-0.0026395000000000004,23.414664,0.3517035,1.7453
-0.018819,23.424664,0.3678825,1.7453
-0.027379999999999995,23.434664,0.376443,1.7453
-0.028479499999999998,23.444664,0.37754250000000006,1.7453
-0.022667499999999997,23.454664,0.3717305000000001,1.7453
-0.011200999999999997,23.46364,0.36026350000000007,1.7453
0.0038000000000000035,23.47364,0.34526200000000007,1.7453
0.019586500000000007,23.48364,0.3294755000000001,1.7453
0.034273500000000005,23.49364,0.31478850000000014,1.7453
0.047154,23.502616,0.30190800000000007,1.7453
0.0577565,23.512616,0.2913050000000001,1.7453
0.0654535,23.522616,0.2836080000000001,1.7453
0.07016549999999999,23.532616,0.27889550000000013,1.7453
0.0723645,23.542616,0.27669600000000005,1.7453
0.0728355,23.552616,0.27622450000000004,1.7453
0.07267850000000001,23.562616,0.27638150000000006,1.7453
0.0726,23.572616,0.2764600000000001,1.7453
0.0726,23.582616,0.2764600000000001,1.7453
0.0726,23.592616,0.2764600000000001,1.7453
0.0726,23.602616,0.2764600000000001,1.7453
0.0726,23.612616,0.2764600000000001,1.7453
0.0726,23.622616,0.2764600000000001,1.7453
0.0726,23.631592,0.2764600000000001,1.7453
0.0726,23.641592,0.2764600000000001,1.7453
0.0726,23.651592,0.2764600000000001,1.7453
0.0726,23.661592,0.2764600000000001,1.7453
0.0726,23.670568,0.2764600000000001,1.7453
0.0726,23.680568,0.2764600000000001,1.7453
0.0726,23.690568,0.2764600000000001,1.7453
0.0726,23.700568,0.2764600000000001,1.7453
0.0726,23.710568,0.2764600000000001,1.7453
0.0726,23.720568,0.2764600000000001,1.7453
0.0726,23.730568,0.2764600000000001,1.7453
0.0726,23.740568,0.2764600000000001,1.7453
0.0726,23.750568,0.2764600000000001,1.7453
0.0726,23.760568,0.2764600000000001,1.7453
0.0726,23.770568,0.2764600000000001,1.7453
0.0726,23.780568,0.2764600000000001,1.7453
0.0726,23.790568,0.2764600000000001,1.7453
0.0726,23.799544,0.2764600000000001,1.7453
0.0726,23.809544,0.2764600000000001,1.7453
0.0726,23.819544,0.2764600000000001,1.7453
0.0726,23.829544,0.2764600000000001,1.7453
0.0726,23.83852,0.2764600000000001,1.7453
0.0726,23.84852,0.2764600000000001,1.7453
0.0726,23.85852,0.2764600000000001,1.7453
0.0726,23.86852,0.2764600000000001,1.7453
0.0726,23.87852,0.2764600000000001,1.7453
0.0726,23.88852,0.2764600000000001,1.7453
0.0726,23.89852,0.2764600000000001,1.7453
0.0726,23.90852,0.2764600000000001,1.7453
0.0726,23.91852,0.2764600000000001,1.7453
0.0726,23.927496,0.2764600000000001,1.7453
0.0726,23.937496,0.2764600000000001,1.7453
0.0726,23.947496,0.2764600000000001,1.7453
0.0726,23.957496,0.2764600000000001,1.7453
0.0726,23.966472,0.2764600000000001,1.7453
0.0726,23.976472,0.2764600000000001,1.7453
0.0726,23.986472,0.2764600000000001,1.7453
0.0726,23.996476,0.2764600000000001,1.7453
0.0726,24.006472,0.2764600000000001,1.7453
