0.0,0.010056,0.0,0.0
0.0,0.020056,0.0,0.0
0.0,0.030056,0.0,0.0
0.0,0.040056,0.0,0.0
0.0,0.050056,0.0,0.0
0.0,0.060056,0.0,0.0
0.0,0.070056,0.0,0.0
0.0,0.080056,0.0,0.0
0.0,0.090056,0.0,0.0
0.0,0.100056,0.0,0.0
0.0,0.110056,0.0,0.0
0.0,0.120056,0.0,0.0
0.0,0.130056,0.0,0.0
0.0,0.140056,0.0,0.0
0.0,0.150056,0.0,0.0
0.0,0.160056,0.0,0.0
0.0,0.170056,0.0,0.0
0.0,0.180056,0.0,0.0
0.0,0.190056,0.0,0.0
0.0,0.200056,0.0,0.0
0.0,0.210056,0.0,0.0
0.0,0.220056,0.0,0.0
0.0,0.230056,0.0,0.0
0.0,0.240056,0.0,0.0
0.0,0.250056,0.0,0.0
0.0,0.260056,0.0,0.0
0.0,0.270056,0.0,0.0
0.0,0.280056,0.0,0.0
0.0,0.290056,0.0,0.0
0.0,0.300056,0.0,0.0
0.0,0.310056,0.0,0.0
0.0,0.320056,0.0,0.0
0.0,0.330056,0.0,0.0
0.0,0.340056,0.0,0.0
0.0,0.350056,0.0,0.0
0.0,0.360056,0.0,0.0
0.0,0.370056,0.0,0.0
0.0,0.380056,0.0,0.0
0.0,0.390056,0.0,0.0
0.0,0.400056,0.0,0.0
0.0,0.410056,0.0,0.0
0.0,0.420056,0.0,0.0
0.0,0.430056,0.0,0.0
0.0,0.440056,0.0,0.0
0.0,0.450056,0.0,0.0
0.0,0.460056,0.0,0.0
0.0,0.470056,0.0,0.0
0.0,0.480056,0.0,0.0
0.0,0.490056,0.0,0.0
0.0,0.500056,0.0,0.0
0.0,0.510056,0.0,0.0
0.0,0.520056,0.0,0.0
0.0,0.530056,0.0,0.0
0.0,0.540056,0.0,0.0
0.0,0.550056,0.0,0.0
0.0,0.560056,0.0,0.0
0.0,0.570056,0.0,0.0
0.0,0.580056,0.0,0.0
0.0,0.590056,0.0,0.0
0.0,0.600056,0.0,0.0
0.0,0.610056,0.0,0.0
0.0,0.620056,0.0,0.0
0.0,0.630056,0.0,0.0
0.0,0.64006,0.0,0.0
0.0,0.650056,0.0,0.0
0.0,0.660056,0.0,0.0
0.0,0.670056,0.0,0.0
0.0,0.680056,0.0,0.0
0.0,0.690056,0.0,0.0
0.0,0.700056,0.0,0.0
0.0,0.710056,0.0,0.0
0.0,0.720056,0.0,0.0
0.0,0.730056,0.0,0.0
0.0,0.740056,0.0,0.0
0.0,0.750056,0.0,0.0
0.0,0.760056,0.0,0.0
0.0,0.770056,0.0,0.0
0.0,0.780056,0.0,0.0
0.0,0.790056,0.0,0.0
0.0,0.800056,0.0,0.0
0.0,0.810056,0.0,0.0
0.0,0.820056,0.0,0.0
0.0,0.830056,0.0,0.0
0.0,0.840056,0.0,0.0
0.0,0.850056,0.0,0.0
0.0,0.860056,0.0,0.0
0.0,0.870056,0.0,0.0
0.0,0.880056,0.0,0.0
0.0,0.890056,0.0,0.0
0.0,0.900056,0.0,0.0
0.0,0.910056,0.0,0.0
0.0,0.920056,0.0,0.0
0.0,0.930056,0.0,0.0
0.0,0.940056,0.0,0.0
0.0,0.950056,0.0,0.0
0.0,0.960056,0.0,0.0
0.0,0.970056,0.0,0.0
0.0,0.980056,0.0,0.0
0.0,0.990056,0.0,0.0
0.0,1.000056,0.0,0.0
0.0,1.010056,0.0,0.0
0.0,1.020056,0.0,0.0
0.0,1.030056,0.0,0.0
0.0,1.040056,0.0,0.0
0.0,1.050056,0.0,0.0
0.0,1.060056,0.0,0.0
0.0,1.070056,0.0,0.0
0.0,1.080056,0.0,0.0
0.0,1.090056,0.0,0.0
0.0,1.100056,0.0,0.0
0.0,1.110056,0.0,0.0
0.0,1.120056,0.0,0.0
0.0,1.130056,0.0,0.0
0.0,1.140056,0.0,0.0
0.0,1.150056,0.0,0.0
0.0,1.160056,0.0,0.0
0.0,1.170056,0.0,0.0
0.0,1.180056,0.0,0.0
0.0,1.190056,0.0,0.0
0.0,1.200056,0.0,0.0
0.0,1.210056,0.0,0.0
0.0,1.220056,0.0,0.0
0.0,1.230056,0.0,0.0
0.0,1.240056,0.0,0.0
0.0,1.250056,0.0,0.0
0.0,1.260056,0.0,0.0
0.0,1.270056,0.0,0.0
0.0,1.28006,0.0,0.0
0.0,1.290056,0.0,0.0
0.0,1.300056,0.0,0.0
0.0,1.310056,0.0,0.0
0.0,1.320056,0.0,0.0
0.0,1.330056,0.0,0.0
0.0,1.340056,0.0,0.0
0.0,1.350056,0.0,0.0
0.0,1.360056,0.0,0.0
0.0,1.370056,0.0,0.0
0.0,1.380056,0.0,0.0
0.0,1.390056,0.0,0.0
0.0,1.400056,0.0,0.0
0.0,1.410056,0.0,0.0
0.0,1.420056,0.0,0.0
0.0,1.430056,0.0,0.0
0.0,1.440056,0.0,0.0
0.0,1.450056,0.0,0.0
0.0,1.460056,0.0,0.0
0.0,1.470056,0.0,0.0
0.0,1.480056,0.0,0.0
0.0,1.490056,0.0,0.0
0.0,1.500056,0.0,0.0
0.0,1.510056,0.0,0.0
0.0,1.520056,0.0,0.0
0.0,1.530056,0.0,0.0
0.0,1.540056,0.0,0.0
0.0,1.550056,0.0,0.0
0.0,1.560056,0.0,0.0
0.0,1.570056,0.0,0.0
0.0,1.580056,0.0,0.0
0.0,1.590056,0.0,0.0
0.0,1.600056,0.0,0.0
0.0,1.610056,0.0,0.0
0.0,1.620056,0.0,0.0
0.0,1.630056,0.0,0.0
0.0,1.640056,0.0,0.0
0.0,1.650056,0.0,0.0
0.0,1.660056,0.0,0.0
0.0,1.670056,0.0,0.0
0.0,1.680056,0.0,0.0
0.0,1.690056,0.0,0.0
0.0,1.700056,0.0,0.0
0.0,1.710056,0.0,0.0
0.0,1.720056,0.0,0.0
0.0,1.730056,0.0,0.0
0.0,1.740056,0.0,0.0
0.0,1.750056,0.0,0.0
0.0,1.760056,0.0,0.0
0.0,1.770056,0.0,0.0
0.0,1.780056,0.0,0.0
0.0,1.790056,0.0,0.0
0.0,1.800056,0.0,0.0
0.0,1.810056,0.0,0.0
0.0,1.820056,0.0,0.0
0.0,1.830056,0.0,0.0
0.0,1.840056,0.0,0.0
0.0,1.850056,0.0,0.0
0.0,1.860056,0.0,0.0
0.0,1.870056,0.0,0.0
0.0,1.880056,0.0,0.0
0.0,1.890056,0.0,0.0
0.0,1.900056,0.0,0.0
0.0,1.910056,0.0,0.0
0.0,1.92006,0.0,0.0
0.0,1.930056,0.0,0.0
0.0,1.940056,0.0,0.0
0.0,1.950056,0.0,0.0
0.0,1.960056,0.0,0.0
0.0,1.970056,0.0,0.0
0.0,1.980056,0.0,0.0
0.0,1.990056,0.0,0.0
0.0,2.000056,0.0,0.0
0.0,2.010056,0.0,0.0
0.0,2.020056,0.0,0.0
0.0,2.030056,0.0,0.0
0.0,2.040056,0.0,0.0
0.0,2.050056,0.0,0.0
0.0,2.060056,0.0,0.0
0.0,2.070056,0.0,0.0
0.0,2.080056,0.0,0.0
0.0,2.090056,0.0,0.0
0.0,2.100056,0.0,0.0
0.0,2.110056,0.0,0.0
0.0,2.120056,0.0,0.0
0.0,2.130056,0.0,0.0
0.0,2.140056,0.0,0.0
0.0,2.150056,0.0,0.0
0.0,2.160056,0.0,0.0
0.0,2.170056,0.0,0.0
0.0,2.180056,0.0,0.0
0.0,2.190056,0.0,0.0
0.0,2.200056,0.0,0.0
0.0,2.210056,0.0,0.0
0.0,2.220056,0.0,0.0
0.0,2.230056,0.0,0.0
0.0,2.240056,0.0,0.0
0.0,2.250056,0.0,0.0
0.0,2.260056,0.0,0.0
0.0,2.270056,0.0,0.0
0.0,2.280056,0.0,0.0
0.0,2.290056,0.0,0.0
0.0,2.300056,0.0,0.0
0.0,2.310056,0.0,0.0
0.0,2.320056,0.0,0.0
0.0,2.330056,0.0,0.0
0.0,2.340056,0.0,0.0
0.0,2.350056,0.0,0.0
0.0,2.360056,0.0,0.0
0.0,2.370056,0.0,0.0
0.0,2.380056,0.0,0.0
0.0,2.390056,0.0,0.0
0.0,2.400056,0.0,0.0
0.0,2.410056,0.0,0.0
0.0,2.420056,0.0,0.0
0.0,2.430056,0.0,0.0
0.0,2.440056,0.0,0.0
0.0,2.450056,0.0,0.0
0.0,2.460056,0.0,0.0
0.0,2.470056,0.0,0.0
0.0,2.480056,0.0,0.0
0.0,2.490056,0.0,0.0
0.0,2.500056,0.0,0.0
0.0,2.510056,0.0,0.0
0.0,2.520056,0.0,0.0
0.0,2.530056,0.0,0.0
0.0,2.540056,0.0,0.0
0.0,2.550056,0.0,0.0
0.0,2.56006,0.0,0.0
0.0,2.570056,0.0,0.0
0.0,2.580056,0.0,0.0
0.0,2.590056,0.0,0.0
0.0,2.600056,0.0,0.0
0.0,2.610056,0.0,0.0
0.0,2.620056,0.0,0.0
0.0,2.630056,0.0,0.0
0.0,2.640056,0.0,0.0
0.0,2.650056,0.0,0.0
0.0,2.660056,0.0,0.0
0.0,2.670056,0.0,0.0
0.0,2.680056,0.0,0.0
0.0,2.690056,0.0,0.0
0.0,2.700056,0.0,0.0
0.0,2.710056,0.0,0.0
0.0,2.720056,0.0,0.0
0.0,2.730056,0.0,0.0
0.0,2.740056,0.0,0.0
0.0,2.750056,0.0,0.0
0.0,2.760056,0.0,0.0
0.0,2.770056,0.0,0.0
0.0,2.780056,0.0,0.0
0.0,2.790056,0.0,0.0
0.0,2.800056,0.0,0.0
0.0,2.810056,0.0,0.0
0.0,2.820056,0.0,0.0
0.0,2.830056,0.0,0.0
0.0,2.840056,0.0,0.0
0.0,2.850056,0.0,0.0
0.0,2.860056,0.0,0.0
0.0,2.870056,0.0,0.0
0.0,2.880056,0.0,0.0
0.0,2.890056,0.0,0.0
0.0,2.900056,0.0,0.0
0.0,2.910056,0.0,0.0
0.0,2.920056,0.0,0.0
0.0,2.930056,0.0,0.0
0.0,2.940056,0.0,0.0
0.0,2.950056,0.0,0.0
0.0,2.960056,0.0,0.0
0.0,2.970056,0.0,0.0
0.0,2.980056,0.0,0.0
0.0,2.990056,0.0,0.0
0.0,3.000056,0.0,0.0
0.0,3.010056,0.0,0.0
0.0,3.020056,0.0,0.0
0.0,3.030056,0.0,0.0
0.0,3.040056,0.0,0.0
0.0,3.050056,0.0,0.0
0.0,3.060056,0.0,0.0
0.0,3.070056,0.0,0.0
0.0,3.080056,0.0,0.0
0.0,3.090056,0.0,0.0
0.0,3.100056,0.0,0.0
0.0,3.110056,0.0,0.0
0.0,3.120056,0.0,0.0
0.0,3.130056,0.0,0.0
0.0,3.140056,0.0,0.0
0.0,3.150056,0.0,0.0
0.0,3.160056,0.0,0.0
0.0,3.170056,0.0,0.0
0.0,3.180056,0.0,0.0
0.0,3.190056,0.0,0.0
0.0,3.20006,0.0,0.0
0.0,3.210056,0.0,0.0
0.0,3.220056,0.0,0.0
0.0,3.230056,0.0,0.0
0.0,3.240056,0.0,0.0
0.0,3.250056,0.0,0.0
0.0,3.260056,0.0,0.0
0.0,3.270056,0.0,0.0
0.0,3.280056,0.0,0.0
0.0,3.290056,0.0,0.0
0.0,3.300056,0.0,0.0
0.0,3.310056,0.0,0.0
0.0,3.320056,0.0,0.0
0.0,3.330056,0.0,0.0
0.0,3.340056,0.0,0.0
0.0,3.350056,0.0,0.0
0.0,3.360056,0.0,0.0
0.0,3.370056,0.0,0.0
0.0,3.380056,0.0,0.0
0.0,3.390056,0.0,0.0
0.0,3.400056,0.0,0.0
0.0,3.410056,0.0,0.0
0.0,3.420056,0.0,0.0
0.0,3.430056,0.0,0.0
0.0,3.440056,0.0,0.0
0.0,3.450056,0.0,0.0
0.0,3.460056,0.0,0.0
0.0,3.470056,0.0,0.0
0.0,3.480056,0.0,0.0
0.0,3.490056,0.0,0.0
0.0,3.500056,0.0,0.0
0.0,3.510056,0.0,0.0
0.0,3.520056,0.0,0.0
0.0,3.530056,0.0,0.0
0.0,3.540056,0.0,0.0
0.0,3.550056,0.0,0.0
0.0,3.560056,0.0,0.0
0.0,3.570056,0.0,0.0
0.0,3.580056,0.0,0.0
0.0,3.590056,0.0,0.0
0.0,3.600056,0.0,0.0
0.0,3.610056,0.0,0.0
0.0,3.620056,0.0,0.0
0.0,3.630056,0.0,0.0
0.0,3.640056,0.0,0.0
0.0,3.650056,0.0,0.0
0.0,3.660056,0.0,0.0
0.0,3.670056,0.0,0.0
0.0,3.680056,0.0,0.0
0.0,3.690056,0.0,0.0
0.0,3.700056,0.0,0.0
0.0,3.710056,0.0,0.0
0.0,3.720056,0.0,0.0
0.0,3.730056,0.0,0.0
0.0,3.740056,0.0,0.0
0.0,3.750056,0.0,0.0
0.0,3.760056,0.0,0.0
0.0,3.770056,0.0,0.0
0.0,3.780056,0.0,0.0
0.0,3.790056,0.0,0.0
0.0,3.800056,0.0,0.0
0.0,3.810056,0.0,0.0
0.0,3.820056,0.0,0.0
0.0,3.830056,0.0,0.0
0.0,3.84006,0.0,0.0
0.0,3.850056,0.0,0.0
0.0,3.860056,0.0,0.0
0.0,3.870056,0.0,0.0
0.0,3.880056,0.0,0.0
0.0,3.890056,0.0,0.0
0.0,3.900056,0.0,0.0
0.0,3.910056,0.0,0.0
0.0,3.920056,0.0,0.0
0.0,3.930056,0.0,0.0
0.0,3.940056,0.0,0.0
0.0,3.950056,0.0,0.0
0.0,3.960056,0.0,0.0
0.0,3.970056,0.0,0.0
0.0,3.980056,0.0,0.0
0.0,3.990056,0.0,0.0
0.0,4.000056,0.0,0.0
0.0,4.010056,0.0,0.0
0.0,4.020056,0.0,0.0
0.0,4.030056,0.0,0.0
0.0,4.040056,0.0,0.0
0.0,4.050056,0.0,0.0
0.0,4.060056,0.0,0.0
0.0,4.070056,0.0,0.0
0.0,4.080056,0.0,0.0
0.0,4.090056,0.0,0.0
0.0,4.100056,0.0,0.0
0.0,4.110056,0.0,0.0
0.0,4.120056,0.0,0.0
0.0,4.130056,0.0,0.0
0.0,4.140056,0.0,0.0
0.0,4.150056,0.0,0.0
0.0,4.160056,0.0,0.0
0.0,4.170056,0.0,0.0
0.0,4.180056,0.0,0.0
0.0,4.190056,0.0,0.0
0.0,4.200056,0.0,0.0
0.0,4.210056,0.0,0.0
0.0,4.220056,0.0,0.0
0.0,4.230056,0.0,0.0
0.0,4.240056,0.0,0.0
0.0,4.250056,0.0,0.0
0.0,4.260056,0.0,0.0
0.0,4.270056,0.0,0.0
0.0,4.280056,0.0,0.0
0.0,4.290056,0.0,0.0
0.0,4.300056,0.0,0.0
0.0,4.310056,0.0,0.0
0.0,4.320056,0.0,0.0
0.0,4.330056,0.0,0.0
0.0,4.340056,0.0,0.0
0.0,4.350056,0.0,0.0
0.0,4.360056,0.0,0.0
0.0,4.370056,0.0,0.0
0.0,4.380056,0.0,0.0
0.0,4.390056,0.0,0.0
0.0,4.400056,0.0,0.0
0.0,4.410056,0.0,0.0
0.0,4.420056,0.0,0.0
0.0,4.430056,0.0,0.0
0.0,4.440056,0.0,0.0
0.0,4.450056,0.0,0.0
0.0,4.460056,0.0,0.0
0.0,4.470056,0.0,0.0
0.0,4.48006,0.0,0.0
0.0,4.490056,0.0,0.0
0.0,4.500056,0.0,0.0
0.0,4.510056,0.0,0.0
0.0,4.520056,0.0,0.0
0.0,4.530056,0.0,0.0
0.0,4.540056,0.0,0.0
0.0,4.550056,0.0,0.0
0.0,4.560056,0.0,0.0
0.0,4.570056,0.0,0.0
0.0,4.580056,0.0,0.0
0.0,4.590056,0.0,0.0
0.0,4.600056,0.0,0.0
0.0,4.610056,0.0,0.0
0.0,4.620056,0.0,0.0
0.0,4.630056,0.0,0.0
0.0,4.640056,0.0,0.0
0.0,4.650056,0.0,0.0
0.0,4.660056,0.0,0.0
0.0,4.670056,0.0,0.0
0.0,4.680056,0.0,0.0
0.0,4.690056,0.0,0.0
0.0,4.700056,0.0,0.0
0.0,4.710056,0.0,0.0
0.0,4.720056,0.0,0.0
0.0,4.730056,0.0,0.0
0.0,4.740056,0.0,0.0
0.0,4.750056,0.0,0.0
0.0,4.760056,0.0,0.0
0.0,4.770056,0.0,0.0
0.0,4.780056,0.0,0.0
0.0,4.790056,0.0,0.0
0.0,4.800056,0.0,0.0
0.0,4.810056,0.0,0.0
0.0,4.820056,0.0,0.0
0.0,4.830056,0.0,0.0
0.0,4.840056,0.0,0.0
0.0,4.850056,0.0,0.0
0.0,4.860056,0.0,0.0
0.0,4.870056,0.0,0.0
0.0,4.880056,0.0,0.0
0.0,4.890056,0.0,0.0
0.0,4.900056,0.0,0.0
0.0,4.910056,0.0,0.0
0.0,4.920056,0.0,0.0
0.0,4.930056,0.0,0.0
0.0,4.940056,0.0,0.0
0.0,4.950056,0.0,0.0
0.0,4.960056,0.0,0.0
0.0,4.970056,0.0,0.0
0.0,4.980056,0.0,0.0
0.0,4.990056,0.0,0.0
0.02618,5.000056,0.0,0.0
0.050632,5.010076,0.0017280000000000002,0.0
0.0706075,5.02008,0.0079325,0.0
0.085556,5.030084,0.0191635,0.0
0.097049,5.040084,0.0338505,0.0
0.107207,5.049064,0.0498725,0.0
0.11744349999999999,5.059064,0.065816,0.0
0.1280725,5.069064,0.08136700000000001,0.0
0.1388585,5.07904,0.096761,0.0
0.1496445,5.088008,0.112155,0.0
0.16043050000000003,5.098008,0.127549,0.0
0.17121650000000002,5.108008,0.14294300000000001,0.0
0.18200250000000004,5.118012,0.158337,0.0
0.19278850000000003,5.128008,0.173731,0.0
0.20357450000000005,5.138008,0.189125,0.0
0.21436050000000006,5.148008,0.204519,0.0
0.22514650000000005,5.158008,0.219913,0.0
0.23593250000000007,5.168008,0.235307,0.0
0.24671850000000006,5.178008,0.250701,0.0
0.2575045000000001,5.188008,0.26609499999999997,0.0
0.2421105000000001,5.198008,0.281489,0.0
0.22844450000000008,5.208008,0.295155,0.0
0.2192550000000001,5.216984,0.3043445,0.0
0.21509250000000005,5.226984,0.3085075,0.0
0.2143855000000001,5.236984,0.30921449999999995,0.0
0.21501350000000008,5.246984,0.3085865,0.0
0.21556300000000006,5.25596,0.30803699999999995,0.0
0.21572000000000005,5.26596,0.30788,0.0
0.21572000000000005,5.27596,0.30788,0.0
0.21572000000000005,5.28596,0.30788,0.0
0.21572000000000005,5.29596,0.30788,0.0
0.21572000000000005,5.30596,0.30788,0.0
0.21572000000000005,5.31596,0.30788,0.0
0.21572000000000005,5.32596,0.30788,0.0
0.21572000000000005,5.33596,0.30788,0.0
0.21572000000000005,5.34596,0.30788,0.0
0.21572000000000005,5.35596,0.30788,0.0
0.21572000000000005,5.36596,0.30788,0.0
0.21572000000000005,5.37596,0.30788,0.0
0.21572000000000005,5.384936,0.30788,0.0
0.21572000000000005,5.394936,0.30788,0.0
0.21572000000000005,5.404936,0.30788,0.0
0.21572000000000005,5.414936,0.30788,0.0
0.21572000000000005,5.423912,0.30788,0.0
0.21572000000000005,5.433912,0.30788,0.0
0.21572000000000005,5.443912,0.30788,0.0
0.21572000000000005,5.453912,0.30788,0.0
0.21572000000000005,5.463912,0.30788,0.0
0.21572000000000005,5.473912,0.30788,0.0
0.21572000000000005,5.483912,0.30788,0.0
0.21572000000000005,5.493912,0.30788,0.0
0.21572000000000005,5.503912,0.30788,0.0
0.21572000000000005,5.512888,0.30788,0.0
0.21572000000000005,5.522888,0.30788,0.0
0.21572000000000005,5.532888,0.30788,0.0
0.21572000000000005,5.542888,0.30788,0.0
0.21572000000000005,5.551864,0.30788,0.0
0.21572000000000005,5.561864,0.30788,0.0
0.21572000000000005,5.571864,0.30788,0.0
0.21572000000000005,5.581864,0.30788,0.0
0.21572000000000005,5.59084,0.30788,0.0
0.21572000000000005,5.60084,0.30788,0.0
0.21572000000000005,5.61084,0.30788,0.0
0.21572000000000005,5.62084,0.30788,0.0
0.21572000000000005,5.63084,0.30788,0.0
0.21572000000000005,5.64084,0.30788,0.0
0.21572000000000005,5.65084,0.30788,0.0
0.21572000000000005,5.66084,0.30788,0.0
0.21572000000000005,5.67084,0.30788,0.0
0.21572000000000005,5.679816,0.30788,0.0
0.21572000000000005,5.689816,0.30788,0.0
0.21572000000000005,5.699816,0.30788,0.0
0.21572000000000005,5.709816,0.30788,0.0
0.21572000000000005,5.718792,0.30788,0.0
0.21572000000000005,5.728792,0.30788,0.0
0.21572000000000005,5.738792,0.30788,0.0
0.21572000000000005,5.748796,0.30788,0.0
0.21572000000000005,5.758792,0.30788,0.0
0.21572000000000005,5.768792,0.30788,0.0
0.21572000000000005,5.778792,0.30788,0.0
0.21572000000000005,5.788792,0.30788,0.0
0.21572000000000005,5.798792,0.30788,0.0
0.21572000000000005,5.808792,0.30788,0.0
0.21572000000000005,5.818792,0.30788,0.0
0.21572000000000005,5.828792,0.30788,0.0
0.21572000000000005,5.838792,0.30788,0.0
0.21572000000000005,5.847768,0.30788,0.0
0.21572000000000005,5.857768,0.30788,0.0
0.21572000000000005,5.867768,0.30788,0.0
0.21572000000000005,5.877768,0.30788,0.0
0.21572000000000005,5.886744,0.30788,0.0
0.21572000000000005,5.896744,0.30788,0.0
0.21572000000000005,5.906744,0.30788,0.0
0.21572000000000005,5.916744,0.30788,0.0
0.21572000000000005,5.926744,0.30788,0.0
0.21572000000000005,5.936744,0.30788,0.0
0.21572000000000005,5.946744,0.30788,0.0
0.21572000000000005,5.956744,0.30788,0.0
0.21572000000000005,5.966744,0.30788,0.0
0.21572000000000005,5.976744,0.30788,0.0
0.21572000000000005,5.986744,0.30788,0.0
0.21572000000000005,5.996744,0.30788,0.0
0.21572000000000005,6.006744,0.30788,0.0
0.21572000000000005,6.01572,0.30788,0.0
0.21572000000000005,6.02572,0.30788,0.0
0.21572000000000005,6.03572,0.30788,0.0
0.21572000000000005,6.04572,0.30788,0.0
0.21572000000000005,6.054696,0.30788,0.0
0.21572000000000005,6.064696,0.30788,0.0
0.21572000000000005,6.074696,0.30788,0.0
0.21572000000000005,6.084696,0.30788,0.0
0.21572000000000005,6.094696,0.30788,0.0
0.21572000000000005,6.104696,0.30788,0.0
0.21572000000000005,6.114696,0.30788,0.0
0.21572000000000005,6.124696,0.30788,0.0
0.21572000000000005,6.134696,0.30788,0.0
0.21572000000000005,6.143672,0.30788,0.0
0.21572000000000005,6.153672,0.30788,0.0
0.21572000000000005,6.163672,0.30788,0.0
0.21572000000000005,6.173672,0.30788,0.0
0.21572000000000005,6.182648,0.30788,0.0
0.21572000000000005,6.192648,0.30788,0.0
0.21572000000000005,6.202648,0.30788,0.0
0.21572000000000005,6.212648,0.30788,0.0
0.21572000000000005,6.221624,0.30788,0.0
0.21572000000000005,6.231624,0.30788,0.0
0.21572000000000005,6.241624,0.30788,0.0
0.21572000000000005,6.251624,0.30788,0.0
0.21572000000000005,6.261624,0.30788,0.0
0.21572000000000005,6.271624,0.30788,0.0
0.21572000000000005,6.281624,0.30788,0.0
0.21572000000000005,6.291624,0.30788,0.0
0.21572000000000005,6.301624,0.30788,0.0
0.21572000000000005,6.3106,0.30788,0.0
0.21572000000000005,6.3206,0.30788,0.0
0.21572000000000005,6.3306,0.30788,0.0
0.21572000000000005,6.3406,0.30788,0.0
0.21572000000000005,6.349576,0.30788,0.0
0.21572000000000005,6.359576,0.30788,0.0
0.21572000000000005,6.369576,0.30788,0.0
0.21572000000000005,6.37958,0.30788,0.0
0.21572000000000005,6.389576,0.30788,0.0
0.21572000000000005,6.399576,0.30788,0.0
0.21572000000000005,6.409576,0.30788,0.0
0.21572000000000005,6.419576,0.30788,0.0
0.21572000000000005,6.429576,0.30788,0.0
0.21572000000000005,6.439576,0.30788,0.0
0.21572000000000005,6.449576,0.30788,0.0
0.21572000000000005,6.459576,0.30788,0.0
0.21572000000000005,6.469576,0.30788,0.0
0.21572000000000005,6.478552,0.30788,0.0
0.21572000000000005,6.488552,0.30788,0.0
0.21572000000000005,6.498552,0.30788,0.0
0.21572000000000005,6.508552,0.30788,0.0
0.21572000000000005,6.517528,0.30788,0.0
0.21572000000000005,6.527528,0.30788,0.0
0.21572000000000005,6.537528,0.30788,0.0
0.21572000000000005,6.547528,0.30788,0.0
0.21572000000000005,6.557528,0.30788,0.0
0.21572000000000005,6.567528,0.30788,0.0
0.21572000000000005,6.577528,0.30788,0.0
0.21572000000000005,6.587528,0.30788,0.0
0.21572000000000005,6.597528,0.30788,0.0
0.21572000000000005,6.607528,0.30788,0.0
0.21572000000000005,6.617528,0.30788,0.0
0.21572000000000005,6.627528,0.30788,0.0
0.21572000000000005,6.637528,0.30788,0.0
0.21572000000000005,6.646504,0.30788,0.0
0.21572000000000005,6.656504,0.30788,0.0
0.21572000000000005,6.666504,0.30788,0.0
0.21572000000000005,6.676504,0.30788,0.0
0.21572000000000005,6.68548,0.30788,0.0
0.21572000000000005,6.69548,0.30788,0.0
0.21572000000000005,6.70548,0.30788,0.0
0.21572000000000005,6.71548,0.30788,0.0
0.21572000000000005,6.72548,0.30788,0.0
0.21572000000000005,6.73548,0.30788,0.0
0.21572000000000005,6.74548,0.30788,0.0
0.21572000000000005,6.75548,0.30788,0.0
0.21572000000000005,6.76548,0.30788,0.0
0.21572000000000005,6.774456,0.30788,0.0
0.21572000000000005,6.784456,0.30788,0.0
0.21572000000000005,6.794456,0.30788,0.0
0.21572000000000005,6.804456,0.30788,0.0
0.21572000000000005,6.813432,0.30788,0.0
0.21572000000000005,6.823432,0.30788,0.0
0.21572000000000005,6.833432,0.30788,0.0
0.21572000000000005,6.843432,0.30788,0.0
0.21572000000000005,6.852408,0.30788,0.0
0.21572000000000005,6.862408,0.30788,0.0
0.21572000000000005,6.872408,0.30788,0.0
0.21572000000000005,6.882408,0.30788,0.0
0.21572000000000005,6.892408,0.30788,0.0
0.21572000000000005,6.902408,0.30788,0.0
0.21572000000000005,6.912408,0.30788,0.0
0.21572000000000005,6.922408,0.30788,0.0
0.21572000000000005,6.932408,0.30788,0.0
0.21572000000000005,6.941384,0.30788,0.0
0.21572000000000005,6.951384,0.30788,0.0
0.21572000000000005,6.961384,0.30788,0.0
0.21572000000000005,6.971384,0.30788,0.0
0.21572000000000005,6.98036,0.30788,0.0
0.21572000000000005,6.99036,0.30788,0.0
0.2506265000000001,7.00036,0.30788,0.0
0.28388400000000014,7.010384,0.30952899999999994,0.0
0.31250750000000016,7.020388,0.315812,0.0
0.3351620000000001,7.030388,0.32806399999999997,0.0
0.3527115000000001,7.040388,0.345421,0.0
0.3675120000000001,7.050392,0.365527,0.0
0.38168400000000013,7.060368,0.3862615,0.0
0.3959345000000001,7.070384,0.4069175,0.0
0.410264,7.080368,0.4274945,0.0
0.42459349999999996,7.09036,0.4480715000000001,0.0
0.4389229999999999,7.10036,0.46864850000000013,0.0
0.45325249999999984,7.109336,0.48922550000000015,0.0
0.4675819999999997,7.119336,0.5098025,0.0
0.48191149999999977,7.129336,0.5303795,0.0
0.49624099999999977,7.139336,0.5509565,0.0
0.5105704999999998,7.148312,0.5715334999999999,0.0
0.5248999999999998,7.158312,0.5921104999999999,0.0
0.5392294999999998,7.168312,0.6126874999999998,0.0
0.5535589999999998,7.178312,0.6332644999999998,0.0
0.5678884999999999,7.188312,0.6538414999999999,0.0
0.5473114999999998,7.198312,0.6744184999999998,0.0
0.5283834999999998,7.208312,0.6933464999999998,0.0
0.5140894999999999,7.218312,0.7076404999999998,0.0
0.5057644999999998,7.228312,0.7159654999999998,0.0
0.5025444999999998,7.238312,0.7191854999999998,0.0
0.5020734999999998,7.248312,0.7196564999999998,0.0
0.5022309999999999,7.258312,0.7194989999999998,0.0
0.5023099999999998,7.268312,0.7194199999999997,0.0
0.5023099999999998,7.277288,0.7194199999999997,0.0
0.5023099999999998,7.287288,0.7194199999999997,0.0
0.5023099999999998,7.297288,0.7194199999999997,0.0
0.5023099999999998,7.307288,0.7194199999999997,0.0
0.5023099999999998,7.316264,0.7194199999999997,0.0
0.5023099999999998,7.326264,0.7194199999999997,0.0
0.5023099999999998,7.336264,0.7194199999999997,0.0
0.5023099999999998,7.346264,0.7194199999999997,0.0
0.5023099999999998,7.356264,0.7194199999999997,0.0
0.5023099999999998,7.366264,0.7194199999999997,0.0
0.5023099999999998,7.376264,0.7194199999999997,0.0
0.5023099999999998,7.386264,0.7194199999999997,0.0
0.5023099999999998,7.396264,0.7194199999999997,0.0
0.5023099999999998,7.406264,0.7194199999999997,0.0
0.5023099999999998,7.416264,0.7194199999999997,0.0
0.5023099999999998,7.426264,0.7194199999999997,0.0
0.5023099999999998,7.436264,0.7194199999999997,0.0
0.5023099999999998,7.44524,0.7194199999999997,0.0
0.5023099999999998,7.45524,0.7194199999999997,0.0
0.5023099999999998,7.46524,0.7194199999999997,0.0
0.5023099999999998,7.47524,0.7194199999999997,0.0
0.5023099999999998,7.484216,0.7194199999999997,0.0
0.5023099999999998,7.494216,0.7194199999999997,0.0
0.5023099999999998,7.504216,0.7194199999999997,0.0
0.5023099999999998,7.514216,0.7194199999999997,0.0
0.5023099999999998,7.524216,0.7194199999999997,0.0
0.5023099999999998,7.534216,0.7194199999999997,0.0
0.5023099999999998,7.544216,0.7194199999999997,0.0
0.5023099999999998,7.554216,0.7194199999999997,0.0
0.5023099999999998,7.564216,0.7194199999999997,0.0
0.5023099999999998,7.573192,0.7194199999999997,0.0
0.5023099999999998,7.583192,0.7194199999999997,0.0
0.5023099999999998,7.593192,0.7194199999999997,0.0
0.5023099999999998,7.603192,0.7194199999999997,0.0
0.5023099999999998,7.612168,0.7194199999999997,0.0
0.5023099999999998,7.622168,0.7194199999999997,0.0
0.5023099999999998,7.632168,0.7194199999999997,0.0
0.5023099999999998,7.642172,0.7194199999999997,0.0
0.5023099999999998,7.652168,0.7194199999999997,0.0
0.5023099999999998,7.662168,0.7194199999999997,0.0
0.5023099999999998,7.672168,0.7194199999999997,0.0
0.5023099999999998,7.682168,0.7194199999999997,0.0
0.5023099999999998,7.692168,0.7194199999999997,0.0
0.5023099999999998,7.702168,0.7194199999999997,0.0
0.5023099999999998,7.712168,0.7194199999999997,0.0
0.5023099999999998,7.722168,0.7194199999999997,0.0
0.5023099999999998,7.732168,0.7194199999999997,0.0
0.5023099999999998,7.741144,0.7194199999999997,0.0
0.5023099999999998,7.751144,0.7194199999999997,0.0
0.5023099999999998,7.761144,0.7194199999999997,0.0
0.5023099999999998,7.771144,0.7194199999999997,0.0
0.5023099999999998,7.78012,0.7194199999999997,0.0
0.5023099999999998,7.79012,0.7194199999999997,0.0
0.5023099999999998,7.80012,0.7194199999999997,0.0
0.5023099999999998,7.81012,0.7194199999999997,0.0
0.5023099999999998,7.82012,0.7194199999999997,0.0
0.5023099999999998,7.83012,0.7194199999999997,0.0
0.5023099999999998,7.84012,0.7194199999999997,0.0
0.5023099999999998,7.85012,0.7194199999999997,0.0
0.5023099999999998,7.86012,0.7194199999999997,0.0
0.5023099999999998,7.87012,0.7194199999999997,0.0
0.5023099999999998,7.88012,0.7194199999999997,0.0
0.5023099999999998,7.89012,0.7194199999999997,0.0
0.5023099999999998,7.90012,0.7194199999999997,0.0
0.5023099999999998,7.909096,0.7194199999999997,0.0
0.5023099999999998,7.919096,0.7194199999999997,0.0
0.5023099999999998,7.929096,0.7194199999999997,0.0
0.5023099999999998,7.939096,0.7194199999999997,0.0
0.5023099999999998,7.948072,0.7194199999999997,0.0
0.5023099999999998,7.958072,0.7194199999999997,0.0
0.5023099999999998,7.968072,0.7194199999999997,0.0
0.5023099999999998,7.978072,0.7194199999999997,0.0
0.5023099999999998,7.988072,0.7194199999999997,0.0
0.5023099999999998,7.998072,0.7194199999999997,0.0
0.5023099999999998,8.008072,0.7194199999999997,0.0
0.5023099999999998,8.018072,0.7194199999999997,0.0
0.5023099999999998,8.028072,0.7194199999999997,0.0
0.5023099999999998,8.038072,0.7194199999999997,0.0
0.5023099999999998,8.048072,0.7194199999999997,0.0
0.5023099999999998,8.058072,0.7194199999999997,0.0
0.5023099999999998,8.068072,0.7194199999999997,0.0
0.5023099999999998,8.077048,0.7194199999999997,0.0
0.5023099999999998,8.087048,0.7194199999999997,0.0
0.5023099999999998,8.097048,0.7194199999999997,0.0
0.5023099999999998,8.107048,0.7194199999999997,0.0
0.5023099999999998,8.116024,0.7194199999999997,0.0
0.5023099999999998,8.126024,0.7194199999999997,0.0
0.5023099999999998,8.136024,0.7194199999999997,0.0
0.5023099999999998,8.146024,0.7194199999999997,0.0
0.5023099999999998,8.156024,0.7194199999999997,0.0
0.5023099999999998,8.166024,0.7194199999999997,0.0
0.5023099999999998,8.176024,0.7194199999999997,0.0
0.5023099999999998,8.186024,0.7194199999999997,0.0
0.5023099999999998,8.196024,0.7194199999999997,0.0
0.5023099999999998,8.205,0.7194199999999997,0.0
0.5023099999999998,8.215,0.7194199999999997,0.0
0.5023099999999998,8.225,0.7194199999999997,0.0
0.5023099999999998,8.235,0.7194199999999997,0.0
0.5023099999999998,8.243976,0.7194199999999997,0.0
0.5023099999999998,8.253976,0.7194199999999997,0.0
0.5023099999999998,8.263976,0.7194199999999997,0.0
0.5023099999999998,8.27398,0.7194199999999997,0.0
0.5023099999999998,8.283976,0.7194199999999997,0.0
0.5023099999999998,8.293976,0.7194199999999997,0.0
0.5023099999999998,8.303976,0.7194199999999997,0.0
0.5023099999999998,8.313976,0.7194199999999997,0.0
0.5023099999999998,8.323976,0.7194199999999997,0.0
0.5023099999999998,8.333976,0.7194199999999997,0.0
0.5023099999999998,8.343976,0.7194199999999997,0.0
0.5023099999999998,8.353976,0.7194199999999997,0.0
0.5023099999999998,8.363976,0.7194199999999997,0.0
0.5023099999999998,8.372952,0.7194199999999997,0.0
0.5023099999999998,8.382952,0.7194199999999997,0.0
0.5023099999999998,8.392952,0.7194199999999997,0.0
0.5023099999999998,8.402952,0.7194199999999997,0.0
0.5023099999999998,8.411928,0.7194199999999997,0.0
0.5023099999999998,8.421928,0.7194199999999997,0.0
0.5023099999999998,8.431928,0.7194199999999997,0.0
0.5023099999999998,8.441928,0.7194199999999997,0.0
0.5023099999999998,8.451928,0.7194199999999997,0.0
0.5023099999999998,8.461928,0.7194199999999997,0.0
0.5023099999999998,8.471928,0.7194199999999997,0.0
0.5023099999999998,8.481928,0.7194199999999997,0.0
0.5023099999999998,8.491928,0.7194199999999997,0.0
0.5023099999999998,8.501928,0.7194199999999997,0.0
0.5023099999999998,8.511928,0.7194199999999997,0.0
0.5023099999999998,8.521928,0.7194199999999997,0.0
0.5023099999999998,8.531928,0.7194199999999997,0.0
0.5023099999999998,8.540904,0.7194199999999997,0.0
0.5023099999999998,8.550904,0.7194199999999997,0.0
0.5023099999999998,8.560904,0.7194199999999997,0.0
0.5023099999999998,8.570904,0.7194199999999997,0.0
0.5023099999999998,8.57988,0.7194199999999997,0.0
0.5023099999999998,8.58988,0.7194199999999997,0.0
0.5023099999999998,8.59988,0.7194199999999997,0.0
0.5023099999999998,8.60988,0.7194199999999997,0.0
0.5023099999999998,8.61988,0.7194199999999997,0.0
0.5023099999999998,8.62988,0.7194199999999997,0.0
0.5023099999999998,8.63988,0.7194199999999997,0.0
0.5023099999999998,8.64988,0.7194199999999997,0.0
0.5023099999999998,8.65988,0.7194199999999997,0.0
0.5023099999999998,8.66988,0.7194199999999997,0.0
0.5023099999999998,8.67988,0.7194199999999997,0.0
0.5023099999999998,8.68988,0.7194199999999997,0.0
0.5023099999999998,8.69988,0.7194199999999997,0.0
0.5023099999999998,8.708856,0.7194199999999997,0.0
0.5023099999999998,8.718856,0.7194199999999997,0.0
0.5023099999999998,8.728856,0.7194199999999997,0.0
0.5023099999999998,8.738856,0.7194199999999997,0.0
0.5023099999999998,8.747832,0.7194199999999997,0.0
0.5023099999999998,8.757832,0.7194199999999997,0.0
0.5023099999999998,8.767832,0.7194199999999997,0.0
0.5023099999999998,8.777832,0.7194199999999997,0.0
0.5023099999999998,8.787832,0.7194199999999997,0.0
0.5023099999999998,8.797832,0.7194199999999997,0.0
0.5023099999999998,8.807832,0.7194199999999997,0.0
0.5023099999999998,8.817832,0.7194199999999997,0.0
0.5023099999999998,8.827832,0.7194199999999997,0.0
0.5023099999999998,8.836808,0.7194199999999997,0.0
0.5023099999999998,8.846808,0.7194199999999997,0.0
0.5023099999999998,8.856808,0.7194199999999997,0.0
0.5023099999999998,8.866808,0.7194199999999997,0.0
0.5023099999999998,8.875784,0.7194199999999997,0.0
0.5023099999999998,8.885784,0.7194199999999997,0.0
0.5023099999999998,8.895784,0.7194199999999997,0.0
0.5023099999999998,8.905788,0.7194199999999997,0.0
0.5023099999999998,8.915784,0.7194199999999997,0.0
0.5023099999999998,8.925784,0.7194199999999997,0.0
0.5023099999999998,8.935784,0.7194199999999997,0.0
0.5023099999999998,8.945784,0.7194199999999997,0.0
0.5023099999999998,8.955784,0.7194199999999997,0.0
0.5023099999999998,8.965784,0.7194199999999997,0.0
0.5023099999999998,8.975784,0.7194199999999997,0.0
0.5023099999999998,8.985784,0.7194199999999997,0.0
0.5023099999999998,8.995784,0.7194199999999997,0.0
0.5851924999999997,9.00476,0.7194199999999997,0.0
0.6661899999999998,9.01478,0.7213049999999996,0.0
0.7415324999999998,9.024788,0.7288449999999997,0.0
0.8082359999999998,9.034788,0.7450244999999998,0.0
0.8665355,9.043764,0.7696074999999998,0.0
0.9197300000000003,9.053764,0.7992959999999998,0.0
0.9711965000000005,9.063764,0.8307119999999998,0.0
1.0228200000000005,9.073764,0.8619709999999998,0.0
1.0748365000000004,9.083764,0.8928375,0.0
1.1269315000000002,9.093744,0.9236254999999999,0.0
1.1790265000000002,9.103736,0.9544134999999999,0.0
1.2311215000000002,9.113736,0.9852015000000001,0.0
1.2832165,9.123736,1.0159895,0.0
1.3353115,9.132712,1.0467775000000001,0.0
1.3874065,9.142712,1.0775655000000002,0.0
1.4395015,9.152712,1.1083535000000002,0.0
1.4915965,9.162712,1.1391415000000003,0.0
1.5436915,9.171688,1.1699295000000003,0.0
1.5957864999999998,9.181688,1.2007175000000005,0.0
1.6478814999999998,9.191688,1.2315055000000004,0.0
1.6170939999999998,9.201688,1.2622935000000004,0.0
1.5881914999999998,9.210664,1.2911965000000003,0.0
1.564944,9.220664,1.3144445000000005,0.0
1.5503354999999999,9.230664,1.3290530000000003,0.0
1.544131,9.240664,1.3352580000000003,0.0
1.5430315,9.250664,1.3363575,0.0
1.54366,9.260664,1.3357295000000002,0.0
1.5441314999999998,9.270664,1.3352585000000001,0.0
1.5442099999999999,9.280664,1.3351800000000003,0.0
1.5442099999999999,9.290664,1.3351800000000003,0.0
1.5442099999999999,9.29964,1.3351800000000003,0.0
1.5442099999999999,9.30964,1.3351800000000003,0.0
1.5442099999999999,9.31964,1.3351800000000003,0.0
1.5442099999999999,9.32964,1.3351800000000003,0.0
1.5442099999999999,9.338616,1.3351800000000003,0.0
1.5442099999999999,9.348616,1.3351800000000003,0.0
1.5442099999999999,9.358616,1.3351800000000003,0.0
1.5442099999999999,9.368616,1.3351800000000003,0.0
1.5442099999999999,9.377592,1.3351800000000003,0.0
1.5442099999999999,9.387592,1.3351800000000003,0.0
1.5442099999999999,9.397592,1.3351800000000003,0.0
1.5442099999999999,9.407592,1.3351800000000003,0.0
1.5442099999999999,9.417592,1.3351800000000003,0.0
1.5442099999999999,9.427592,1.3351800000000003,0.0
1.5442099999999999,9.437592,1.3351800000000003,0.0
1.5442099999999999,9.447592,1.3351800000000003,0.0
1.5442099999999999,9.457592,1.3351800000000003,0.0
1.5442099999999999,9.466568,1.3351800000000003,0.0
1.5442099999999999,9.476568,1.3351800000000003,0.0
1.5442099999999999,9.486568,1.3351800000000003,0.0
1.5442099999999999,9.496568,1.3351800000000003,0.0
1.5442099999999999,9.505544,1.3351800000000003,0.0
1.5442099999999999,9.515544,1.3351800000000003,0.0
1.5442099999999999,9.525544,1.3351800000000003,0.0
1.5442099999999999,9.535548,1.3351800000000003,0.0
1.5442099999999999,9.545544,1.3351800000000003,0.0
1.5442099999999999,9.555544,1.3351800000000003,0.0
1.5442099999999999,9.565544,1.3351800000000003,0.0
1.5442099999999999,9.575544,1.3351800000000003,0.0
1.5442099999999999,9.585544,1.3351800000000003,0.0
1.5442099999999999,9.595544,1.3351800000000003,0.0
1.5442099999999999,9.605544,1.3351800000000003,0.0
1.5442099999999999,9.615544,1.3351800000000003,0.0
1.5442099999999999,9.625544,1.3351800000000003,0.0
1.5442099999999999,9.63452,1.3351800000000003,0.0
1.5442099999999999,9.64452,1.3351800000000003,0.0
1.5442099999999999,9.65452,1.3351800000000003,0.0
1.5442099999999999,9.66452,1.3351800000000003,0.0
1.5442099999999999,9.673496,1.3351800000000003,0.0
1.5442099999999999,9.683496,1.3351800000000003,0.0
1.5442099999999999,9.693496,1.3351800000000003,0.0
1.5442099999999999,9.703496,1.3351800000000003,0.0
1.5442099999999999,9.713496,1.3351800000000003,0.0
1.5442099999999999,9.723496,1.3351800000000003,0.0
1.5442099999999999,9.733496,1.3351800000000003,0.0
1.5442099999999999,9.743496,1.3351800000000003,0.0
1.5442099999999999,9.753496,1.3351800000000003,0.0
1.5442099999999999,9.762472,1.3351800000000003,0.0
1.5442099999999999,9.772472,1.3351800000000003,0.0
1.5442099999999999,9.782472,1.3351800000000003,0.0
1.5442099999999999,9.792472,1.3351800000000003,0.0
1.5442099999999999,9.801448,1.3351800000000003,0.0
1.5442099999999999,9.811448,1.3351800000000003,0.0
1.5442099999999999,9.821448,1.3351800000000003,0.0
1.5442099999999999,9.831448,1.3351800000000003,0.0
1.5442099999999999,9.840424,1.3351800000000003,0.0
1.5442099999999999,9.850424,1.3351800000000003,0.0
1.5442099999999999,9.860424,1.3351800000000003,0.0
1.5442099999999999,9.870424,1.3351800000000003,0.0
1.5442099999999999,9.880424,1.3351800000000003,0.0
1.5442099999999999,9.890424,1.3351800000000003,0.0
1.5442099999999999,9.900424,1.3351800000000003,0.0
1.5442099999999999,9.910424,1.3351800000000003,0.0
1.5442099999999999,9.920424,1.3351800000000003,0.5236
1.5442099999999999,9.9294,1.3351800000000003,0.02618
1.5442099999999999,9.9394,1.3351800000000003,0.5236
1.5442099999999999,9.9494,1.3351800000000003,0.05236
1.5442099999999999,9.9594,1.3351800000000003,0.5236
1.5442099999999999,9.968376,1.3351800000000003,0.07854
1.5442099999999999,9.978376,1.3351800000000003,0.5236
1.5442099999999999,9.988376,1.3351800000000003,0.10472
1.5442099999999999,9.998376,1.3351800000000003,0.5236
1.5442099999999999,10.007352,1.3351800000000003,0.1309
1.5442099999999999,10.017352,1.3351800000000003,0.5236
1.5442099999999999,10.027352,1.3351800000000003,0.15708
1.5442099999999999,10.037352,1.3351800000000003,0.5236
1.5442099999999999,10.047352,1.3351800000000003,0.18326
1.5442099999999999,10.056328,1.3351800000000003,0.5236
1.5442099999999999,10.066328,1.3351800000000003,0.20944
1.5442099999999999,10.076328,1.3351800000000003,0.5236
1.5442099999999999,10.086328,1.3351800000000003,0.23562
1.5442099999999999,10.095304,1.3351800000000003,0.5236
1.5442099999999999,10.105304,1.3351800000000003,0.2618
1.5442099999999999,10.115304,1.3351800000000003,0.5236
1.5442099999999999,10.125304,1.3351800000000003,0.28798
1.5442099999999999,10.13428,1.3351800000000003,0.5236
1.5442099999999999,10.14428,1.3351800000000003,0.31416
1.5442099999999999,10.15428,1.3351800000000003,0.5236
1.5442099999999999,10.164284,1.3351800000000003,0.34034000000000003
1.5442099999999999,10.17428,1.3351800000000003,0.5236
1.5442099999999999,10.18428,1.3351800000000003,0.36652
1.5442099999999999,10.19428,1.3351800000000003,0.5236
1.5442099999999999,10.20428,1.3351800000000003,0.39270000000000005
1.5442099999999999,10.21428,1.3351800000000003,0.5236
1.5442099999999999,10.223256,1.3351800000000003,0.41888
1.5442099999999999,10.233256,1.3351800000000003,0.5236
1.5442099999999999,10.243256,1.3351800000000003,0.44506
1.5442099999999999,10.253256,1.3351800000000003,0.5236
1.5442099999999999,10.262232,1.3351800000000003,0.47124
1.5442099999999999,10.272232,1.3351800000000003,0.5236
1.5442099999999999,10.282232,1.3351800000000003,0.49742
1.5442099999999999,10.292232,1.3351800000000003,0.5236
1.5442099999999999,10.301208,1.3351800000000003,0.5236
1.5442099999999999,10.311208,1.3351800000000003,0.5236
1.5442099999999999,10.321208,1.3351800000000003,0.5236
1.5442099999999999,10.331208,1.3351800000000003,0.5236
1.5442099999999999,10.341208,1.3351800000000003,0.5236
1.5442099999999999,10.351208,1.3351800000000003,0.5236
1.5442099999999999,10.361208,1.3351800000000003,0.5236
1.5442099999999999,10.371208,1.3351800000000003,0.5236
1.5442099999999999,10.381208,1.3351800000000003,0.5236
1.5442099999999999,10.390184,1.3351800000000003,0.5236
1.5442099999999999,10.400184,1.3351800000000003,0.5236
1.5442099999999999,10.410184,1.3351800000000003,0.5236
1.5442099999999999,10.420184,1.3351800000000003,0.5236
1.5442099999999999,10.42916,1.3351800000000003,0.5236
1.5442099999999999,10.43916,1.3351800000000003,0.5236
1.5442099999999999,10.44916,1.3351800000000003,0.5236
1.5442099999999999,10.45916,1.3351800000000003,0.5236
1.5442099999999999,10.468136,1.3351800000000003,0.5236
1.5442099999999999,10.478136,1.3351800000000003,0.5236
1.5442099999999999,10.488136,1.3351800000000003,0.5236
1.5442099999999999,10.498136,1.3351800000000003,0.5236
1.5442099999999999,10.508136,1.3351800000000003,0.5236
1.5442099999999999,10.518136,1.3351800000000003,0.5236
1.5442099999999999,10.528136,1.3351800000000003,0.5236
1.5442099999999999,10.538136,1.3351800000000003,0.5236
1.5442099999999999,10.548136,1.3351800000000003,0.5236
1.5442099999999999,10.557112,1.3351800000000003,0.5236
1.5442099999999999,10.567112,1.3351800000000003,0.5236
1.5442099999999999,10.577112,1.3351800000000003,0.5236
1.5442099999999999,10.587112,1.3351800000000003,0.5236
1.5442099999999999,10.596088,1.3351800000000003,0.5236
1.5442099999999999,10.606088,1.3351800000000003,0.5236
1.5442099999999999,10.616088,1.3351800000000003,0.5236
1.5442099999999999,10.626088,1.3351800000000003,0.5236
1.5442099999999999,10.635064,1.3351800000000003,0.5236
1.5442099999999999,10.645064,1.3351800000000003,0.5236
1.5442099999999999,10.655064,1.3351800000000003,0.5236
1.5442099999999999,10.665064,1.3351800000000003,0.5236
1.5442099999999999,10.675064,1.3351800000000003,0.5236
1.5442099999999999,10.68404,1.3351800000000003,0.5236
1.5442099999999999,10.69404,1.3351800000000003,0.5236
1.5442099999999999,10.70404,1.3351800000000003,0.5236
1.5442099999999999,10.71404,1.3351800000000003,0.5236
1.5442099999999999,10.723016,1.3351800000000003,0.5236
1.5442099999999999,10.733016,1.3351800000000003,0.5236
1.5442099999999999,10.743016,1.3351800000000003,0.5236
1.5442099999999999,10.753016,1.3351800000000003,0.5236
1.5442099999999999,10.761992,1.3351800000000003,0.5236
1.5442099999999999,10.771992,1.3351800000000003,0.5236
1.5442099999999999,10.781992,1.3351800000000003,0.5236
1.5442099999999999,10.791996,1.3351800000000003,0.5236
1.5442099999999999,10.801992,1.3351800000000003,0.5236
1.5442099999999999,10.811992,1.3351800000000003,0.5236
1.5442099999999999,10.821992,1.3351800000000003,0.5236
1.5442099999999999,10.831992,1.3351800000000003,0.5236
1.5442099999999999,10.841992,1.3351800000000003,0.5236
1.5442099999999999,10.850968,1.3351800000000003,0.5236
1.5442099999999999,10.860968,1.3351800000000003,0.5236
1.5442099999999999,10.870968,1.3351800000000003,0.5236
1.5442099999999999,10.880968,1.3351800000000003,0.5236
1.5442099999999999,10.889944,1.3351800000000003,0.5236
1.5442099999999999,10.899944,1.3351800000000003,0.5236
1.5442099999999999,10.909944,1.3351800000000003,0.5236
1.5442099999999999,10.919944,1.3351800000000003,0.5236
1.5442099999999999,10.92892,1.3351800000000003,0.5236
1.5442099999999999,10.93892,1.3351800000000003,0.5236
1.5442099999999999,10.94892,1.3351800000000003,0.5236
1.5442099999999999,10.95892,1.3351800000000003,0.5236
1.5442099999999999,10.96892,1.3351800000000003,0.5236
1.5442099999999999,10.97892,1.3351800000000003,0.5236
1.5442099999999999,10.98892,1.3351800000000003,0.5236
1.5442099999999999,10.99892,1.3351800000000003,0.5236
1.487507,11.00892,1.3351800000000003,0.5236
1.4319034999999998,11.018944,1.3340805000000004,0.5236
1.3814054999999998,11.028948,1.3278755000000004,0.5236
1.3383684999999998,11.038948,1.3142095000000005,0.5236
1.3006719999999998,11.049072,1.2952025000000003,0.5236
1.2647035,11.057932,1.2744680000000004,0.5236
1.227557,11.067932,1.2549115000000004,0.5236
1.1885255,11.077924,1.2372400000000003,0.5236
1.1480804999999998,11.087924,1.2209820000000002,0.5236
1.1070855,11.09688,1.2052740000000002,0.5236
1.0660904999999998,11.106872,1.1895660000000001,0.5236
1.0250954999999997,11.116872,1.1738580000000003,0.5236
0.9841004999999998,11.126872,1.1581500000000002,0.5236
0.9431054999999997,11.136872,1.1424420000000002,0.5236
0.9021104999999997,11.146872,1.1267340000000001,0.5236
0.8611154999999999,11.156872,1.1110260000000003,0.5236
0.8201204999999998,11.166872,1.0953180000000002,0.5236
0.7791255,11.176872,1.0796100000000002,0.5236
0.7381305,11.185848,1.0639020000000003,0.5236
0.6971354999999999,11.195848,1.0481940000000003,0.5236
0.7128435,11.205848,1.0324860000000002,0.5236
0.727452,11.215848,1.0178775000000002,0.5236
0.7369549999999999,11.224824,1.0083745000000002,0.5236
0.7389969999999999,11.234824,1.0063325000000003,0.5236
0.7356984999999998,11.244824,1.0096315000000002,0.5236
0.7306719999999999,11.254824,1.0146580000000003,0.5236
0.7268234999999997,11.2638,1.0185065000000002,0.5236
0.7248599999999998,11.2738,1.0204700000000002,0.5236
0.7243099999999997,11.2838,1.02102,0.5236
0.7243099999999997,11.2938,1.02102,0.5236
0.7243099999999997,11.3038,1.02102,0.5236
0.7243099999999997,11.3138,1.02102,0.5236
0.7243099999999997,11.3238,1.02102,0.5236
0.7243099999999997,11.3338,1.02102,0.5236
0.7243099999999997,11.3438,1.02102,0.5236
0.7243099999999997,11.352776,1.02102,0.5236
0.7243099999999997,11.362776,1.02102,0.5236
0.7243099999999997,11.372776,1.02102,0.5236
0.7243099999999997,11.382776,1.02102,0.5236
0.7243099999999997,11.391752,1.02102,0.5236
0.7243099999999997,11.401752,1.02102,0.5236
0.7243099999999997,11.411752,1.02102,0.5236
0.7243099999999997,11.421756,1.02102,0.5236
0.7243099999999997,11.431752,1.02102,0.5236
0.7243099999999997,11.441752,1.02102,0.5236
0.7243099999999997,11.451752,1.02102,0.5236
0.7243099999999997,11.461752,1.02102,0.5236
0.7243099999999997,11.471752,1.02102,0.5236
0.7243099999999997,11.481752,1.02102,0.5236
0.7243099999999997,11.491752,1.02102,0.5236
0.7243099999999997,11.501752,1.02102,0.5236
0.7243099999999997,11.511752,1.02102,0.5236
0.7243099999999997,11.520728,1.02102,0.5236
0.7243099999999997,11.530728,1.02102,0.5236
0.7243099999999997,11.540728,1.02102,0.5236
0.7243099999999997,11.550728,1.02102,0.5236
0.7243099999999997,11.559704,1.02102,0.5236
0.7243099999999997,11.569704,1.02102,0.5236
0.7243099999999997,11.579704,1.02102,0.5236
0.7243099999999997,11.589704,1.02102,0.5236
0.7243099999999997,11.599704,1.02102,0.5236
0.7243099999999997,11.609704,1.02102,0.5236
0.7243099999999997,11.619704,1.02102,0.5236
0.7243099999999997,11.629704,1.02102,0.5236
0.7243099999999997,11.639704,1.02102,0.5236
0.7243099999999997,11.64868,1.02102,0.5236
0.7243099999999997,11.65868,1.02102,0.5236
0.7243099999999997,11.66868,1.02102,0.5236
0.7243099999999997,11.67868,1.02102,0.5236
0.7243099999999997,11.687656,1.02102,0.5236
0.7243099999999997,11.697656,1.02102,0.5236
0.7243099999999997,11.707656,1.02102,0.5236
0.7243099999999997,11.717656,1.02102,0.5236
0.7243099999999997,11.726632,1.02102,0.5236
0.7243099999999997,11.736632,1.02102,0.5236
0.7243099999999997,11.746632,1.02102,0.5236
0.7243099999999997,11.756632,1.02102,0.5236
0.7243099999999997,11.766632,1.02102,0.5236
0.7243099999999997,11.776632,1.02102,0.5236
0.7243099999999997,11.786632,1.02102,0.5236
0.7243099999999997,11.796632,1.02102,0.5236
0.7243099999999997,11.806632,1.02102,0.5236
0.7243099999999997,11.815608,1.02102,0.5236
0.7243099999999997,11.825608,1.02102,0.5236
0.7243099999999997,11.835608,1.02102,0.5236
0.7243099999999997,11.845608,1.02102,0.5236
0.7243099999999997,11.854584,1.02102,0.5236
0.7243099999999997,11.864584,1.02102,0.5236
0.7243099999999997,11.874584,1.02102,0.5236
0.7243099999999997,11.884584,1.02102,0.5236
0.7243099999999997,11.89356,1.02102,0.5236
0.7243099999999997,11.90356,1.02102,0.5236
0.7243099999999997,11.91356,1.02102,0.5236
0.7243099999999997,11.92356,1.02102,0.5236
0.7243099999999997,11.93356,1.02102,0.5236
0.7243099999999997,11.94356,1.02102,0.5236
0.7243099999999997,11.95356,1.02102,0.5236
0.7243099999999997,11.96356,1.02102,0.5236
0.7243099999999997,11.97356,1.02102,0.5236
0.7243099999999997,11.982536,1.02102,0.5236
0.7243099999999997,11.992536,1.02102,0.5236
0.7243099999999997,12.002536,1.02102,0.5236
0.7243099999999997,12.012536,1.02102,0.5236
0.7243099999999997,12.021512,1.02102,0.5236
0.7243099999999997,12.031512,1.02102,0.5236
0.7243099999999997,12.041512,1.02102,0.5236
0.7243099999999997,12.051516,1.02102,0.5236
0.7243099999999997,12.061512,1.02102,0.5236
0.7243099999999997,12.071512,1.02102,0.5236
0.7243099999999997,12.081512,1.02102,0.5236
0.7243099999999997,12.091512,1.02102,0.5236
0.7243099999999997,12.101512,1.02102,0.5236
0.7243099999999997,12.111512,1.02102,0.5236
0.7243099999999997,12.121512,1.02102,0.5236
0.7243099999999997,12.131512,1.02102,0.5236
0.7243099999999997,12.141512,1.02102,0.5236
0.7243099999999997,12.150488,1.02102,0.5236
0.7243099999999997,12.160488,1.02102,0.5236
0.7243099999999997,12.170488,1.02102,0.5236
0.7243099999999997,12.180488,1.02102,0.5236
0.7243099999999997,12.189464,1.02102,0.5236
0.7243099999999997,12.199464,1.02102,0.5236
0.7243099999999997,12.209464,1.02102,0.5236
0.7243099999999997,12.219464,1.02102,0.5236
0.7243099999999997,12.229464,1.02102,0.5236
0.7243099999999997,12.239464,1.02102,0.5236
0.7243099999999997,12.249464,1.02102,0.5236
0.7243099999999997,12.259464,1.02102,0.5236
0.7243099999999997,12.269464,1.02102,0.5236
0.7243099999999997,12.27844,1.02102,0.5236
0.7243099999999997,12.28844,1.02102,0.5236
0.7243099999999997,12.29844,1.02102,0.5236
0.7243099999999997,12.30844,1.02102,0.5236
0.7243099999999997,12.317416,1.02102,0.5236
0.7243099999999997,12.327416,1.02102,0.5236
0.7243099999999997,12.337416,1.02102,0.5236
0.7243099999999997,12.347416,1.02102,0.5236
0.7243099999999997,12.356392,1.02102,0.5236
0.7243099999999997,12.366392,1.02102,0.5236
0.7243099999999997,12.376392,1.02102,0.5236
0.7243099999999997,12.386392,1.02102,0.5236
0.7243099999999997,12.396392,1.02102,0.5236
0.7243099999999997,12.406392,1.02102,0.5236
0.7243099999999997,12.416392,1.02102,0.5236
0.7243099999999997,12.426392,1.02102,0.5236
0.7243099999999997,12.436392,1.02102,0.5236
0.7243099999999997,12.445368,1.02102,0.5236
0.7243099999999997,12.455368,1.02102,0.5236
0.7243099999999997,12.465368,1.02102,0.5236
0.7243099999999997,12.475368,1.02102,0.5236
0.7243099999999997,12.484344,1.02102,0.5236
0.7243099999999997,12.494344,1.02102,0.5236
0.7243099999999997,12.504344,1.02102,0.5236
0.7243099999999997,12.514344,1.02102,0.5236
0.7243099999999997,12.52332,1.02102,0.5236
0.7243099999999997,12.53332,1.02102,0.5236
0.7243099999999997,12.54332,1.02102,0.5236
0.7243099999999997,12.55332,1.02102,0.5236
0.7243099999999997,12.56332,1.02102,0.5236
0.7243099999999997,12.57332,1.02102,0.5236
0.7243099999999997,12.58332,1.02102,0.5236
0.7243099999999997,12.59332,1.02102,0.5236
0.7243099999999997,12.60332,1.02102,0.5236
0.7243099999999997,12.612296,1.02102,0.5236
0.7243099999999997,12.622296,1.02102,0.5236
0.7243099999999997,12.632296,1.02102,0.5236
0.7243099999999997,12.642296,1.02102,0.5236
0.7243099999999997,12.651272,1.02102,0.5236
0.7243099999999997,12.661272,1.02102,0.5236
0.7243099999999997,12.671272,1.02102,0.5236
0.7243099999999997,12.681276,1.02102,0.5236
0.7243099999999997,12.691272,1.02102,0.5236
0.7243099999999997,12.701272,1.02102,0.5236
0.7243099999999997,12.711272,1.02102,0.5236
0.7243099999999997,12.721272,1.02102,0.5236
0.7243099999999997,12.731272,1.02102,0.5236
0.7243099999999997,12.741272,1.02102,0.5236
0.7243099999999997,12.751272,1.02102,0.5236
0.7243099999999997,12.761272,1.02102,0.5236
0.7243099999999997,12.771272,1.02102,0.5236
0.7243099999999997,12.780248,1.02102,0.5236
0.7243099999999997,12.790248,1.02102,0.5236
0.7243099999999997,12.800248,1.02102,0.5236
0.7243099999999997,12.810248,1.02102,0.5236
0.7243099999999997,12.819224,1.02102,0.5236
0.7243099999999997,12.829224,1.02102,0.5236
0.7243099999999997,12.839224,1.02102,0.5236
0.7243099999999997,12.849224,1.02102,0.5236
0.7243099999999997,12.859224,1.02102,0.5236
0.7243099999999997,12.869224,1.02102,0.5236
0.7243099999999997,12.879224,1.02102,0.5236
0.7243099999999997,12.889224,1.02102,0.5236
0.7243099999999997,12.899224,1.02102,0.5236
0.7243099999999997,12.9082,1.02102,0.5236
0.7243099999999997,12.9182,1.02102,0.5236
0.7243099999999997,12.9282,1.02102,0.5236
0.7243099999999997,12.9382,1.02102,0.5236
0.7243099999999997,12.947176,1.02102,0.5236
0.7243099999999997,12.957176,1.02102,0.5236
0.7243099999999997,12.967176,1.02102,0.5236
0.7243099999999997,12.977176,1.02102,0.5236
0.7243099999999997,12.986152,1.02102,0.5236
0.7243099999999997,12.996152,1.02102,0.5236
0.9075694999999998,13.006152,1.02102,0.5236
1.0888654999999996,13.016172,1.0229835000000003,0.5236
1.2645069999999998,13.026192,1.030602,0.5236
1.4310374999999997,13.035156,1.047331,0.5236
1.5875934999999997,13.045156,1.0740345,0.5236
1.737238,13.055156,1.1076495,0.5236
1.8839765000000002,13.06516,1.1441705,0.5236
2.0302439999999997,13.074136,1.1811625,0.5236
2.176433,13.084132,1.2182330000000001,0.5236
2.322072,13.094132,1.2558535,0.5236
2.4666115,13.104136,1.2945735,0.5236
2.6094229999999996,13.113108,1.3350214999999999,0.5236
2.7503495,13.123112,1.3773545,0.5236
2.889234,13.133108,1.4217294999999999,0.5236
3.0260764999999994,13.143112,1.4681465,0.5236
3.1608769999999993,13.152084,1.5166054999999998,0.5236
3.2936355,13.161064,1.5671065,0.5236
3.424509,13.17106,1.6194924999999998,0.5236
3.5536545,13.18106,1.6736064999999998,0.5236
3.680994,13.19106,1.729527,0.5236
3.6230314999999997,13.20004,1.7874895,0.5236
3.565069,13.21004,1.8454519999999999,0.5236
3.5111120000000002,13.220036,1.8994085000000003,0.5236
3.4647734999999997,13.230036,1.9457470000000001,0.5236
3.4266819999999996,13.239016,1.9838385000000003,0.5236
3.3938525,13.249016,2.0166680000000006,0.5236
3.362358,13.259012,2.0481625,0.5236
3.3298425000000003,13.269012,2.0806780000000002,0.5236
3.2959915000000004,13.277988,2.1145290000000005,0.5236
3.2613555,13.287984,2.149165,0.5236
3.226484,13.297988,2.1840365000000004,0.5236
3.1919265,13.307988,2.2185940000000004,0.5236
3.157919,13.317984,2.2526015000000004,0.5236
3.124697,13.326964,2.2858240000000003,0.5236
3.0923385000000003,13.33696,2.3181825000000003,0.5236
3.061001,13.34696,2.34952,0.5236
3.030763,13.35696,2.3797580000000003,0.5236
3.001389,13.365936,2.409132,0.5236
2.972565,13.37594,2.4379560000000002,0.5236
2.944369,13.385936,2.4661515000000005,0.5236
2.917116,13.395936,2.4934045000000005,0.5236
2.8908055,13.404912,2.519715,0.5236
2.8652014999999995,13.414912,2.5453190000000006,0.5236
2.8401475,13.424912,2.5703730000000005,0.5236
2.8160355,13.434916,2.5944850000000006,0.5236
2.7929445,13.443892,2.617576,0.5236
2.7707965,13.453892,2.639724,0.5236
2.7495119999999997,13.463892,2.6610085000000003,0.5236
2.7290129999999997,13.473892,2.6815075000000004,0.5236
2.7089855,13.483892,2.7015350000000002,0.5236
2.6892719999999994,13.492864,2.7212485,0.5236
2.6700299999999997,13.502864,2.7404905,0.5236
2.6512589999999996,13.512864,2.7592615000000005,0.5236
2.6331944999999997,13.522868,2.7773255,0.5236
2.6159945,13.531844,2.7945255,0.5236
2.5994224999999997,13.541844,2.8110975000000002,0.5236
2.5832434999999996,13.551844,2.8272765,0.5236
2.567456999999999,13.561844,2.843063,0.5236
2.5522989999999997,13.57082,2.858221,0.5236
2.5380044999999996,13.58082,2.8725155,0.5236
2.5246524999999997,13.590824,2.8858675,0.5236
2.5121645,13.600824,2.8983555,0.5236
2.500305,13.609796,2.910215,0.5236
2.4889164999999998,13.619796,2.9216035,0.5236
2.477921,13.629796,2.9325989999999997,0.5236
2.46724,13.639796,2.94328,0.5236
2.4568725,13.649796,2.9536475000000006,0.5236
2.4468195,13.658772,2.9637005000000003,0.5236
2.436845,13.668772,2.9736750000000005,0.5236
2.4268705,13.678768,2.983650000000001,0.5236
2.4170530000000006,13.688768,2.9934675000000004,0.5236
2.4073925000000003,13.697744,3.0031280000000002,0.5236
2.3979674999999996,13.707744,3.0125530000000005,0.5236
2.388857,13.717728,3.0216635000000007,0.5236
2.3800605000000004,13.72772,3.0304600000000006,0.5236
2.3716570000000003,13.736696,3.0388635000000006,0.5236
2.363803,13.746696,3.0467175000000006,0.5236
2.3565774999999998,13.756696,3.0539430000000007,0.5236
2.3499015000000005,13.766696,3.060619000000001,0.5236
2.3435400000000004,13.775672,3.0669805000000006,0.5236
2.337335500000001,13.785672,3.0731850000000005,0.5236
2.3312880000000002,13.795672,3.0792325000000007,0.5236
2.325554500000001,13.805672,3.084966000000001,0.5236
2.3202925000000008,13.815672,3.090228000000001,0.5236
2.315423000000001,13.824648,3.0950975000000014,0.5236
2.310867500000001,13.834648,3.0996530000000013,0.5236
2.306626500000001,13.844648,3.1038940000000013,0.5236
2.302699500000001,13.854648,3.1078210000000013,0.5236
2.299322500000001,13.863624,3.1111980000000017,0.5236
2.296809000000001,13.873624,3.1137110000000017,0.5236
2.2951595000000014,13.883624,3.1153605000000013,0.5236
2.2942955000000014,13.893624,3.1162245000000013,0.5236
2.2940600000000013,13.9026,3.116460000000002,1.22173
2.2940600000000013,13.9126,3.116460000000002,0.5585065
2.2940600000000013,13.9226,3.116460000000002,1.22173
2.2940600000000013,13.932604,3.116460000000002,0.5934130000000001
2.2940600000000013,13.9426,3.116460000000002,1.22173
2.2940600000000013,13.9526,3.116460000000002,0.6283195
2.2940600000000013,13.9626,3.116460000000002,1.22173
2.2940600000000013,13.9726,3.116460000000002,0.6632260000000001
2.2940600000000013,13.9826,3.116460000000002,1.22173
2.2940600000000013,13.991576,3.116460000000002,0.6981325
2.2940600000000013,14.001576,3.116460000000002,1.22173
2.2940600000000013,14.011576,3.116460000000002,0.7330390000000001
2.2940600000000013,14.021576,3.116460000000002,1.22173
2.2940600000000013,14.030552,3.116460000000002,0.7679455000000001
2.2940600000000013,14.040552,3.116460000000002,1.22173
2.2940600000000013,14.050552,3.116460000000002,0.8028520000000001
2.2940600000000013,14.060552,3.116460000000002,1.22173
2.2940600000000013,14.069528,3.116460000000002,0.8377585000000001
2.2940600000000013,14.079528,3.116460000000002,1.22173
2.2940600000000013,14.089528,3.116460000000002,0.872665
2.2940600000000013,14.099528,3.116460000000002,1.22173
2.2940600000000013,14.109528,3.116460000000002,0.9075714999999998
2.2940600000000013,14.119528,3.116460000000002,1.22173
2.2940600000000013,14.129528,3.116460000000002,0.9424779999999997
2.2940600000000013,14.139528,3.116460000000002,1.22173
2.2940600000000013,14.149528,3.116460000000002,0.9773844999999999
2.2940600000000013,14.158504,3.116460000000002,1.22173
2.2940600000000013,14.168504,3.116460000000002,1.012291
2.2940600000000013,14.178504,3.116460000000002,1.22173
2.2940600000000013,14.188504,3.116460000000002,1.0471975
2.2940600000000013,14.19748,3.116460000000002,1.22173
2.2940600000000013,14.20748,3.116460000000002,1.0821040000000002
2.2940600000000013,14.21748,3.116460000000002,1.22173
2.2940600000000013,14.22748,3.116460000000002,1.1170105000000004
2.2940600000000013,14.236456,3.116460000000002,1.22173
2.2940600000000013,14.246456,3.116460000000002,1.1519170000000005
2.2940600000000013,14.256456,3.116460000000002,1.22173
2.2940600000000013,14.266456,3.116460000000002,1.1868235000000007
2.2940600000000013,14.276456,3.116460000000002,1.22173
2.2940600000000013,14.285432,3.116460000000002,1.2217300000000006
2.2940600000000013,14.295432,3.116460000000002,1.22173
2.2940600000000013,14.305432,3.116460000000002,1.2217300000000006
2.2940600000000013,14.315432,3.116460000000002,1.22173
2.2940600000000013,14.324408,3.116460000000002,1.2217300000000006
2.2940600000000013,14.334408,3.116460000000002,1.22173
2.2940600000000013,14.344408,3.116460000000002,1.2217300000000006
2.2940600000000013,14.354408,3.116460000000002,1.22173
2.2940600000000013,14.363384,3.116460000000002,1.2217300000000006
2.2940600000000013,14.373384,3.116460000000002,1.22173
2.2940600000000013,14.383384,3.116460000000002,1.2217300000000006
2.2940600000000013,14.393384,3.116460000000002,1.22173
2.2940600000000013,14.40236,3.116460000000002,1.2217300000000006
2.2940600000000013,14.41236,3.116460000000002,1.22173
2.2940600000000013,14.42236,3.116460000000002,1.2217300000000006
2.2940600000000013,14.43236,3.116460000000002,1.22173
2.2940600000000013,14.44236,3.116460000000002,1.2217300000000006
2.2940600000000013,14.451336,3.116460000000002,1.22173
2.2940600000000013,14.461336,3.116460000000002,1.2217300000000006
2.2940600000000013,14.471336,3.116460000000002,1.22173
2.2940600000000013,14.481336,3.116460000000002,1.2217300000000006
2.2940600000000013,14.490312,3.116460000000002,1.22173
2.2940600000000013,14.500312,3.116460000000002,1.2217300000000006
2.2940600000000013,14.510312,3.116460000000002,1.22173
2.2940600000000013,14.520312,3.116460000000002,1.2217300000000006
2.2940600000000013,14.529288,3.116460000000002,1.22173
2.2940600000000013,14.539288,3.116460000000002,1.2217300000000006
2.2940600000000013,14.549288,3.116460000000002,1.22173
2.2940600000000013,14.559292,3.116460000000002,1.2217300000000006
2.2940600000000013,14.569288,3.116460000000002,1.22173
2.2940600000000013,14.579288,3.116460000000002,1.2217300000000006
2.2940600000000013,14.589288,3.116460000000002,1.22173
2.2940600000000013,14.599288,3.116460000000002,1.2217300000000006
2.2940600000000013,14.609288,3.116460000000002,1.22173
2.2940600000000013,14.618264,3.116460000000002,1.2217300000000006
2.2940600000000013,14.628264,3.116460000000002,1.22173
2.2940600000000013,14.638264,3.116460000000002,1.2217300000000006
2.2940600000000013,14.648264,3.116460000000002,1.22173
2.2940600000000013,14.65724,3.116460000000002,1.2217300000000006
2.2940600000000013,14.66724,3.116460000000002,1.22173
2.2940600000000013,14.67724,3.116460000000002,1.2217300000000006
2.2940600000000013,14.68724,3.116460000000002,1.22173
2.2940600000000013,14.696216,3.116460000000002,1.2217300000000006
2.2940600000000013,14.706216,3.116460000000002,1.22173
2.2940600000000013,14.716216,3.116460000000002,1.2217300000000006
2.2940600000000013,14.726216,3.116460000000002,1.22173
2.2940600000000013,14.736216,3.116460000000002,1.2217300000000006
2.2940600000000013,14.746216,3.116460000000002,1.22173
2.2940600000000013,14.756216,3.116460000000002,1.2217300000000006
2.2940600000000013,14.766216,3.116460000000002,1.22173
2.2940600000000013,14.776216,3.116460000000002,1.2217300000000006
2.2940600000000013,14.785192,3.116460000000002,1.22173
2.2940600000000013,14.795192,3.116460000000002,1.2217300000000006
2.2940600000000013,14.805192,3.116460000000002,1.22173
2.2940600000000013,14.815192,3.116460000000002,1.2217300000000006
2.2940600000000013,14.824168,3.116460000000002,1.22173
2.2940600000000013,14.834168,3.116460000000002,1.2217300000000006
2.2940600000000013,14.844168,3.116460000000002,1.22173
2.2940600000000013,14.854168,3.116460000000002,1.2217300000000006
2.2940600000000013,14.863144,3.116460000000002,1.22173
2.2940600000000013,14.873144,3.116460000000002,1.2217300000000006
2.2940600000000013,14.883144,3.116460000000002,1.22173
2.2940600000000013,14.893144,3.116460000000002,1.2217300000000006
2.2940600000000013,14.903144,3.116460000000002,1.22173
2.2940600000000013,14.91212,3.116460000000002,1.2217300000000006
2.2940600000000013,14.92212,3.116460000000002,1.22173
2.2940600000000013,14.93212,3.116460000000002,1.2217300000000006
2.2940600000000013,14.94212,3.116460000000002,1.22173
2.2940600000000013,14.951096,3.116460000000002,1.2217300000000006
2.2940600000000013,14.961096,3.116460000000002,1.22173
2.2940600000000013,14.971096,3.116460000000002,1.2217300000000006
2.2940600000000013,14.981096,3.116460000000002,1.22173
2.2940600000000013,14.990072,3.116460000000002,1.2217300000000006
2.224247000000001,15.000072,3.116460000000002,1.22173
2.157025500000001,15.010096,3.113868000000001,1.2217300000000006
2.096323000000001,15.0201,3.104757500000001,1.22173
2.0429245000000007,15.029076,3.088342500000001,1.2217300000000006
1.9941600000000006,15.038056,3.067294000000001,1.22173
1.9463380000000006,15.048056,3.045303000000001,1.2217300000000006
1.8969450000000005,15.058052,3.024882500000001,1.22173
1.8451175000000004,15.068056,3.0068970000000013,1.2217300000000006
1.7914050000000004,15.077028,2.990796500000001,1.22173
1.7365145000000006,15.087024,2.975874000000001,1.2217300000000006
1.6810740000000004,15.097028,2.9615015000000007,1.22173
1.6255550000000007,15.107008,2.947207500000001,1.2217300000000006
1.5700360000000007,15.115976,2.9329135000000006,1.22173
1.5145170000000006,15.125976,2.918619500000001,1.2217300000000006
1.4589980000000002,15.135976,2.9043255000000006,1.22173
1.4034790000000004,15.145976,2.890031500000001,1.2217300000000006
1.3479600000000005,15.154952,2.875737500000001,1.22173
1.2924410000000004,15.164952,2.8614435000000005,1.2217300000000006
1.236922,15.174952,2.8471495000000004,1.22173
1.1814030000000002,15.184956,2.8328555,1.2217300000000006
1.195697,15.194952,2.8185614999999995,1.22173
1.2073995000000002,15.204952,2.8068595,1.2217300000000006
1.212583,15.214952,2.8016759999999996,1.22173
1.2104625,15.224952,2.8037969999999994,1.2217300000000006
1.203708,15.234952,2.8105514999999994,1.22173
1.196011,15.243928,2.8182484999999993,1.2217300000000006
1.189885,15.253928,2.8243749999999994,1.22173
1.1861935,15.263928,2.8280664999999994,1.2217300000000006
1.1843869999999999,15.273928,2.829872999999999,1.22173
1.1837585,15.282904,2.8305014999999996,1.2217300000000006
1.1836799999999998,15.292904,2.8305799999999994,1.22173
1.1836799999999998,15.302904,2.8305799999999994,1.2217300000000006
1.1836799999999998,15.312904,2.8305799999999994,1.22173
1.1836799999999998,15.32188,2.8305799999999994,1.2217300000000006
1.1836799999999998,15.33188,2.8305799999999994,1.22173
1.1836799999999998,15.34188,2.8305799999999994,1.2217300000000006
1.1836799999999998,15.35188,2.8305799999999994,1.22173
1.1836799999999998,15.36188,2.8305799999999994,1.2217300000000006
1.1836799999999998,15.37188,2.8305799999999994,1.22173
1.1836799999999998,15.38188,2.8305799999999994,1.2217300000000006
1.1836799999999998,15.39188,2.8305799999999994,1.22173
1.1836799999999998,15.40188,2.8305799999999994,1.2217300000000006
1.1836799999999998,15.410856,2.8305799999999994,1.22173
1.1836799999999998,15.420856,2.8305799999999994,1.2217300000000006
1.1836799999999998,15.430856,2.8305799999999994,1.22173
1.1836799999999998,15.440856,2.8305799999999994,1.2217300000000006
1.1836799999999998,15.449832,2.8305799999999994,1.22173
1.1836799999999998,15.459832,2.8305799999999994,1.2217300000000006
1.1836799999999998,15.469832,2.8305799999999994,1.22173
1.1836799999999998,15.479832,2.8305799999999994,1.2217300000000006
1.1836799999999998,15.488808,2.8305799999999994,1.22173
1.1836799999999998,15.498808,2.8305799999999994,1.2217300000000006
1.1836799999999998,15.508808,2.8305799999999994,1.22173
1.1836799999999998,15.518808,2.8305799999999994,1.2217300000000006
1.1836799999999998,15.528808,2.8305799999999994,1.22173
1.1836799999999998,15.537784,2.8305799999999994,1.2217300000000006
1.1836799999999998,15.547784,2.8305799999999994,1.22173
1.1836799999999998,15.557784,2.8305799999999994,1.2217300000000006
1.1836799999999998,15.567784,2.8305799999999994,1.22173
1.1836799999999998,15.57676,2.8305799999999994,1.2217300000000006
1.1836799999999998,15.58676,2.8305799999999994,1.22173
1.1836799999999998,15.59676,2.8305799999999994,1.2217300000000006
1.1836799999999998,15.60676,2.8305799999999994,1.22173
1.1836799999999998,15.615736,2.8305799999999994,1.2217300000000006
1.1836799999999998,15.625736,2.8305799999999994,1.22173
1.1836799999999998,15.635736,2.8305799999999994,1.2217300000000006
1.1836799999999998,15.645736,2.8305799999999994,1.22173
1.1836799999999998,15.654712,2.8305799999999994,1.2217300000000006
1.1836799999999998,15.664712,2.8305799999999994,1.22173
1.1836799999999998,15.674712,2.8305799999999994,1.2217300000000006
1.1836799999999998,15.684712,2.8305799999999994,1.22173
1.1836799999999998,15.694712,2.8305799999999994,1.2217300000000006
1.1836799999999998,15.703688,2.8305799999999994,1.22173
1.1836799999999998,15.713688,2.8305799999999994,1.2217300000000006
1.1836799999999998,15.723688,2.8305799999999994,1.22173
1.1836799999999998,15.733688,2.8305799999999994,1.2217300000000006
1.1836799999999998,15.742664,2.8305799999999994,1.22173
1.1836799999999998,15.752664,2.8305799999999994,1.2217300000000006
1.1836799999999998,15.762664,2.8305799999999994,1.22173
1.1836799999999998,15.772664,2.8305799999999994,1.2217300000000006
1.1836799999999998,15.78164,2.8305799999999994,1.22173
1.1836799999999998,15.79164,2.8305799999999994,1.2217300000000006
1.1836799999999998,15.80164,2.8305799999999994,1.22173
1.1836799999999998,15.811644,2.8305799999999994,1.2217300000000006
1.1836799999999998,15.82164,2.8305799999999994,1.22173
1.1836799999999998,15.83164,2.8305799999999994,1.2217300000000006
1.1836799999999998,15.84164,2.8305799999999994,1.22173
1.1836799999999998,15.85164,2.8305799999999994,1.2217300000000006
1.1836799999999998,15.86164,2.8305799999999994,1.22173
1.1836799999999998,15.870616,2.8305799999999994,1.2217300000000006
1.1836799999999998,15.880616,2.8305799999999994,1.22173
1.1836799999999998,15.890616,2.8305799999999994,1.2217300000000006
1.1836799999999998,15.900616,2.8305799999999994,1.22173
1.1836799999999998,15.909592,2.8305799999999994,1.2217300000000006
1.1836799999999998,15.919592,2.8305799999999994,1.22173
1.1836799999999998,15.929592,2.8305799999999994,1.2217300000000006
1.1836799999999998,15.939592,2.8305799999999994,1.22173
1.1836799999999998,15.948568,2.8305799999999994,1.2217300000000006
1.1836799999999998,15.958568,2.8305799999999994,1.22173
1.1836799999999998,15.968568,2.8305799999999994,1.2217300000000006
1.1836799999999998,15.978568,2.8305799999999994,1.22173
1.1836799999999998,15.988568,2.8305799999999994,1.2217300000000006
1.1836799999999998,15.998568,2.8305799999999994,1.22173
1.1836799999999998,16.008568,2.8305799999999994,1.2217300000000006
1.1836799999999998,16.018568,2.8305799999999994,1.22173
1.1836799999999998,16.028568,2.8305799999999994,1.2217300000000006
1.1836799999999998,16.037544,2.8305799999999994,1.22173
1.1836799999999998,16.047544,2.8305799999999994,1.2217300000000006
1.1836799999999998,16.057544,2.8305799999999994,1.22173
1.1836799999999998,16.067544,2.8305799999999994,1.2217300000000006
1.1836799999999998,16.07652,2.8305799999999994,1.22173
1.1836799999999998,16.08652,2.8305799999999994,1.2217300000000006
1.1836799999999998,16.09652,2.8305799999999994,1.22173
1.1836799999999998,16.10652,2.8305799999999994,1.2217300000000006
1.1836799999999998,16.115496,2.8305799999999994,1.22173
1.1836799999999998,16.125496,2.8305799999999994,1.2217300000000006
1.1836799999999998,16.135496,2.8305799999999994,1.22173
1.1836799999999998,16.145496,2.8305799999999994,1.2217300000000006
1.1836799999999998,16.155496,2.8305799999999994,1.22173
1.1836799999999998,16.164472,2.8305799999999994,1.2217300000000006
1.1836799999999998,16.174472,2.8305799999999994,1.22173
1.1836799999999998,16.184472,2.8305799999999994,1.2217300000000006
1.1836799999999998,16.194472,2.8305799999999994,1.22173
1.1836799999999998,16.203448,2.8305799999999994,1.2217300000000006
1.1836799999999998,16.213448,2.8305799999999994,1.22173
1.1836799999999998,16.223448,2.8305799999999994,1.2217300000000006
1.1836799999999998,16.233448,2.8305799999999994,1.22173
1.1836799999999998,16.242424,2.8305799999999994,1.2217300000000006
1.1836799999999998,16.252424,2.8305799999999994,1.22173
1.1836799999999998,16.262424,2.8305799999999994,1.2217300000000006
1.1836799999999998,16.272424,2.8305799999999994,1.22173
1.1836799999999998,16.2814,2.8305799999999994,1.2217300000000006
1.1836799999999998,16.2914,2.8305799999999994,1.22173
1.1836799999999998,16.3014,2.8305799999999994,1.2217300000000006
1.1836799999999998,16.3114,2.8305799999999994,1.22173
1.1836799999999998,16.3214,2.8305799999999994,1.2217300000000006
1.1836799999999998,16.330376,2.8305799999999994,1.22173
1.1836799999999998,16.340376,2.8305799999999994,1.2217300000000006
1.1836799999999998,16.350376,2.8305799999999994,1.22173
1.1836799999999998,16.360376,2.8305799999999994,1.2217300000000006
1.1836799999999998,16.369352,2.8305799999999994,1.22173
1.1836799999999998,16.379352,2.8305799999999994,1.2217300000000006
1.1836799999999998,16.389352,2.8305799999999994,1.22173
1.1836799999999998,16.399352,2.8305799999999994,1.2217300000000006
1.1836799999999998,16.408328,2.8305799999999994,1.22173
1.1836799999999998,16.418328,2.8305799999999994,1.2217300000000006
1.1836799999999998,16.428328,2.8305799999999994,1.22173
1.1836799999999998,16.438332,2.8305799999999994,1.2217300000000006
1.1836799999999998,16.448328,2.8305799999999994,1.22173
1.1836799999999998,16.458328,2.8305799999999994,1.2217300000000006
1.1836799999999998,16.468328,2.8305799999999994,1.22173
1.1836799999999998,16.478328,2.8305799999999994,1.2217300000000006
1.1836799999999998,16.488328,2.8305799999999994,1.22173
1.1836799999999998,16.497304,2.8305799999999994,1.2217300000000006
1.1836799999999998,16.507304,2.8305799999999994,1.22173
1.1836799999999998,16.517304,2.8305799999999994,1.2217300000000006
1.1836799999999998,16.527304,2.8305799999999994,1.22173
1.1836799999999998,16.53628,2.8305799999999994,1.2217300000000006
1.1836799999999998,16.54628,2.8305799999999994,1.22173
1.1836799999999998,16.55628,2.8305799999999994,1.2217300000000006
1.1836799999999998,16.56628,2.8305799999999994,1.22173
1.1836799999999998,16.575256,2.8305799999999994,1.2217300000000006
1.1836799999999998,16.585256,2.8305799999999994,1.22173
1.1836799999999998,16.595256,2.8305799999999994,1.2217300000000006
1.1836799999999998,16.605256,2.8305799999999994,1.22173
1.1836799999999998,16.615256,2.8305799999999994,1.2217300000000006
1.1836799999999998,16.625256,2.8305799999999994,1.22173
1.1836799999999998,16.635256,2.8305799999999994,1.2217300000000006
1.1836799999999998,16.645256,2.8305799999999994,1.22173
1.1836799999999998,16.655256,2.8305799999999994,1.2217300000000006
1.1836799999999998,16.664232,2.8305799999999994,1.22173
1.1836799999999998,16.674232,2.8305799999999994,1.2217300000000006
1.1836799999999998,16.684232,2.8305799999999994,1.22173
1.1836799999999998,16.694232,2.8305799999999994,1.2217300000000006
1.1836799999999998,16.703208,2.8305799999999994,1.22173
1.1836799999999998,16.713208,2.8305799999999994,1.2217300000000006
1.1836799999999998,16.723208,2.8305799999999994,1.22173
1.1836799999999998,16.733208,2.8305799999999994,1.2217300000000006
1.1836799999999998,16.742184,2.8305799999999994,1.22173
1.1836799999999998,16.752184,2.8305799999999994,1.2217300000000006
1.1836799999999998,16.762184,2.8305799999999994,1.22173
1.1836799999999998,16.772184,2.8305799999999994,1.2217300000000006
1.1836799999999998,16.782184,2.8305799999999994,1.22173
1.1836799999999998,16.79116,2.8305799999999994,1.2217300000000006
1.1836799999999998,16.80116,2.8305799999999994,1.22173
1.1836799999999998,16.81116,2.8305799999999994,1.2217300000000006
1.1836799999999998,16.82116,2.8305799999999994,1.22173
1.1836799999999998,16.830136,2.8305799999999994,1.2217300000000006
1.1836799999999998,16.840136,2.8305799999999994,1.22173
1.1836799999999998,16.850136,2.8305799999999994,1.2217300000000006
1.1836799999999998,16.860136,2.8305799999999994,1.22173
1.1836799999999998,16.869112,2.8305799999999994,1.2217300000000006
1.1836799999999998,16.879112,2.8305799999999994,1.22173
1.1836799999999998,16.889112,2.8305799999999994,1.2217300000000006
1.1836799999999998,16.899112,2.8305799999999994,1.22173
1.1836799999999998,16.908088,2.8305799999999994,1.2217300000000006
1.1836799999999998,16.918088,2.8305799999999994,1.22173
1.1836799999999998,16.928088,2.8305799999999994,1.2217300000000006
1.1836799999999998,16.938088,2.8305799999999994,1.22173
1.1836799999999998,16.948088,2.8305799999999994,1.2217300000000006
1.1836799999999998,16.957064,2.8305799999999994,1.22173
1.1836799999999998,16.967064,2.8305799999999994,1.2217300000000006
1.1836799999999998,16.977064,2.8305799999999994,1.22173
1.1836799999999998,16.987064,2.8305799999999994,1.2217300000000006
1.1836799999999998,16.99604,2.8305799999999994,1.22173
1.022237,17.00604,2.8305799999999994,1.2217300000000006
0.8616580000000001,17.016632,2.8297159999999995,1.22173
0.7061840000000003,17.026072,2.8237469999999996,1.2217300000000006
0.5606845000000001,17.035044,2.807803,1.22173
0.4250025,17.045044,2.7820414999999996,1.2217300000000006
0.29473999999999995,17.055048,2.750860999999999,1.22173
0.16502700000000003,17.065048,2.7191304999999995,1.2217300000000006
0.033350500000000095,17.075044,2.6893634999999994,1.22173
-0.10005349999999985,17.08402,2.661324499999999,1.2217300000000006
-0.23392899999999972,17.09402,2.6337569999999992,1.22173
-0.3674904999999996,17.10402,2.6058749999999993,1.2217300000000006
-0.5007374999999996,17.114024,2.5776789999999994,1.22173
-0.633906,17.122976,2.5494044999999996,1.2217300000000006
-0.7670745000000001,17.132968,2.5211299999999994,1.22173
-0.9002430000000002,17.142968,2.4928554999999997,1.2217300000000006
-1.0334115000000004,17.152968,2.464581,1.22173
-1.1665800000000004,17.161944,2.4363065,1.2217300000000006
-1.2997485000000004,17.171944,2.4080320000000004,1.22173
-1.4329170000000004,17.181944,2.3797575,1.2217300000000006
-1.5660855000000002,17.191944,2.3514830000000004,1.22173
-1.5378110000000005,17.20092,2.3232085000000002,1.2217300000000006
-1.5104005000000003,17.21092,2.2957980000000004,1.22173
-1.4880950000000004,17.22092,2.2734925000000006,1.2217300000000006
-1.4757640000000003,17.23092,2.261162,1.22173
-1.4732505000000005,17.24092,2.2586490000000006,1.2217300000000006
-1.4761565000000003,17.249896,2.2615550000000004,1.22173
-1.4796120000000004,17.259896,2.2650110000000008,1.2217300000000006
-1.4811040000000004,17.269896,2.2665035000000002,1.22173
-1.4808685000000006,17.279896,2.2662680000000006,1.2217300000000006
-1.4801615000000004,17.288872,2.265561000000001,1.22173
-1.4797685000000005,17.298872,2.2651685000000006,1.2217300000000006
-1.4796900000000006,17.308872,2.2650900000000003,1.22173
-1.4796900000000006,17.318872,2.2650900000000003,1.2217300000000006
-1.4796900000000006,17.327848,2.2650900000000003,1.22173
-1.4796900000000006,17.337848,2.2650900000000003,1.2217300000000006
-1.4796900000000006,17.347848,2.2650900000000003,1.22173
-1.4796900000000006,17.357848,2.2650900000000003,1.2217300000000006
-1.4796900000000006,17.366824,2.2650900000000003,1.22173
-1.4796900000000006,17.376824,2.2650900000000003,1.2217300000000006
-1.4796900000000006,17.386824,2.2650900000000003,1.22173
-1.4796900000000006,17.396824,2.2650900000000003,1.2217300000000006
-1.4796900000000006,17.406824,2.2650900000000003,1.22173
-1.4796900000000006,17.4158,2.2650900000000003,1.2217300000000006
-1.4796900000000006,17.4258,2.2650900000000003,1.22173
-1.4796900000000006,17.4358,2.2650900000000003,1.2217300000000006
-1.4796900000000006,17.4458,2.2650900000000003,1.22173
-1.4796900000000006,17.454776,2.2650900000000003,1.2217300000000006
-1.4796900000000006,17.464776,2.2650900000000003,1.22173
-1.4796900000000006,17.474776,2.2650900000000003,1.2217300000000006
-1.4796900000000006,17.484776,2.2650900000000003,1.22173
-1.4796900000000006,17.493752,2.2650900000000003,1.2217300000000006
-1.4796900000000006,17.503752,2.2650900000000003,1.22173
-1.4796900000000006,17.513752,2.2650900000000003,1.2217300000000006
-1.4796900000000006,17.523752,2.2650900000000003,1.22173
-1.4796900000000006,17.532728,2.2650900000000003,1.2217300000000006
-1.4796900000000006,17.542728,2.2650900000000003,1.22173
-1.4796900000000006,17.552728,2.2650900000000003,1.2217300000000006
-1.4796900000000006,17.562728,2.2650900000000003,1.22173
-1.4796900000000006,17.572728,2.2650900000000003,1.2217300000000006
-1.4796900000000006,17.581704,2.2650900000000003,1.22173
-1.4796900000000006,17.591704,2.2650900000000003,1.2217300000000006
-1.4796900000000006,17.601704,2.2650900000000003,1.22173
-1.4796900000000006,17.611704,2.2650900000000003,1.2217300000000006
-1.4796900000000006,17.62068,2.2650900000000003,1.22173
-1.4796900000000006,17.63068,2.2650900000000003,1.2217300000000006
-1.4796900000000006,17.64068,2.2650900000000003,1.22173
-1.4796900000000006,17.65068,2.2650900000000003,1.2217300000000006
-1.4796900000000006,17.659656,2.2650900000000003,1.22173
-1.4796900000000006,17.669656,2.2650900000000003,1.2217300000000006
-1.4796900000000006,17.679656,2.2650900000000003,1.22173
-1.4796900000000006,17.68966,2.2650900000000003,1.2217300000000006
-1.4796900000000006,17.699656,2.2650900000000003,1.22173
-1.4796900000000006,17.709656,2.2650900000000003,1.2217300000000006
-1.4796900000000006,17.719656,2.2650900000000003,1.22173
-1.4796900000000006,17.729656,2.2650900000000003,1.2217300000000006
-1.4796900000000006,17.739656,2.2650900000000003,1.22173
-1.4796900000000006,17.748632,2.2650900000000003,1.2217300000000006
-1.4796900000000006,17.758632,2.2650900000000003,1.22173
-1.4796900000000006,17.768632,2.2650900000000003,1.2217300000000006
-1.4796900000000006,17.778632,2.2650900000000003,1.22173
-1.4796900000000006,17.787608,2.2650900000000003,1.2217300000000006
-1.4796900000000006,17.797608,2.2650900000000003,1.22173
-1.4796900000000006,17.807608,2.2650900000000003,1.2217300000000006
-1.4796900000000006,17.817608,2.2650900000000003,1.22173
-1.4796900000000006,17.826584,2.2650900000000003,1.2217300000000006
-1.4796900000000006,17.836584,2.2650900000000003,1.22173
-1.4796900000000006,17.846584,2.2650900000000003,1.2217300000000006
-1.4796900000000006,17.856584,2.2650900000000003,1.22173
-1.4796900000000006,17.866584,2.2650900000000003,1.2217300000000006
-1.4796900000000006,17.87556,2.2650900000000003,2.87939
-1.4796900000000006,17.88556,2.2650900000000003,1.3046130000000007
-1.4796900000000006,17.89556,2.2650900000000003,2.87939
-1.4796900000000006,17.90556,2.2650900000000003,1.3874960000000005
-1.4796900000000006,17.914536,2.2650900000000003,2.87939
-1.4796900000000006,17.924536,2.2650900000000003,1.4703790000000005
-1.4796900000000006,17.934536,2.2650900000000003,2.87939
-1.4796900000000006,17.944536,2.2650900000000003,1.5532620000000006
-1.4796900000000006,17.953512,2.2650900000000003,2.87939
-1.4796900000000006,17.963512,2.2650900000000003,1.6361450000000006
-1.4796900000000006,17.973512,2.2650900000000003,2.87939
-1.4796900000000006,17.983512,2.2650900000000003,1.7190280000000007
-1.4796900000000006,17.992488,2.2650900000000003,2.87939
-1.4796900000000006,18.002488,2.2650900000000003,1.8019110000000005
-1.4796900000000006,18.012488,2.2650900000000003,2.87939
-1.4796900000000006,18.022488,2.2650900000000003,1.8847940000000005
-1.4796900000000006,18.032488,2.2650900000000003,2.87939
-1.4796900000000006,18.041464,2.2650900000000003,1.9676770000000006
-1.4796900000000006,18.051464,2.2650900000000003,2.87939
-1.4796900000000006,18.061464,2.2650900000000003,2.0505600000000004
-1.4796900000000006,18.071464,2.2650900000000003,2.87939
-1.4796900000000006,18.08044,2.2650900000000003,2.1334430000000006
-1.4796900000000006,18.09044,2.2650900000000003,2.87939
-1.4796900000000006,18.10044,2.2650900000000003,2.2163260000000005
-1.4796900000000006,18.11044,2.2650900000000003,2.87939
-1.4796900000000006,18.119416,2.2650900000000003,2.2992090000000007
-1.4796900000000006,18.129416,2.2650900000000003,2.87939
-1.4796900000000006,18.139416,2.2650900000000003,2.3820920000000005
-1.4796900000000006,18.149416,2.2650900000000003,2.87939
-1.4796900000000006,18.158392,2.2650900000000003,2.464975000000001
-1.4796900000000006,18.168392,2.2650900000000003,2.87939
-1.4796900000000006,18.178392,2.2650900000000003,2.5478580000000006
-1.4796900000000006,18.188392,2.2650900000000003,2.87939
-1.4796900000000006,18.198392,2.2650900000000003,2.6307410000000004
-1.4796900000000006,18.207368,2.2650900000000003,2.87939
-1.4796900000000006,18.217368,2.2650900000000003,2.7136240000000007
-1.4796900000000006,18.227368,2.2650900000000003,2.87939
-1.4796900000000006,18.237368,2.2650900000000003,2.7965070000000005
-1.4796900000000006,18.246344,2.2650900000000003,2.87939
-1.4796900000000006,18.256344,2.2650900000000003,2.879390000000001
-1.4796900000000006,18.266344,2.2650900000000003,2.87939
-1.4796900000000006,18.276344,2.2650900000000003,2.879390000000001
-1.4796900000000006,18.28532,2.2650900000000003,2.87939
-1.4796900000000006,18.29532,2.2650900000000003,2.879390000000001
-1.4796900000000006,18.30532,2.2650900000000003,2.87939
-1.4796900000000006,18.315324,2.2650900000000003,2.879390000000001
-1.4796900000000006,18.32532,2.2650900000000003,2.87939
-1.4796900000000006,18.33532,2.2650900000000003,2.879390000000001
-1.4796900000000006,18.34532,2.2650900000000003,2.87939
-1.4796900000000006,18.35532,2.2650900000000003,2.879390000000001
-1.4796900000000006,18.36532,2.2650900000000003,2.87939
-1.4796900000000006,18.374296,2.2650900000000003,2.879390000000001
-1.4796900000000006,18.384296,2.2650900000000003,2.87939
-1.4796900000000006,18.394296,2.2650900000000003,2.879390000000001
-1.4796900000000006,18.404296,2.2650900000000003,2.87939
-1.4796900000000006,18.413272,2.2650900000000003,2.879390000000001
-1.4796900000000006,18.423272,2.2650900000000003,2.87939
-1.4796900000000006,18.433272,2.2650900000000003,2.879390000000001
-1.4796900000000006,18.443272,2.2650900000000003,2.87939
-1.4796900000000006,18.452248,2.2650900000000003,2.879390000000001
-1.4796900000000006,18.462248,2.2650900000000003,2.87939
-1.4796900000000006,18.472248,2.2650900000000003,2.879390000000001
-1.4796900000000006,18.482248,2.2650900000000003,2.87939
-1.4796900000000006,18.492248,2.2650900000000003,2.879390000000001
-1.4796900000000006,18.501224,2.2650900000000003,2.87939
-1.4796900000000006,18.511224,2.2650900000000003,2.879390000000001
-1.4796900000000006,18.521224,2.2650900000000003,2.87939
-1.4796900000000006,18.531224,2.2650900000000003,2.879390000000001
-1.4796900000000006,18.5402,2.2650900000000003,2.87939
-1.4796900000000006,18.5502,2.2650900000000003,2.879390000000001
-1.4796900000000006,18.5602,2.2650900000000003,2.87939
-1.4796900000000006,18.5702,2.2650900000000003,2.879390000000001
-1.4796900000000006,18.579176,2.2650900000000003,2.87939
-1.4796900000000006,18.589176,2.2650900000000003,2.879390000000001
-1.4796900000000006,18.599176,2.2650900000000003,2.87939
-1.4796900000000006,18.609176,2.2650900000000003,2.879390000000001
-1.4796900000000006,18.618152,2.2650900000000003,2.87939
-1.4796900000000006,18.628152,2.2650900000000003,2.879390000000001
-1.4796900000000006,18.638152,2.2650900000000003,2.87939
-1.4796900000000006,18.648152,2.2650900000000003,2.879390000000001
-1.4796900000000006,18.658152,2.2650900000000003,2.87939
-1.4796900000000006,18.667128,2.2650900000000003,2.879390000000001
-1.4796900000000006,18.677128,2.2650900000000003,2.87939
-1.4796900000000006,18.687128,2.2650900000000003,2.879390000000001
-1.4796900000000006,18.697128,2.2650900000000003,2.87939
-1.4796900000000006,18.706104,2.2650900000000003,2.879390000000001
-1.4796900000000006,18.716104,2.2650900000000003,2.87939
-1.4796900000000006,18.726104,2.2650900000000003,2.879390000000001
-1.4796900000000006,18.736104,2.2650900000000003,2.87939
-1.4796900000000006,18.74508,2.2650900000000003,2.879390000000001
-1.4796900000000006,18.75508,2.2650900000000003,2.87939
-1.4796900000000006,18.76508,2.2650900000000003,2.879390000000001
-1.4796900000000006,18.77508,2.2650900000000003,2.87939
-1.4796900000000006,18.784056,2.2650900000000003,2.879390000000001
-1.4796900000000006,18.794056,2.2650900000000003,2.87939
-1.4796900000000006,18.804056,2.2650900000000003,2.879390000000001
-1.4796900000000006,18.814056,2.2650900000000003,2.87939
-1.4796900000000006,18.824056,2.2650900000000003,2.879390000000001
-1.4796900000000006,18.833032,2.2650900000000003,2.87939
-1.4796900000000006,18.843032,2.2650900000000003,2.879390000000001
-1.4796900000000006,18.853032,2.2650900000000003,2.87939
-1.4796900000000006,18.863032,2.2650900000000003,2.879390000000001
-1.4796900000000006,18.872008,2.2650900000000003,2.87939
-1.4796900000000006,18.882008,2.2650900000000003,2.879390000000001
-1.4796900000000006,18.892008,2.2650900000000003,2.87939
-1.4796900000000006,18.902008,2.2650900000000003,2.879390000000001
-1.4796900000000006,18.910984,2.2650900000000003,2.87939
-1.4796900000000006,18.920984,2.2650900000000003,2.879390000000001
-1.4796900000000006,18.930984,2.2650900000000003,2.87939
-1.4796900000000006,18.940988,2.2650900000000003,2.879390000000001
-1.4796900000000006,18.950984,2.2650900000000003,2.87939
-1.4796900000000006,18.960984,2.2650900000000003,2.879390000000001
-1.4796900000000006,18.970984,2.2650900000000003,2.87939
-1.4796900000000006,18.980984,2.2650900000000003,2.879390000000001
-1.4796900000000006,18.990984,2.2650900000000003,2.87939
-1.4796900000000006,18.99996,2.2650900000000003,2.879390000000001
-1.3880605000000006,19.00996,2.2650900000000003,2.87939
-1.2988655000000007,19.01998,2.2675245000000004,2.879390000000001
-1.2167390000000005,19.029988,2.2770280000000005,2.87939
-1.1431735000000003,19.038964,2.2950920000000004,2.879390000000001
-1.0755770000000004,19.048964,2.3191250000000005,2.87939
-1.0099440000000004,19.058968,2.3451215000000007,2.879390000000001
-0.9432115000000002,19.068964,2.3700185000000005,2.87939
-0.8745155000000002,19.077944,2.3929520000000006,2.879390000000001
-0.8044055000000001,19.086916,2.4144720000000004,2.87939
-0.7339815000000001,19.096916,2.4356775000000006,2.879390000000001
-0.6638715000000001,19.106916,2.4571975000000004,2.87939
-0.5939190000000001,19.116896,2.4788745000000003,2.879390000000001
-0.5239665000000001,19.125864,2.5005515000000003,2.87939
-0.4540140000000002,19.135864,2.5222285000000007,2.879390000000001
-0.3840614999999999,19.145864,2.5439055000000006,2.87939
-0.31410899999999997,19.155864,2.5655825000000005,2.879390000000001
-0.2441564999999999,19.16484,2.5872595000000005,2.87939
-0.17420399999999994,19.17484,2.6089365000000004,2.879390000000001
-0.1042515,19.18484,2.6306135000000004,2.87939
-0.03429900000000001,19.19484,2.6522905000000003,2.879390000000001
-0.05597600000000002,19.203816,2.6739675000000003,2.87939
-0.07521850000000002,19.213816,2.6932100000000005,2.879390000000001
-0.08739250000000003,19.223816,2.705383500000001,2.87939
-0.09100550000000002,19.233816,2.708996500000001,2.879390000000001
-0.08864950000000003,19.242792,2.7066405000000007,2.87939
-0.08433000000000002,19.252792,2.702321000000001,2.879390000000001
-0.08111000000000002,19.262792,2.6991010000000006,2.87939
-0.07985350000000002,19.272792,2.697844500000001,2.879390000000001
-0.08001100000000003,19.282792,2.698001500000001,2.87939
-0.08048250000000003,19.291768,2.6984730000000012,2.879390000000001
-0.08064000000000003,19.301768,2.6986300000000014,2.87939
-0.08064000000000003,19.311768,2.6986300000000014,2.879390000000001
-0.08064000000000003,19.321768,2.6986300000000014,2.87939
-0.08064000000000003,19.330744,2.6986300000000014,2.879390000000001
-0.08064000000000003,19.340744,2.6986300000000014,2.87939
-0.08064000000000003,19.350744,2.6986300000000014,2.879390000000001
-0.08064000000000003,19.360744,2.6986300000000014,2.87939
-0.08064000000000003,19.36972,2.6986300000000014,2.879390000000001
-0.08064000000000003,19.37972,2.6986300000000014,2.87939
-0.08064000000000003,19.38972,2.6986300000000014,2.879390000000001
-0.08064000000000003,19.39972,2.6986300000000014,2.87939
-0.08064000000000003,19.408696,2.6986300000000014,2.879390000000001
-0.08064000000000003,19.418696,2.6986300000000014,2.87939
-0.08064000000000003,19.428696,2.6986300000000014,2.879390000000001
-0.08064000000000003,19.438696,2.6986300000000014,2.87939
-0.08064000000000003,19.448696,2.6986300000000014,2.879390000000001
-0.08064000000000003,19.457672,2.6986300000000014,2.87939
-0.08064000000000003,19.467672,2.6986300000000014,2.879390000000001
-0.08064000000000003,19.477672,2.6986300000000014,2.87939
-0.08064000000000003,19.487672,2.6986300000000014,2.879390000000001
-0.08064000000000003,19.496648,2.6986300000000014,2.87939
-0.08064000000000003,19.506648,2.6986300000000014,2.879390000000001
-0.08064000000000003,19.516648,2.6986300000000014,2.87939
-0.08064000000000003,19.526648,2.6986300000000014,2.879390000000001
-0.08064000000000003,19.535624,2.6986300000000014,2.87939
-0.08064000000000003,19.545624,2.6986300000000014,2.879390000000001
-0.08064000000000003,19.555624,2.6986300000000014,2.87939
-0.08064000000000003,19.565628,2.6986300000000014,2.879390000000001
-0.08064000000000003,19.575624,2.6986300000000014,2.87939
-0.08064000000000003,19.585624,2.6986300000000014,2.879390000000001
-0.08064000000000003,19.595624,2.6986300000000014,2.87939
-0.08064000000000003,19.605624,2.6986300000000014,2.879390000000001
-0.08064000000000003,19.615624,2.6986300000000014,2.87939
-0.08064000000000003,19.6246,2.6986300000000014,2.879390000000001
-0.08064000000000003,19.6346,2.6986300000000014,2.87939
-0.08064000000000003,19.6446,2.6986300000000014,2.879390000000001
-0.08064000000000003,19.6546,2.6986300000000014,2.87939
-0.08064000000000003,19.663576,2.6986300000000014,2.879390000000001
-0.08064000000000003,19.673576,2.6986300000000014,2.87939
-0.08064000000000003,19.683576,2.6986300000000014,2.879390000000001
-0.08064000000000003,19.693576,2.6986300000000014,2.87939
-0.08064000000000003,19.702552,2.6986300000000014,2.879390000000001
-0.08064000000000003,19.712552,2.6986300000000014,2.87939
-0.08064000000000003,19.722552,2.6986300000000014,2.879390000000001
-0.08064000000000003,19.732552,2.6986300000000014,2.87939
-0.08064000000000003,19.742552,2.6986300000000014,2.879390000000001
-0.08064000000000003,19.751528,2.6986300000000014,2.87939
-0.08064000000000003,19.761528,2.6986300000000014,2.879390000000001
-0.08064000000000003,19.771528,2.6986300000000014,2.87939
-0.08064000000000003,19.781528,2.6986300000000014,2.879390000000001
-0.08064000000000003,19.790504,2.6986300000000014,2.87939
-0.08064000000000003,19.800504,2.6986300000000014,2.879390000000001
-0.08064000000000003,19.810504,2.6986300000000014,2.87939
-0.08064000000000003,19.820504,2.6986300000000014,2.879390000000001
-0.08064000000000003,19.82948,2.6986300000000014,2.87939
-0.08064000000000003,19.83948,2.6986300000000014,2.879390000000001
-0.08064000000000003,19.84948,2.6986300000000014,2.87939
-0.08064000000000003,19.85948,2.6986300000000014,2.879390000000001
-0.08064000000000003,19.868456,2.6986300000000014,2.87939
-0.08064000000000003,19.878456,2.6986300000000014,2.879390000000001
-0.08064000000000003,19.888456,2.6986300000000014,2.87939
-0.08064000000000003,19.898456,2.6986300000000014,2.879390000000001
-0.08064000000000003,19.908456,2.6986300000000014,2.87939
-0.08064000000000003,19.917432,2.6986300000000014,2.879390000000001
-0.08064000000000003,19.927432,2.6986300000000014,2.87939
-0.08064000000000003,19.937432,2.6986300000000014,2.879390000000001
-0.08064000000000003,19.947432,2.6986300000000014,2.87939
-0.08064000000000003,19.956408,2.6986300000000014,2.879390000000001
-0.08064000000000003,19.966408,2.6986300000000014,2.87939
-0.08064000000000003,19.976408,2.6986300000000014,2.879390000000001
-0.08064000000000003,19.986408,2.6986300000000014,2.87939
-0.08064000000000003,19.995384,2.6986300000000014,2.879390000000001
-0.08064000000000003,20.005384,2.6986300000000014,2.87939
-0.08064000000000003,20.015384,2.6986300000000014,2.879390000000001
-0.08064000000000003,20.025384,2.6986300000000014,2.87939
-0.08064000000000003,20.03436,2.6986300000000014,2.879390000000001
-0.08064000000000003,20.04436,2.6986300000000014,2.87939
-0.08064000000000003,20.05436,2.6986300000000014,2.879390000000001
-0.08064000000000003,20.06436,2.6986300000000014,2.87939
-0.08064000000000003,20.07436,2.6986300000000014,2.879390000000001
-0.08064000000000003,20.083336,2.6986300000000014,2.87939
-0.08064000000000003,20.093336,2.6986300000000014,2.879390000000001
-0.08064000000000003,20.103336,2.6986300000000014,2.87939
-0.08064000000000003,20.113336,2.6986300000000014,2.879390000000001
-0.08064000000000003,20.122312,2.6986300000000014,2.87939
-0.08064000000000003,20.132312,2.6986300000000014,2.879390000000001
-0.08064000000000003,20.142312,2.6986300000000014,2.87939
-0.08064000000000003,20.152312,2.6986300000000014,2.879390000000001
-0.08064000000000003,20.161288,2.6986300000000014,2.87939
-0.08064000000000003,20.171288,2.6986300000000014,2.879390000000001
-0.08064000000000003,20.181288,2.6986300000000014,2.87939
-0.08064000000000003,20.191292,2.6986300000000014,2.879390000000001
-0.08064000000000003,20.201288,2.6986300000000014,2.87939
-0.08064000000000003,20.211288,2.6986300000000014,2.879390000000001
-0.08064000000000003,20.221288,2.6986300000000014,2.87939
-0.08064000000000003,20.231288,2.6986300000000014,2.879390000000001
-0.08064000000000003,20.241288,2.6986300000000014,2.87939
-0.08064000000000003,20.250264,2.6986300000000014,2.879390000000001
-0.08064000000000003,20.260264,2.6986300000000014,2.87939
-0.08064000000000003,20.270264,2.6986300000000014,2.879390000000001
-0.08064000000000003,20.280264,2.6986300000000014,2.87939
-0.08064000000000003,20.28924,2.6986300000000014,2.879390000000001
-0.08064000000000003,20.29924,2.6986300000000014,2.87939
-0.08064000000000003,20.30924,2.6986300000000014,2.879390000000001
-0.08064000000000003,20.31924,2.6986300000000014,2.87939
-0.08064000000000003,20.328216,2.6986300000000014,2.879390000000001
-0.08064000000000003,20.338216,2.6986300000000014,2.87939
-0.08064000000000003,20.348216,2.6986300000000014,2.879390000000001
-0.08064000000000003,20.358216,2.6986300000000014,2.87939
-0.08064000000000003,20.368216,2.6986300000000014,2.879390000000001
-0.08064000000000003,20.377192,2.6986300000000014,2.87939
-0.08064000000000003,20.387192,2.6986300000000014,2.879390000000001
-0.08064000000000003,20.397192,2.6986300000000014,2.87939
-0.08064000000000003,20.407192,2.6986300000000014,2.879390000000001
-0.08064000000000003,20.416168,2.6986300000000014,2.87939
-0.08064000000000003,20.426168,2.6986300000000014,2.879390000000001
-0.08064000000000003,20.436168,2.6986300000000014,2.87939
-0.08064000000000003,20.446168,2.6986300000000014,2.879390000000001
-0.08064000000000003,20.455144,2.6986300000000014,2.87939
-0.08064000000000003,20.465144,2.6986300000000014,2.879390000000001
-0.08064000000000003,20.475144,2.6986300000000014,2.87939
-0.08064000000000003,20.485144,2.6986300000000014,2.879390000000001
-0.08064000000000003,20.49412,2.6986300000000014,2.87939
-0.08064000000000003,20.50412,2.6986300000000014,2.879390000000001
-0.08064000000000003,20.51412,2.6986300000000014,2.87939
-0.08064000000000003,20.52412,2.6986300000000014,2.879390000000001
-0.08064000000000003,20.53412,2.6986300000000014,2.87939
-0.08064000000000003,20.543096,2.6986300000000014,2.879390000000001
-0.08064000000000003,20.553096,2.6986300000000014,2.87939
-0.08064000000000003,20.563096,2.6986300000000014,2.879390000000001
-0.08064000000000003,20.573096,2.6986300000000014,2.87939
-0.08064000000000003,20.582072,2.6986300000000014,2.879390000000001
-0.08064000000000003,20.592072,2.6986300000000014,2.87939
-0.08064000000000003,20.602072,2.6986300000000014,2.879390000000001
-0.08064000000000003,20.612072,2.6986300000000014,2.87939
-0.08064000000000003,20.621048,2.6986300000000014,2.879390000000001
-0.08064000000000003,20.631048,2.6986300000000014,2.87939
-0.08064000000000003,20.641048,2.6986300000000014,2.879390000000001
-0.08064000000000003,20.651048,2.6986300000000014,2.87939
-0.08064000000000003,20.660024,2.6986300000000014,2.879390000000001
-0.08064000000000003,20.670024,2.6986300000000014,2.87939
-0.08064000000000003,20.680024,2.6986300000000014,2.879390000000001
-0.08064000000000003,20.690024,2.6986300000000014,2.87939
-0.08064000000000003,20.700024,2.6986300000000014,2.879390000000001
-0.08064000000000003,20.709,2.6986300000000014,2.87939
-0.08064000000000003,20.719,2.6986300000000014,2.879390000000001
-0.08064000000000003,20.729,2.6986300000000014,2.87939
-0.08064000000000003,20.739,2.6986300000000014,2.879390000000001
-0.08064000000000003,20.747976,2.6986300000000014,2.87939
-0.08064000000000003,20.757976,2.6986300000000014,2.879390000000001
-0.08064000000000003,20.767976,2.6986300000000014,2.87939
-0.08064000000000003,20.777976,2.6986300000000014,2.879390000000001
-0.08064000000000003,20.786952,2.6986300000000014,2.87939
-0.08064000000000003,20.796952,2.6986300000000014,2.879390000000001
-0.08064000000000003,20.806952,2.6986300000000014,2.87939
-0.08064000000000003,20.816956,2.6986300000000014,2.879390000000001
-0.08064000000000003,20.826952,2.6986300000000014,2.87939
-0.08064000000000003,20.836952,2.6986300000000014,2.879390000000001
-0.08064000000000003,20.846952,2.6986300000000014,2.87939
-0.08064000000000003,20.856952,2.6986300000000014,2.879390000000001
-0.08064000000000003,20.866952,2.6986300000000014,2.87939
-0.08064000000000003,20.875928,2.6986300000000014,2.879390000000001
-0.08064000000000003,20.885928,2.6986300000000014,2.87939
-0.08064000000000003,20.895928,2.6986300000000014,2.879390000000001
-0.08064000000000003,20.905928,2.6986300000000014,2.87939
-0.08064000000000003,20.914904,2.6986300000000014,2.879390000000001
-0.08064000000000003,20.924904,2.6986300000000014,2.87939
-0.08064000000000003,20.934904,2.6986300000000014,2.879390000000001
-0.08064000000000003,20.944904,2.6986300000000014,2.87939
-0.08064000000000003,20.95388,2.6986300000000014,2.879390000000001
-0.08064000000000003,20.96388,2.6986300000000014,2.87939
-0.08064000000000003,20.97388,2.6986300000000014,2.879390000000001
-0.08064000000000003,20.98388,2.6986300000000014,2.87939
-0.08064000000000003,20.99388,2.6986300000000014,2.879390000000001
0.024079999999999983,21.002856,2.6986300000000014,2.87939
0.12636500000000006,21.012876,2.701064500000001,2.879390000000001
0.22142450000000005,21.022884,2.7107250000000014,2.87939
0.3071380000000001,21.032884,2.7297315000000015,2.879390000000001
0.384683,21.04186,2.756906000000001,2.87939
0.45751599999999987,21.05186,2.7887930000000014,2.879390000000001
0.5294064999999999,21.061864,2.8216225000000015,2.87939
0.6018465,21.07186,2.8539025000000016,2.879390000000001
0.6746795,21.080812,2.8857895000000013,2.87939
0.747434,21.090832,2.9177550000000014,2.879390000000001
0.8201095,21.100816,2.9497990000000014,2.87939
0.8927849999999999,21.110808,2.9818430000000014,2.879390000000001
0.9654605000000003,21.119784,3.0138870000000013,2.87939
1.0381360000000002,21.129784,3.0459310000000013,2.879390000000001
1.1108115,21.139784,3.0779750000000017,2.87939
1.183487,21.149784,3.110019000000001,2.879390000000001
1.2561625,21.159784,3.1420630000000016,2.87939
1.3288380000000002,21.16876,3.174107000000001,2.879390000000001
1.4015135,21.17876,3.2061510000000015,2.87939
1.4741890000000002,21.18876,3.238195000000001,2.879390000000001
1.4421445000000004,21.19876,3.270239000000001,2.87939
1.4125350000000003,21.207736,3.2998485000000004,2.879390000000001
1.3901510000000004,21.217736,3.3222320000000005,2.87939
1.3771130000000003,21.227736,3.3352695,2.879390000000001
1.3722435000000002,21.237736,3.340139,2.87939
1.3720860000000001,21.246712,3.3402959999999995,2.879390000000001
1.372871,21.256712,3.3395104999999994,2.87939
1.3731065,21.266712,3.3392744999999993,2.879390000000001
1.372949,21.276712,3.3394314999999986,2.87939
1.3728699999999998,21.285688,3.339509999999999,2.879390000000001
1.3728699999999998,21.295688,3.339509999999999,2.87939
1.3728699999999998,21.305688,3.339509999999999,2.879390000000001
1.3728699999999998,21.315688,3.339509999999999,2.87939
1.3728699999999998,21.325688,3.339509999999999,2.879390000000001
1.3728699999999998,21.334664,3.339509999999999,2.87939
1.3728699999999998,21.344664,3.339509999999999,2.879390000000001
1.3728699999999998,21.354664,3.339509999999999,2.87939
1.3728699999999998,21.364664,3.339509999999999,2.879390000000001
1.3728699999999998,21.37364,3.339509999999999,2.87939
1.3728699999999998,21.38364,3.339509999999999,2.879390000000001
1.3728699999999998,21.39364,3.339509999999999,2.87939
1.3728699999999998,21.40364,3.339509999999999,2.879390000000001
1.3728699999999998,21.412616,3.339509999999999,2.87939
1.3728699999999998,21.422616,3.339509999999999,2.879390000000001
1.3728699999999998,21.432616,3.339509999999999,2.87939
1.3728699999999998,21.44262,3.339509999999999,2.879390000000001
1.3728699999999998,21.452616,3.339509999999999,2.87939
1.3728699999999998,21.462616,3.339509999999999,2.879390000000001
1.3728699999999998,21.472616,3.339509999999999,2.87939
1.3728699999999998,21.482616,3.339509999999999,2.879390000000001
1.3728699999999998,21.492616,3.339509999999999,2.87939
1.3728699999999998,21.501592,3.339509999999999,2.879390000000001
1.3728699999999998,21.511592,3.339509999999999,2.87939
1.3728699999999998,21.521592,3.339509999999999,2.879390000000001
1.3728699999999998,21.531592,3.339509999999999,2.87939
1.3728699999999998,21.540568,3.339509999999999,2.879390000000001
1.3728699999999998,21.550568,3.339509999999999,2.87939
1.3728699999999998,21.560568,3.339509999999999,2.879390000000001
1.3728699999999998,21.570568,3.339509999999999,2.87939
1.3728699999999998,21.579544,3.339509999999999,2.879390000000001
1.3728699999999998,21.589544,3.339509999999999,2.87939
1.3728699999999998,21.599544,3.339509999999999,2.879390000000001
1.3728699999999998,21.609544,3.339509999999999,2.87939
1.3728699999999998,21.619544,3.339509999999999,2.879390000000001
1.3728699999999998,21.629544,3.339509999999999,2.87939
1.3728699999999998,21.639544,3.339509999999999,2.879390000000001
1.3728699999999998,21.649544,3.339509999999999,2.87939
1.3728699999999998,21.659544,3.339509999999999,2.879390000000001
1.3728699999999998,21.66852,3.339509999999999,2.87939
1.3728699999999998,21.67852,3.339509999999999,2.879390000000001
1.3728699999999998,21.68852,3.339509999999999,2.87939
1.3728699999999998,21.69852,3.339509999999999,2.879390000000001
1.3728699999999998,21.707496,3.339509999999999,2.87939
1.3728699999999998,21.717496,3.339509999999999,2.879390000000001
1.3728699999999998,21.727496,3.339509999999999,2.87939
1.3728699999999998,21.737496,3.339509999999999,2.879390000000001
1.3728699999999998,21.746472,3.339509999999999,2.87939
1.3728699999999998,21.756472,3.339509999999999,2.879390000000001
1.3728699999999998,21.766472,3.339509999999999,2.87939
1.3728699999999998,21.776472,3.339509999999999,2.879390000000001
1.3728699999999998,21.786472,3.339509999999999,2.87939
1.3728699999999998,21.795448,3.339509999999999,2.879390000000001
1.3728699999999998,21.805448,3.339509999999999,2.87939
1.3728699999999998,21.815448,3.339509999999999,2.879390000000001
1.3728699999999998,21.825448,3.339509999999999,2.87939
1.3728699999999998,21.834424,3.339509999999999,2.879390000000001
1.3728699999999998,21.844424,3.339509999999999,2.87939
1.3728699999999998,21.854424,3.339509999999999,2.879390000000001
1.3728699999999998,21.864424,3.339509999999999,1.74533
1.3728699999999998,21.8734,3.339509999999999,2.8226870000000006
1.3728699999999998,21.8834,3.339509999999999,1.74533
1.3728699999999998,21.8934,3.339509999999999,2.7659840000000004
1.3728699999999998,21.9034,3.339509999999999,1.74533
1.3728699999999998,21.912376,3.339509999999999,2.7092810000000007
1.3728699999999998,21.922376,3.339509999999999,1.74533
1.3728699999999998,21.932376,3.339509999999999,2.6525780000000005
1.3728699999999998,21.942376,3.339509999999999,1.74533
1.3728699999999998,21.952376,3.339509999999999,2.595875000000001
1.3728699999999998,21.961352,3.339509999999999,1.74533
1.3728699999999998,21.971352,3.339509999999999,2.5391720000000007
1.3728699999999998,21.981352,3.339509999999999,1.74533
1.3728699999999998,21.991352,3.339509999999999,2.482469000000001
1.3728699999999998,22.000328,3.339509999999999,1.74533
1.3728699999999998,22.010328,3.339509999999999,2.425766000000001
1.3728699999999998,22.020328,3.339509999999999,1.74533
1.3728699999999998,22.030328,3.339509999999999,2.369063000000001
1.3728699999999998,22.039304,3.339509999999999,1.74533
1.3728699999999998,22.049304,3.339509999999999,2.3123600000000013
1.3728699999999998,22.059304,3.339509999999999,1.74533
1.3728699999999998,22.069308,3.339509999999999,2.255657000000001
1.3728699999999998,22.079304,3.339509999999999,1.74533
1.3728699999999998,22.089304,3.339509999999999,2.198954000000001
1.3728699999999998,22.099304,3.339509999999999,1.74533
1.3728699999999998,22.109304,3.339509999999999,2.1422510000000012
1.3728699999999998,22.119304,3.339509999999999,1.74533
1.3728699999999998,22.12828,3.339509999999999,2.0855480000000006
1.3728699999999998,22.13828,3.339509999999999,1.74533
1.3728699999999998,22.14828,3.339509999999999,2.0288450000000005
1.3728699999999998,22.15828,3.339509999999999,1.74533
1.3728699999999998,22.167256,3.339509999999999,1.9721420000000007
1.3728699999999998,22.177256,3.339509999999999,1.74533
1.3728699999999998,22.187256,3.339509999999999,1.9154390000000003
1.3728699999999998,22.197256,3.339509999999999,1.74533
1.3728699999999998,22.206232,3.339509999999999,1.8587360000000002
1.3728699999999998,22.216232,3.339509999999999,1.74533
1.3728699999999998,22.226232,3.339509999999999,1.8020329999999998
1.3728699999999998,22.236232,3.339509999999999,1.74533
1.3728699999999998,22.246232,3.339509999999999,1.7453299999999996
1.3728699999999998,22.256232,3.339509999999999,1.74533
1.3728699999999998,22.266232,3.339509999999999,1.7453299999999996
1.3728699999999998,22.276232,3.339509999999999,1.74533
1.3728699999999998,22.286232,3.339509999999999,1.7453299999999996
1.3728699999999998,22.295208,3.339509999999999,1.74533
1.3728699999999998,22.305208,3.339509999999999,1.7453299999999996
1.3728699999999998,22.315208,3.339509999999999,1.74533
1.3728699999999998,22.325208,3.339509999999999,1.7453299999999996
1.3728699999999998,22.334184,3.339509999999999,1.74533
1.3728699999999998,22.344184,3.339509999999999,1.7453299999999996
1.3728699999999998,22.354184,3.339509999999999,1.74533
1.3728699999999998,22.364184,3.339509999999999,1.7453299999999996
1.3728699999999998,22.37316,3.339509999999999,1.74533
1.3728699999999998,22.38316,3.339509999999999,1.7453299999999996
1.3728699999999998,22.39316,3.339509999999999,1.74533
1.3728699999999998,22.40316,3.339509999999999,1.7453299999999996
1.3728699999999998,22.41316,3.339509999999999,1.74533
1.3728699999999998,22.422136,3.339509999999999,1.7453299999999996
1.3728699999999998,22.432136,3.339509999999999,1.74533
1.3728699999999998,22.442136,3.339509999999999,1.7453299999999996
1.3728699999999998,22.452136,3.339509999999999,1.74533
1.3728699999999998,22.461112,3.339509999999999,1.7453299999999996
1.3728699999999998,22.471112,3.339509999999999,1.74533
1.3728699999999998,22.481112,3.339509999999999,1.7453299999999996
1.3728699999999998,22.491112,3.339509999999999,1.74533
1.3728699999999998,22.500088,3.339509999999999,1.7453299999999996
1.3728699999999998,22.510088,3.339509999999999,1.74533
1.3728699999999998,22.520088,3.339509999999999,1.7453299999999996
1.3728699999999998,22.530088,3.339509999999999,1.74533
1.3728699999999998,22.539064,3.339509999999999,1.7453299999999996
1.3728699999999998,22.549064,3.339509999999999,1.74533
1.3728699999999998,22.559064,3.339509999999999,1.7453299999999996
1.3728699999999998,22.569064,3.339509999999999,1.74533
1.3728699999999998,22.579064,3.339509999999999,1.7453299999999996
1.3728699999999998,22.58804,3.339509999999999,1.74533
1.3728699999999998,22.59804,3.339509999999999,1.7453299999999996
1.3728699999999998,22.60804,3.339509999999999,1.74533
1.3728699999999998,22.61804,3.339509999999999,1.7453299999999996
1.3728699999999998,22.627016,3.339509999999999,1.74533
1.3728699999999998,22.637016,3.339509999999999,1.7453299999999996
1.3728699999999998,22.647016,3.339509999999999,1.74533
1.3728699999999998,22.657016,3.339509999999999,1.7453299999999996
1.3728699999999998,22.665992,3.339509999999999,1.74533
1.3728699999999998,22.675992,3.339509999999999,1.7453299999999996
1.3728699999999998,22.685992,3.339509999999999,1.74533
1.3728699999999998,22.695996,3.339509999999999,1.7453299999999996
1.3728699999999998,22.705992,3.339509999999999,1.74533
1.3728699999999998,22.715992,3.339509999999999,1.7453299999999996
1.3728699999999998,22.725992,3.339509999999999,1.74533
1.3728699999999998,22.735992,3.339509999999999,1.7453299999999996
1.3728699999999998,22.745992,3.339509999999999,1.74533
1.3728699999999998,22.754968,3.339509999999999,1.7453299999999996
1.3728699999999998,22.764968,3.339509999999999,1.74533
1.3728699999999998,22.774968,3.339509999999999,1.7453299999999996
1.3728699999999998,22.784968,3.339509999999999,1.74533
1.3728699999999998,22.793944,3.339509999999999,1.7453299999999996
1.3728699999999998,22.803944,3.339509999999999,1.74533
1.3728699999999998,22.813944,3.339509999999999,1.7453299999999996
1.3728699999999998,22.823944,3.339509999999999,1.74533
1.3728699999999998,22.83292,3.339509999999999,1.7453299999999996
1.3728699999999998,22.84292,3.339509999999999,1.74533
1.3728699999999998,22.85292,3.339509999999999,1.7453299999999996
1.3728699999999998,22.86292,3.339509999999999,1.74533
1.3728699999999998,22.87292,3.339509999999999,1.7453299999999996
1.3728699999999998,22.88292,3.339509999999999,1.74533
1.3728699999999998,22.89292,3.339509999999999,1.7453299999999996
1.3728699999999998,22.90292,3.339509999999999,1.74533
1.3728699999999998,22.91292,3.339509999999999,1.7453299999999996
1.3728699999999998,22.921896,3.339509999999999,1.74533
1.3728699999999998,22.931896,3.339509999999999,1.7453299999999996
1.3728699999999998,22.941896,3.339509999999999,1.74533
1.3728699999999998,22.951896,3.339509999999999,1.7453299999999996
1.3728699999999998,22.960872,3.339509999999999,1.74533
1.3728699999999998,22.970872,3.339509999999999,1.7453299999999996
1.3728699999999998,22.980872,3.339509999999999,1.74533
1.3728699999999998,22.990872,3.339509999999999,1.7453299999999996
1.3728699999999998,22.999848,3.339509999999999,1.74533
1.154704,23.009848,3.339509999999999,1.7453299999999996
0.938266,23.02022,3.337782499999999,1.74533
0.7274830000000002,23.029876,3.330399999999999,1.7453299999999996
0.5263600000000002,23.039876,3.3133569999999994,1.74533
0.33458350000000014,23.048852,3.286967999999999,1.7453299999999996
0.14728350000000015,23.058856,3.2561019999999994,1.74533
-0.04001649999999993,23.068872,3.225235999999999,1.7453299999999996
-0.22928000000000007,23.078856,3.1963334999999993,1.74533
-0.4198785000000001,23.087828,3.1687659999999993,1.7453299999999996
-0.6102415000000001,23.097828,3.1409629999999993,1.74533
-0.7995049999999999,23.107828,3.1120604999999992,1.7453299999999996
-0.9875115,23.117828,3.081901499999999,1.74533
-1.1744970000000001,23.1268,3.0507214999999994,1.7453299999999996
-1.3608545000000003,23.136804,3.0189129999999995,1.74533
-1.5468190000000002,23.146804,2.9867119999999994,1.7453299999999996
-1.7323910000000002,23.156804,2.9541179999999994,1.74533
-1.9174915,23.16578,2.9210529999999992,1.7453299999999996
-2.1021994999999998,23.17578,2.8875954999999998,1.74533
-2.286515,23.18578,2.853745,1.7453299999999996
-2.4702805,23.19578,2.819345,1.74533
-2.4352514999999997,23.20578,2.7843165,1.7453299999999996
-2.4014795,23.214756,2.7505439999999997,1.74533
-2.3732055000000005,23.224736,2.7222695,1.7453299999999996
-2.3545915,23.234728,2.7036555,1.74533
-2.345324,23.244728,2.6943875000000004,1.7453299999999996
-2.340533,23.253704,2.6895965000000004,1.74533
-2.3357419999999998,23.263704,2.684805500000001,1.7453299999999996
-2.3289875,23.273704,2.6780510000000004,1.74533
-2.3208979999999997,23.283704,2.6699615000000008,1.7453299999999996
-2.313044,23.29268,2.6621075000000003,1.74533
-2.3062894999999997,23.30268,2.6553530000000007,1.7453299999999996
-2.300792,23.31268,2.6498550000000005,1.74533
-2.2963155,23.322684,2.645378000000001,1.7453299999999996
-2.292467,23.33268,2.6415295000000008,1.74533
-2.2890115000000004,23.34268,2.638073500000001,1.7453299999999996
-2.2859485,23.35268,2.6350105000000004,1.74533
-2.283357,23.36268,2.6324185000000004,1.7453299999999996
-2.281158,23.37268,2.6302190000000008,1.74533
-2.2793515,23.381656,2.628412500000001,1.7453299999999996
-2.278095,23.391656,2.6271555000000006,1.74533
-2.277467,23.401656,2.6265270000000007,1.7453299999999996
-2.27731,23.411656,2.626370000000001,1.74533
-2.27731,23.420632,2.626370000000001,1.7453299999999996
-2.27731,23.430632,2.626370000000001,1.74533
-2.27731,23.440632,2.626370000000001,1.7453299999999996
-2.27731,23.450632,2.626370000000001,1.74533
-2.27731,23.459608,2.626370000000001,1.7453299999999996
-2.27731,23.469608,2.626370000000001,1.74533
-2.27731,23.479608,2.626370000000001,1.7453299999999996
-2.27731,23.489608,2.626370000000001,1.74533
-2.27731,23.499608,2.626370000000001,1.7453299999999996
-2.27731,23.508584,2.626370000000001,1.74533
-2.27731,23.518584,2.626370000000001,1.7453299999999996
-2.27731,23.528584,2.626370000000001,1.74533
-2.27731,23.538584,2.626370000000001,1.7453299999999996
-2.27731,23.54756,2.626370000000001,1.74533
-2.27731,23.55756,2.626370000000001,1.7453299999999996
-2.27731,23.56756,2.626370000000001,1.74533
-2.27731,23.57756,2.626370000000001,1.7453299999999996
-2.27731,23.586536,2.626370000000001,1.74533
-2.27731,23.596536,2.626370000000001,1.7453299999999996
-2.27731,23.606536,2.626370000000001,1.74533
-2.27731,23.616536,2.626370000000001,1.7453299999999996
-2.27731,23.625512,2.626370000000001,1.74533
-2.2772315,23.635536,2.6262915000000007,1.7453299999999996
-2.2770745,23.64552,2.626134500000001,1.74533
-2.2769174999999997,23.655512,2.625977500000001,1.7453299999999996
-2.2767605,23.665512,2.625820500000001,1.74533
-2.2766035,23.674488,2.625663500000001,1.7453299999999996
-2.2764465,23.684488,2.625506500000001,1.74533
-2.2762895000000003,23.694488,2.625349500000001,1.7453299999999996
-2.2761325,23.704488,2.6251925000000007,1.74533
-2.2759755,23.713464,2.625035500000001,1.7453299999999996
-2.2758184999999997,23.723464,2.624878500000001,1.74533
-2.2756614999999996,23.733464,2.6247215000000006,1.7453299999999996
-2.2755045,23.743464,2.6245645000000004,1.74533
-2.2753474999999996,23.75244,2.6244075000000002,1.7453299999999996
-2.2751904999999994,23.76244,2.6242505000000005,1.74533
-2.2750334999999993,23.77244,2.6240935000000007,1.7453299999999996
-2.274876499999999,23.78244,2.6239365000000006,1.74533
-2.2747194999999993,23.791416,2.6237795000000004,1.7453299999999996
-2.274562499999999,23.801416,2.6236225,1.74533
-2.274405499999999,23.811416,2.6234655,1.7453299999999996
-2.274248499999999,23.821416,2.6233085000000003,1.74533
-2.274169999999999,23.831416,2.62323,1.7453299999999996
-2.274169999999999,23.840392,2.62323,1.74533
-2.274169999999999,23.850392,2.62323,1.7453299999999996
-2.274169999999999,23.860392,2.62323,1.74533
-2.274169999999999,23.870392,2.62323,1.7453299999999996
-2.274169999999999,23.879368,2.62323,1.74533
-2.274169999999999,23.889368,2.62323,1.7453299999999996
-2.274169999999999,23.899368,2.62323,1.74533
-2.274169999999999,23.909368,2.62323,1.7453299999999996
-2.274169999999999,23.918344,2.62323,1.74533
-2.274169999999999,23.928344,2.62323,1.7453299999999996
-2.274169999999999,23.938344,2.62323,1.74533
-2.274169999999999,23.948348,2.62323,1.7453299999999996
-2.274169999999999,23.958344,2.62323,1.74533
-2.274169999999999,23.968344,2.62323,1.7453299999999996
-2.274169999999999,23.978344,2.62323,1.74533
-2.274169999999999,23.988344,2.62323,1.7453299999999996
-2.274169999999999,23.998344,2.62323,1.74533
-2.274169999999999,24.00732,2.62323,1.7453299999999996
