0.0,0.010056,0.0,0.0
0.0,0.020056,0.0,0.0
0.0,0.030056,0.0,0.0
0.0,0.040056,0.0,0.0
0.0,0.050056,0.0,0.0
0.0,0.060056,0.0,0.0
0.0,0.070056,0.0,0.0
0.0,0.080056,0.0,0.0
0.0,0.090056,0.0,0.0
0.0,0.100056,0.0,0.0
0.0,0.110056,0.0,0.0
0.0,0.120056,0.0,0.0
0.0,0.130056,0.0,0.0
0.0,0.140056,0.0,0.0
0.0,0.150056,0.0,0.0
0.0,0.160056,0.0,0.0
0.0,0.170056,0.0,0.0
0.0,0.180056,0.0,0.0
0.0,0.190056,0.0,0.0
0.0,0.200056,0.0,0.0
0.0,0.210056,0.0,0.0
0.0,0.220056,0.0,0.0
0.0,0.230056,0.0,0.0
0.0,0.240056,0.0,0.0
0.0,0.250056,0.0,0.0
0.0,0.260056,0.0,0.0
0.0,0.270056,0.0,0.0
0.0,0.280056,0.0,0.0
0.0,0.290056,0.0,0.0
0.0,0.300056,0.0,0.0
0.0,0.310056,0.0,0.0
0.0,0.320056,0.0,0.0
0.0,0.330056,0.0,0.0
0.0,0.340056,0.0,0.0
0.0,0.350056,0.0,0.0
0.0,0.360056,0.0,0.0
0.0,0.370056,0.0,0.0
0.0,0.380056,0.0,0.0
0.0,0.390056,0.0,0.0
0.0,0.400056,0.0,0.0
0.0,0.410056,0.0,0.0
0.0,0.420056,0.0,0.0
0.0,0.430056,0.0,0.0
0.0,0.440056,0.0,0.0
0.0,0.450056,0.0,0.0
0.0,0.460056,0.0,0.0
0.0,0.470056,0.0,0.0
0.0,0.480056,0.0,0.0
0.0,0.490056,0.0,0.0
0.0,0.500056,0.0,0.0
0.0,0.510056,0.0,0.0
0.0,0.520056,0.0,0.0
0.0,0.530056,0.0,0.0
0.0,0.540056,0.0,0.0
0.0,0.550056,0.0,0.0
0.0,0.560056,0.0,0.0
0.0,0.570056,0.0,0.0
0.0,0.580056,0.0,0.0
0.0,0.590056,0.0,0.0
0.0,0.600056,0.0,0.0
0.0,0.610056,0.0,0.0
0.0,0.620056,0.0,0.0
0.0,0.630056,0.0,0.0
0.0,0.64006,0.0,0.0
0.0,0.650056,0.0,0.0
0.0,0.660056,0.0,0.0
0.0,0.670056,0.0,0.0
0.0,0.680056,0.0,0.0
0.0,0.690056,0.0,0.0
0.0,0.700056,0.0,0.0
0.0,0.710056,0.0,0.0
0.0,0.720056,0.0,0.0
0.0,0.730056,0.0,0.0
0.0,0.740056,0.0,0.0
0.0,0.750056,0.0,0.0
0.0,0.760056,0.0,0.0
0.0,0.770056,0.0,0.0
0.0,0.780056,0.0,0.0
0.0,0.790056,0.0,0.0
0.0,0.800056,0.0,0.0
0.0,0.810056,0.0,0.0
0.0,0.820056,0.0,0.0
0.0,0.830056,0.0,0.0
0.0,0.840056,0.0,0.0
0.0,0.850056,0.0,0.0
0.0,0.860056,0.0,0.0
0.0,0.870056,0.0,0.0
0.0,0.880056,0.0,0.0
0.0,0.890056,0.0,0.0
0.0,0.900056,0.0,0.0
0.0,0.910056,0.0,0.0
0.0,0.920056,0.0,0.0
0.0,0.930056,0.0,0.0
0.0,0.940056,0.0,0.0
0.0,0.950056,0.0,0.0
0.0,0.960056,0.0,0.0
0.0,0.970056,0.0,0.0
0.0,0.980056,0.0,0.0
0.0,0.990056,0.0,0.0
0.0,1.000056,0.0,0.0
0.0,1.010056,0.0,0.0
0.0,1.020056,0.0,0.0
0.0,1.030056,0.0,0.0
0.0,1.040056,0.0,0.0
0.0,1.050056,0.0,0.0
0.0,1.060056,0.0,0.0
0.0,1.070056,0.0,0.0
0.0,1.080056,0.0,0.0
0.0,1.090056,0.0,0.0
0.0,1.100056,0.0,0.0
0.0,1.110056,0.0,0.0
0.0,1.120056,0.0,0.0
0.0,1.130056,0.0,0.0
0.0,1.140056,0.0,0.0
0.0,1.150056,0.0,0.0
0.0,1.160056,0.0,0.0
0.0,1.170056,0.0,0.0
0.0,1.180056,0.0,0.0
0.0,1.190056,0.0,0.0
0.0,1.200056,0.0,0.0
0.0,1.210056,0.0,0.0
0.0,1.220056,0.0,0.0
0.0,1.230056,0.0,0.0
0.0,1.240056,0.0,0.0
0.0,1.250056,0.0,0.0
0.0,1.260056,0.0,0.0
0.0,1.270056,0.0,0.0
0.0,1.28006,0.0,0.0
0.0,1.290056,0.0,0.0
0.0,1.300056,0.0,0.0
0.0,1.310056,0.0,0.0
0.0,1.320056,0.0,0.0
0.0,1.330056,0.0,0.0
0.0,1.340056,0.0,0.0
0.0,1.350056,0.0,0.0
0.0,1.360056,0.0,0.0
0.0,1.370056,0.0,0.0
0.0,1.380056,0.0,0.0
0.0,1.390056,0.0,0.0
0.0,1.400056,0.0,0.0
0.0,1.410056,0.0,0.0
0.0,1.420056,0.0,0.0
0.0,1.430056,0.0,0.0
0.0,1.440056,0.0,0.0
0.0,1.450056,0.0,0.0
0.0,1.460056,0.0,0.0
0.0,1.470056,0.0,0.0
0.0,1.480056,0.0,0.0
0.0,1.490056,0.0,0.0
0.0,1.500056,0.0,0.0
0.0,1.510056,0.0,0.0
0.0,1.520056,0.0,0.0
0.0,1.530056,0.0,0.0
0.0,1.540056,0.0,0.0
0.0,1.550056,0.0,0.0
0.0,1.560056,0.0,0.0
0.0,1.570056,0.0,0.0
0.0,1.580056,0.0,0.0
0.0,1.590056,0.0,0.0
0.0,1.600056,0.0,0.0
0.0,1.610056,0.0,0.0
0.0,1.620056,0.0,0.0
0.0,1.630056,0.0,0.0
0.0,1.640056,0.0,0.0
0.0,1.650056,0.0,0.0
0.0,1.660056,0.0,0.0
0.0,1.670056,0.0,0.0
0.0,1.680056,0.0,0.0
0.0,1.690056,0.0,0.0
0.0,1.700056,0.0,0.0
0.0,1.710056,0.0,0.0
0.0,1.720056,0.0,0.0
0.0,1.730056,0.0,0.0
0.0,1.740056,0.0,0.0
0.0,1.750056,0.0,0.0
0.0,1.760056,0.0,0.0
0.0,1.770056,0.0,0.0
0.0,1.780056,0.0,0.0
0.0,1.790056,0.0,0.0
0.0,1.800056,0.0,0.0
0.0,1.810056,0.0,0.0
0.0,1.820056,0.0,0.0
0.0,1.830056,0.0,0.0
0.0,1.840056,0.0,0.0
0.0,1.850056,0.0,0.0
0.0,1.860056,0.0,0.0
0.0,1.870056,0.0,0.0
0.0,1.880056,0.0,0.0
0.0,1.890056,0.0,0.0
0.0,1.900056,0.0,0.0
0.0,1.910056,0.0,0.0
0.0,1.92006,0.0,0.0
0.0,1.930056,0.0,0.0
0.0,1.940056,0.0,0.0
0.0,1.950056,0.0,0.0
0.0,1.960056,0.0,0.0
0.0,1.970056,0.0,0.0
0.0,1.980056,0.0,0.0
0.0,1.990056,0.0,0.0
0.0,2.000056,0.0,0.0
0.0,2.010056,0.0,0.0
0.0,2.020056,0.0,0.0
0.0,2.030056,0.0,0.0
0.0,2.040056,0.0,0.0
0.0,2.050056,0.0,0.0
0.0,2.060056,0.0,0.0
0.0,2.070056,0.0,0.0
0.0,2.080056,0.0,0.0
0.0,2.090056,0.0,0.0
0.0,2.100056,0.0,0.0
0.0,2.110056,0.0,0.0
0.0,2.120056,0.0,0.0
0.0,2.130056,0.0,0.0
0.0,2.140056,0.0,0.0
0.0,2.150056,0.0,0.0
0.0,2.160056,0.0,0.0
0.0,2.170056,0.0,0.0
0.0,2.180056,0.0,0.0
0.0,2.190056,0.0,0.0
0.0,2.200056,0.0,0.0
0.0,2.210056,0.0,0.0
0.0,2.220056,0.0,0.0
0.0,2.230056,0.0,0.0
0.0,2.240056,0.0,0.0
0.0,2.250056,0.0,0.0
0.0,2.260056,0.0,0.0
0.0,2.270056,0.0,0.0
0.0,2.280056,0.0,0.0
0.0,2.290056,0.0,0.0
0.0,2.300056,0.0,0.0
0.0,2.310056,0.0,0.0
0.0,2.320056,0.0,0.0
0.0,2.330056,0.0,0.0
0.0,2.340056,0.0,0.0
0.0,2.350056,0.0,0.0
0.0,2.360056,0.0,0.0
0.0,2.370056,0.0,0.0
0.0,2.380056,0.0,0.0
0.0,2.390056,0.0,0.0
0.0,2.400056,0.0,0.0
0.0,2.410056,0.0,0.0
0.0,2.420056,0.0,0.0
0.0,2.430056,0.0,0.0
0.0,2.440056,0.0,0.0
0.0,2.450056,0.0,0.0
0.0,2.460056,0.0,0.0
0.0,2.470056,0.0,0.0
0.0,2.480056,0.0,0.0
0.0,2.490056,0.0,0.0
0.0,2.500056,0.0,0.0
0.0,2.510056,0.0,0.0
0.0,2.520056,0.0,0.0
0.0,2.530056,0.0,0.0
0.0,2.540056,0.0,0.0
0.0,2.550056,0.0,0.0
0.0,2.56006,0.0,0.0
0.0,2.570056,0.0,0.0
0.0,2.580056,0.0,0.0
0.0,2.590056,0.0,0.0
0.0,2.600056,0.0,0.0
0.0,2.610056,0.0,0.0
0.0,2.620056,0.0,0.0
0.0,2.630056,0.0,0.0
0.0,2.640056,0.0,0.0
0.0,2.650056,0.0,0.0
0.0,2.660056,0.0,0.0
0.0,2.670056,0.0,0.0
0.0,2.680056,0.0,0.0
0.0,2.690056,0.0,0.0
0.0,2.700056,0.0,0.0
0.0,2.710056,0.0,0.0
0.0,2.720056,0.0,0.0
0.0,2.730056,0.0,0.0
0.0,2.740056,0.0,0.0
0.0,2.750056,0.0,0.0
0.0,2.760056,0.0,0.0
0.0,2.770056,0.0,0.0
0.0,2.780056,0.0,0.0
0.0,2.790056,0.0,0.0
0.0,2.800056,0.0,0.0
0.0,2.810056,0.0,0.0
0.0,2.820056,0.0,0.0
0.0,2.830056,0.0,0.0
0.0,2.840056,0.0,0.0
0.0,2.850056,0.0,0.0
0.0,2.860056,0.0,0.0
0.0,2.870056,0.0,0.0
0.0,2.880056,0.0,0.0
0.0,2.890056,0.0,0.0
0.0,2.900056,0.0,0.0
0.0,2.910056,0.0,0.0
0.0,2.920056,0.0,0.0
0.0,2.930056,0.0,0.0
0.0,2.940056,0.0,0.0
0.0,2.950056,0.0,0.0
0.0,2.960056,0.0,0.0
0.0,2.970056,0.0,0.0
0.0,2.980056,0.0,0.0
0.0,2.990056,0.0,0.0
0.0,3.000056,0.0,0.0
0.0,3.010056,0.0,0.0
0.0,3.020056,0.0,0.0
0.0,3.030056,0.0,0.0
0.0,3.040056,0.0,0.0
0.0,3.050056,0.0,0.0
0.0,3.060056,0.0,0.0
0.0,3.070056,0.0,0.0
0.0,3.080056,0.0,0.0
0.0,3.090056,0.0,0.0
0.0,3.100056,0.0,0.0
0.0,3.110056,0.0,0.0
0.0,3.120056,0.0,0.0
0.0,3.130056,0.0,0.0
0.0,3.140056,0.0,0.0
0.0,3.150056,0.0,0.0
0.0,3.160056,0.0,0.0
0.0,3.170056,0.0,0.0
0.0,3.180056,0.0,0.0
0.0,3.190056,0.0,0.0
0.0,3.20006,0.0,0.0
0.0,3.210056,0.0,0.0
0.0,3.220056,0.0,0.0
0.0,3.230056,0.0,0.0
0.0,3.240056,0.0,0.0
0.0,3.250056,0.0,0.0
0.0,3.260056,0.0,0.0
0.0,3.270056,0.0,0.0
0.0,3.280056,0.0,0.0
0.0,3.290056,0.0,0.0
0.0,3.300056,0.0,0.0
0.0,3.310056,0.0,0.0
0.0,3.320056,0.0,0.0
0.0,3.330056,0.0,0.0
0.0,3.340056,0.0,0.0
0.0,3.350056,0.0,0.0
0.0,3.360056,0.0,0.0
0.0,3.370056,0.0,0.0
0.0,3.380056,0.0,0.0
0.0,3.390056,0.0,0.0
0.0,3.400056,0.0,0.0
0.0,3.410056,0.0,0.0
0.0,3.420056,0.0,0.0
0.0,3.430056,0.0,0.0
0.0,3.440056,0.0,0.0
0.0,3.450056,0.0,0.0
0.0,3.460056,0.0,0.0
0.0,3.470056,0.0,0.0
0.0,3.480056,0.0,0.0
0.0,3.490056,0.0,0.0
0.0,3.500056,0.0,0.0
0.0,3.510056,0.0,0.0
0.0,3.520056,0.0,0.0
0.0,3.530056,0.0,0.0
0.0,3.540056,0.0,0.0
0.0,3.550056,0.0,0.0
0.0,3.560056,0.0,0.0
0.0,3.570056,0.0,0.0
0.0,3.580056,0.0,0.0
0.0,3.590056,0.0,0.0
0.0,3.600056,0.0,0.0
0.0,3.610056,0.0,0.0
0.0,3.620056,0.0,0.0
0.0,3.630056,0.0,0.0
0.0,3.640056,0.0,0.0
0.0,3.650056,0.0,0.0
0.0,3.660056,0.0,0.0
0.0,3.670056,0.0,0.0
0.0,3.680056,0.0,0.0
0.0,3.690056,0.0,0.0
0.0,3.700056,0.0,0.0
0.0,3.710056,0.0,0.0
0.0,3.720056,0.0,0.0
0.0,3.730056,0.0,0.0
0.0,3.740056,0.0,0.0
0.0,3.750056,0.0,0.0
0.0,3.760056,0.0,0.0
0.0,3.770056,0.0,0.0
0.0,3.780056,0.0,0.0
0.0,3.790056,0.0,0.0
0.0,3.800056,0.0,0.0
0.0,3.810056,0.0,0.0
0.0,3.820056,0.0,0.0
0.0,3.830056,0.0,0.0
0.0,3.84006,0.0,0.0
0.0,3.850056,0.0,0.0
0.0,3.860056,0.0,0.0
0.0,3.870056,0.0,0.0
0.0,3.880056,0.0,0.0
0.0,3.890056,0.0,0.0
0.0,3.900056,0.0,0.0
0.0,3.910056,0.0,0.0
0.0,3.920056,0.0,0.0
0.0,3.930056,0.0,0.0
0.0,3.940056,0.0,0.0
0.0,3.950056,0.0,0.0
0.0,3.960056,0.0,0.0
0.0,3.970056,0.0,0.0
0.0,3.980056,0.0,0.0
0.0,3.990056,0.0,0.0
0.0,4.000056,0.0,0.0
0.0,4.010056,0.0,0.0
0.0,4.020056,0.0,0.0
0.0,4.030056,0.0,0.0
0.0,4.040056,0.0,0.0
0.0,4.050056,0.0,0.0
0.0,4.060056,0.0,0.0
0.0,4.070056,0.0,0.0
0.0,4.080056,0.0,0.0
0.0,4.090056,0.0,0.0
0.0,4.100056,0.0,0.0
0.0,4.110056,0.0,0.0
0.0,4.120056,0.0,0.0
0.0,4.130056,0.0,0.0
0.0,4.140056,0.0,0.0
0.0,4.150056,0.0,0.0
0.0,4.160056,0.0,0.0
0.0,4.170056,0.0,0.0
0.0,4.180056,0.0,0.0
0.0,4.190056,0.0,0.0
0.0,4.200056,0.0,0.0
0.0,4.210056,0.0,0.0
0.0,4.220056,0.0,0.0
0.0,4.230056,0.0,0.0
0.0,4.240056,0.0,0.0
0.0,4.250056,0.0,0.0
0.0,4.260056,0.0,0.0
0.0,4.270056,0.0,0.0
0.0,4.280056,0.0,0.0
0.0,4.290056,0.0,0.0
0.0,4.300056,0.0,0.0
0.0,4.310056,0.0,0.0
0.0,4.320056,0.0,0.0
0.0,4.330056,0.0,0.0
0.0,4.340056,0.0,0.0
0.0,4.350056,0.0,0.0
0.0,4.360056,0.0,0.0
0.0,4.370056,0.0,0.0
0.0,4.380056,0.0,0.0
0.0,4.390056,0.0,0.0
0.0,4.400056,0.0,0.0
0.0,4.410056,0.0,0.0
0.0,4.420056,0.0,0.0
0.0,4.430056,0.0,0.0
0.0,4.440056,0.0,0.0
0.0,4.450056,0.0,0.0
0.0,4.460056,0.0,0.0
0.0,4.470056,0.0,0.0
0.0,4.48006,0.0,0.0
0.0,4.490056,0.0,0.0
0.0,4.500056,0.0,0.0
0.0,4.510056,0.0,0.0
0.0,4.520056,0.0,0.0
0.0,4.530056,0.0,0.0
0.0,4.540056,0.0,0.0
0.0,4.550056,0.0,0.0
0.0,4.560056,0.0,0.0
0.0,4.570056,0.0,0.0
0.0,4.580056,0.0,0.0
0.0,4.590056,0.0,0.0
0.0,4.600056,0.0,0.0
0.0,4.610056,0.0,0.0
0.0,4.620056,0.0,0.0
0.0,4.630056,0.0,0.0
0.0,4.640056,0.0,0.0
0.0,4.650056,0.0,0.0
0.0,4.660056,0.0,0.0
0.0,4.670056,0.0,0.0
0.0,4.680056,0.0,0.0
0.0,4.690056,0.0,0.0
0.0,4.700056,0.0,0.0
0.0,4.710056,0.0,0.0
0.0,4.720056,0.0,0.0
0.0,4.730056,0.0,0.0
0.0,4.740056,0.0,0.0
0.0,4.750056,0.0,0.0
0.0,4.760056,0.0,0.0
0.0,4.770056,0.0,0.0
0.0,4.780056,0.0,0.0
0.0,4.790056,0.0,0.0
0.0,4.800056,0.0,0.0
0.0,4.810056,0.0,0.0
0.0,4.820056,0.0,0.0
0.0,4.830056,0.0,0.0
0.0,4.840056,0.0,0.0
0.0,4.850056,0.0,0.0
0.0,4.860056,0.0,0.0
0.0,4.870056,0.0,0.0
0.0,4.880056,0.0,0.0
0.0,4.890056,0.0,0.0
0.0,4.900056,0.0,0.0
0.0,4.910056,0.0,0.0
0.0,4.920056,0.0,0.0
0.0,4.930056,0.0,0.0
0.0,4.940056,0.0,0.0
0.0,4.950056,0.0,0.0
0.0,4.960056,0.0,0.0
0.0,4.970056,0.0,0.0
0.0,4.980056,0.0,0.0
0.0,4.990056,0.0,0.0
0.02618,5.000056,0.0,0.0
0.05236,5.010056,0.0,0.0
0.07854,5.020056,0.0,0.0
0.10472,5.030056,0.0,0.0
0.1309,5.040056,0.0,0.0
0.15708,5.050056,0.0,0.0
0.18326,5.060056,0.0,0.0
0.20944,5.070056,0.0,0.0
0.23562,5.080056,0.0,0.0
0.2618,5.089032,0.0,0.0
0.28798,5.099032,0.0,0.0
0.31416,5.109032,0.0,0.0
0.34034000000000003,5.119036,0.0,0.0
0.36652,5.129032,0.0,0.0
0.39270000000000005,5.139032,0.0,0.0
0.41888,5.149032,0.0,0.0
0.44506,5.159032,0.0,0.0
0.47124,5.169032,0.0,0.0
0.49742,5.179032,0.0,0.0
0.5236,5.189032,0.0,0.0
0.5236,5.199032,0.0,0.0
0.5236,5.209032,0.0,0.0
0.5236,5.219032,0.0,0.0
0.5236,5.229032,0.0,0.0
0.5236,5.239032,0.0,0.0
0.5236,5.249032,0.0,0.0
0.5236,5.258008,0.0,0.0
0.5236,5.268008,0.0,0.0
0.5236,5.278008,0.0,0.0
0.5236,5.288008,0.0,0.0
0.5236,5.298008,0.0,0.0
0.5236,5.308008,0.0,0.0
0.5236,5.318008,0.0,0.0
0.5236,5.328008,0.0,0.0
0.5236,5.338008,0.0,0.0
0.5236,5.348008,0.0,0.0
0.5236,5.358008,0.0,0.0
0.5236,5.368008,0.0,0.0
0.5236,5.378008,0.0,0.0
0.5236,5.388008,0.0,0.0
0.5236,5.398008,0.0,0.0
0.5236,5.408008,0.0,0.0
0.5236,5.418008,0.0,0.0
0.5236,5.428008,0.0,0.0
0.5236,5.438008,0.0,0.0
0.5236,5.448008,0.0,0.0
0.5236,5.458008,0.0,0.0
0.5231285,5.468028,0.000471,0.0
0.521636,5.478032,0.0019635,0.0
0.519594,5.488016,0.0040055,0.0
0.5176305,5.498032,0.005969,0.0
0.5148815,5.508036,0.008718000000000002,0.0
0.510719,5.517012,0.012880500000000001,0.0
0.505928,5.527016,0.017671500000000003,0.0
0.501137,5.537016,0.022462500000000003,0.0
0.49587500000000007,5.547012,0.027724500000000003,0.0
0.48896350000000005,5.555988,0.034636,0.0
0.48016700000000007,5.565988,0.043432500000000006,0.0
0.4701140000000001,5.575988,0.0534855,0.0
0.4594325000000001,5.585992,0.064167,0.0
0.44859400000000005,5.594944,0.0750055,0.0
0.43775549999999996,5.604936,0.08584399999999999,0.0
0.42660300000000007,5.61496,0.0969965,0.0
0.41435050000000007,5.624964,0.10924850000000003,0.0
0.4006060000000001,5.634964,0.12299300000000002,0.0
0.38584050000000003,5.644968,0.1377585,0.0
0.37076099999999995,5.654944,0.15283800000000003,0.0
0.356153,5.664936,0.1674465,0.0
0.3419375,5.67496,0.18166200000000002,0.0
0.326465,5.684964,0.19713450000000002,0.0
0.3091075,5.694964,0.21449200000000004,0.0
0.29174999999999995,5.704968,0.23184900000000003,0.0
0.27572749999999996,5.714968,0.24787100000000006,0.0
0.26056949999999995,5.723944,0.26302900000000007,0.0
0.24556849999999997,5.73392,0.27803000000000005,0.0
0.23103849999999992,5.743912,0.29256000000000004,0.0
0.21815799999999996,5.753916,0.3054405,0.0
0.20716249999999997,5.763912,0.316436,0.0
0.19742349999999997,5.773912,0.326175,0.0
0.18831299999999995,5.783912,0.33528549999999996,0.0
0.17935949999999995,5.793912,0.34423899999999996,0.0
0.17040599999999997,5.803912,0.35319249999999996,0.0
0.1617665,5.813912,0.36183199999999993,0.0
0.154227,5.823912,0.369372,0.0
0.147865,5.833936,0.37573349999999994,0.0
0.14197449999999998,5.843944,0.38162399999999996,0.0
0.13624099999999997,5.853944,0.38735749999999997,0.0
0.130586,5.86392,0.3930125,0.0
0.12524549999999998,5.873936,0.39835299999999996,0.0
0.121083,5.883944,0.4025154999999999,0.0
0.11849150000000003,5.89292,0.40510699999999994,0.0
0.116764,5.902896,0.4068349999999999,0.0
0.11511500000000002,5.912888,0.4084844999999999,0.0
0.11323000000000001,5.922888,0.41036949999999994,0.0
0.11118800000000002,5.932888,0.41241149999999993,0.0
0.10883150000000003,5.942912,0.41476749999999996,0.0
0.10592550000000003,5.95292,0.41767350000000003,0.0
0.10278400000000001,5.962896,0.420815,0.0
0.09964250000000002,5.972888,0.4239565,0.0
0.096501,5.982888,0.427098,0.0
0.0933595,5.992888,0.4302395,0.0
0.090218,6.002888,0.433381,0.0
0.0870765,6.012888,0.4365225,0.0
0.08393500000000001,6.022888,0.439664,0.0
0.08079349999999999,6.032912,0.442806,0.0
0.077416,6.042916,0.446183,0.0
0.0737245,6.052896,0.44987449999999995,0.0
0.070033,6.061888,0.453566,0.0
0.066734,6.071872,0.456865,0.0
0.06406349999999998,6.081864,0.4595355,0.0
0.0616285,6.091864,0.4619705,0.0
0.059115,6.101864,0.46448400000000006,0.0
0.0566015,6.111864,0.4669975,0.0
0.054088000000000004,6.121864,0.46951100000000007,0.0
0.0515745,6.131864,0.47202450000000007,0.0
0.04937550000000001,6.141864,0.4742240000000001,0.0
0.047726000000000005,6.151864,0.47587350000000006,0.0
0.046312,6.161864,0.47728750000000003,0.0
0.044897999999999993,6.171864,0.47870150000000006,0.0
0.043483999999999995,6.181864,0.4801155000000001,0.0
0.04206999999999999,6.191864,0.4815295000000001,0.0
0.04065599999999999,6.201864,0.48294350000000014,0.0
0.03924199999999999,6.211864,0.48435750000000016,0.0
0.037827999999999994,6.221864,0.4857715000000001,0.0
0.03672849999999999,6.23084,0.4868710000000001,0.0
0.036100499999999994,6.240864,0.48749950000000014,0.0
0.0352365,6.250872,0.4883635000000001,0.0
0.033901499999999994,6.260848,0.4896985000000001,0.0
0.032487999999999996,6.27084,0.49111200000000016,0.0
0.0310745,6.28084,0.4925255000000001,0.0
0.029661,6.29084,0.49393900000000013,0.0
0.028247500000000005,6.30084,0.4953525000000001,0.0
0.026834000000000004,6.31084,0.49676600000000015,0.0
0.02542050000000001,6.32084,0.4981795000000001,0.0
0.024007000000000008,6.33084,0.4995930000000002,0.0
0.022593500000000006,6.34084,0.5010065000000001,0.0
0.021180000000000004,6.35084,0.5024200000000002,0.0
0.019766500000000006,6.36084,0.5038335000000002,0.0
0.018353000000000005,6.37084,0.5052470000000001,0.0
0.016939500000000003,6.38084,0.5066605000000001,0.0
0.015526000000000002,6.390844,0.508074,0.0
0.0141125,6.40084,0.5094875,0.0
0.012699,6.41084,0.5109009999999999,0.0
0.0112855,6.42084,0.5123144999999999,0.0
0.009871999999999999,6.43084,0.513728,0.0
0.0087725,6.44084,0.5148275,0.0
0.00838,6.45084,0.51522,0.0
0.00838,6.46084,0.51522,0.0
0.00838,6.47084,0.51522,0.0
0.00838,6.48084,0.51522,0.0
0.00838,6.49084,0.51522,0.0
0.00838,6.50084,0.51522,0.0
0.00838,6.51084,0.51522,0.0
0.00838,6.52084,0.51522,0.0
0.00838,6.53084,0.51522,0.0
0.00838,6.54084,0.51522,0.0
0.00838,6.55084,0.51522,0.0
0.00838,6.56084,0.51522,0.0
0.00838,6.57084,0.51522,0.0
0.00838,6.58084,0.51522,0.0
0.00838,6.59084,0.51522,0.0
0.00838,6.60084,0.51522,0.0
0.00838,6.61084,0.51522,0.0
0.00838,6.62084,0.51522,0.0
0.00838,6.63084,0.51522,0.0
0.00838,6.64084,0.51522,0.0
0.00838,6.65084,0.51522,0.0
0.00838,6.66084,0.51522,0.0
0.00838,6.67084,0.51522,0.0
0.00838,6.68084,0.51522,0.0
0.00838,6.69084,0.51522,0.0
0.00838,6.699816,0.51522,0.0
0.00838,6.709816,0.51522,0.0
0.00838,6.719816,0.51522,0.0
0.00838,6.729816,0.51522,0.0
0.00838,6.739816,0.51522,0.0
0.00838,6.749816,0.51522,0.0
0.00838,6.759816,0.51522,0.0
0.00838,6.769816,0.51522,0.0
0.00838,6.779816,0.51522,0.0
0.00838,6.789816,0.51522,0.0
0.00838,6.799816,0.51522,0.0
0.00838,6.809816,0.51522,0.0
0.00838,6.819816,0.51522,0.0
0.00838,6.829816,0.51522,0.0
0.00838,6.839816,0.51522,0.0
0.00838,6.849816,0.51522,0.0
0.00838,6.859816,0.51522,0.0
0.00838,6.868792,0.51522,0.0
0.00838,6.878792,0.51522,0.0
0.00838,6.888792,0.51522,0.0
0.00838,6.898792,0.51522,0.0
0.00838,6.908792,0.51522,0.0
0.00838,6.918792,0.51522,0.0
0.00838,6.928792,0.51522,0.0
0.00838,6.938792,0.51522,0.0
0.00838,6.948792,0.51522,0.0
0.00838,6.958792,0.51522,0.0
0.00838,6.968792,0.51522,0.0
0.00838,6.978792,0.51522,0.0
0.00838,6.988792,0.51522,0.0
0.00838,6.998792,0.51522,0.0
0.043286500000000054,7.008792,0.51522,0.0
0.07787900000000005,7.018816,0.515534,0.0
0.11137149999999987,7.028824,0.5169480000000001,0.0
0.14290049999999987,7.03882,0.5203255,0.0
0.1719949999999999,7.04882,0.5261374999999999,0.0
0.1982619999999999,7.05882,0.534777,0.0
0.2211519999999999,7.06882,0.5467934999999999,0.0
0.2401149999999999,7.07882,0.5627369999999998,0.0
0.2546009999999999,7.08882,0.5831574999999999,0.0
0.2646889999999999,7.09882,0.6079759999999998,0.0
0.2713209999999999,7.10882,0.6362504999999998,0.0
0.2756754999999999,7.118824,0.6668024999999999,0.0
0.27853749999999994,7.128824,0.6988469999999999,0.0
0.28069299999999997,7.138824,0.731598,0.0
0.282534,7.14882,0.7646634999999999,0.0
0.2834325,7.15882,0.7986715,0.0
0.2824465,7.167796,0.8345644999999999,0.0
0.27926100000000004,7.177796,0.8726565,0.0
0.27458350000000004,7.1878,0.9122404999999999,0.0
0.2694345,7.197776,0.952296,0.0
0.22977200000000006,7.207792,0.9919584999999999,0.0
0.19183699999999995,7.217796,1.0298935,0.0
0.15743699999999997,7.2278,1.0642935,0.0
0.12782749999999996,7.2378,1.0939029999999998,0.0
0.10387299999999995,7.247796,1.1178575,0.0
0.0855735,7.257796,1.1361569999999999,0.0
0.0715935,7.2678,1.1501375,0.0
0.060519,7.277804,1.161212,0.0
0.051722500000000005,7.2878,1.1700084999999998,0.0
0.04441800000000002,7.296772,1.1773129999999998,0.0
0.03774200000000001,7.306772,1.183989,0.0
0.031223000000000008,7.316776,1.190508,0.0
0.024783000000000006,7.326776,1.196948,0.0
0.018656500000000003,7.335752,1.2030745,0.0
0.012923500000000004,7.345728,1.208808,0.0
0.008525500000000004,7.355744,1.213206,0.0
0.007268500000000004,7.365752,1.2144624999999998,0.0
0.010331500000000004,7.375752,1.2113995,0.0
0.017792500000000003,7.385748,1.2039385,0.0
0.028160000000000004,7.395748,1.1935710000000002,0.0
0.03860550000000001,7.405748,1.1831255000000003,0.0
0.046459500000000015,7.415748,1.1752715000000002,0.0
0.050072000000000005,7.425752,1.171659,0.0
0.0489725,7.435752,1.1727585000000003,0.0
0.042610499999999996,7.445748,1.1791205000000002,0.0
0.03153600000000001,7.455748,1.190195,0.0
0.018262499999999997,7.464728,1.2034680000000002,0.0
0.0055395,7.474704,1.2161915,0.0
-0.004513500000000001,7.48472,1.2262445000000004,0.0
-0.010168000000000003,7.494728,1.2318995000000001,0.0
-0.010874500000000002,7.503704,1.2326060000000003,0.0
-0.006947500000000001,7.513704,1.2286790000000005,0.0
0.0015344999999999994,7.5237,1.2201970000000004,0.0
0.013315500000000001,7.5337,1.2084160000000002,0.0
0.026195999999999997,7.54368,1.1955350000000002,0.0
0.0378985,7.553696,1.1838325,0.0
0.046616500000000005,7.5637,1.1751145,0.0
0.051015000000000005,7.573704,1.170716,0.0
0.04960150000000001,7.5837,1.1721295000000003,0.0
0.04214000000000001,7.5937,1.1795910000000003,0.0
0.030516000000000005,7.6037,1.1912150000000001,0.0
0.017243,7.6137,1.2044885,0.0
0.004048500000000003,7.623704,1.217683,0.0
-0.008203499999999994,7.632676,1.2299350000000002,0.0
-0.018727499999999984,7.642656,1.2404595,0.0
-0.027366499999999978,7.652648,1.2490990000000002,0.0
-0.03474899999999998,7.662652,1.256482,0.0
-0.04166049999999999,7.672648,1.2633935000000003,0.0
-0.04904299999999999,7.682648,1.2707765000000002,0.0
-0.057918000000000004,7.692648,1.2796515000000004,0.0
-0.06891350000000002,7.702648,1.2906475000000002,0.0
-0.082422,7.712648,1.3041565000000004,0.0
-0.09907200000000001,7.722648,1.3208070000000003,0.0
-0.11862800000000001,7.732648,1.3403635000000003,0.0
-0.1393625,7.742648,1.3610985000000004,0.0
-0.1593115,7.752648,1.3810480000000003,0.0
-0.17753249999999998,7.762648,1.3992695000000002,0.0
-0.1935545,7.772648,1.4152920000000002,0.0
-0.20667049999999998,7.782648,1.4284085000000004,0.0
-0.2161735,7.792648,1.4379120000000003,0.0
-0.221985,7.801624,1.4437240000000005,0.0
-0.22496950000000002,7.811624,1.4467085000000004,0.0
-0.226226,7.821624,1.4479655000000005,0.0
-0.22654000000000002,7.831624,1.4482800000000005,0.0
-0.22654000000000002,7.841624,1.4482800000000005,0.0
-0.22654000000000002,7.851624,1.4482800000000005,0.0
-0.22654000000000002,7.861624,1.4482800000000005,0.0
-0.22654000000000002,7.871624,1.4482800000000005,0.0
-0.22654000000000002,7.881624,1.4482800000000005,0.0
-0.22654000000000002,7.891624,1.4482800000000005,0.0
-0.22654000000000002,7.901624,1.4482800000000005,0.0
-0.22654000000000002,7.911624,1.4482800000000005,0.0
-0.22654000000000002,7.921624,1.4482800000000005,0.0
-0.22654000000000002,7.931624,1.4482800000000005,0.0
-0.22654000000000002,7.941624,1.4482800000000005,0.0
-0.22654000000000002,7.951624,1.4482800000000005,0.0
-0.22654000000000002,7.961624,1.4482800000000005,0.0
-0.22654000000000002,7.9706,1.4482800000000005,0.0
-0.22654000000000002,7.9806,1.4482800000000005,0.0
-0.22654000000000002,7.9906,1.4482800000000005,0.0
-0.22654000000000002,8.0006,1.4482800000000005,0.0
-0.22654000000000002,8.0106,1.4482800000000005,0.0
-0.22654000000000002,8.0206,1.4482800000000005,0.0
-0.22654000000000002,8.0306,1.4482800000000005,0.0
-0.22654000000000002,8.0406,1.4482800000000005,0.0
-0.22654000000000002,8.0506,1.4482800000000005,0.0
-0.22654000000000002,8.0606,1.4482800000000005,0.0
-0.22654000000000002,8.0706,1.4482800000000005,0.0
-0.22654000000000002,8.0806,1.4482800000000005,0.0
-0.22654000000000002,8.0906,1.4482800000000005,0.0
-0.22654000000000002,8.1006,1.4482800000000005,0.0
-0.22654000000000002,8.1106,1.4482800000000005,0.0
-0.22654000000000002,8.1206,1.4482800000000005,0.0
-0.22654000000000002,8.1306,1.4482800000000005,0.0
-0.22654000000000002,8.139576,1.4482800000000005,0.0
-0.22654000000000002,8.149576,1.4482800000000005,0.0
-0.22654000000000002,8.159576,1.4482800000000005,0.0
-0.22654000000000002,8.169576,1.4482800000000005,0.0
-0.22654000000000002,8.179576,1.4482800000000005,0.0
-0.22654000000000002,8.189576,1.4482800000000005,0.0
-0.22654000000000002,8.199576,1.4482800000000005,0.0
-0.22654000000000002,8.209576,1.4482800000000005,0.0
-0.22654000000000002,8.219576,1.4482800000000005,0.0
-0.22654000000000002,8.229576,1.4482800000000005,0.0
-0.22654000000000002,8.239576,1.4482800000000005,0.0
-0.22654000000000002,8.249576,1.4482800000000005,0.0
-0.22654000000000002,8.259576,1.4482800000000005,0.0
-0.22654000000000002,8.269576,1.4482800000000005,0.0
-0.22654000000000002,8.279576,1.4482800000000005,0.0
-0.22654000000000002,8.289576,1.4482800000000005,0.0
-0.22654000000000002,8.29958,1.4482800000000005,0.0
-0.22654000000000002,8.309576,1.4482800000000005,0.0
-0.22654000000000002,8.319576,1.4482800000000005,0.0
-0.22654000000000002,8.329576,1.4482800000000005,0.0
-0.22654000000000002,8.339576,1.4482800000000005,0.0
-0.22654000000000002,8.349576,1.4482800000000005,0.0
-0.22654000000000002,8.359576,1.4482800000000005,0.0
-0.22654000000000002,8.369576,1.4482800000000005,0.0
-0.22654000000000002,8.379576,1.4482800000000005,0.0
-0.22654000000000002,8.389576,1.4482800000000005,0.0
-0.22654000000000002,8.399576,1.4482800000000005,0.0
-0.22654000000000002,8.409576,1.4482800000000005,0.0
-0.22654000000000002,8.419576,1.4482800000000005,0.0
-0.22654000000000002,8.429576,1.4482800000000005,0.0
-0.22654000000000002,8.438552,1.4482800000000005,0.0
-0.22654000000000002,8.448552,1.4482800000000005,0.0
-0.22654000000000002,8.458552,1.4482800000000005,0.0
-0.22654000000000002,8.468552,1.4482800000000005,0.0
-0.22654000000000002,8.478552,1.4482800000000005,0.0
-0.22654000000000002,8.488552,1.4482800000000005,0.0
-0.22654000000000002,8.498552,1.4482800000000005,0.0
-0.22654000000000002,8.508552,1.4482800000000005,0.0
-0.22654000000000002,8.518552,1.4482800000000005,0.0
-0.22654000000000002,8.528552,1.4482800000000005,0.0
-0.22654000000000002,8.538552,1.4482800000000005,0.0
-0.22654000000000002,8.548552,1.4482800000000005,0.0
-0.22654000000000002,8.558552,1.4482800000000005,0.0
-0.22654000000000002,8.568552,1.4482800000000005,0.0
-0.22654000000000002,8.578552,1.4482800000000005,0.0
-0.22654000000000002,8.588552,1.4482800000000005,0.0
-0.22654000000000002,8.598552,1.4482800000000005,0.0
-0.22654000000000002,8.607528,1.4482800000000005,0.0
-0.22654000000000002,8.617528,1.4482800000000005,0.0
-0.22654000000000002,8.627528,1.4482800000000005,0.0
-0.22654000000000002,8.637528,1.4482800000000005,0.0
-0.22654000000000002,8.647528,1.4482800000000005,0.0
-0.22654000000000002,8.657528,1.4482800000000005,0.0
-0.22654000000000002,8.667528,1.4482800000000005,0.0
-0.22654000000000002,8.677528,1.4482800000000005,0.0
-0.22654000000000002,8.687528,1.4482800000000005,0.0
-0.22654000000000002,8.697528,1.4482800000000005,0.0
-0.22654000000000002,8.707528,1.4482800000000005,0.0
-0.22654000000000002,8.717528,1.4482800000000005,0.0
-0.22654000000000002,8.727528,1.4482800000000005,0.0
-0.22654000000000002,8.737528,1.4482800000000005,0.0
-0.22654000000000002,8.747528,1.4482800000000005,0.0
-0.22654000000000002,8.757528,1.4482800000000005,0.0
-0.22654000000000002,8.767528,1.4482800000000005,0.0
-0.22654000000000002,8.776504,1.4482800000000005,0.0
-0.22654000000000002,8.786504,1.4482800000000005,0.0
-0.22654000000000002,8.796504,1.4482800000000005,0.0
-0.22654000000000002,8.806504,1.4482800000000005,0.0
-0.22654000000000002,8.816504,1.4482800000000005,0.0
-0.22654000000000002,8.826504,1.4482800000000005,0.0
-0.22654000000000002,8.836504,1.4482800000000005,0.0
-0.22654000000000002,8.846504,1.4482800000000005,0.0
-0.22654000000000002,8.856504,1.4482800000000005,0.0
-0.22654000000000002,8.866504,1.4482800000000005,0.0
-0.22654000000000002,8.876504,1.4482800000000005,0.0
-0.22654000000000002,8.886504,1.4482800000000005,0.0
-0.22654000000000002,8.896504,1.4482800000000005,0.0
-0.22654000000000002,8.906504,1.4482800000000005,0.0
-0.22654000000000002,8.916504,1.4482800000000005,0.0
-0.22654000000000002,8.926504,1.4482800000000005,0.0
-0.22654000000000002,8.936508,1.4482800000000005,0.0
-0.22654000000000002,8.946504,1.4482800000000005,0.0
-0.22654000000000002,8.956504,1.4482800000000005,0.0
-0.22654000000000002,8.966504,1.4482800000000005,0.0
-0.22654000000000002,8.976504,1.4482800000000005,0.0
-0.22654000000000002,8.986504,1.4482800000000005,0.0
-0.22654000000000002,8.996504,1.4482800000000005,0.0
-0.14365749999999997,9.006504,1.4482800000000005,0.0
-0.06046099999999998,9.016524,1.4479655000000005,0.0
0.02328550000000003,9.026532,1.4471015000000005,0.0
0.10679650000000002,9.036532,1.4464730000000003,0.0
0.18889350000000002,9.046536,1.4472580000000004,0.0
0.268713,9.056536,1.4503210000000002,0.0
0.34578349999999997,9.066536,1.4561325000000003,0.0
0.41979099999999997,9.075508,1.4650075000000002,0.0
0.49018549999999994,9.085508,1.4774950000000002,0.0
0.5564175,9.095508,1.4941450000000003,0.0
0.618094,9.105508,1.5153505000000003,0.0
0.674744,9.115524,1.5415825,0.0
0.725975,9.125512,1.573234,0.0
0.7720225,9.135508,1.6100689999999998,0.0
0.8139069999999999,9.145512,1.6510664999999998,0.0
0.8529644999999999,9.155512,1.6948914999999998,0.0
0.8902939999999999,9.165508,1.7404444999999997,0.0
0.9266025,9.175504,1.7870184999999996,0.0
0.9622824999999999,9.185504,1.8342204999999998,0.0
0.99702,9.195508,1.8823649999999998,0.0
0.9470685,9.204484,1.9323159999999995,0.0
0.8946825,9.214488,1.9847019999999997,0.0
0.8400185000000001,9.224484,2.0393654999999997,0.0
0.783391,9.234484,2.0959925,0.0
0.7252715000000001,9.243464,2.154112,0.0
0.6667590000000001,9.253464,2.212624,0.0
0.609032,9.26346,2.2703510000000002,0.0
0.55319,9.273456,2.3261925000000003,0.0
0.50049,9.28344,2.3788930000000006,0.0
0.4519525,9.293432,2.427431000000001,0.0
0.40797050000000007,9.303432,2.4714135000000006,0.0
0.3687005000000001,9.313456,2.5106835000000007,0.0
0.33367150000000007,9.32346,2.5457120000000004,0.0
0.30186250000000003,9.333464,2.5775205000000003,0.0
0.2723315,9.343464,2.6070515000000003,0.0
0.244214,9.35346,2.6351690000000003,0.0
0.217196,9.36344,2.6621865000000002,0.0
0.1912775,9.372432,2.6881045,0.0
0.16606600000000002,9.382416,2.7133160000000003,0.0
0.14179699999999998,9.392408,2.737585,0.0
0.1193345,9.402408,2.7600475,0.0
0.0989925,9.411384,2.7803895,0.0
0.0803785,9.421384,2.7990035,0.0
0.06396349999999999,9.431384,2.8154185,0.0
0.050454499999999985,9.441384,2.8289275000000003,0.0
0.039616000000000005,9.451384,2.839766,0.0
0.030741000000000004,9.461384,2.848641,0.0
0.023044000000000005,9.471384,2.8563380000000005,0.0
0.015818000000000002,9.481384,2.8635635,0.0
0.008592,9.491384,2.8707890000000003,0.0
0.001366000000000002,9.501384,2.8780145000000004,0.0
-0.005545499999999998,9.511384,2.884926,0.0
-0.011278999999999997,9.521384,2.8906595,0.0
-0.015049,9.531384,2.8944294999999998,0.0
-0.016934,9.54036,2.8963145,0.0
-0.0174055,9.55036,2.8967855,0.0
-0.0172485,9.56036,2.8966285,0.0
-0.01717,9.570364,2.8965499999999995,0.0
-0.01717,9.58036,2.8965499999999995,0.0
-0.01717,9.59036,2.8965499999999995,0.0
-0.01717,9.60036,2.8965499999999995,0.0
-0.01717,9.61036,2.8965499999999995,0.0
-0.01717,9.62036,2.8965499999999995,0.0
-0.01717,9.63036,2.8965499999999995,0.0
-0.01717,9.64036,2.8965499999999995,0.0
-0.01717,9.65036,2.8965499999999995,0.0
-0.01717,9.66036,2.8965499999999995,0.0
-0.01717,9.67036,2.8965499999999995,0.0
-0.01717,9.68036,2.8965499999999995,0.0
-0.01717,9.69036,2.8965499999999995,0.0
-0.01717,9.70036,2.8965499999999995,0.0
-0.01717,9.709336,2.8965499999999995,0.0
-0.01717,9.719336,2.8965499999999995,0.0
-0.01717,9.729336,2.8965499999999995,0.0
-0.01717,9.739336,2.8965499999999995,0.0
-0.01717,9.749336,2.8965499999999995,0.0
-0.01717,9.759336,2.8965499999999995,0.0
-0.01717,9.769336,2.8965499999999995,0.0
-0.01717,9.779336,2.8965499999999995,0.0
-0.01717,9.789336,2.8965499999999995,0.0
-0.01717,9.799336,2.8965499999999995,0.0
-0.01717,9.809336,2.8965499999999995,0.0
-0.01717,9.819336,2.8965499999999995,0.0
-0.01717,9.829336,2.8965499999999995,0.0
-0.01717,9.839336,2.8965499999999995,0.0
-0.01717,9.849336,2.8965499999999995,0.0
-0.01717,9.859336,2.8965499999999995,0.0
-0.01717,9.869336,2.8965499999999995,0.0
-0.01717,9.878312,2.8965499999999995,0.0
-0.01717,9.888312,2.8965499999999995,0.0
-0.01717,9.898312,2.8965499999999995,0.0
-0.01717,9.908312,2.8965499999999995,0.0
-0.01717,9.918312,2.8965499999999995,0.0
-0.01717,9.928312,2.8965499999999995,0.0
-0.01717,9.938312,2.8965499999999995,0.0
-0.01717,9.948312,2.8965499999999995,0.0
-0.01717,9.958312,2.8965499999999995,0.5236
-0.01717,9.968312,2.8965499999999995,0.02618
-0.01717,9.978312,2.8965499999999995,0.5236
-0.01717,9.988312,2.8965499999999995,0.05236
-0.01717,9.998312,2.8965499999999995,0.5236
-0.01717,10.007288,2.8965499999999995,0.07854
-0.01717,10.017288,2.8965499999999995,0.5236
-0.01717,10.027288,2.8965499999999995,0.10472
-0.01717,10.037288,2.8965499999999995,0.5236
-0.01717,10.046264,2.8965499999999995,0.1309
-0.01717,10.056264,2.8965499999999995,0.5236
-0.01717,10.066264,2.8965499999999995,0.15708
-0.01717,10.076264,2.8965499999999995,0.5236
-0.01717,10.086264,2.8965499999999995,0.18326
-0.01717,10.096264,2.8965499999999995,0.5236
-0.01717,10.106264,2.8965499999999995,0.20944
-0.01717,10.116264,2.8965499999999995,0.5236
-0.01717,10.126264,2.8965499999999995,0.23562
-0.01717,10.136264,2.8965499999999995,0.5236
-0.01717,10.146264,2.8965499999999995,0.2618
-0.01717,10.156264,2.8965499999999995,0.5236
-0.01717,10.166264,2.8965499999999995,0.28798
-0.01717,10.17524,2.8965499999999995,0.5236
-0.01717,10.18524,2.8965499999999995,0.31416
-0.01717,10.19524,2.8965499999999995,0.5236
-0.01717,10.205244,2.8965499999999995,0.34034000000000003
-0.01717,10.21524,2.8965499999999995,0.5236
-0.01717,10.22524,2.8965499999999995,0.36652
-0.01717,10.23524,2.8965499999999995,0.5236
-0.01717,10.24524,2.8965499999999995,0.39270000000000005
-0.01717,10.25524,2.8965499999999995,0.5236
-0.01717,10.26524,2.8965499999999995,0.41888
-0.01717,10.27524,2.8965499999999995,0.5236
-0.01717,10.28524,2.8965499999999995,0.44506
-0.01717,10.29524,2.8965499999999995,0.5236
-0.01717,10.304216,2.8965499999999995,0.47124
-0.01717,10.314216,2.8965499999999995,0.5236
-0.01717,10.324216,2.8965499999999995,0.49742
-0.01717,10.334216,2.8965499999999995,0.5236
-0.01717,10.343192,2.8965499999999995,0.5236
-0.01717,10.353192,2.8965499999999995,0.5236
-0.01717,10.363192,2.8965499999999995,0.5236
-0.01717,10.373192,2.8965499999999995,0.5236
-0.01717,10.383192,2.8965499999999995,0.5236
-0.01717,10.393192,2.8965499999999995,0.5236
-0.01717,10.403192,2.8965499999999995,0.5236
-0.01717,10.413192,2.8965499999999995,0.5236
-0.01717,10.423192,2.8965499999999995,0.5236
-0.01717,10.433192,2.8965499999999995,0.5236
-0.01717,10.443192,2.8965499999999995,0.5236
-0.01717,10.453192,2.8965499999999995,0.5236
-0.01717,10.463192,2.8965499999999995,0.5236
-0.01717,10.472168,2.8965499999999995,0.5236
-0.01717,10.482168,2.8965499999999995,0.5236
-0.01717,10.492168,2.8965499999999995,0.5236
-0.01717,10.502168,2.8965499999999995,0.5236
-0.01717,10.511144,2.8965499999999995,0.5236
-0.01717,10.521144,2.8965499999999995,0.5236
-0.01717,10.531144,2.8965499999999995,0.5236
-0.01717,10.541144,2.8965499999999995,0.5236
-0.01717,10.551144,2.8965499999999995,0.5236
-0.01717,10.561144,2.8965499999999995,0.5236
-0.01717,10.571144,2.8965499999999995,0.5236
-0.01717,10.581144,2.8965499999999995,0.5236
-0.01717,10.591144,2.8965499999999995,0.5236
-0.01717,10.60012,2.8965499999999995,0.5236
-0.01717,10.61012,2.8965499999999995,0.5236
-0.01717,10.62012,2.8965499999999995,0.5236
-0.01717,10.63012,2.8965499999999995,0.5236
-0.01717,10.639096,2.8965499999999995,0.5236
-0.01717,10.649096,2.8965499999999995,0.5236
-0.01717,10.659096,2.8965499999999995,0.5236
-0.01717,10.669096,2.8965499999999995,0.5236
-0.01717,10.678072,2.8965499999999995,0.5236
-0.01717,10.688072,2.8965499999999995,0.5236
-0.01717,10.698072,2.8965499999999995,0.5236
-0.01717,10.708072,2.8965499999999995,0.5236
-0.01717,10.718072,2.8965499999999995,0.5236
-0.01717,10.727048,2.8965499999999995,0.5236
-0.01717,10.737048,2.8965499999999995,0.5236
-0.01717,10.747048,2.8965499999999995,0.5236
-0.01717,10.757048,2.8965499999999995,0.5236
-0.01717,10.766024,2.8965499999999995,0.5236
-0.01717,10.776024,2.8965499999999995,0.5236
-0.01717,10.786024,2.8965499999999995,0.5236
-0.01717,10.796024,2.8965499999999995,0.5236
-0.01717,10.805,2.8965499999999995,0.5236
-0.01717,10.815,2.8965499999999995,0.5236
-0.01717,10.825,2.8965499999999995,0.5236
-0.01717,10.835004,2.8965499999999995,0.5236
-0.01717,10.845,2.8965499999999995,0.5236
-0.01717,10.855,2.8965499999999995,0.5236
-0.01717,10.865,2.8965499999999995,0.5236
-0.01717,10.875,2.8965499999999995,0.5236
-0.01717,10.885,2.8965499999999995,0.5236
-0.01717,10.893976,2.8965499999999995,0.5236
-0.01717,10.903976,2.8965499999999995,0.5236
-0.01717,10.913976,2.8965499999999995,0.5236
-0.01717,10.923976,2.8965499999999995,0.5236
-0.01717,10.932952,2.8965499999999995,0.5236
-0.01717,10.942952,2.8965499999999995,0.5236
-0.01717,10.952952,2.8965499999999995,0.5236
-0.01717,10.962952,2.8965499999999995,0.5236
-0.01717,10.971928,2.8965499999999995,0.5236
-0.01717,10.981928,2.8965499999999995,0.5236
-0.01717,10.991928,2.8965499999999995,0.5236
-0.07387249999999994,11.001928,2.8965499999999995,0.5236
-0.13057500000000008,11.011928,2.8965499999999995,0.5236
-0.1872775000000001,11.021928,2.8965499999999995,0.5236
-0.24398000000000009,11.031928,2.8965499999999995,0.5236
-0.30068250000000013,11.041928,2.8965499999999995,0.5236
-0.3573850000000001,11.051928,2.8965499999999995,0.5236
-0.41408750000000016,11.060904,2.8965499999999995,0.5236
-0.47079000000000015,11.070904,2.8965499999999995,0.5236
-0.5274925000000001,11.080904,2.8965499999999995,0.5236
-0.5841950000000001,11.090904,2.8965499999999995,0.5236
-0.6408975000000002,11.09988,2.8965499999999995,0.5236
-0.6976000000000002,11.10988,2.8965499999999995,0.5236
-0.7543025000000002,11.11988,2.8965499999999995,0.5236
-0.8110050000000002,11.12988,2.8965499999999995,0.5236
-0.8677075000000001,11.138856,2.8965499999999995,0.5236
-0.92441,11.148856,2.8965499999999995,0.5236
-0.9811124999999999,11.158856,2.8965499999999995,0.5236
-1.037815,11.168856,2.8965499999999995,0.5236
-1.0945174999999998,11.178856,2.8965499999999995,0.5236
-1.1512199999999997,11.188856,2.8965499999999995,0.5236
-1.1512199999999997,11.198856,2.8965499999999995,0.5236
-1.1512199999999997,11.208856,2.8965499999999995,0.5236
-1.1512199999999997,11.218856,2.8965499999999995,0.5236
-1.1512199999999997,11.228856,2.8965499999999995,0.5236
-1.1512199999999997,11.238856,2.8965499999999995,0.5236
-1.1512199999999997,11.248856,2.8965499999999995,0.5236
-1.1512199999999997,11.258856,2.8965499999999995,0.5236
-1.1512199999999997,11.267832,2.8965499999999995,0.5236
-1.1512199999999997,11.277832,2.8965499999999995,0.5236
-1.1512199999999997,11.287832,2.8965499999999995,0.5236
-1.1512199999999997,11.297832,2.8965499999999995,0.5236
-1.1512199999999997,11.306808,2.8965499999999995,0.5236
-1.1512199999999997,11.316808,2.8965499999999995,0.5236
-1.1512199999999997,11.326808,2.8965499999999995,0.5236
-1.1512199999999997,11.336808,2.8965499999999995,0.5236
-1.1512199999999997,11.346808,2.8965499999999995,0.5236
-1.1512199999999997,11.356808,2.8965499999999995,0.5236
-1.1512199999999997,11.366808,2.8965499999999995,0.5236
-1.1512199999999997,11.376808,2.8965499999999995,0.5236
-1.1512199999999997,11.386808,2.8965499999999995,0.5236
-1.1512199999999997,11.396808,2.8965499999999995,0.5236
-1.1512199999999997,11.406808,2.8965499999999995,0.5236
-1.1512199999999997,11.416808,2.8965499999999995,0.5236
-1.1509059999999998,11.426832,2.8962359999999996,0.5236
-1.1494924999999998,11.435812,2.8948224999999996,0.5236
-1.1468219999999998,11.445812,2.8921519999999994,0.5236
-1.1434449999999996,11.455812,2.8887749999999994,0.5236
-1.1394394999999997,11.465812,2.8847694999999995,0.5236
-1.1341774999999996,11.475812,2.8795075,0.5236
-1.1267164999999997,11.48582,2.8720464999999997,0.5236
-1.1170559999999996,11.495816,2.862386,0.5236
-1.1059819999999998,11.505812,2.851312,0.5236
-1.0942794999999996,11.515812,2.8396095,0.5236
-1.0825769999999997,11.525816,2.827907,0.5236
-1.0707174999999998,11.535812,2.8160475000000003,0.5236
-1.0577585,11.545816,2.8030885000000003,0.5236
-1.0429145,11.555816,2.7882445000000002,0.5236
-1.0253999999999999,11.564792,2.7707300000000004,0.5236
-1.0049799999999998,11.574792,2.7503095,0.5236
-0.982675,11.584788,2.7280045,0.5236
-0.9595845000000001,11.594788,2.704914,0.5236
-0.9364940000000002,11.603764,2.6818235,0.5236
-0.9134035000000001,11.613764,2.658733,0.5236
-0.88992,11.623764,2.6352494999999996,0.5236
-0.8660440000000001,11.633764,2.6113734999999996,0.5236
-0.8411470000000002,11.643768,2.5864765,0.5236
-0.8142865000000002,11.653768,2.5596154999999996,0.5236
-0.7854625000000002,11.663768,2.5307914999999994,0.5236
-0.7556175000000002,11.673768,2.5009464999999995,0.5236
-0.7265575000000002,11.683764,2.4718865,0.5236
-0.6994615000000002,11.693764,2.4447905,0.5236
-0.6740145000000002,11.703768,2.4193435,0.5236
-0.6490390000000001,11.713764,2.394368,0.5236
-0.623121,11.723764,2.36845,0.5236
-0.595475,11.73274,2.340804,0.5236
-0.566651,11.742744,2.31198,0.5236
-0.537984,11.75274,2.2833130000000006,0.5236
-0.5112805,11.76274,2.2566095000000006,0.5236
-0.4874825,11.77172,2.2328120000000005,0.5236
-0.46564799999999995,11.781696,2.2109775000000003,0.5236
-0.44420649999999995,11.791708,2.1895360000000004,0.5236
-0.421901,11.801716,2.1672305,0.5236
-0.399203,11.81172,2.1445325000000004,0.5236
-0.377369,11.82172,2.1226985,0.5236
-0.35710549999999996,11.831696,2.102435,0.5236
-0.33880599999999994,11.841708,2.0841355,0.5236
-0.3226264999999999,11.851716,2.0679565,0.5236
-0.30888199999999993,11.861716,2.054212,0.5236
-0.29749349999999997,11.871696,2.0428235,0.5236
-0.28728349999999997,11.881708,2.0326134999999996,0.5236
-0.2766805,11.891716,2.0220105,0.5236
-0.2654495,11.900672,2.0107794999999995,0.5236
-0.2543755,11.910664,1.9997054999999997,0.5236
-0.24392949999999997,11.920684,1.9892594999999997,0.5236
-0.23474049999999994,11.930692,1.9800704999999998,0.5236
-0.22751499999999997,11.939648,1.9728445,0.5236
-0.22201749999999998,11.94964,1.9673464999999997,0.5236
-0.21691250000000004,11.95966,1.9622414999999997,0.5236
-0.21110099999999998,11.969668,1.9564294999999998,0.5236
-0.204818,11.979648,1.9501464999999998,0.5236
-0.19900600000000002,11.989664,1.9443344999999999,0.5236
-0.19413650000000005,11.999648,1.939465,0.5236
-0.18942400000000004,12.00966,1.9347524999999999,0.5236
-0.1836905,12.019668,1.929019,0.5236
-0.17622950000000004,12.028648,1.9215574999999998,0.5236
-0.16751150000000004,12.038648,1.9128395000000002,0.5236
-0.15855800000000003,12.048644,1.903886,0.5236
-0.1496045,12.058644,1.8949325000000004,0.5236
-0.140651,12.0676,1.885979,0.5236
-0.13193300000000002,12.077592,1.877261,0.5236
-0.12384350000000002,12.087592,1.8691715000000002,0.5236
-0.11614650000000003,12.097596,1.8614745,0.5236
-0.10844950000000003,12.107592,1.8537775,0.5236
-0.10106700000000002,12.117592,1.8463950000000002,0.5236
-0.09431250000000002,12.127592,1.8396405000000002,0.5236
-0.08787200000000002,12.137592,1.8332005000000002,0.5236
-0.08143150000000002,12.147592,1.8267605,0.5236
-0.07530550000000003,12.157592,1.8206345000000004,0.5236
-0.06988600000000003,12.167592,1.8152155,0.5236
-0.06485950000000003,12.177592,1.8101890000000003,0.5236
-0.05975450000000002,12.187592,1.8050840000000001,0.5236
-0.05457100000000003,12.197592,1.7999005000000001,0.5236
-0.04962300000000002,12.207592,1.7949525000000002,0.5236
-0.045539000000000024,12.217592,1.7908685000000002,0.5236
-0.043104000000000024,12.227592,1.7884340000000003,0.5236
-0.04224000000000003,12.236568,1.7875700000000003,0.5236
-0.04216150000000002,12.246568,1.7874915000000002,0.5236
-0.04224000000000003,12.256568,1.7875699999999999,0.5236
-0.04224000000000003,12.266568,1.7875699999999999,0.5236
-0.04224000000000003,12.276568,1.7875699999999999,0.5236
-0.04224000000000003,12.286568,1.7875699999999999,0.5236
-0.04224000000000003,12.296568,1.7875699999999999,0.5236
-0.04224000000000003,12.306568,1.7875699999999999,0.5236
-0.04224000000000003,12.316568,1.7875699999999999,0.5236
-0.04224000000000003,12.326568,1.7875699999999999,0.5236
-0.04224000000000003,12.336568,1.7875699999999999,0.5236
-0.04224000000000003,12.346568,1.7875699999999999,0.5236
-0.04224000000000003,12.356568,1.7875699999999999,0.5236
-0.04224000000000003,12.366568,1.7875699999999999,0.5236
-0.04224000000000003,12.376568,1.7875699999999999,0.5236
-0.04224000000000003,12.386568,1.7875699999999999,0.5236
-0.04224000000000003,12.396568,1.7875699999999999,0.5236
-0.04224000000000003,12.405544,1.7875699999999999,0.5236
-0.04224000000000003,12.415544,1.7875699999999999,0.5236
-0.04224000000000003,12.425544,1.7875699999999999,0.5236
-0.04224000000000003,12.435544,1.7875699999999999,0.5236
-0.04224000000000003,12.445544,1.7875699999999999,0.5236
-0.04224000000000003,12.455544,1.7875699999999999,0.5236
-0.04224000000000003,12.465544,1.7875699999999999,0.5236
-0.04224000000000003,12.475544,1.7875699999999999,0.5236
-0.04224000000000003,12.485544,1.7875699999999999,0.5236
-0.04224000000000003,12.495544,1.7875699999999999,0.5236
-0.042004500000000014,12.505564,1.7873345,0.5236
-0.04114050000000002,12.515572,1.7864705,0.5236
-0.03988400000000001,12.525552,1.7852139999999999,0.5236
-0.03862750000000001,12.53452,1.7839574999999996,0.5236
-0.037371,12.54452,1.7827009999999994,0.5236
-0.036114499999999994,12.55452,1.7814444999999997,0.5236
-0.034858,12.56452,1.7801879999999994,0.5236
-0.0336015,12.573496,1.7789314999999997,0.5236
-0.03234499999999999,12.583496,1.7776749999999997,0.5236
-0.03108849999999999,12.593496,1.7764184999999995,0.5236
-0.029831999999999994,12.603496,1.7751619999999997,0.5236
-0.028575499999999993,12.613496,1.7739054999999995,0.5236
-0.027319,12.623496,1.7726489999999995,0.5236
-0.026062500000000002,12.633496,1.7713924999999997,0.5236
-0.024806000000000005,12.643496,1.770136,0.5236
-0.023549500000000004,12.653496,1.7688795,0.5236
-0.022293000000000007,12.663496,1.7676230000000002,0.5236
-0.021036500000000007,12.673496,1.7663665000000002,0.5236
-0.019780000000000006,12.683496,1.7651100000000004,0.5236
-0.01852350000000001,12.693496,1.7638535000000006,0.5236
-0.017502500000000008,12.702472,1.7628325000000005,0.5236
-0.01711000000000001,12.712472,1.7624400000000007,0.5236
-0.01711000000000001,12.722472,1.7624400000000007,0.5236
-0.01711000000000001,12.732476,1.7624400000000007,0.5236
-0.01711000000000001,12.742472,1.7624400000000007,0.5236
-0.01711000000000001,12.752472,1.7624400000000007,0.5236
-0.01711000000000001,12.762472,1.7624400000000007,0.5236
-0.01711000000000001,12.772472,1.7624400000000007,0.5236
-0.01711000000000001,12.782472,1.7624400000000007,0.5236
-0.01711000000000001,12.792472,1.7624400000000007,0.5236
-0.01711000000000001,12.802472,1.7624400000000007,0.5236
-0.01711000000000001,12.812472,1.7624400000000007,0.5236
-0.01711000000000001,12.822472,1.7624400000000007,0.5236
-0.01711000000000001,12.832472,1.7624400000000007,0.5236
-0.01711000000000001,12.842472,1.7624400000000007,0.5236
-0.01711000000000001,12.852472,1.7624400000000007,0.5236
-0.01711000000000001,12.862472,1.7624400000000007,0.5236
-0.01711000000000001,12.871448,1.7624400000000007,0.5236
-0.01679550000000001,12.881468,1.7621255000000007,0.5236
-0.015853000000000006,12.891476,1.7611830000000006,0.5236
-0.014596500000000007,12.901456,1.7599260000000005,0.5236
-0.013340000000000005,12.911448,1.7586690000000005,0.5236
-0.012083500000000006,12.921448,1.7574120000000004,0.5236
-0.010827000000000005,12.931448,1.7561550000000006,0.5236
-0.009570500000000003,12.941448,1.7548980000000005,0.5236
-0.008314000000000004,12.951448,1.7536410000000004,0.5236
-0.007057500000000001,12.961448,1.7523840000000004,0.5236
-0.005801000000000001,12.971448,1.7511270000000003,0.5236
-0.0045445,12.981448,1.7498700000000005,0.5236
-0.003288,12.991448,1.7486130000000004,0.5236
0.1812285,13.001448,1.7473560000000004,0.5236
0.3653520000000001,13.011472,1.7464920000000004,0.5236
0.5481404999999998,13.021476,1.7469630000000007,0.5236
0.7285724999999998,13.03148,1.7497905000000005,0.5236
0.9057845000000001,13.040456,1.7558380000000005,0.5236
1.0794625,13.050452,1.7654195000000001,0.5236
1.2493705000000002,13.060452,1.778771,0.5236
1.4150375000000002,13.070452,1.7963639999999998,0.5236
1.5757560000000002,13.080452,1.818905,0.5236
1.7307415000000006,13.090456,1.847179,0.5236
1.8799935000000005,13.100456,1.8811869999999997,0.5236
2.0238265000000006,13.110456,1.9206139999999998,0.5236
2.1619260000000007,13.120456,1.9657745,0.5236
2.2937420000000004,13.129428,2.0172185,0.5236
2.4198250000000003,13.139428,2.0743954999999996,0.5236
2.5408810000000006,13.149432,2.1365995,0.5236
2.6567535,13.159432,2.2039869999999997,0.5236
2.7671285,13.168408,2.276872,0.5236
2.8721625,13.178404,2.3550979999999995,0.5236
2.972484,13.188404,2.4380365,0.5236
2.8849905000000002,13.198404,2.52553,0.5236
2.7928635,13.207396,2.6176569999999995,0.5236
2.6971235,13.21636,2.713397,0.5236
2.5998915,13.226356,2.8106289999999996,0.5236
2.5032875000000003,13.236356,2.9072329999999997,0.5236
2.4083325,13.24636,3.002188,0.5236
2.3146345,13.255336,3.0958859999999997,0.5236
2.2219569999999997,13.265332,3.188563,0.5236
2.1305365,13.275332,3.2799834999999997,0.5236
2.0402940000000003,13.285336,3.3702260000000006,0.5236
1.9509945,13.294312,3.4595260000000003,0.5236
1.8626369999999999,13.304324,3.5478835000000006,0.5236
1.7760859999999998,13.314312,3.6344345,0.5236
1.6918914999999999,13.324312,3.7186289999999995,0.5236
1.608953,13.333288,3.8015674999999995,0.5236
1.5266435000000003,13.343284,3.8838770000000005,0.5236
1.4455120000000001,13.353288,3.9650084999999997,0.5236
1.3657940000000002,13.363288,4.0447264999999994,0.5236
1.2873330000000003,13.373288,4.123187500000001,0.5236
1.2102070000000003,13.383284,4.200313500000001,0.5236
1.1355155000000001,13.393284,4.275005000000001,0.5236
1.0638085000000002,13.403296,4.346712,0.5236
0.9944575000000001,13.41328,4.416063,0.5236
0.9260495,13.423284,4.484471500000001,0.5236
0.8570915,13.433284,4.553429500000001,0.5236
0.787584,13.44328,4.622937000000001,0.5236
0.7193330000000001,13.453284,4.691188,0.5236
0.6539095000000001,13.462264,4.756611500000001,0.5236
0.591863,13.472264,4.818658,0.5236
0.5335080000000001,13.482264,4.877013000000001,0.5236
0.4786085,13.49226,4.931912,0.5236
0.42669350000000006,13.501232,4.983826999999999,0.5236
0.37776300000000007,13.511236,5.032757499999999,0.5236
0.33268100000000006,13.52124,5.0778395,0.5236
0.29223300000000013,13.53124,5.118287499999999,0.5236
0.2562620000000001,13.541216,5.154258499999999,0.5236
0.2242965,13.551208,5.186223999999999,0.5236
0.19641499999999998,13.561208,5.214105499999999,0.5236
0.17261749999999998,13.571208,5.237902999999999,0.5236
0.15219749999999999,13.581208,5.258322999999999,0.5236
0.133898,13.591208,5.276622499999998,0.5236
0.11764049999999998,13.601208,5.2928799999999985,0.5236
0.10397499999999998,13.611208,5.306545499999999,0.5236
0.09321499999999999,13.621208,5.317304999999998,0.5236
0.08559699999999999,13.630184,5.324922999999998,0.5236
0.0800205,13.640204,5.330499499999998,0.5236
0.074915,13.650208,5.335604999999998,0.5236
0.06981,13.660192,5.340709999999999,0.5236
0.064705,13.66916,5.345814999999999,0.5236
0.059835499999999986,13.67916,5.3506845,0.5236
0.05598699999999999,13.68916,5.354533,0.5236
0.053630999999999984,13.69916,5.356889,0.5236
0.052217499999999986,13.70916,5.358302500000001,0.5236
0.05088249999999999,13.71916,5.359637500000001,0.5236
0.04939049999999998,13.72916,5.3611295000000005,0.5236
0.04781949999999999,13.73916,5.362700500000001,0.5236
0.04624849999999999,13.74916,5.364271500000001,0.5236
0.04467749999999999,13.75916,5.3658425,0.5236
0.04310649999999999,13.76916,5.3674135000000005,0.5236
0.04153549999999999,13.77916,5.368984500000001,0.5236
0.039964499999999986,13.78916,5.370555500000001,0.5236
0.03839349999999999,13.798136,5.372126500000001,0.5236
0.03682249999999999,13.808136,5.373697500000001,0.5236
0.035251499999999984,13.818136,5.375268500000002,0.5236
0.03368049999999999,13.828136,5.376839500000002,0.5236
0.03250249999999998,13.837112,5.378017500000002,0.5236
0.032109999999999986,13.847112,5.378410000000002,0.5236
0.032109999999999986,13.857112,5.378410000000002,0.5236
0.032109999999999986,13.867112,5.378410000000002,0.5236
0.032109999999999986,13.877112,5.378410000000002,0.5236
0.032109999999999986,13.887112,5.378410000000002,0.5236
0.031795999999999984,13.897136,5.378724000000002,0.5236
0.030931999999999987,13.90714,5.379588000000002,0.5236
0.02991099999999999,13.917144,5.380609000000002,0.5236
0.02904699999999999,13.92612,5.381473000000002,0.5236
0.02826149999999999,13.936096,5.3822585000000025,0.5236
0.02724049999999999,13.946112,5.383279500000002,1.22173
0.025590999999999992,13.95612,5.384929000000002,0.5585065
0.023548999999999994,13.965072,5.386971000000003,1.22173
0.021507,13.975064,5.389013000000002,0.5934130000000001
0.019465,13.985064,5.3910550000000015,1.22173
0.017423,13.995068,5.393097000000001,0.6283195
0.015381,14.005064,5.395139000000001,1.22173
0.013338999999999998,14.015064,5.397181000000001,0.6632260000000001
0.011297000000000001,14.025064,5.399223000000001,1.22173
0.009255,14.035064,5.401265000000001,0.6981325
0.007213000000000001,14.045064,5.403307000000002,1.22173
0.005171,14.05404,5.405349000000001,0.7330390000000001
0.003129,14.06404,5.407391000000001,1.22173
0.0010869999999999994,14.07404,5.409433000000002,0.7679455000000002
-0.0009550000000000007,14.08404,5.411475000000002,1.22173
-0.0026830000000000014,14.093016,5.413203000000002,0.8028520000000001
-0.0038610000000000007,14.103016,5.414381000000002,1.22173
-0.004882000000000001,14.113016,5.415402000000002,0.8377585000000001
-0.006060000000000001,14.123016,5.416580000000002,1.22173
-0.0073165,14.131992,5.417836500000002,0.872665
-0.008337499999999998,14.141992,5.418857500000001,1.22173
-0.008729999999999998,14.151992,5.419250000000002,0.9075715
-0.008729999999999998,14.161992,5.419250000000002,1.22173
-0.008729999999999998,14.171992,5.419250000000002,0.9424779999999999
-0.008729999999999998,14.181992,5.419250000000002,1.22173
-0.008729999999999998,14.191992,5.419250000000002,0.9773844999999999
-0.008729999999999998,14.201992,5.419250000000002,1.22173
-0.008729999999999998,14.211992,5.419250000000002,1.012291
-0.008729999999999998,14.220968,5.419250000000002,1.22173
-0.008729999999999998,14.230968,5.419250000000002,1.0471975
-0.008729999999999998,14.240968,5.419250000000002,1.22173
-0.008729999999999998,14.250968,5.419250000000002,1.0821040000000002
-0.008729999999999998,14.259944,5.419250000000002,1.22173
-0.008729999999999998,14.269944,5.419250000000002,1.1170105000000004
-0.008729999999999998,14.279944,5.419250000000002,1.22173
-0.008729999999999998,14.289944,5.419250000000002,1.1519170000000005
-0.008729999999999998,14.29892,5.419250000000002,1.22173
-0.008729999999999998,14.30892,5.419250000000002,1.1868235000000007
-0.008729999999999998,14.31892,5.419250000000002,1.22173
-0.008729999999999998,14.32892,5.419250000000002,1.2217300000000006
-0.008729999999999998,14.33892,5.419250000000002,1.22173
-0.008729999999999998,14.34892,5.419250000000002,1.2217300000000006
-0.008729999999999998,14.35892,5.419250000000002,1.22173
-0.008729999999999998,14.36892,5.419250000000002,1.2217300000000006
-0.008729999999999998,14.37892,5.419250000000002,1.22173
-0.008729999999999998,14.38892,5.419250000000002,1.2217300000000006
-0.008729999999999998,14.39892,5.419250000000002,1.22173
-0.008729999999999998,14.40892,5.419250000000002,1.2217300000000006
-0.008729999999999998,14.41892,5.419250000000002,1.22173
-0.008729999999999998,14.427896,5.419250000000002,1.2217300000000006
-0.008729999999999998,14.437896,5.419250000000002,1.22173
-0.008729999999999998,14.447896,5.419250000000002,1.2217300000000006
-0.008729999999999998,14.457896,5.419250000000002,1.22173
-0.008729999999999998,14.466872,5.419250000000002,1.2217300000000006
-0.008729999999999998,14.476872,5.419250000000002,1.22173
-0.008729999999999998,14.486872,5.419250000000002,1.2217300000000006
-0.008729999999999998,14.496872,5.419250000000002,1.22173
-0.008729999999999998,14.506872,5.419250000000002,1.2217300000000006
-0.008729999999999998,14.516872,5.419250000000002,1.22173
-0.008729999999999998,14.526872,5.419250000000002,1.2217300000000006
-0.008729999999999998,14.536872,5.419250000000002,1.22173
-0.008729999999999998,14.546872,5.419250000000002,1.2217300000000006
-0.008729999999999998,14.556872,5.419250000000002,1.22173
-0.008729999999999998,14.566872,5.419250000000002,1.2217300000000006
-0.008729999999999998,14.576872,5.419250000000002,1.22173
-0.008729999999999998,14.586872,5.419250000000002,1.2217300000000006
-0.008729999999999998,14.595848,5.419250000000002,1.22173
-0.008729999999999998,14.605848,5.419250000000002,1.2217300000000006
-0.008729999999999998,14.615848,5.419250000000002,1.22173
-0.008729999999999998,14.625852,5.419250000000002,1.2217300000000006
-0.008729999999999998,14.635848,5.419250000000002,1.22173
-0.008729999999999998,14.645848,5.419250000000002,1.2217300000000006
-0.008729999999999998,14.655848,5.419250000000002,1.22173
-0.008729999999999998,14.665848,5.419250000000002,1.2217300000000006
-0.008729999999999998,14.675848,5.419250000000002,1.22173
-0.008729999999999998,14.685848,5.419250000000002,1.2217300000000006
-0.008729999999999998,14.695848,5.419250000000002,1.22173
-0.008729999999999998,14.705848,5.419250000000002,1.2217300000000006
-0.008729999999999998,14.715848,5.419250000000002,1.22173
-0.008729999999999998,14.725848,5.419250000000002,1.2217300000000006
-0.008729999999999998,14.735848,5.419250000000002,1.22173
-0.008729999999999998,14.745848,5.419250000000002,1.2217300000000006
-0.008729999999999998,14.755848,5.419250000000002,1.22173
-0.008729999999999998,14.764824,5.419250000000002,1.2217300000000006
-0.008729999999999998,14.774824,5.419250000000002,1.22173
-0.008729999999999998,14.784824,5.419250000000002,1.2217300000000006
-0.008729999999999998,14.794824,5.419250000000002,1.22173
-0.008729999999999998,14.804824,5.419250000000002,1.2217300000000006
-0.008729999999999998,14.814824,5.419250000000002,1.22173
-0.008729999999999998,14.824824,5.419250000000002,1.2217300000000006
-0.008729999999999998,14.834824,5.419250000000002,1.22173
-0.008729999999999998,14.844824,5.419250000000002,1.2217300000000006
-0.008729999999999998,14.854824,5.419250000000002,1.22173
-0.008729999999999998,14.864824,5.419250000000002,1.2217300000000006
-0.008729999999999998,14.874824,5.419250000000002,1.22173
-0.008729999999999998,14.884824,5.419250000000002,1.2217300000000006
-0.008729999999999998,14.8938,5.419250000000002,1.22173
-0.008729999999999998,14.9038,5.419250000000002,1.2217300000000006
-0.008729999999999998,14.9138,5.419250000000002,1.22173
-0.008729999999999998,14.9238,5.419250000000002,1.2217300000000006
-0.008729999999999998,14.932776,5.419250000000002,1.22173
-0.008729999999999998,14.942776,5.419250000000002,1.2217300000000006
-0.008729999999999998,14.952776,5.419250000000002,1.22173
-0.008729999999999998,14.962776,5.419250000000002,1.2217300000000006
-0.008729999999999998,14.972776,5.419250000000002,1.22173
-0.008729999999999998,14.982776,5.419250000000002,1.2217300000000006
-0.008729999999999998,14.992776,5.419250000000002,1.22173
-0.07854349999999996,15.002776,5.419250000000002,1.2217300000000006
-0.14835699999999996,15.012776,5.419250000000002,1.22173
-0.21817049999999996,15.022776,5.419250000000002,1.2217300000000006
-0.28798399999999996,15.032776,5.419250000000002,1.22173
-0.3577975,15.042776,5.419250000000002,1.2217300000000006
-0.427611,15.052776,5.419250000000002,1.22173
-0.4974245,15.061752,5.419250000000002,1.2217300000000006
-0.567238,15.071752,5.419250000000002,1.22173
-0.6370515,15.081752,5.419250000000002,1.2217300000000006
-0.706865,15.091752,5.419250000000002,1.22173
-0.7766784999999999,15.100728,5.419250000000002,1.2217300000000006
-0.8464919999999998,15.110728,5.419250000000002,1.22173
-0.9163054999999999,15.120728,5.419250000000002,1.2217300000000006
-0.986119,15.130728,5.419250000000002,1.22173
-1.0559325,15.140728,5.419250000000002,1.2217300000000006
-1.1257460000000001,15.150728,5.419250000000002,1.22173
-1.1955595,15.160728,5.419250000000002,1.2217300000000006
-1.2653730000000003,15.170728,5.419250000000002,1.22173
-1.3351865000000003,15.180728,5.419250000000002,1.2217300000000006
-1.4050000000000002,15.190728,5.419250000000002,1.22173
-1.4050000000000002,15.200728,5.419250000000002,1.2217300000000006
-1.4050000000000002,15.210728,5.419250000000002,1.22173
-1.4050000000000002,15.220728,5.419250000000002,1.2217300000000006
-1.4050000000000002,15.229704,5.419250000000002,1.22173
-1.4050000000000002,15.239704,5.419250000000002,1.2217300000000006
-1.4050000000000002,15.249704,5.419250000000002,1.22173
-1.4050000000000002,15.259708,5.419250000000002,1.2217300000000006
-1.4050000000000002,15.269704,5.419250000000002,1.22173
-1.4050000000000002,15.279704,5.419250000000002,1.2217300000000006
-1.4050000000000002,15.289704,5.419250000000002,1.22173
-1.4050000000000002,15.299704,5.419250000000002,1.2217300000000006
-1.4050000000000002,15.309704,5.419250000000002,1.22173
-1.4050000000000002,15.319704,5.419250000000002,1.2217300000000006
-1.4050000000000002,15.329704,5.419250000000002,1.22173
-1.4046855000000003,15.339728,5.418936000000002,1.2217300000000006
-1.4031145000000003,15.349732,5.4173655000000025,1.22173
-1.3991875000000003,15.358708,5.413438500000002,1.2217300000000006
-1.3925115000000003,15.368708,5.4067630000000015,1.22173
-1.3839505000000003,15.378708,5.398202500000002,1.2217300000000006
-1.3746040000000006,15.388708,5.388856500000002,1.22173
-1.3651005000000005,15.397688,5.379353500000002,1.2217300000000006
-1.3553615000000006,15.407688,5.369614500000003,1.22173
-1.3444440000000004,15.417684,5.358697500000002,1.2217300000000006
-1.3317205000000005,15.427684,5.345974000000002,1.22173
-1.3168765000000004,15.43768,5.331130000000002,1.2217300000000006
-1.2992835000000005,15.447684,5.313537000000002,1.22173
-1.2787845000000004,15.457684,5.2930385000000015,1.2217300000000006
-1.2561650000000002,15.46768,5.270419000000001,1.22173
-1.2324460000000004,15.477684,5.246700000000001,1.2217300000000006
-1.2083340000000002,15.487688,5.2225885000000005,1.22173
-1.1839080000000002,15.497684,5.198163000000001,1.2217300000000006
-1.1586180000000001,15.507684,5.172873500000001,1.22173
-1.1316000000000002,15.51768,5.145856000000001,1.2217300000000006
-1.1023045000000002,15.526656,5.116561000000001,1.22173
-1.0707315000000002,15.536656,5.084988000000001,1.2217300000000006
-1.0381375000000002,15.54666,5.0523940000000005,1.22173
-1.006564,15.55666,5.0208210000000015,1.2217300000000006
-0.9773470000000002,15.56564,4.9916040000000015,1.22173
-0.9500935,15.575616,4.964350500000001,1.2217300000000006
-0.9233115000000002,15.585632,4.937568500000001,1.22173
-0.8955870000000001,15.595648,4.909843500000001,1.2217300000000006
-0.866213,15.605632,4.880470000000001,1.22173
-0.8353470000000002,15.615636,4.849604,1.2217300000000006
-0.8033809999999999,15.625636,4.817638500000001,1.22173
-0.7717290000000001,15.635636,4.785987,1.2217300000000006
-0.7421980000000001,15.64564,4.756456,1.22173
-0.7154945000000001,15.65564,4.729752,1.2217300000000006
-0.690833,15.66564,4.7050905,1.22173
-0.6664855000000002,15.675636,4.680743500000001,1.2217300000000006
-0.6408815000000001,15.685632,4.655139500000001,1.22173
-0.6134710000000001,15.694608,4.627729000000001,1.2217300000000006
-0.584804,15.704608,4.5990615,1.22173
-0.5561370000000001,15.714612,4.570394500000001,1.2217300000000006
-0.5288835,15.724612,4.543141000000001,1.22173
-0.5040650000000001,15.733568,4.518322500000001,1.2217300000000006
-0.48152400000000006,15.74356,4.4957815000000005,1.22173
-0.4600045000000001,15.753584,4.474261500000001,1.2217300000000006
-0.4376205000000001,15.763588,4.451877500000001,1.22173
-0.41358750000000005,15.773588,4.427844,1.2217300000000006
-0.3888475,15.783588,4.4031035,1.22173
-0.36473550000000005,15.793588,4.378992,1.2217300000000006
-0.34243,15.803568,4.356686500000001,1.22173
-0.32279500000000005,15.81356,4.3370515,1.2217300000000006
-0.306066,15.82356,4.3203225000000005,1.22173
-0.290751,15.83358,4.305007000000001,1.2217300000000006
-0.2752,15.843588,4.2894565,1.22173
-0.25917749999999995,15.853592,4.2734345000000005,1.2217300000000006
-0.24315499999999998,15.862544,4.2574125,1.22173
-0.22791799999999998,15.872536,4.2421755,1.2217300000000006
-0.21433049999999998,15.882536,4.228587999999999,1.22173
-0.2028635,15.89254,4.217120999999999,1.2217300000000006
-0.193203,15.90256,4.207460999999999,1.22173
-0.1840925,15.912564,4.198349999999999,1.2217300000000006
-0.1741965,15.92256,4.188453999999999,1.22173
-0.16343650000000004,15.932564,4.177693999999999,1.2217300000000006
-0.15244100000000002,15.942544,4.166698499999999,1.22173
-0.14175950000000004,15.952536,4.156017499999999,1.2217300000000006
-0.13233500000000006,15.962536,4.146592999999998,1.22173
-0.12448100000000002,15.972536,4.138739499999999,1.2217300000000006
-0.11764800000000003,15.982536,4.131906999999998,1.22173
-0.11128650000000002,15.992536,4.1255454999999985,1.2217300000000006
-0.10500349999999999,16.002536,4.119262499999999,1.22173
-0.09872049999999999,16.012536,4.112979499999999,1.2217300000000006
-0.0924375,16.022536,4.106696499999999,1.22173
-0.086547,16.031512,4.100806499999999,1.2217300000000006
-0.0815205,16.041512,4.095779999999999,1.22173
-0.077044,16.051512,4.091303499999999,1.2217300000000006
-0.07264599999999999,16.061512,4.086905499999999,1.22173
-0.06824799999999999,16.071512,4.082507499999999,1.2217300000000006
-0.06384999999999999,16.081512,4.078109499999999,1.22173
-0.059451999999999984,16.091512,4.0737115,1.2217300000000006
-0.05536799999999999,16.101512,4.0696275,1.22173
-0.05246199999999999,16.111512,4.066722,1.2217300000000006
-0.05120549999999999,16.121512,4.0654655,1.22173
-0.05096999999999999,16.131512,4.06523,1.2217300000000006
-0.05096999999999999,16.141512,4.06523,1.22173
-0.05096999999999999,16.151512,4.06523,1.2217300000000006
-0.05096999999999999,16.160488,4.06523,1.22173
-0.05096999999999999,16.170488,4.06523,1.2217300000000006
-0.05096999999999999,16.180488,4.06523,1.22173
-0.05096999999999999,16.190488,4.06523,1.2217300000000006
-0.05096999999999999,16.199464,4.06523,1.22173
-0.05096999999999999,16.209464,4.06523,1.2217300000000006
-0.05096999999999999,16.219464,4.06523,1.22173
-0.05096999999999999,16.229464,4.06523,1.2217300000000006
-0.05096999999999999,16.239464,4.06523,1.22173
-0.05096999999999999,16.249464,4.06523,1.2217300000000006
-0.05096999999999999,16.259464,4.06523,1.22173
-0.05096999999999999,16.269464,4.06523,1.2217300000000006
-0.05096999999999999,16.279464,4.06523,1.22173
-0.05096999999999999,16.289464,4.06523,1.2217300000000006
-0.05096999999999999,16.299464,4.06523,1.22173
-0.05096999999999999,16.309464,4.06523,1.2217300000000006
-0.05096999999999999,16.319464,4.06523,1.22173
-0.05096999999999999,16.32844,4.06523,1.2217300000000006
-0.05096999999999999,16.33844,4.06523,1.22173
-0.05096999999999999,16.34844,4.06523,1.2217300000000006
-0.05065549999999999,16.358464,4.0649155,1.22173
-0.04924149999999999,16.367444,4.0635015,1.2217300000000006
-0.04664949999999999,16.376416,4.0609095,1.22173
-0.043428999999999995,16.38642,4.057688999999999,1.2217300000000006
-0.0400515,16.396424,4.0543115,1.22173
-0.036752499999999994,16.4064,4.0510125,1.2217300000000006
-0.0334535,16.416392,4.0477134999999995,1.22173
-0.030154499999999997,16.426392,4.0444145,1.2217300000000006
-0.0268555,16.436392,4.0411155,1.22173
-0.0235565,16.446392,4.037816500000001,1.2217300000000006
-0.020257499999999998,16.456392,4.034517500000001,1.22173
-0.016958499999999998,16.466392,4.0312185000000005,1.2217300000000006
-0.013659499999999998,16.476392,4.027919500000001,1.22173
-0.010360499999999996,16.486392,4.024620500000001,1.2217300000000006
-0.007061500000000004,16.495368,4.021321500000002,1.22173
-0.0037625000000000007,16.505368,4.018022500000002,1.2217300000000006
-0.00046349999999999874,16.515368,4.014723500000001,1.22173
0.002835500000000001,16.525372,4.011424500000001,1.2217300000000006
0.0061345,16.535368,4.008125500000001,1.22173
0.0094335,16.545368,4.004826500000002,1.2217300000000006
0.012417999999999998,16.555368,4.001842000000002,1.22173
0.014303000000000003,16.565368,3.9999570000000015,1.2217300000000006
0.015010000000000004,16.575368,3.9992500000000017,1.22173
0.015088500000000003,16.585368,3.9991715000000023,1.2217300000000006
0.015010000000000003,16.595368,3.999250000000002,1.22173
0.015010000000000003,16.605368,3.999250000000002,1.2217300000000006
0.015010000000000003,16.615368,3.999250000000002,1.22173
0.015010000000000003,16.625368,3.999250000000002,1.2217300000000006
0.015010000000000003,16.635368,3.999250000000002,1.22173
0.015010000000000003,16.645368,3.999250000000002,1.2217300000000006
0.015010000000000003,16.655368,3.999250000000002,1.22173
0.015010000000000003,16.664344,3.999250000000002,1.2217300000000006
0.015010000000000003,16.674344,3.999250000000002,1.22173
0.015010000000000003,16.684344,3.999250000000002,1.2217300000000006
0.015010000000000003,16.694344,3.999250000000002,1.22173
0.015010000000000003,16.704344,3.999250000000002,1.2217300000000006
0.015010000000000003,16.714344,3.999250000000002,1.22173
0.015010000000000003,16.724344,3.999250000000002,1.2217300000000006
0.015010000000000003,16.734344,3.999250000000002,1.22173
0.015010000000000003,16.744344,3.999250000000002,1.2217300000000006
0.015010000000000003,16.754344,3.999250000000002,1.22173
0.015010000000000003,16.764344,3.999250000000002,1.2217300000000006
0.015010000000000003,16.774344,3.999250000000002,1.22173
0.015010000000000003,16.784344,3.999250000000002,1.2217300000000006
0.015010000000000003,16.79332,3.999250000000002,1.22173
0.015010000000000003,16.80332,3.999250000000002,1.2217300000000006
0.015010000000000003,16.81332,3.999250000000002,1.22173
0.015010000000000003,16.82332,3.999250000000002,1.2217300000000006
0.015010000000000003,16.832296,3.999250000000002,1.22173
0.015010000000000003,16.842296,3.999250000000002,1.2217300000000006
0.015010000000000003,16.852296,3.999250000000002,1.22173
0.015010000000000003,16.862296,3.999250000000002,1.2217300000000006
0.015010000000000003,16.872296,3.999250000000002,1.22173
0.015010000000000003,16.882296,3.999250000000002,1.2217300000000006
0.015010000000000003,16.892296,3.999250000000002,1.22173
0.015010000000000003,16.902296,3.999250000000002,1.2217300000000006
0.015010000000000003,16.912296,3.999250000000002,1.22173
0.015010000000000003,16.922296,3.999250000000002,1.2217300000000006
0.015010000000000003,16.932296,3.999250000000002,1.22173
0.015010000000000003,16.942296,3.999250000000002,1.2217300000000006
0.015010000000000003,16.952296,3.999250000000002,1.22173
0.015010000000000003,16.961272,3.999250000000002,1.2217300000000006
0.015010000000000003,16.971272,3.999250000000002,1.22173
0.015010000000000003,16.981272,3.999250000000002,1.2217300000000006
0.015010000000000003,16.991272,3.999250000000002,1.22173
-0.14643299999999992,17.000248,3.999250000000002,1.2217300000000006
-0.3078759999999999,17.010248,3.999250000000002,1.22173
-0.46908349999999993,17.020272,3.999014500000002,1.2217300000000006
-0.6293484999999999,17.030276,3.997836500000002,1.22173
-0.7878069999999999,17.040276,3.9948520000000016,1.2217300000000006
-0.9436739999999999,17.05028,3.9892755000000015,1.22173
-1.0966349999999998,17.06028,3.9807930000000016,1.2217300000000006
-1.2463755,17.07028,3.969090500000001,1.22173
-1.3922675,17.080276,3.953539500000001,1.2217300000000006
-1.53384,17.089252,3.9336690000000005,1.22173
-1.6706215000000002,17.099256,3.9090075000000013,1.2217300000000006
-1.8022195,17.109256,3.8791625000000014,1.22173
-1.9283195,17.119256,3.843819500000001,1.2217300000000006
-2.0486865,17.128232,3.8027430000000013,1.22173
-2.1630055,17.138228,3.7556190000000016,1.2217300000000006
-2.270963,17.148228,3.702133500000001,1.22173
-2.3726375,17.158232,3.642364500000001,1.2217300000000006
-2.4677930000000003,17.168228,3.576077000000001,1.22173
-2.5559585,17.178228,3.5027995000000005,1.2217300000000006
-2.6372125000000004,17.188228,3.4226105000000007,1.22173
-2.549955,17.198228,3.335353,1.2217300000000006
-2.45555,17.208228,3.2409480000000004,1.22173
-2.3543905000000005,17.218228,3.1397885000000003,1.2217300000000006
-2.246948,17.228228,3.0323460000000004,1.22173
-2.134008,17.238228,2.9194055000000003,1.2217300000000006
-2.0162765,17.248228,2.8016745000000003,1.22173
-1.8938325000000003,17.257204,2.679231,1.2217300000000006
-1.7669125,17.267204,2.5523105000000004,1.22173
-1.6361440000000003,17.277204,2.4215420000000005,1.2217300000000006
-1.5019195,17.287204,2.2873175,1.22173
-1.3645535,17.29618,2.1499515,1.2217300000000006
-1.2244384999999998,17.30618,2.0098365,1.22173
-1.0828315,17.31618,1.8682295,1.2217300000000006
-0.9423235000000002,17.32618,1.7277220000000004,1.22173
-0.8059,17.33618,1.5912985000000002,1.2217300000000006
-0.6760735,17.34618,1.461472,1.22173
-0.5541794999999999,17.35618,1.3395785,1.2217300000000006
-0.4410035,17.36618,1.2264025,1.22173
-0.337802,17.37618,1.1232010000000001,1.2217300000000006
-0.245125,17.38618,1.030524,1.22173
-0.163365,17.39618,0.9487639999999999,1.2217300000000006
-0.093072,17.40618,0.8784709999999999,1.22173
-0.03455999999999998,17.41618,0.8199589999999999,1.2217300000000006
0.011464499999999997,17.425156,0.7739344999999999,1.22173
0.04555100000000001,17.435156,0.7398484999999999,1.2217300000000006
0.06982000000000002,17.445156,0.7155794999999999,1.22173
0.08654900000000004,17.45516,0.6988504999999998,1.2217300000000006
0.09738750000000004,17.464136,0.688012,1.22173
0.10319950000000006,17.474136,0.6821999999999999,1.2217300000000006
0.10453450000000004,17.484132,0.6808645000000001,1.22173
0.10162850000000001,17.494132,0.6837705000000001,1.2217300000000006
0.09479550000000002,17.504132,0.6906034999999999,1.22173
0.08544950000000003,17.514132,0.6999495,1.2217300000000006
0.0753965,17.524132,0.7100025000000001,1.22173
0.065265,17.534132,0.720134,1.2217300000000006
0.055054500000000006,17.544136,0.7303440000000001,1.22173
0.0450015,17.553112,0.740397,1.2217300000000006
0.034712500000000014,17.563108,0.7506855,1.22173
0.024031000000000004,17.573108,0.7613669999999999,1.2217300000000006
0.013271000000000022,17.583108,0.7721270000000001,1.22173
0.0023539999999999993,17.592084,0.783044,1.2217300000000006
-0.00871999999999999,17.602084,0.794118,1.22173
-0.01893,17.612084,0.8043279999999999,1.2217300000000006
-0.025762999999999998,17.622084,0.8111610000000001,1.22173
-0.027569499999999997,17.63106,0.8129675000000001,1.2217300000000006
-0.024978,17.64004,0.810376,1.22173
-0.019637500000000002,17.650036,0.8050355,1.2217300000000006
-0.012883,17.660036,0.7982814999999999,1.22173
-0.005107499999999999,17.670052,0.7905059999999999,1.2217300000000006
0.0036105000000000048,17.679012,0.7817884999999999,1.22173
0.01319250000000001,17.689012,0.7722064999999999,1.2217300000000006
0.022853000000000016,17.699012,0.762546,1.22173
0.030157000000000017,17.709012,0.755242,1.2217300000000006
0.03345550000000002,17.717988,0.7519435,1.22173
0.03345550000000002,17.727988,0.7519435,1.2217300000000006
0.031728000000000006,17.737988,0.7536714999999999,1.22173
0.028900500000000003,17.747988,0.7564989999999999,1.2217300000000006
0.025209500000000003,17.756964,0.7601905,1.22173
0.021046999999999996,17.766964,0.764353,1.2217300000000006
0.016256000000000007,17.776964,0.7691435,1.22173
0.010679499999999995,17.786968,0.7747195,1.2217300000000006
0.005338500000000001,17.796964,0.7800604999999999,1.22173
0.0017255000000000013,17.805944,0.7836734999999999,1.2217300000000006
0.00015450000000000134,17.815944,0.7852444999999999,1.22173
-0.00031650000000000065,17.825944,0.7857154999999999,1.2217300000000006
-0.00031650000000000065,17.83594,0.7857154999999999,1.22173
7.599999999999916e-05,17.844916,0.7853224999999999,1.2217300000000006
0.0007829999999999992,17.854916,0.7846154999999999,1.22173
0.0018824999999999992,17.864916,0.783516,1.2217300000000006
0.0033750000000000065,17.874916,0.7820235,1.22173
0.004396000000000009,17.883892,0.7810025,1.2217300000000006
0.0032179999999999995,17.893896,0.7821805,1.22173
-0.0005519999999999848,17.903896,0.78595,1.2217300000000006
-0.006128499999999992,17.913892,0.7915260000000001,2.87939
-0.012726000000000001,17.922868,0.7981235,1.3046130000000007
-0.020108999999999988,17.932868,0.8055064999999999,2.87939
-0.028355499999999995,17.942868,0.8137529999999998,1.3874960000000007
-0.037309,17.952868,0.8227064999999998,2.87939
-0.04602700000000001,17.962868,0.8314244999999998,1.4703790000000008
-0.0519175,17.972848,0.8373149999999999,2.87939
-0.052466999999999986,17.982864,0.8378649999999999,1.5532620000000008
-0.04720450000000001,17.992868,0.8326024999999998,2.87939
-0.0373085,18.002868,0.8227064999999998,1.6361450000000006
-0.024584999999999996,18.011852,0.8099829999999999,2.87939
-0.009976999999999993,18.021844,0.7953744999999999,1.7190280000000007
0.006123500000000007,18.031844,0.7792735,2.87939
0.02261700000000001,18.04186,0.7627804999999999,1.8019110000000005
0.03722550000000001,18.05082,0.748172,2.87939
0.04712150000000001,18.06082,0.7382759999999999,1.8847940000000005
0.05034150000000002,18.07082,0.735056,2.87939
0.046650000000000004,18.08082,0.7387475000000001,1.9676770000000006
0.0378535,18.089796,0.7475440000000001,2.87939
0.02599399999999999,18.099796,0.7594035,2.0505600000000004
0.012014000000000004,18.109796,0.7733840000000001,2.87939
-0.0031439999999999997,18.119796,0.7885420000000001,2.1334430000000006
-0.016809999999999995,18.129796,0.8022080000000001,2.87939
-0.026156499999999985,18.139796,0.8115545000000002,2.2163260000000005
-0.029847999999999986,18.149796,0.815246,2.87939
-0.027648999999999993,18.1598,0.8130470000000001,2.2992090000000007
-0.02097299999999999,18.169796,0.8063715,2.87939
-0.011234000000000003,18.178772,0.7966325,2.3820920000000005
0.0010964999999999933,18.188772,0.7843019999999999,2.87939
0.014684000000000003,18.198772,0.7707145000000001,2.464975000000001
0.026936,18.208772,0.758462,2.87939
0.0352615,18.217748,0.750137,2.5478580000000006
0.038089,18.227752,0.7473100000000001,2.87939
0.035104500000000004,18.237756,0.7502945000000001,2.6307410000000004
0.027564500000000006,18.247748,0.7578345,2.87939
0.0171975,18.256724,0.7682015,2.7136240000000007
0.004867000000000001,18.266724,0.780532,2.87939
-0.00824899999999999,18.276724,0.7936480000000001,2.7965070000000005
-0.019715999999999997,18.286724,0.805115,2.87939
-0.026941499999999997,18.296724,0.812341,2.879390000000001
-0.028198000000000015,18.306724,0.8135975000000001,2.87939
-0.023328499999999995,18.316724,0.808728,2.879390000000001
-0.014060500000000007,18.326724,0.79946,2.87939
-0.001965499999999985,18.336724,0.7873644999999999,2.879390000000001
0.012643000000000001,18.3457,0.772756,2.87939
0.028586499999999994,18.3557,0.7568125,2.879390000000001
0.043116499999999995,18.3657,0.7422825000000001,2.87939
0.05348350000000001,18.3757,0.7319154999999999,2.879390000000001
0.05780300000000001,18.384676,0.7275955000000001,2.87939
0.055918,18.394676,0.7294805,2.879390000000001
0.049477999999999994,18.404676,0.735921,2.87939
0.0401315,18.414676,0.7452670000000001,2.879390000000001
0.02827199999999999,18.424688,0.7571265,2.87939
0.014056499999999998,18.434676,0.7713420000000001,2.879390000000001
-0.0011800000000000046,18.444676,0.7865785000000001,2.87939
-0.014846000000000005,18.454676,0.8002445,2.879390000000001
-0.02403550000000001,18.464676,0.8094340000000001,2.87939
-0.0276485,18.474676,0.8130470000000001,2.879390000000001
-0.026863000000000005,18.484676,0.8122615,2.87939
-0.023564500000000013,18.494676,0.8089625,2.879390000000001
-0.018695000000000007,18.504676,0.804093,2.87939
-0.012097999999999998,18.513652,0.7974960000000002,2.879390000000001
-0.0038515000000000008,18.523652,0.7892495,2.87939
0.004788000000000001,18.533652,0.7806105000000001,2.879390000000001
0.010914,18.543632,0.7744845000000002,2.87939
0.012642,18.55262,0.7727565000000001,2.879390000000001
0.010756999999999997,18.562628,0.7746415000000001,2.87939
0.0065945000000000005,18.572628,0.778804,2.879390000000001
0.0010970000000000008,18.582628,0.7843020000000002,2.87939
-0.005500500000000002,18.592628,0.7908995000000001,2.879390000000001
-0.013354500000000004,18.602628,0.7987535,2.87939
-0.022308000000000005,18.612628,0.807707,2.879390000000001
-0.031183000000000006,18.622628,0.816582,2.87939
-0.03715200000000001,18.632608,0.822551,2.879390000000001
-0.03848750000000001,18.642624,0.8238865,2.87939
-0.036053,18.652632,0.8214519999999998,2.879390000000001
-0.031262000000000005,18.662628,0.8166609999999999,2.87939
-0.025214499999999997,18.672628,0.8106129999999999,2.879390000000001
-0.01846,18.681604,0.8038585,2.87939
-0.01068450000000001,18.691612,0.7960834999999999,2.879390000000001
-0.0017310000000000062,18.701604,0.7871299999999999,2.87939
0.007143999999999991,18.711604,0.7782549999999999,2.879390000000001
0.01334849999999998,18.720584,0.7720505,2.87939
0.014997999999999996,18.730588,0.7704009999999999,2.879390000000001
0.012955999999999985,18.74058,0.772443,2.87939
0.009185999999999991,18.75058,0.7762129999999999,2.879390000000001
0.004551999999999986,18.76058,0.780847,2.87939
-0.0008670000000000081,18.77058,0.7862659999999999,2.879390000000001
-0.0072289999999999984,18.78058,0.7926274999999999,2.87939
-0.014532999999999997,18.79058,0.7999314999999999,2.879390000000001
-0.021758499999999993,18.80058,0.8071569999999998,2.87939
-0.026234999999999994,18.80956,0.8116339999999997,2.879390000000001
-0.02607799999999999,18.81956,0.8114764999999999,2.87939
-0.02238699999999999,18.82956,0.8077849999999999,2.879390000000001
-0.016967499999999993,18.839556,0.8023654999999998,2.87939
-0.010526999999999993,18.848532,0.795925,2.879390000000001
-0.0033800000000000045,18.858532,0.7887775,2.87939
0.004709999999999995,18.868532,0.780688,2.879390000000001
0.01397749999999999,18.878532,0.7714199999999999,2.87939
0.023166999999999986,18.887508,0.7622304999999999,2.879390000000001
0.029685999999999997,18.897512,0.7557115,2.87939
0.031649500000000004,18.907512,0.7537479999999999,2.879390000000001
0.029607499999999995,18.917508,0.7557899999999999,2.87939
0.02520899999999998,18.927508,0.760188,2.879390000000001
0.01963249999999999,18.937508,0.7657645,2.87939
0.013035499999999981,18.947508,0.7723614999999999,2.879390000000001
0.0052599999999999895,18.957508,0.7801364999999999,2.87939
-0.003458000000000016,18.967508,0.7888544999999999,2.879390000000001
-0.011940000000000001,18.976484,0.797337,2.87939
-0.01735950000000001,18.986484,0.8027565,2.879390000000001
-0.01783100000000001,18.996484,0.8032279999999998,2.87939
0.0770975,19.006484,0.7999294999999998,2.879390000000001
0.1742255,19.01546,0.794432,2.87939
0.27221700000000004,19.02546,0.7880704999999999,2.879390000000001
0.36942300000000006,19.03546,0.7824939999999998,2.87939
0.4646655,19.045464,0.7788809999999998,2.879390000000001
0.5568449999999999,19.05546,0.7783314999999998,2.87939
0.6449405,19.06544,0.7818659999999998,2.879390000000001
0.728324,19.075432,0.7901129999999998,2.87939
0.8075445000000001,19.085432,0.8025224999999999,2.879390000000001
0.884723,19.095432,0.816974,2.87939
0.9622945000000002,19.105432,0.8310325,2.879390000000001
1.0418295000000002,19.115432,0.8431275,2.87939
1.1241920000000003,19.125432,0.8523955,2.879390000000001
1.2097745000000002,19.135432,0.858443,2.87939
1.2988910000000002,19.145432,0.8609564999999999,2.879390000000001
1.3920920000000003,19.155432,0.8593859999999998,2.87939
1.4898480000000003,19.165432,0.8532599999999999,2.879390000000001
1.5915310000000005,19.175432,0.8432069999999998,2.87939
1.6947065000000003,19.184408,0.8316614999999997,2.879390000000001
1.7970180000000004,19.194408,0.8209799999999998,2.87939
1.8057360000000005,19.204408,0.8122619999999998,2.879390000000001
1.8116265000000003,19.214408,0.8063714999999997,2.87939
1.8147685000000005,19.224408,0.8032299999999998,2.879390000000001
1.8162610000000006,19.234408,0.8017379999999998,2.87939
1.8168110000000006,19.244408,0.8011884999999999,2.879390000000001
1.8168900000000006,19.254408,0.8011099999999998,2.87939
1.8168900000000006,19.264408,0.8011099999999998,2.879390000000001
1.8168900000000006,19.274408,0.8011099999999998,2.87939
1.8168900000000006,19.284408,0.8011099999999998,2.879390000000001
1.8168900000000006,19.294408,0.8011099999999998,2.87939
1.8168900000000006,19.304408,0.8011099999999998,2.879390000000001
1.8168900000000006,19.313384,0.8011099999999998,2.87939
1.8168900000000006,19.323384,0.8011099999999998,2.879390000000001
1.8168900000000006,19.333384,0.8011099999999998,2.87939
1.8168900000000006,19.343384,0.8011099999999998,2.879390000000001
1.8168900000000006,19.35236,0.8011099999999998,2.87939
1.8168900000000006,19.36236,0.8011099999999998,2.879390000000001
1.8168900000000006,19.37236,0.8011099999999998,2.87939
1.8168900000000006,19.38236,0.8011099999999998,2.879390000000001
1.8168900000000006,19.39236,0.8011099999999998,2.87939
1.8168900000000006,19.40236,0.8011099999999998,2.879390000000001
1.8168900000000006,19.41236,0.8011099999999998,2.87939
1.8168900000000006,19.42236,0.8011099999999998,2.879390000000001
1.8168900000000006,19.43236,0.8011099999999998,2.87939
1.8168900000000006,19.44236,0.8011099999999998,2.879390000000001
1.8168900000000006,19.45236,0.8011099999999998,2.87939
1.8168900000000006,19.46236,0.8011099999999998,2.879390000000001
1.8168900000000006,19.47236,0.8011099999999998,2.87939
1.8168900000000006,19.481336,0.8011099999999998,2.879390000000001
1.8168900000000006,19.491336,0.8011099999999998,2.87939
1.8168900000000006,19.501336,0.8011099999999998,2.879390000000001
1.8165755000000006,19.51136,0.8014239999999998,2.87939
1.8150830000000004,19.520344,0.8029159999999997,2.879390000000001
1.8117840000000005,19.529316,0.8062144999999998,2.87939
1.8071500000000005,19.539316,0.8108484999999996,2.879390000000001
1.8022020000000003,19.549316,0.8157964999999998,2.87939
1.7970965000000003,19.559316,0.8209014999999997,2.879390000000001
1.7910485000000003,19.56932,0.8269489999999998,2.87939
1.7831945000000002,19.579316,0.8348029999999999,2.879390000000001
1.7730625,19.589316,0.8449344999999999,2.87939
1.7601815000000003,19.599316,0.857815,2.879390000000001
1.7439235000000002,19.608292,0.8740725,2.87939
1.7241310000000003,19.618292,0.8938645,2.879390000000001
1.7012755000000004,19.628296,0.9167195,2.87939
1.6765350000000003,19.638296,0.9414594999999999,2.879390000000001
1.6509310000000004,19.647268,0.9670634999999997,2.87939
1.6250910000000003,19.657268,0.9929029999999998,2.879390000000001
1.599094,19.667268,1.0188994999999998,2.87939
1.5721545000000001,19.677272,1.0458385000000001,2.879390000000001
1.5436445,19.687272,1.0743485,2.87939
1.5126995,19.697268,1.105293,2.879390000000001
1.4793985000000003,19.707268,1.1385939999999999,2.87939
1.4449195000000001,19.717272,1.1730729999999998,2.879390000000001
1.409655,19.727272,1.2083374999999998,2.87939
1.3726625000000001,19.737272,1.2453294999999998,2.879390000000001
1.332764,19.747272,1.2852275,2.87939
1.2902740000000001,19.757272,1.3277174999999997,2.879390000000001
1.246763,19.767272,1.3712285,2.87939
1.2041940000000002,19.776248,1.413797,2.879390000000001
1.1638245000000003,19.786244,1.4541665,2.87939
1.126047,19.796244,1.491944,2.879390000000001
1.0906255,19.806244,1.5273655,2.87939
1.057089,19.815224,1.5609019999999998,2.879390000000001
1.0241809999999998,19.82522,1.59381,2.87939
0.9901734999999997,19.83522,1.6278175,2.879390000000001
0.9548304999999998,19.845224,1.6631604999999998,2.87939
0.9182309999999998,19.85522,1.6997599999999995,2.879390000000001
0.8801389999999998,19.86522,1.737852,2.87939
0.841262,19.875224,1.7767294999999999,2.879390000000001
0.802149,19.88522,1.8158419999999997,2.87939
0.7635075000000001,19.895224,1.8544834999999997,2.879390000000001
0.7261225000000002,19.90522,1.8918685000000002,2.8793
0.6904655000000002,19.91522,1.927526,2.8793855000000006
0.6570075000000002,19.92522,1.9609839999999998,2.8793
0.6256700000000002,19.93522,1.9923215,2.8793810000000004
0.5956680000000002,19.944196,2.0223240000000002,2.8793
0.5660585000000001,19.9542,2.0519335,2.8793765000000007
0.5361350000000001,19.9642,2.0818575000000004,2.8793
0.5051120000000001,19.9742,2.1128810000000002,2.8793720000000005
0.4729895,19.983176,2.145004,2.8793
0.44086650000000005,19.993172,2.177127,2.8793675000000007
0.41000050000000005,20.003176,2.2079935,2.8793
0.3805480000000001,20.013172,2.237446,2.8793630000000006
0.35305900000000007,20.023172,2.264935,2.8793
0.32847600000000005,20.033176,2.2895185000000002,2.8793585000000004
0.30624900000000005,20.043176,2.311745,2.8793
0.2852005,20.053172,2.3327940000000003,2.8793540000000006
0.26493750000000005,20.063168,2.3530575000000002,2.8793
0.24585200000000007,20.072148,2.3721425000000003,2.8793495000000005
0.22857300000000005,20.082152,2.3894215000000005,2.8793
0.21333599999999997,20.092128,2.4046585,2.8793450000000007
0.19919900000000001,20.102144,2.4187955000000003,2.8793
0.18521900000000002,20.111124,2.4327755,2.8793405000000005
0.171553,20.121128,2.4464415,2.8793
0.158987,20.131128,2.4590080000000003,2.8793360000000003
0.1482265,20.141128,2.469768,2.8793
0.138723,20.1501,2.4792715000000003,2.8793315000000006
0.1292195,20.160104,2.4887745,2.8793
0.1190875,20.170104,2.498906,2.8793270000000004
0.10816999999999999,20.1801,2.5098230000000004,2.8793
0.0965465,20.1901,2.521447,2.8793225000000007
0.084687,20.199076,2.5333065000000006,2.8793
0.0732205,20.209056,2.5447735000000007,2.8793180000000005
0.06222499999999999,20.219048,2.5557695000000007,2.8793
0.05130799999999999,20.229048,2.5666865000000008,2.8793135000000003
0.040234,20.238024,2.5777610000000006,2.8793
0.029474000000000014,20.248024,2.5885210000000005,2.8793090000000006
0.01957800000000001,20.258024,2.598417000000001,2.8793
0.010232,20.268024,2.607763500000001,2.8793045000000004
0.0008859999999999966,20.277,2.6171100000000007,2.8793
-0.008538500000000003,20.287,2.6265350000000005,2.8793000000000006
-0.01764900000000001,20.297,2.635646000000001,2.8793
-0.026288500000000006,20.307004,2.644285500000001,2.8793000000000006
-0.034849,20.317,2.6528465000000008,2.8793
-0.043566999999999995,20.327,2.6615645000000008,2.8793000000000006
-0.05220599999999999,20.337,2.6702040000000014,2.8793
-0.0597455,20.347,2.677744000000001,2.8793000000000006
-0.06500750000000001,20.357,2.683006500000001,2.8793
-0.0676775,20.365976,2.685677000000001,2.8793000000000006
-0.068384,20.375976,2.6863840000000008,2.8793
-0.06822700000000001,20.385976,2.6862270000000006,2.8793000000000006
-0.06807,20.395976,2.686070000000001,2.8793
-0.06807,20.404952,2.686070000000001,2.8793000000000006
-0.06807,20.414952,2.686070000000001,2.8793
-0.06807,20.424952,2.686070000000001,2.8793000000000006
-0.06807,20.434952,2.686070000000001,2.8793
-0.06807,20.443928,2.686070000000001,2.8793000000000006
-0.06807,20.453928,2.686070000000001,2.8793
-0.06807,20.463928,2.686070000000001,2.8793000000000006
-0.06807,20.473928,2.686070000000001,2.8793
-0.06807,20.483928,2.686070000000001,2.8793000000000006
-0.06807,20.493928,2.686070000000001,2.8793
-0.06807,20.503928,2.686070000000001,2.8793000000000006
-0.06807,20.513928,2.686070000000001,2.8793
-0.06807,20.523928,2.686070000000001,2.8793000000000006
-0.06807,20.532904,2.686070000000001,2.8793
-0.06807,20.542904,2.686070000000001,2.8793000000000006
-0.06807,20.552904,2.686070000000001,2.8793
-0.06807,20.562904,2.686070000000001,2.8793000000000006
-0.06807,20.57188,2.686070000000001,2.8793
-0.06807,20.58188,2.686070000000001,2.8793000000000006
-0.06807,20.59188,2.686070000000001,2.8793
-0.06807,20.60188,2.686070000000001,2.8793000000000006
-0.06807,20.610856,2.686070000000001,2.8793
-0.06807,20.620856,2.686070000000001,2.8793000000000006
-0.06807,20.630856,2.686070000000001,2.8793
-0.06807,20.640856,2.686070000000001,2.8793000000000006
-0.06807,20.650856,2.686070000000001,2.8793
-0.06807,20.660856,2.686070000000001,2.8793000000000006
-0.06807,20.670856,2.686070000000001,2.8793
-0.06807,20.680856,2.686070000000001,2.8793000000000006
-0.06807,20.690856,2.686070000000001,2.8793
-0.06807,20.700856,2.686070000000001,2.8793000000000006
-0.06807,20.710856,2.686070000000001,2.8793
-0.06807,20.720856,2.686070000000001,2.8793000000000006
-0.06807,20.730856,2.686070000000001,2.8793
-0.06807,20.739832,2.686070000000001,2.8793000000000006
-0.06807,20.749832,2.686070000000001,2.8793
-0.06807,20.759832,2.686070000000001,2.8793000000000006
-0.06807,20.769832,2.686070000000001,2.8793
-0.06807,20.778808,2.686070000000001,2.8793000000000006
-0.06807,20.788808,2.686070000000001,2.8793
-0.06807,20.798808,2.686070000000001,2.8793000000000006
-0.06807,20.808808,2.686070000000001,2.8793
-0.06807,20.818808,2.686070000000001,2.8793000000000006
-0.06807,20.828808,2.686070000000001,2.8793
-0.06807,20.838808,2.686070000000001,2.8793000000000006
-0.06807,20.848808,2.686070000000001,2.8793
-0.06807,20.858808,2.686070000000001,2.8793000000000006
-0.06807,20.868808,2.686070000000001,2.8793
-0.06807,20.878808,2.686070000000001,2.8793000000000006
-0.06807,20.888808,2.686070000000001,2.8793
-0.06807,20.898808,2.686070000000001,2.8793000000000006
-0.06807,20.907784,2.686070000000001,2.8793
-0.06807,20.917784,2.686070000000001,2.8793000000000006
-0.06807,20.927784,2.686070000000001,2.8793
-0.06807,20.937788,2.686070000000001,2.8793000000000006
-0.06807,20.947784,2.686070000000001,2.8793
-0.06807,20.957784,2.686070000000001,2.8793000000000006
-0.06807,20.967784,2.686070000000001,2.8793
-0.06807,20.977784,2.686070000000001,2.8793000000000006
-0.06807,20.987784,2.686070000000001,2.8793
-0.06807,20.997784,2.686070000000001,2.8793000000000006
0.03664950000000001,21.007784,2.686070000000001,2.8793
0.14168350000000002,21.017808,2.685755500000001,2.8793000000000006
0.24710999999999994,21.027816,2.6850485000000006,2.8793
0.351908,21.036788,2.6849700000000007,2.8793000000000006
0.45521400000000034,21.046788,2.6863835000000007,2.8793
0.5566350000000003,21.056788,2.689682000000001,2.8793000000000006
0.6554639999999997,21.066792,2.695572500000001,2.8793
0.7509944999999997,21.075764,2.7047615000000005,2.8793000000000006
0.8426764999999996,21.085764,2.7177990000000007,2.8793
0.9300389999999997,21.095764,2.7351560000000004,2.8793000000000006
1.0126890000000004,21.105764,2.7572255000000006,2.8793
1.0902340000000004,21.115768,2.7844,2.8793000000000006
1.1622810000000001,21.125768,2.8170725,2.8793
1.2285160000000002,21.135768,2.855557,2.8793000000000006
1.2887035000000002,21.145764,2.900089,2.8793
1.3426080000000002,21.155764,2.950904,2.8793000000000006
1.3902290000000002,21.16474,3.0080025,2.8793
1.43141,21.17474,3.071541,2.8793000000000006
1.4659935000000002,21.18474,3.141677,2.8793
1.494058,21.19474,3.2183315,2.8793000000000006
1.4104130000000001,21.203716,3.3019765000000003,2.8793
1.3198565000000002,21.21372,3.3925330000000002,2.8793000000000006
1.2232525000000003,21.22372,3.4891370000000004,2.8793
1.1216220000000001,21.23372,3.5907675000000006,2.8793000000000006
1.015436,21.242692,3.6969535000000002,2.8793
0.9053230000000001,21.251672,3.8070665,2.8793000000000006
0.7931684999999998,21.261672,3.919221,2.8793
0.6810134999999999,21.271668,4.031376,2.8793000000000006
0.5702725,21.281664,4.142117,2.8793
0.46220150000000015,21.291664,4.2501880000000005,2.8793000000000006
0.35829350000000004,21.301648,4.354095999999999,2.8793
0.25980449999999994,21.311664,4.452584999999999,2.8793000000000006
0.16814850000000003,21.321668,4.5442409999999995,2.8793
0.08442500000000003,21.33064,4.6279639999999995,2.8793000000000006
0.009340999999999997,21.34064,4.703048,2.8793
-0.056239999999999984,21.350644,4.768629,2.8793000000000006
-0.11184599999999996,21.360648,4.824235000000001,2.8793
-0.15684949999999998,21.369624,4.869238500000001,2.8793000000000006
-0.1906215,21.379624,4.903010500000001,2.8793
-0.21269100000000002,21.389624,4.9250805,2.8793000000000006
-0.222194,21.399624,4.9345835000000005,2.8793
-0.220309,21.4086,4.932698500000001,2.8793000000000006
-0.2103345,21.417572,4.9227240000000005,2.8793
-0.19462650000000004,21.427572,4.907016,2.8793000000000006
-0.1741275,21.437568,4.886517,2.8793
-0.149623,21.447568,4.8620125,2.8793000000000006
-0.1227625,21.457572,4.835152000000001,2.8793
-0.095666,21.467572,4.8080555,2.8793000000000006
-0.0698265,21.477576,4.782216000000001,2.8793
-0.046499999999999986,21.487576,4.7588895,2.8793000000000006
-0.027257999999999984,21.496564,4.7396475,2.8793
-0.012884999999999978,21.506552,4.7252745,2.8793000000000006
-0.003459999999999977,21.516548,4.7158495,2.8793
0.0014095000000000218,21.526544,4.71098,2.8793000000000006
0.0020380000000000203,21.535524,4.710351500000001,2.8793
-0.00141749999999998,21.545524,4.713807,2.8793000000000006
-0.008328999999999975,21.555524,4.720718499999999,2.8793
-0.017988999999999974,21.565524,4.7303785,2.8793000000000006
-0.02992699999999998,21.575524,4.7423165,2.8793
-0.044299499999999985,21.585532,4.756689,2.8793000000000006
-0.06118549999999998,21.595524,4.773575,2.8793
-0.07924949999999999,21.605528,4.791639,2.8793000000000006
-0.095507,21.615528,4.8078965,2.8793
-0.10705200000000002,21.624504,4.8194415,2.8793000000000006
-0.1122355,21.634504,4.824625,2.8793
-0.11113550000000001,21.644504,4.823525,2.8793000000000006
-0.10555900000000001,21.654504,4.8179485,2.8793
-0.09707650000000001,21.663476,4.8094660000000005,2.8793000000000006
-0.0863165,21.673472,4.798706,2.8793
-0.07375000000000001,21.683476,4.7861395,2.8793000000000006
-0.05969100000000002,21.693476,4.7720805,2.8793
-0.044533,21.702456,4.7569225,2.8793000000000006
-0.029060499999999996,21.712456,4.7414499999999995,2.8793
-0.014137499999999996,21.722452,4.7265275,2.8793000000000006
-0.0007070000000000105,21.732452,4.713097,2.8793
0.010759999999999997,21.742452,4.701630000000001,2.8793000000000006
0.0208135,21.752452,4.6915765,2.8793
0.0300025,21.762452,4.6823875,2.8793000000000006
0.038642,21.772448,4.673748000000001,2.8793
0.04696699999999999,21.782452,4.665422500000001,2.8793000000000006
0.05513499999999999,21.791428,4.657254000000001,2.8793
0.0632245,21.801432,4.6491645,2.8793000000000006
0.07115699999999998,21.811432,4.641232,2.8793
0.07799000000000002,21.821428,4.634399,2.8793000000000006
0.08136750000000001,21.830404,4.6310215,2.8793
0.079561,21.840404,4.632828,2.8793000000000006
0.073749,21.8504,4.6386400000000005,2.8793
0.06581649999999999,21.860404,4.6465725,2.8793000000000006
0.055999,21.86938,4.6563895,2.8793
0.04468950000000001,21.87836,4.667699,2.8793000000000006
0.03243700000000001,21.88836,4.6799515000000005,1.7453
0.019478,21.89836,4.6929105,2.8226000000000004
0.006911499999999994,21.908356,4.705477,1.7453
-0.0033770000000000067,21.918356,4.7157655,2.7659000000000002
-0.009817500000000007,21.928356,4.722206,1.7453
-0.012409500000000006,21.938356,4.724798000000001,2.7092000000000005
-0.012331000000000009,21.948356,4.724719500000001,1.7453
-0.010760000000000007,21.957328,4.7231485,2.6525000000000003
-0.008404000000000007,21.967328,4.720791999999999,1.7453
-0.005183500000000007,21.977332,4.717572,2.5958000000000006
-0.000942000000000005,21.987336,4.713330999999999,1.7453
0.004162999999999995,21.996312,4.708226,2.5391000000000004
0.00903250000000001,22.006312,4.7033565,1.7453
0.011938499999999996,22.016312,4.7004505,2.4824
0.01272350000000001,22.026308,4.6996649999999995,1.7453
0.01233050000000001,22.035284,4.700057499999999,2.4257000000000004
0.01091700000000001,22.04426,4.701471000000001,1.7453
0.008560500000000004,22.05426,4.703827499999999,2.369
0.005969000000000001,22.064264,4.7064195,1.7453
0.003141499999999997,22.074268,4.709247,2.3123
-0.00015700000000000853,22.08324,4.7125455,1.7453
-0.0037700000000000095,22.09324,4.716158,2.2556000000000003
-0.008089500000000008,22.103236,4.7204775,1.7453
-0.014137500000000006,22.113232,4.7265255,2.1989
-0.022462500000000014,22.122212,4.734850499999999,1.7453
-0.032594000000000005,22.132212,4.744982,2.1422000000000003
-0.043904000000000006,22.142212,4.756292000000001,1.7453
-0.055763499999999994,22.152208,4.768151500000001,2.0855
-0.06809399999999999,22.161184,4.7804825000000015,1.7453
-0.08121,22.171184,4.793598500000002,2.0288
-0.09503300000000002,22.181188,4.807421500000002,1.7453
-0.10948400000000001,22.191192,4.821872500000001,1.9721000000000002
-0.12346400000000002,22.201204,4.835852500000001,1.7453
-0.13430250000000002,22.211192,4.846691000000001,1.9154
-0.13948600000000003,22.221192,4.851875000000001,1.7453
-0.13822900000000002,22.231192,4.850618500000001,1.8587
-0.1318675,22.241188,4.844257000000002,1.7453
-0.12228550000000003,22.251184,4.834675000000001,1.802
-0.1105045,22.261196,4.822894000000002,1.7453
-0.09683850000000001,22.271184,4.809228000000001,1.7453
-0.08128750000000001,22.281188,4.7936770000000015,1.7453
-0.064401,22.290164,4.776791000000001,1.7453
-0.047672000000000006,22.300164,4.7600620000000005,1.7453
-0.03235650000000001,22.310168,4.744746500000001,1.7453
-0.018926000000000012,22.320164,4.7313160000000005,1.7453
-0.0073805000000000225,22.32914,4.719770500000001,1.7453
0.0028299999999999896,22.33912,4.709560000000001,1.7453
0.011783499999999995,22.349136,4.7006065,1.7453
0.019087999999999997,22.35914,4.693302,1.7453
0.0249,22.36914,4.6874899999999995,1.7453
0.029533999999999994,22.379136,4.682856,1.7453
0.033068,22.38914,4.679322,1.7453
0.0354245,22.39914,4.6769655000000006,1.7453
0.03668099999999999,22.409144,4.675709,1.7453
0.03613149999999999,22.418116,4.676258499999999,1.7453
0.0325185,22.428116,4.6798715,1.7453
0.026157,22.438116,4.6862330000000005,1.7453
0.017910500000000003,22.448116,4.6944795,1.7453
0.008249999999999992,22.457092,4.70414,1.7453
-0.0023530000000000027,22.467092,4.714743,1.7453
-0.013426999999999998,22.477092,4.725817,1.7453
-0.024108499999999995,22.487088,4.7364985,1.7453
-0.033062,22.496064,4.745452,1.7453
-0.0386385,22.506068,4.751028499999999,1.7453
-0.039424,22.516068,4.7518139999999995,1.7453
-0.0354185,22.526064,4.7478085,1.7453
-0.027800000000000005,22.536064,4.740189999999999,1.7453
-0.017040000000000003,22.545044,4.72943,1.7453
-0.0028245000000000024,22.555048,4.715214499999999,1.74533
0.013825500000000003,22.565044,4.698563999999999,1.7453015
0.030083,22.575044,4.682306499999999,1.74533
0.0431995,22.58402,4.6691899999999995,1.7453030000000003
0.0513675,22.594016,4.661022,1.74533
0.0534095,22.604016,4.6589795,1.7453045000000005
0.04924699999999999,22.61402,4.663142,1.74533
0.040136500000000006,22.622996,4.672252499999999,1.7453060000000005
0.027884000000000006,22.633,4.6845045,1.74533
0.015238999999999997,22.642996,4.697149499999999,1.7453075000000002
0.005028999999999999,22.652996,4.7073595,1.74533
-0.0008614999999999999,22.661972,4.7132499999999995,1.7453090000000004
-0.0013330000000000024,22.670948,4.7137215,1.7453
0.003772000000000002,22.680948,4.7086165,1.7453090000000004
0.014139000000000002,22.690948,4.698249,1.74533
0.0287475,22.700952,4.6836405,1.7453105000000004
0.045398,22.709924,4.66699,1.7453
0.06134150000000001,22.719928,4.6510465,1.7453105000000004
0.07406450000000002,22.729924,4.638323,1.7453
0.081447,22.739924,4.63094,1.7453105000000004
0.08207550000000001,22.7489,4.6303115,1.7453
0.07610650000000001,22.7589,4.636280999999999,1.7453105000000004
0.064954,22.768904,4.6474335,1.7453
0.0501885,22.778904,4.662199,1.7453105000000004
0.033616499999999994,22.787876,4.678771,1.7453
0.017280499999999997,22.797876,4.6951075,1.7453105000000004
0.0033784999999999926,22.807876,4.709009,1.7453
-0.006125,22.81788,4.718512,1.7453105000000004
-0.00997349999999999,22.827876,4.7223605,1.7453
-0.008716999999999996,22.836852,4.7211039999999995,1.7453105000000004
-0.003925999999999994,22.846852,4.7163129999999995,1.7453
0.0035349999999999965,22.856856,4.7088515,1.7453105000000004
0.013116999999999998,22.866856,4.699269499999999,1.7453
0.023641500000000006,22.875828,4.688745,1.7453105000000004
0.032516500000000004,22.885828,4.679870499999999,1.7453
0.036914999999999996,22.895828,4.675471999999999,1.7453105000000004
0.0361295,22.905824,4.676257499999999,1.7453
0.03126,22.914804,4.681126999999999,1.7453105000000004
0.023720500000000002,22.924804,4.688667,1.7453
0.014531500000000001,22.934808,4.697856499999999,1.7453105000000004
0.004007000000000003,22.944808,4.708381,1.7453
-0.007066999999999999,22.95378,4.719455,1.7453090000000004
-0.016805999999999998,22.96378,4.729194,1.7453
-0.0229325,22.97378,4.7353205,1.7453075000000002
-0.024267499999999997,22.983796,4.7366555,1.7453
-0.02128300000000001,22.99378,4.733671,1.7453060000000002
-0.23340149999999996,23.00378,4.7276235,1.7453
-0.4432424999999997,23.01378,4.719298500000001,1.7453045
-0.6512769999999999,23.023784,4.709167,1.7453
-0.8578190000000006,23.033788,4.6975430000000005,1.7453030000000003
-1.0628690000000005,23.04276,4.6844269999999995,1.7453
-1.2667405000000005,23.05276,4.670133,1.7453015
-1.4695915000000006,23.06276,4.6548175,1.7453
-1.6704005000000006,23.07276,4.637460499999999,1.7453015
-1.8669680000000008,23.081736,4.615862,1.7453
-2.0570170000000005,23.091736,4.587745,1.7453
-2.2392120000000006,23.101736,4.551773999999999,1.7453
-2.4122175000000006,23.111732,4.506613499999999,1.7453
-2.5748560000000005,23.120708,4.451085999999999,1.7453
-2.7274415000000007,23.130708,4.385504999999999,1.7453
-2.8703665000000007,23.140712,4.310263999999999,1.7453
-3.0040235000000006,23.150712,4.2257549999999995,1.7453
-3.1295125000000006,23.160712,4.133077999999999,1.7453
-3.248247,23.170708,4.0336465,1.7453
-3.3621909999999993,23.180712,3.9294244999999997,1.7453
-3.473150500000001,23.190712,3.8222175000000003,1.7453
-3.3635875,23.200712,3.7126545,1.7453
-3.2518249999999997,23.209688,3.6008925000000005,1.7453
-3.1385705,23.219688,3.4876380000000005,1.7453
-3.0250019999999997,23.229684,3.3740695000000005,1.7453
-2.9116690000000003,23.239684,3.2607365,1.7453
-2.7984145000000002,23.24866,3.1474820000000006,1.7453
-2.6856310000000003,23.25866,3.0346990000000003,1.7453
-2.5742615000000004,23.26866,2.9233295000000004,1.7453
-2.4643845,23.27866,2.8134520000000003,1.7453
-2.3555284999999997,23.287636,2.7045955000000004,1.7453
-2.2480074999999995,23.296612,2.5970745,1.7453
-2.142843,23.306612,2.4919095,1.7453
-2.0405054999999996,23.316624,2.3895720000000007,1.7453
-1.939896,23.326612,2.2889625000000002,1.7453
-1.839679,23.336612,2.1887455000000005,1.7453
-1.7400120000000001,23.346612,2.0890785000000003,1.7453
-1.6423085000000002,23.356612,1.9913750000000001,1.7453
-1.5477465,23.366616,1.8968130000000003,1.7453
-1.4559335000000002,23.375592,1.8049995000000003,1.7453
-1.3659265000000003,23.385588,1.7149930000000002,1.7453
-1.278276,23.395588,1.6273425000000001,1.7453
-1.193767,23.405588,1.5428335,1.7453
-1.112007,23.414568,1.4610735000000001,1.7453
-1.0323675,23.424564,1.381434,1.7453
-0.955163,23.434564,1.3042295,1.7453
-0.8818070000000001,23.444568,1.2308735000000002,1.7453
-0.812928,23.454568,1.1619939999999997,1.7453
-0.7473470000000001,23.464568,1.0964129999999999,1.7453
-0.6845150000000001,23.474568,1.0335809999999999,1.7453
-0.6256100000000001,23.484564,0.9746765000000002,1.7453
-0.5711035000000001,23.494564,0.9201695000000001,1.7453
-0.519974,23.504564,0.8690400000000003,1.7453
-0.47182949999999996,23.514568,0.8208950000000002,1.7453
-0.42768999999999996,23.524568,0.7767555000000002,1.7453
-0.38857749999999996,23.534544,0.7376425000000001,1.7453
-0.35449149999999996,23.544536,0.7035560000000001,1.7453
-0.3240964999999999,23.55456,0.6731610000000001,1.7453
-0.2955864999999999,23.564564,0.6446510000000001,1.7453
-0.2684899999999999,23.574564,0.6175550000000001,1.7453
-0.24359299999999992,23.583544,0.592658,1.7453
-0.2211305,23.59354,0.570196,1.7453
-0.20102450000000005,23.60352,0.55009,1.7453
-0.1832745,23.613536,0.5323399999999999,1.7453
-0.16764500000000002,23.623544,0.5167105,1.7453
-0.1539005,23.63352,0.502966,1.7453
-0.1412555,23.643512,0.490321,1.7453
-0.1290815,23.653512,0.47814749999999995,1.7453
-0.1180075,23.663512,0.4670735000000001,1.7453
-0.108504,23.673512,0.45757050000000005,1.7453
-0.09986450000000001,23.683512,0.4489310000000001,1.7453
-0.091539,23.693512,0.44060600000000005,1.7453
-0.083999,23.703512,0.4330665,1.7453
-0.07771549999999999,23.712488,0.4267835,1.7453
-0.071825,23.722512,0.42089299999999996,1.7453
-0.0653845,23.73252,0.41445299999999996,1.7453
-0.058629999999999995,23.742496,0.407699,1.7453
-0.05218999999999999,23.751464,0.401259,1.7453
-0.04700649999999999,23.761464,0.39607549999999997,1.7453
-0.043629499999999995,23.771464,0.3926985,1.7453
-0.0414305,23.781464,0.3904995,1.7453
-0.039466999999999995,23.791464,0.388536,1.7453
-0.03742499999999999,23.801464,0.386494,1.7453
-0.03561849999999999,23.811464,0.384688,1.7453
-0.03420499999999999,23.821464,0.38327449999999996,1.7453
-0.0329485,23.831464,0.38201799999999997,1.7453
-0.03169199999999999,23.841464,0.3807615,1.7453
-0.03043549999999999,23.851464,0.3795049999999999,1.7453
-0.029178999999999997,23.861464,0.37824849999999993,1.7453
-0.027922499999999996,23.871464,0.37699199999999994,1.7453
-0.026665999999999995,23.88044,0.37573549999999994,1.7453
-0.025409499999999998,23.89044,0.37447899999999995,1.7453
-0.024152999999999994,23.90044,0.37322249999999996,1.7453
-0.022896499999999997,23.91044,0.37196599999999996,1.7453
-0.021953999999999998,23.919416,0.37102399999999996,1.7453
-0.021639999999999996,23.929416,0.37070999999999993,1.7453
-0.021639999999999996,23.939416,0.37070999999999993,1.7453
-0.021639999999999996,23.949416,0.37070999999999993,1.7453
-0.021639999999999996,23.959416,0.37070999999999993,1.7453
-0.021639999999999996,23.969416,0.37070999999999993,1.7453
-0.021639999999999996,23.979416,0.37070999999999993,1.7453
-0.021639999999999996,23.989416,0.37070999999999993,1.7453
-0.021639999999999996,23.999416,0.37070999999999993,1.7453
-0.021639999999999996,24.009416,0.37070999999999993,1.7453
