0.0,0.010056,0.0,0.0
0.0,0.020056,0.0,0.0
0.0,0.030056,0.0,0.0
0.0,0.040056,0.0,0.0
0.0,0.050056,0.0,0.0
0.0,0.060056,0.0,0.0
0.0,0.070056,0.0,0.0
0.0,0.080056,0.0,0.0
0.0,0.090056,0.0,0.0
0.0,0.100056,0.0,0.0
0.0,0.110056,0.0,0.0
0.0,0.120056,0.0,0.0
0.0,0.130056,0.0,0.0
0.0,0.140056,0.0,0.0
0.0,0.150056,0.0,0.0
0.0,0.160056,0.0,0.0
0.0,0.170056,0.0,0.0
0.0,0.180056,0.0,0.0
0.0,0.190056,0.0,0.0
0.0,0.200056,0.0,0.0
0.0,0.210056,0.0,0.0
0.0,0.220056,0.0,0.0
0.0,0.230056,0.0,0.0
0.0,0.240056,0.0,0.0
0.0,0.250056,0.0,0.0
0.0,0.260056,0.0,0.0
0.0,0.270056,0.0,0.0
0.0,0.280056,0.0,0.0
0.0,0.290056,0.0,0.0
0.0,0.300056,0.0,0.0
0.0,0.310056,0.0,0.0
0.0,0.320056,0.0,0.0
0.0,0.330056,0.0,0.0
0.0,0.340056,0.0,0.0
0.0,0.350056,0.0,0.0
0.0,0.360056,0.0,0.0
0.0,0.370056,0.0,0.0
0.0,0.380056,0.0,0.0
0.0,0.390056,0.0,0.0
0.0,0.400056,0.0,0.0
0.0,0.410056,0.0,0.0
0.0,0.420056,0.0,0.0
0.0,0.430056,0.0,0.0
0.0,0.440056,0.0,0.0
0.0,0.450056,0.0,0.0
0.0,0.460056,0.0,0.0
0.0,0.470056,0.0,0.0
0.0,0.480056,0.0,0.0
0.0,0.490056,0.0,0.0
0.0,0.500056,0.0,0.0
0.0,0.510056,0.0,0.0
0.0,0.520056,0.0,0.0
0.0,0.530056,0.0,0.0
0.0,0.540056,0.0,0.0
0.0,0.550056,0.0,0.0
0.0,0.560056,0.0,0.0
0.0,0.570056,0.0,0.0
0.0,0.580056,0.0,0.0
0.0,0.590056,0.0,0.0
0.0,0.600056,0.0,0.0
0.0,0.610056,0.0,0.0
0.0,0.620056,0.0,0.0
0.0,0.630056,0.0,0.0
0.0,0.64006,0.0,0.0
0.0,0.650056,0.0,0.0
0.0,0.660056,0.0,0.0
0.0,0.670056,0.0,0.0
0.0,0.680056,0.0,0.0
0.0,0.690056,0.0,0.0
0.0,0.700056,0.0,0.0
0.0,0.710056,0.0,0.0
0.0,0.720056,0.0,0.0
0.0,0.730056,0.0,0.0
0.0,0.740056,0.0,0.0
0.0,0.750056,0.0,0.0
0.0,0.760056,0.0,0.0
0.0,0.770056,0.0,0.0
0.0,0.780056,0.0,0.0
0.0,0.790056,0.0,0.0
0.0,0.800056,0.0,0.0
0.0,0.810056,0.0,0.0
0.0,0.820056,0.0,0.0
0.0,0.830056,0.0,0.0
0.0,0.840056,0.0,0.0
0.0,0.850056,0.0,0.0
0.0,0.860056,0.0,0.0
0.0,0.870056,0.0,0.0
0.0,0.880056,0.0,0.0
0.0,0.890056,0.0,0.0
0.0,0.900056,0.0,0.0
0.0,0.910056,0.0,0.0
0.0,0.920056,0.0,0.0
0.0,0.930056,0.0,0.0
0.0,0.940056,0.0,0.0
0.0,0.950056,0.0,0.0
0.0,0.960056,0.0,0.0
0.0,0.970056,0.0,0.0
0.0,0.980056,0.0,0.0
0.0,0.990056,0.0,0.0
0.0,1.000056,0.0,0.0
0.0,1.010056,0.0,0.0
0.0,1.020056,0.0,0.0
0.0,1.030056,0.0,0.0
0.0,1.040056,0.0,0.0
0.0,1.050056,0.0,0.0
0.0,1.060056,0.0,0.0
0.0,1.070056,0.0,0.0
0.0,1.080056,0.0,0.0
0.0,1.090056,0.0,0.0
0.0,1.100056,0.0,0.0
0.0,1.110056,0.0,0.0
0.0,1.120056,0.0,0.0
0.0,1.130056,0.0,0.0
0.0,1.140056,0.0,0.0
0.0,1.150056,0.0,0.0
0.0,1.160056,0.0,0.0
0.0,1.170056,0.0,0.0
0.0,1.180056,0.0,0.0
0.0,1.190056,0.0,0.0
0.0,1.200056,0.0,0.0
0.0,1.210056,0.0,0.0
0.0,1.220056,0.0,0.0
0.0,1.230056,0.0,0.0
0.0,1.240056,0.0,0.0
0.0,1.250056,0.0,0.0
0.0,1.260056,0.0,0.0
0.0,1.270056,0.0,0.0
0.0,1.28006,0.0,0.0
0.0,1.290056,0.0,0.0
0.0,1.300056,0.0,0.0
0.0,1.310056,0.0,0.0
0.0,1.320056,0.0,0.0
0.0,1.330056,0.0,0.0
0.0,1.340056,0.0,0.0
0.0,1.350056,0.0,0.0
0.0,1.360056,0.0,0.0
0.0,1.370056,0.0,0.0
0.0,1.380056,0.0,0.0
0.0,1.390056,0.0,0.0
0.0,1.400056,0.0,0.0
0.0,1.410056,0.0,0.0
0.0,1.420056,0.0,0.0
0.0,1.430056,0.0,0.0
0.0,1.440056,0.0,0.0
0.0,1.450056,0.0,0.0
0.0,1.460056,0.0,0.0
0.0,1.470056,0.0,0.0
0.0,1.480056,0.0,0.0
0.0,1.490056,0.0,0.0
0.0,1.500056,0.0,0.0
0.0,1.510056,0.0,0.0
0.0,1.520056,0.0,0.0
0.0,1.530056,0.0,0.0
0.0,1.540056,0.0,0.0
0.0,1.550056,0.0,0.0
0.0,1.560056,0.0,0.0
0.0,1.570056,0.0,0.0
0.0,1.580056,0.0,0.0
0.0,1.590056,0.0,0.0
0.0,1.600056,0.0,0.0
0.0,1.610056,0.0,0.0
0.0,1.620056,0.0,0.0
0.0,1.630056,0.0,0.0
0.0,1.640056,0.0,0.0
0.0,1.650056,0.0,0.0
0.0,1.660056,0.0,0.0
0.0,1.670056,0.0,0.0
0.0,1.680056,0.0,0.0
0.0,1.690056,0.0,0.0
0.0,1.700056,0.0,0.0
0.0,1.710056,0.0,0.0
0.0,1.720056,0.0,0.0
0.0,1.730056,0.0,0.0
0.0,1.740056,0.0,0.0
0.0,1.750056,0.0,0.0
0.0,1.760056,0.0,0.0
0.0,1.770056,0.0,0.0
0.0,1.780056,0.0,0.0
0.0,1.790056,0.0,0.0
0.0,1.800056,0.0,0.0
0.0,1.810056,0.0,0.0
0.0,1.820056,0.0,0.0
0.0,1.830056,0.0,0.0
0.0,1.840056,0.0,0.0
0.0,1.850056,0.0,0.0
0.0,1.860056,0.0,0.0
0.0,1.870056,0.0,0.0
0.0,1.880056,0.0,0.0
0.0,1.890056,0.0,0.0
0.0,1.900056,0.0,0.0
0.0,1.910056,0.0,0.0
0.0,1.92006,0.0,0.0
0.0,1.930056,0.0,0.0
0.0,1.940056,0.0,0.0
0.0,1.950056,0.0,0.0
0.0,1.960056,0.0,0.0
0.0,1.970056,0.0,0.0
0.0,1.980056,0.0,0.0
0.0,1.990056,0.0,0.0
0.0,2.000056,0.0,0.0
0.0,2.010056,0.0,0.0
0.0,2.020056,0.0,0.0
0.0,2.030056,0.0,0.0
0.0,2.040056,0.0,0.0
0.0,2.050056,0.0,0.0
0.0,2.060056,0.0,0.0
0.0,2.070056,0.0,0.0
0.0,2.080056,0.0,0.0
0.0,2.090056,0.0,0.0
0.0,2.100056,0.0,0.0
0.0,2.110056,0.0,0.0
0.0,2.120056,0.0,0.0
0.0,2.130056,0.0,0.0
0.0,2.140056,0.0,0.0
0.0,2.150056,0.0,0.0
0.0,2.160056,0.0,0.0
0.0,2.170056,0.0,0.0
0.0,2.180056,0.0,0.0
0.0,2.190056,0.0,0.0
0.0,2.200056,0.0,0.0
0.0,2.210056,0.0,0.0
0.0,2.220056,0.0,0.0
0.0,2.230056,0.0,0.0
0.0,2.240056,0.0,0.0
0.0,2.250056,0.0,0.0
0.0,2.260056,0.0,0.0
0.0,2.270056,0.0,0.0
0.0,2.280056,0.0,0.0
0.0,2.290056,0.0,0.0
0.0,2.300056,0.0,0.0
0.0,2.310056,0.0,0.0
0.0,2.320056,0.0,0.0
0.0,2.330056,0.0,0.0
0.0,2.340056,0.0,0.0
0.0,2.350056,0.0,0.0
0.0,2.360056,0.0,0.0
0.0,2.370056,0.0,0.0
0.0,2.380056,0.0,0.0
0.0,2.390056,0.0,0.0
0.0,2.400056,0.0,0.0
0.0,2.410056,0.0,0.0
0.0,2.420056,0.0,0.0
0.0,2.430056,0.0,0.0
0.0,2.440056,0.0,0.0
0.0,2.450056,0.0,0.0
0.0,2.460056,0.0,0.0
0.0,2.470056,0.0,0.0
0.0,2.480056,0.0,0.0
0.0,2.490056,0.0,0.0
0.0,2.500056,0.0,0.0
0.0,2.510056,0.0,0.0
0.0,2.520056,0.0,0.0
0.0,2.530056,0.0,0.0
0.0,2.540056,0.0,0.0
0.0,2.550056,0.0,0.0
0.0,2.56006,0.0,0.0
0.0,2.570056,0.0,0.0
0.0,2.580056,0.0,0.0
0.0,2.590056,0.0,0.0
0.0,2.600056,0.0,0.0
0.0,2.610056,0.0,0.0
0.0,2.620056,0.0,0.0
0.0,2.630056,0.0,0.0
0.0,2.640056,0.0,0.0
0.0,2.650056,0.0,0.0
0.0,2.660056,0.0,0.0
0.0,2.670056,0.0,0.0
0.0,2.680056,0.0,0.0
0.0,2.690056,0.0,0.0
0.0,2.700056,0.0,0.0
0.0,2.710056,0.0,0.0
0.0,2.720056,0.0,0.0
0.0,2.730056,0.0,0.0
0.0,2.740056,0.0,0.0
0.0,2.750056,0.0,0.0
0.0,2.760056,0.0,0.0
0.0,2.770056,0.0,0.0
0.0,2.780056,0.0,0.0
0.0,2.790056,0.0,0.0
0.0,2.800056,0.0,0.0
0.0,2.810056,0.0,0.0
0.0,2.820056,0.0,0.0
0.0,2.830056,0.0,0.0
0.0,2.840056,0.0,0.0
0.0,2.850056,0.0,0.0
0.0,2.860056,0.0,0.0
0.0,2.870056,0.0,0.0
0.0,2.880056,0.0,0.0
0.0,2.890056,0.0,0.0
0.0,2.900056,0.0,0.0
0.0,2.910056,0.0,0.0
0.0,2.920056,0.0,0.0
0.0,2.930056,0.0,0.0
0.0,2.940056,0.0,0.0
0.0,2.950056,0.0,0.0
0.0,2.960056,0.0,0.0
0.0,2.970056,0.0,0.0
0.0,2.980056,0.0,0.0
0.0,2.990056,0.0,0.0
0.0,3.000056,0.0,0.0
0.0,3.010056,0.0,0.0
0.0,3.020056,0.0,0.0
0.0,3.030056,0.0,0.0
0.0,3.040056,0.0,0.0
0.0,3.050056,0.0,0.0
0.0,3.060056,0.0,0.0
0.0,3.070056,0.0,0.0
0.0,3.080056,0.0,0.0
0.0,3.090056,0.0,0.0
0.0,3.100056,0.0,0.0
0.0,3.110056,0.0,0.0
0.0,3.120056,0.0,0.0
0.0,3.130056,0.0,0.0
0.0,3.140056,0.0,0.0
0.0,3.150056,0.0,0.0
0.0,3.160056,0.0,0.0
0.0,3.170056,0.0,0.0
0.0,3.180056,0.0,0.0
0.0,3.190056,0.0,0.0
0.0,3.20006,0.0,0.0
0.0,3.210056,0.0,0.0
0.0,3.220056,0.0,0.0
0.0,3.230056,0.0,0.0
0.0,3.240056,0.0,0.0
0.0,3.250056,0.0,0.0
0.0,3.260056,0.0,0.0
0.0,3.270056,0.0,0.0
0.0,3.280056,0.0,0.0
0.0,3.290056,0.0,0.0
0.0,3.300056,0.0,0.0
0.0,3.310056,0.0,0.0
0.0,3.320056,0.0,0.0
0.0,3.330056,0.0,0.0
0.0,3.340056,0.0,0.0
0.0,3.350056,0.0,0.0
0.0,3.360056,0.0,0.0
0.0,3.370056,0.0,0.0
0.0,3.380056,0.0,0.0
0.0,3.390056,0.0,0.0
0.0,3.400056,0.0,0.0
0.0,3.410056,0.0,0.0
0.0,3.420056,0.0,0.0
0.0,3.430056,0.0,0.0
0.0,3.440056,0.0,0.0
0.0,3.450056,0.0,0.0
0.0,3.460056,0.0,0.0
0.0,3.470056,0.0,0.0
0.0,3.480056,0.0,0.0
0.0,3.490056,0.0,0.0
0.0,3.500056,0.0,0.0
0.0,3.510056,0.0,0.0
0.0,3.520056,0.0,0.0
0.0,3.530056,0.0,0.0
0.0,3.540056,0.0,0.0
0.0,3.550056,0.0,0.0
0.0,3.560056,0.0,0.0
0.0,3.570056,0.0,0.0
0.0,3.580056,0.0,0.0
0.0,3.590056,0.0,0.0
0.0,3.600056,0.0,0.0
0.0,3.610056,0.0,0.0
0.0,3.620056,0.0,0.0
0.0,3.630056,0.0,0.0
0.0,3.640056,0.0,0.0
0.0,3.650056,0.0,0.0
0.0,3.660056,0.0,0.0
0.0,3.670056,0.0,0.0
0.0,3.680056,0.0,0.0
0.0,3.690056,0.0,0.0
0.0,3.700056,0.0,0.0
0.0,3.710056,0.0,0.0
0.0,3.720056,0.0,0.0
0.0,3.730056,0.0,0.0
0.0,3.740056,0.0,0.0
0.0,3.750056,0.0,0.0
0.0,3.760056,0.0,0.0
0.0,3.770056,0.0,0.0
0.0,3.780056,0.0,0.0
0.0,3.790056,0.0,0.0
0.0,3.800056,0.0,0.0
0.0,3.810056,0.0,0.0
0.0,3.820056,0.0,0.0
0.0,3.830056,0.0,0.0
0.0,3.84006,0.0,0.0
0.0,3.850056,0.0,0.0
0.0,3.860056,0.0,0.0
0.0,3.870056,0.0,0.0
0.0,3.880056,0.0,0.0
0.0,3.890056,0.0,0.0
0.0,3.900056,0.0,0.0
0.0,3.910056,0.0,0.0
0.0,3.920056,0.0,0.0
0.0,3.930056,0.0,0.0
0.0,3.940056,0.0,0.0
0.0,3.950056,0.0,0.0
0.0,3.960056,0.0,0.0
0.0,3.970056,0.0,0.0
0.0,3.980056,0.0,0.0
0.0,3.990056,0.0,0.0
0.0,4.000056,0.0,0.0
0.0,4.010056,0.0,0.0
0.0,4.020056,0.0,0.0
0.0,4.030056,0.0,0.0
0.0,4.040056,0.0,0.0
0.0,4.050056,0.0,0.0
0.0,4.060056,0.0,0.0
0.0,4.070056,0.0,0.0
0.0,4.080056,0.0,0.0
0.0,4.090056,0.0,0.0
0.0,4.100056,0.0,0.0
0.0,4.110056,0.0,0.0
0.0,4.120056,0.0,0.0
0.0,4.130056,0.0,0.0
0.0,4.140056,0.0,0.0
0.0,4.150056,0.0,0.0
0.0,4.160056,0.0,0.0
0.0,4.170056,0.0,0.0
0.0,4.180056,0.0,0.0
0.0,4.190056,0.0,0.0
0.0,4.200056,0.0,0.0
0.0,4.210056,0.0,0.0
0.0,4.220056,0.0,0.0
0.0,4.230056,0.0,0.0
0.0,4.240056,0.0,0.0
0.0,4.250056,0.0,0.0
0.0,4.260056,0.0,0.0
0.0,4.270056,0.0,0.0
0.0,4.280056,0.0,0.0
0.0,4.290056,0.0,0.0
0.0,4.300056,0.0,0.0
0.0,4.310056,0.0,0.0
0.0,4.320056,0.0,0.0
0.0,4.330056,0.0,0.0
0.0,4.340056,0.0,0.0
0.0,4.350056,0.0,0.0
0.0,4.360056,0.0,0.0
0.0,4.370056,0.0,0.0
0.0,4.380056,0.0,0.0
0.0,4.390056,0.0,0.0
0.0,4.400056,0.0,0.0
0.0,4.410056,0.0,0.0
0.0,4.420056,0.0,0.0
0.0,4.430056,0.0,0.0
0.0,4.440056,0.0,0.0
0.0,4.450056,0.0,0.0
0.0,4.460056,0.0,0.0
0.0,4.470056,0.0,0.0
0.0,4.48006,0.0,0.0
0.0,4.490056,0.0,0.0
0.0,4.500056,0.0,0.0
0.0,4.510056,0.0,0.0
0.0,4.520056,0.0,0.0
0.0,4.530056,0.0,0.0
0.0,4.540056,0.0,0.0
0.0,4.550056,0.0,0.0
0.0,4.560056,0.0,0.0
0.0,4.570056,0.0,0.0
0.0,4.580056,0.0,0.0
0.0,4.590056,0.0,0.0
0.0,4.600056,0.0,0.0
0.0,4.610056,0.0,0.0
0.0,4.620056,0.0,0.0
0.0,4.630056,0.0,0.0
0.0,4.640056,0.0,0.0
0.0,4.650056,0.0,0.0
0.0,4.660056,0.0,0.0
0.0,4.670056,0.0,0.0
0.0,4.680056,0.0,0.0
0.0,4.690056,0.0,0.0
0.0,4.700056,0.0,0.0
0.0,4.710056,0.0,0.0
0.0,4.720056,0.0,0.0
0.0,4.730056,0.0,0.0
0.0,4.740056,0.0,0.0
0.0,4.750056,0.0,0.0
0.0,4.760056,0.0,0.0
0.0,4.770056,0.0,0.0
0.0,4.780056,0.0,0.0
0.0,4.790056,0.0,0.0
0.0,4.800056,0.0,0.0
0.0,4.810056,0.0,0.0
0.0,4.820056,0.0,0.0
0.0,4.830056,0.0,0.0
0.0,4.840056,0.0,0.0
0.0,4.850056,0.0,0.0
0.0,4.860056,0.0,0.0
0.0,4.870056,0.0,0.0
0.0,4.880056,0.0,0.0
0.0,4.890056,0.0,0.0
0.0,4.900056,0.0,0.0
0.0,4.910056,0.0,0.0
0.0,4.920056,0.0,0.0
0.0,4.930056,0.0,0.0
0.0,4.940056,0.0,0.0
0.0,4.950056,0.0,0.0
0.0,4.960056,0.0,0.0
0.0,4.970056,0.0,0.0
0.0,4.980056,0.0,0.0
0.0,4.990056,0.0,0.0
0.02618,5.000056,0.0,0.0
0.050789,5.010072,0.001571,0.0
0.07084299999999999,5.02008,0.007697,0.0
0.084928,5.03008,0.019792,0.0
0.09288650000000001,5.04008,0.038013,0.0
0.09440500000000002,5.049072,0.06267450000000001,0.0
0.089326,5.059056,0.0939335,0.0
0.07835650000000001,5.06906,0.13108300000000003,0.0
0.06401,5.07906,0.17160950000000003,0.0
0.04895650000000001,5.088036,0.21284300000000003,0.0
0.034217,5.098036,0.25376200000000004,0.0
0.019635,5.10804,0.29452400000000006,0.0
0.004974000000000001,5.118016,0.33536450000000007,0.0
-0.009686999999999996,5.128008,0.3762050000000001,0.0
-0.024347999999999998,5.138008,0.41704550000000007,0.0
-0.039009,5.148008,0.45788600000000007,0.0
-0.053669999999999995,5.158008,0.4987265000000001,0.0
-0.06833100000000002,5.168008,0.5395670000000001,0.0
-0.08299200000000001,5.178008,0.5804075000000001,0.0
-0.09765299999999999,5.188008,0.6212480000000001,0.0
-0.13849399999999998,5.198008,0.6620885000000002,0.0
-0.17776399999999995,5.208008,0.7013580000000001,0.0
-0.21247899999999997,5.216984,0.7360725000000001,0.0
-0.24122499999999994,5.226984,0.7648180000000001,0.0
-0.2638445,5.236984,0.7874375000000002,0.0
-0.28002399999999994,5.246984,0.8036165000000001,0.0
-0.289606,5.25596,0.8131980000000001,0.0
-0.29329749999999993,5.26596,0.8168890000000002,0.0
-0.29361199999999993,5.27596,0.8172030000000001,0.0
-0.2932194999999999,5.28596,0.8168100000000001,0.0
-0.29314099999999993,5.29596,0.8167315,0.0
-0.2932199999999999,5.30596,0.8168100000000001,0.0
-0.2932199999999999,5.31596,0.8168100000000001,0.0
-0.2932199999999999,5.32596,0.8168100000000001,0.0
-0.2932199999999999,5.33596,0.8168100000000001,0.0
-0.2932199999999999,5.34596,0.8168100000000001,0.0
-0.2932199999999999,5.35596,0.8168100000000001,0.0
-0.2932199999999999,5.36596,0.8168100000000001,0.0
-0.2932199999999999,5.37596,0.8168100000000001,0.0
-0.2932199999999999,5.384936,0.8168100000000001,0.0
-0.2932199999999999,5.394936,0.8168100000000001,0.0
-0.2932199999999999,5.404936,0.8168100000000001,0.0
-0.2932199999999999,5.414936,0.8168100000000001,0.0
-0.2932199999999999,5.423912,0.8168100000000001,0.0
-0.2932199999999999,5.433912,0.8168100000000001,0.0
-0.2932199999999999,5.443912,0.8168100000000001,0.0
-0.2932199999999999,5.453912,0.8168100000000001,0.0
-0.2932199999999999,5.463912,0.8168100000000001,0.0
-0.2932199999999999,5.473912,0.8168100000000001,0.0
-0.2932199999999999,5.483912,0.8168100000000001,0.0
-0.2932199999999999,5.493912,0.8168100000000001,0.0
-0.2932199999999999,5.503912,0.8168100000000001,0.0
-0.2932199999999999,5.513912,0.8168100000000001,0.0
-0.2932199999999999,5.523912,0.8168100000000001,0.0
-0.2932199999999999,5.533912,0.8168100000000001,0.0
-0.2932199999999999,5.543912,0.8168100000000001,0.0
-0.2932199999999999,5.552888,0.8168100000000001,0.0
-0.2932199999999999,5.562888,0.8168100000000001,0.0
-0.2932199999999999,5.572888,0.8168100000000001,0.0
-0.2932199999999999,5.582888,0.8168100000000001,0.0
-0.2932199999999999,5.591864,0.8168100000000001,0.0
-0.2932199999999999,5.601864,0.8168100000000001,0.0
-0.2932199999999999,5.611864,0.8168100000000001,0.0
-0.2932199999999999,5.621864,0.8168100000000001,0.0
-0.2932199999999999,5.631864,0.8168100000000001,0.0
-0.2932199999999999,5.641864,0.8168100000000001,0.0
-0.2932199999999999,5.651864,0.8168100000000001,0.0
-0.2932199999999999,5.661864,0.8168100000000001,0.0
-0.2932199999999999,5.671864,0.8168100000000001,0.0
-0.2932199999999999,5.68084,0.8168100000000001,0.0
-0.2932199999999999,5.69084,0.8168100000000001,0.0
-0.2932199999999999,5.70084,0.8168100000000001,0.0
-0.2932199999999999,5.71084,0.8168100000000001,0.0
-0.2932199999999999,5.719816,0.8168100000000001,0.0
-0.2932199999999999,5.729816,0.8168100000000001,0.0
-0.2932199999999999,5.739816,0.8168100000000001,0.0
-0.2932199999999999,5.74982,0.8168100000000001,0.0
-0.2932199999999999,5.759816,0.8168100000000001,0.0
-0.2932199999999999,5.769816,0.8168100000000001,0.0
-0.2932199999999999,5.779816,0.8168100000000001,0.0
-0.2932199999999999,5.789816,0.8168100000000001,0.0
-0.2932199999999999,5.799816,0.8168100000000001,0.0
-0.2932199999999999,5.809816,0.8168100000000001,0.0
-0.2932199999999999,5.819816,0.8168100000000001,0.0
-0.2932199999999999,5.829816,0.8168100000000001,0.0
-0.2932199999999999,5.839816,0.8168100000000001,0.0
-0.2932199999999999,5.848792,0.8168100000000001,0.0
-0.2932199999999999,5.858792,0.8168100000000001,0.0
-0.2932199999999999,5.868792,0.8168100000000001,0.0
-0.2932199999999999,5.878792,0.8168100000000001,0.0
-0.2932199999999999,5.887768,0.8168100000000001,0.0
-0.2932199999999999,5.897768,0.8168100000000001,0.0
-0.2932199999999999,5.907768,0.8168100000000001,0.0
-0.2932199999999999,5.917768,0.8168100000000001,0.0
-0.2932199999999999,5.927768,0.8168100000000001,0.0
-0.2932199999999999,5.937768,0.8168100000000001,0.0
-0.2932199999999999,5.947768,0.8168100000000001,0.0
-0.2932199999999999,5.957768,0.8168100000000001,0.0
-0.2932199999999999,5.967768,0.8168100000000001,0.0
-0.2932199999999999,5.977768,0.8168100000000001,0.0
-0.2932199999999999,5.987768,0.8168100000000001,0.0
-0.2932199999999999,5.997768,0.8168100000000001,0.0
-0.2932199999999999,6.007768,0.8168100000000001,0.0
-0.2932199999999999,6.016744,0.8168100000000001,0.0
-0.2932199999999999,6.026744,0.8168100000000001,0.0
-0.2932199999999999,6.036744,0.8168100000000001,0.0
-0.2932199999999999,6.046744,0.8168100000000001,0.0
-0.2932199999999999,6.05572,0.8168100000000001,0.0
-0.2932199999999999,6.06572,0.8168100000000001,0.0
-0.2932199999999999,6.07572,0.8168100000000001,0.0
-0.2932199999999999,6.08572,0.8168100000000001,0.0
-0.2932199999999999,6.09572,0.8168100000000001,0.0
-0.2932199999999999,6.10572,0.8168100000000001,0.0
-0.2932199999999999,6.11572,0.8168100000000001,0.0
-0.2932199999999999,6.12572,0.8168100000000001,0.0
-0.2932199999999999,6.13572,0.8168100000000001,0.0
-0.2932199999999999,6.14572,0.8168100000000001,0.0
-0.2932199999999999,6.15572,0.8168100000000001,0.0
-0.2932199999999999,6.16572,0.8168100000000001,0.0
-0.2932199999999999,6.17572,0.8168100000000001,0.0
-0.2932199999999999,6.184696,0.8168100000000001,0.0
-0.2932199999999999,6.194696,0.8168100000000001,0.0
-0.2932199999999999,6.204696,0.8168100000000001,0.0
-0.2932199999999999,6.214696,0.8168100000000001,0.0
-0.2932199999999999,6.223672,0.8168100000000001,0.0
-0.2932199999999999,6.233672,0.8168100000000001,0.0
-0.2932199999999999,6.243672,0.8168100000000001,0.0
-0.2932199999999999,6.253672,0.8168100000000001,0.0
-0.2932199999999999,6.263672,0.8168100000000001,0.0
-0.2932199999999999,6.273672,0.8168100000000001,0.0
-0.2932199999999999,6.283672,0.8168100000000001,0.0
-0.2932199999999999,6.293672,0.8168100000000001,0.0
-0.2932199999999999,6.303672,0.8168100000000001,0.0
-0.2932199999999999,6.312648,0.8168100000000001,0.0
-0.2932199999999999,6.322648,0.8168100000000001,0.0
-0.2932199999999999,6.332648,0.8168100000000001,0.0
-0.2932199999999999,6.342648,0.8168100000000001,0.0
-0.2932199999999999,6.351624,0.8168100000000001,0.0
-0.2932199999999999,6.361624,0.8168100000000001,0.0
-0.2932199999999999,6.371624,0.8168100000000001,0.0
-0.2932199999999999,6.381628,0.8168100000000001,0.0
-0.2932199999999999,6.391624,0.8168100000000001,0.0
-0.2932199999999999,6.401624,0.8168100000000001,0.0
-0.2932199999999999,6.411624,0.8168100000000001,0.0
-0.2932199999999999,6.421624,0.8168100000000001,0.0
-0.2932199999999999,6.431624,0.8168100000000001,0.0
-0.2932199999999999,6.441624,0.8168100000000001,0.0
-0.2932199999999999,6.451624,0.8168100000000001,0.0
-0.2932199999999999,6.461624,0.8168100000000001,0.0
-0.2932199999999999,6.471624,0.8168100000000001,0.0
-0.2932199999999999,6.4806,0.8168100000000001,0.0
-0.2932199999999999,6.4906,0.8168100000000001,0.0
-0.2932199999999999,6.5006,0.8168100000000001,0.0
-0.2932199999999999,6.5106,0.8168100000000001,0.0
-0.2932199999999999,6.519576,0.8168100000000001,0.0
-0.2932199999999999,6.529576,0.8168100000000001,0.0
-0.2932199999999999,6.539576,0.8168100000000001,0.0
-0.2932199999999999,6.549576,0.8168100000000001,0.0
-0.2932199999999999,6.559576,0.8168100000000001,0.0
-0.2932199999999999,6.569576,0.8168100000000001,0.0
-0.2932199999999999,6.579576,0.8168100000000001,0.0
-0.2932199999999999,6.589576,0.8168100000000001,0.0
-0.2932199999999999,6.599576,0.8168100000000001,0.0
-0.2932199999999999,6.609576,0.8168100000000001,0.0
-0.2932199999999999,6.619576,0.8168100000000001,0.0
-0.2932199999999999,6.629576,0.8168100000000001,0.0
-0.2932199999999999,6.639576,0.8168100000000001,0.0
-0.2932199999999999,6.648552,0.8168100000000001,0.0
-0.2932199999999999,6.658552,0.8168100000000001,0.0
-0.2932199999999999,6.668552,0.8168100000000001,0.0
-0.2932199999999999,6.678552,0.8168100000000001,0.0
-0.2932199999999999,6.687528,0.8168100000000001,0.0
-0.2932199999999999,6.697528,0.8168100000000001,0.0
-0.2932199999999999,6.707528,0.8168100000000001,0.0
-0.2932199999999999,6.717528,0.8168100000000001,0.0
-0.2932199999999999,6.727528,0.8168100000000001,0.0
-0.2932199999999999,6.737528,0.8168100000000001,0.0
-0.2932199999999999,6.747528,0.8168100000000001,0.0
-0.2932199999999999,6.757528,0.8168100000000001,0.0
-0.2932199999999999,6.767528,0.8168100000000001,0.0
-0.2932199999999999,6.777528,0.8168100000000001,0.0
-0.2932199999999999,6.787528,0.8168100000000001,0.0
-0.2932199999999999,6.797528,0.8168100000000001,0.0
-0.2932199999999999,6.807528,0.8168100000000001,0.0
-0.2932199999999999,6.816504,0.8168100000000001,0.0
-0.2932199999999999,6.826504,0.8168100000000001,0.0
-0.2932199999999999,6.836504,0.8168100000000001,0.0
-0.2932199999999999,6.846504,0.8168100000000001,0.0
-0.2932199999999999,6.85548,0.8168100000000001,0.0
-0.2932199999999999,6.86548,0.8168100000000001,0.0
-0.2932199999999999,6.87548,0.8168100000000001,0.0
-0.2932199999999999,6.88548,0.8168100000000001,0.0
-0.2932199999999999,6.89548,0.8168100000000001,0.0
-0.2932199999999999,6.90548,0.8168100000000001,0.0
-0.2932199999999999,6.91548,0.8168100000000001,0.0
-0.2932199999999999,6.92548,0.8168100000000001,0.0
-0.2932199999999999,6.93548,0.8168100000000001,0.0
-0.2932199999999999,6.944456,0.8168100000000001,0.0
-0.2932199999999999,6.954456,0.8168100000000001,0.0
-0.2932199999999999,6.964456,0.8168100000000001,0.0
-0.2932199999999999,6.974456,0.8168100000000001,0.0
-0.2932199999999999,6.983432,0.8168100000000001,0.0
-0.2932199999999999,6.993432,0.8168100000000001,0.0
-0.25831299999999996,7.003432,0.8168100000000001,0.0
-0.22481999999999994,7.013456,0.8182240000000003,0.0
-0.19603949999999995,7.02346,0.8243505000000001,0.0
-0.17424899999999996,7.033468,0.8374670000000001,0.0
-0.15960549999999996,7.043468,0.8577305000000002,0.0
-0.15085249999999997,7.05346,0.8838845000000002,0.0
-0.1453195,7.06346,0.9132585000000001,0.0
-0.14033649999999998,7.072436,0.9431825,0.0
-0.13417549999999998,7.082436,0.9719285000000002,0.0
-0.1262865,7.092436,0.9989465000000002,0.0
-0.116905,7.10244,1.024472,0.0
-0.10595300000000002,7.111416,1.048427,0.0
-0.09264450000000002,7.121416,1.0700255,0.0
-0.07635150000000002,7.131416,1.0886395,0.0
-0.057702500000000004,7.141416,1.1048975,0.0
-0.038425,7.150388,1.120527,0.0
-0.019854500000000004,7.160388,1.1368635000000002,0.0
-0.0017550000000000046,7.170368,1.1536710000000001,0.0
0.016344499999999998,7.18036,1.1704785000000002,0.0
0.03444399999999999,7.19036,1.187286,0.0
0.017636499999999992,7.20036,1.2040935000000001,0.0
0.0022429999999999915,7.21036,1.2194870000000002,0.0
-0.008438000000000006,7.22036,1.2301680000000002,0.0
-0.012129000000000008,7.23036,1.2338590000000003,0.0
-0.008673000000000004,7.24036,1.2304030000000001,0.0
0.0006734999999999957,7.25036,1.2210565000000002,0.0
0.01324,7.26036,1.2084900000000003,0.0
0.026356499999999995,7.27036,1.1953735000000003,0.0
0.038295,7.279336,1.1834350000000002,0.0
0.04850550000000001,7.289336,1.1732245000000003,0.0
0.0572235,7.299336,1.1645065000000003,0.0
0.064371,7.309336,1.1573590000000002,0.0
0.069162,7.318312,1.1525680000000003,0.0
0.0709685,7.328312,1.1507615000000002,0.0
0.070419,7.338312,1.1513110000000002,0.0
0.069241,7.348312,1.152489,0.0
0.06877,7.358312,1.15296,0.0
0.06877,7.368312,1.15296,0.0
0.06877,7.378312,1.15296,0.0
0.06877,7.388312,1.15296,0.0
0.06877,7.398312,1.15296,0.0
0.06877,7.408312,1.15296,0.0
0.06877,7.418312,1.15296,0.0
0.06877,7.428312,1.15296,0.0
0.06877,7.438312,1.15296,0.0
0.06877,7.447288,1.15296,0.0
0.06877,7.457288,1.15296,0.0
0.06877,7.467288,1.15296,0.0
0.06877,7.477288,1.15296,0.0
0.06877,7.486264,1.15296,0.0
0.06877,7.496264,1.15296,0.0
0.06877,7.506264,1.15296,0.0
0.06877,7.516264,1.15296,0.0
0.06877,7.526264,1.15296,0.0
0.06877,7.536264,1.15296,0.0
0.06877,7.546264,1.15296,0.0
0.06877,7.556264,1.15296,0.0
0.06877,7.566264,1.15296,0.0
0.06877,7.57524,1.15296,0.0
0.06877,7.58524,1.15296,0.0
0.06877,7.59524,1.15296,0.0
0.06877,7.60524,1.15296,0.0
0.06877,7.614216,1.15296,0.0
0.06877,7.624216,1.15296,0.0
0.06877,7.634216,1.15296,0.0
0.06877,7.64422,1.15296,0.0
0.06877,7.654216,1.15296,0.0
0.06877,7.664216,1.15296,0.0
0.06877,7.674216,1.15296,0.0
0.06877,7.684216,1.15296,0.0
0.06877,7.694216,1.15296,0.0
0.06877,7.704216,1.15296,0.0
0.06877,7.714216,1.15296,0.0
0.06877,7.724216,1.15296,0.0
0.06877,7.734216,1.15296,0.0
0.06877,7.743192,1.15296,0.0
0.06877,7.753192,1.15296,0.0
0.06877,7.763192,1.15296,0.0
0.06877,7.773192,1.15296,0.0
0.06877,7.782168,1.15296,0.0
0.06877,7.792168,1.15296,0.0
0.06877,7.802168,1.15296,0.0
0.06877,7.812168,1.15296,0.0
0.06877,7.822168,1.15296,0.0
0.06877,7.832168,1.15296,0.0
0.06877,7.842168,1.15296,0.0
0.06877,7.852168,1.15296,0.0
0.06877,7.862168,1.15296,0.0
0.06877,7.872168,1.15296,0.0
0.06877,7.882168,1.15296,0.0
0.06877,7.892168,1.15296,0.0
0.06877,7.902168,1.15296,0.0
0.06877,7.911144,1.15296,0.0
0.06877,7.921144,1.15296,0.0
0.06877,7.931144,1.15296,0.0
0.06877,7.941144,1.15296,0.0
0.06877,7.95012,1.15296,0.0
0.06877,7.96012,1.15296,0.0
0.06877,7.97012,1.15296,0.0
0.06877,7.98012,1.15296,0.0
0.06877,7.99012,1.15296,0.0
0.06877,8.00012,1.15296,0.0
0.06877,8.01012,1.15296,0.0
0.06877,8.02012,1.15296,0.0
0.06877,8.03012,1.15296,0.0
0.06877,8.04012,1.15296,0.0
0.06877,8.05012,1.15296,0.0
0.06877,8.06012,1.15296,0.0
0.06877,8.07012,1.15296,0.0
0.06877,8.079096,1.15296,0.0
0.06877,8.089096,1.15296,0.0
0.06877,8.099096,1.15296,0.0
0.06877,8.109096,1.15296,0.0
0.06877,8.118072,1.15296,0.0
0.06877,8.128072,1.15296,0.0
0.06877,8.138072,1.15296,0.0
0.06877,8.148072,1.15296,0.0
0.06877,8.158072,1.15296,0.0
0.06877,8.168072,1.15296,0.0
0.06877,8.178072,1.15296,0.0
0.06877,8.188072,1.15296,0.0
0.06877,8.198072,1.15296,0.0
0.06877,8.207048,1.15296,0.0
0.06877,8.217048,1.15296,0.0
0.06877,8.227048,1.15296,0.0
0.06877,8.237048,1.15296,0.0
0.06877,8.246024,1.15296,0.0
0.06877,8.256024,1.15296,0.0
0.06877,8.266024,1.15296,0.0
0.06877,8.276028,1.15296,0.0
0.06877,8.286024,1.15296,0.0
0.06877,8.296024,1.15296,0.0
0.06877,8.306024,1.15296,0.0
0.06877,8.316024,1.15296,0.0
0.06877,8.326024,1.15296,0.0
0.06877,8.336024,1.15296,0.0
0.06877,8.346024,1.15296,0.0
0.06877,8.356024,1.15296,0.0
0.06877,8.366024,1.15296,0.0
0.06877,8.375,1.15296,0.0
0.06877,8.385,1.15296,0.0
0.06877,8.395,1.15296,0.0
0.06877,8.405,1.15296,0.0
0.06877,8.413976,1.15296,0.0
0.06877,8.423976,1.15296,0.0
0.06877,8.433976,1.15296,0.0
0.06877,8.443976,1.15296,0.0
0.06877,8.453976,1.15296,0.0
0.06877,8.463976,1.15296,0.0
0.06877,8.473976,1.15296,0.0
0.06877,8.483976,1.15296,0.0
0.06877,8.493976,1.15296,0.0
0.06877,8.503976,1.15296,0.0
0.06877,8.513976,1.15296,0.0
0.06877,8.523976,1.15296,0.0
0.06877,8.533976,1.15296,0.0
0.06877,8.542952,1.15296,0.0
0.06877,8.552952,1.15296,0.0
0.06877,8.562952,1.15296,0.0
0.06877,8.572952,1.15296,0.0
0.06877,8.581928,1.15296,0.0
0.06877,8.591928,1.15296,0.0
0.06877,8.601928,1.15296,0.0
0.06877,8.611928,1.15296,0.0
0.06877,8.621928,1.15296,0.0
0.06877,8.631928,1.15296,0.0
0.06877,8.641928,1.15296,0.0
0.06877,8.651928,1.15296,0.0
0.06877,8.661928,1.15296,0.0
0.06877,8.671928,1.15296,0.0
0.06877,8.681928,1.15296,0.0
0.06877,8.691928,1.15296,0.0
0.06877,8.701928,1.15296,0.0
0.06877,8.710904,1.15296,0.0
0.06877,8.720904,1.15296,0.0
0.06877,8.730904,1.15296,0.0
0.06877,8.740904,1.15296,0.0
0.06877,8.74988,1.15296,0.0
0.06877,8.75988,1.15296,0.0
0.06877,8.76988,1.15296,0.0
0.06877,8.77988,1.15296,0.0
0.06877,8.78988,1.15296,0.0
0.06877,8.79988,1.15296,0.0
0.06877,8.80988,1.15296,0.0
0.06877,8.81988,1.15296,0.0
0.06877,8.82988,1.15296,0.0
0.06877,8.838856,1.15296,0.0
0.06877,8.848856,1.15296,0.0
0.06877,8.858856,1.15296,0.0
0.06877,8.868856,1.15296,0.0
0.06877,8.877832,1.15296,0.0
0.06877,8.887832,1.15296,0.0
0.06877,8.897832,1.15296,0.0
0.06877,8.907836,1.15296,0.0
0.06877,8.917832,1.15296,0.0
0.06877,8.927832,1.15296,0.0
0.06877,8.937832,1.15296,0.0
0.06877,8.947832,1.15296,0.0
0.06877,8.957832,1.15296,0.0
0.06877,8.967832,1.15296,0.0
0.06877,8.977832,1.15296,0.0
0.06877,8.987832,1.15296,0.0
0.06877,8.997832,1.15296,0.0
0.15165249999999986,9.006808,1.15296,0.0
0.23327849999999986,9.015808,1.154217,0.0
0.3094849999999999,9.02582,1.1608930000000002,0.0
0.3772879999999999,9.035812,1.1759730000000002,0.0
0.43708000000000036,9.044788,1.1990640000000001,0.0
0.4890180000000004,9.054788,1.2300090000000001,0.0
0.5325520000000004,9.064788,1.2693575000000001,0.0
0.5672895000000003,9.074788,1.3175025000000002,0.0
0.5929165000000003,9.084788,1.3747580000000001,0.0
0.6091185000000003,9.0948,1.4414385000000003,0.0
0.6157390000000004,9.104788,1.5177010000000002,0.0
0.6126205000000002,9.114788,1.6037025,0.0
0.5994490000000002,9.124788,1.699757,0.0
0.5773240000000002,9.133772,1.8047650000000002,0.0
0.5497010000000001,9.143764,1.9152705,0.0
0.5201930000000001,9.153764,2.0276610000000006,0.0
0.4909990000000001,9.163776,2.1397375000000003,0.0
0.4628265000000001,9.172736,2.2507930000000003,0.0
0.4358320000000001,9.18274,2.360670500000001,0.0
0.4106440000000001,9.19274,2.4687415000000006,0.0
0.304851,9.202744,2.574535000000001,0.0
0.203299,9.211716,2.6760870000000008,0.0
0.11077949999999999,9.221716,2.7686070000000007,0.0
0.030432999999999988,9.23172,2.8489530000000003,0.0
-0.03773950000000003,9.241716,2.9171255000000005,0.0
-0.09350300000000002,9.251716,2.9728885000000007,0.0
-0.13591450000000005,9.260692,3.0153000000000008,0.0
-0.16513100000000003,9.270692,3.044517000000001,0.0
-0.18311650000000002,9.280692,3.062503000000001,0.0
-0.19175550000000002,9.290692,3.0711425000000006,0.0
-0.19167700000000001,9.299664,3.0710640000000007,0.0
-0.18233100000000002,9.309648,3.0617175000000003,0.0
-0.16293200000000005,9.31964,3.0423180000000003,0.0
-0.13457950000000005,9.32964,3.0139650000000002,0.0
-0.10072900000000003,9.338616,2.9801145,0.0
-0.06499350000000002,9.348616,2.9443789999999996,0.0
-0.029572000000000022,9.358616,2.9089574999999996,0.0
0.004827999999999999,9.368616,2.874557,0.0
0.03805,9.377592,2.8413345,0.0
0.06946549999999999,9.387592,2.8099184999999998,0.0
0.09860349999999998,9.397592,2.78078,0.0
0.12475699999999999,9.407592,2.754626,0.0
0.14729749999999997,9.417592,2.7320849999999997,0.0
0.16606849999999995,9.427592,2.713314,0.0
0.1806765,9.437592,2.6987055,0.0
0.1907295,9.447592,2.6886525,0.0
0.1958345,9.457592,2.6835475,0.0
0.19654099999999997,9.466568,2.6828404999999997,0.0
0.19512699999999997,9.476568,2.6842539999999997,0.0
0.19379149999999998,9.486568,2.685589,0.0
0.19331999999999996,9.496568,2.6860599999999994,0.0
0.19331999999999996,9.505544,2.6860599999999994,0.0
0.19331999999999996,9.515544,2.6860599999999994,0.0
0.19331999999999996,9.525544,2.6860599999999994,0.0
0.19331999999999996,9.535548,2.6860599999999994,0.0
0.19331999999999996,9.545544,2.6860599999999994,0.0
0.19331999999999996,9.555544,2.6860599999999994,0.0
0.19331999999999996,9.565544,2.6860599999999994,0.0
0.19331999999999996,9.575544,2.6860599999999994,0.0
0.19331999999999996,9.585544,2.6860599999999994,0.0
0.19331999999999996,9.595544,2.6860599999999994,0.0
0.19331999999999996,9.605544,2.6860599999999994,0.0
0.19331999999999996,9.615544,2.6860599999999994,0.0
0.19331999999999996,9.625544,2.6860599999999994,0.0
0.19331999999999996,9.63452,2.6860599999999994,0.0
0.19331999999999996,9.64452,2.6860599999999994,0.0
0.19331999999999996,9.65452,2.6860599999999994,0.0
0.19331999999999996,9.66452,2.6860599999999994,0.0
0.19331999999999996,9.673496,2.6860599999999994,0.0
0.19331999999999996,9.683496,2.6860599999999994,0.0
0.19331999999999996,9.693496,2.6860599999999994,0.0
0.19331999999999996,9.703496,2.6860599999999994,0.0
0.19331999999999996,9.713496,2.6860599999999994,0.0
0.19331999999999996,9.723496,2.6860599999999994,0.0
0.19331999999999996,9.733496,2.6860599999999994,0.0
0.19331999999999996,9.743496,2.6860599999999994,0.0
0.19331999999999996,9.753496,2.6860599999999994,0.0
0.19331999999999996,9.762472,2.6860599999999994,0.0
0.19331999999999996,9.772472,2.6860599999999994,0.0
0.19331999999999996,9.782472,2.6860599999999994,0.0
0.19331999999999996,9.792472,2.6860599999999994,0.0
0.19331999999999996,9.801448,2.6860599999999994,0.0
0.19331999999999996,9.811448,2.6860599999999994,0.0
0.19331999999999996,9.821448,2.6860599999999994,0.0
0.19331999999999996,9.831448,2.6860599999999994,0.0
0.19331999999999996,9.840424,2.6860599999999994,0.0
0.19331999999999996,9.850424,2.6860599999999994,0.0
0.19331999999999996,9.860424,2.6860599999999994,0.0
0.19331999999999996,9.870424,2.6860599999999994,0.0
0.19331999999999996,9.880424,2.6860599999999994,0.0
0.19331999999999996,9.890424,2.6860599999999994,0.0
0.19331999999999996,9.900424,2.6860599999999994,0.0
0.19331999999999996,9.910424,2.6860599999999994,0.0
0.19331999999999996,9.920424,2.6860599999999994,0.5236
0.19331999999999996,9.9294,2.6860599999999994,0.02618
0.19331999999999996,9.9394,2.6860599999999994,0.5236
0.19331999999999996,9.9494,2.6860599999999994,0.05236
0.19331999999999996,9.9594,2.6860599999999994,0.5236
0.19331999999999996,9.968376,2.6860599999999994,0.07854
0.19331999999999996,9.978376,2.6860599999999994,0.5236
0.19331999999999996,9.988376,2.6860599999999994,0.10472
0.19331999999999996,9.998376,2.6860599999999994,0.5236
0.19331999999999996,10.007352,2.6860599999999994,0.1309
0.19331999999999996,10.017352,2.6860599999999994,0.5236
0.19331999999999996,10.027352,2.6860599999999994,0.15708
0.19331999999999996,10.037352,2.6860599999999994,0.5236
0.19331999999999996,10.047352,2.6860599999999994,0.18326
0.19331999999999996,10.056328,2.6860599999999994,0.5236
0.19331999999999996,10.066328,2.6860599999999994,0.20944
0.19331999999999996,10.076328,2.6860599999999994,0.5236
0.19331999999999996,10.086328,2.6860599999999994,0.23562
0.19331999999999996,10.095304,2.6860599999999994,0.5236
0.19331999999999996,10.105304,2.6860599999999994,0.2618
0.19331999999999996,10.115304,2.6860599999999994,0.5236
0.19331999999999996,10.125304,2.6860599999999994,0.28798
0.19331999999999996,10.13428,2.6860599999999994,0.5236
0.19331999999999996,10.14428,2.6860599999999994,0.31416
0.19331999999999996,10.15428,2.6860599999999994,0.5236
0.19331999999999996,10.164284,2.6860599999999994,0.34034000000000003
0.19331999999999996,10.17428,2.6860599999999994,0.5236
0.19331999999999996,10.18428,2.6860599999999994,0.36652
0.19331999999999996,10.19428,2.6860599999999994,0.5236
0.19331999999999996,10.20428,2.6860599999999994,0.39270000000000005
0.19331999999999996,10.21428,2.6860599999999994,0.5236
0.19331999999999996,10.223256,2.6860599999999994,0.41888
0.19331999999999996,10.233256,2.6860599999999994,0.5236
0.19331999999999996,10.243256,2.6860599999999994,0.44506
0.19331999999999996,10.253256,2.6860599999999994,0.5236
0.19331999999999996,10.262232,2.6860599999999994,0.47124
0.19331999999999996,10.272232,2.6860599999999994,0.5236
0.19331999999999996,10.282232,2.6860599999999994,0.49742
0.19331999999999996,10.292232,2.6860599999999994,0.5236
0.19331999999999996,10.301208,2.6860599999999994,0.5236
0.19331999999999996,10.311208,2.6860599999999994,0.5236
0.19331999999999996,10.321208,2.6860599999999994,0.5236
0.19331999999999996,10.331208,2.6860599999999994,0.5236
0.19331999999999996,10.341208,2.6860599999999994,0.5236
0.19331999999999996,10.351208,2.6860599999999994,0.5236
0.19331999999999996,10.361208,2.6860599999999994,0.5236
0.19331999999999996,10.371208,2.6860599999999994,0.5236
0.19331999999999996,10.381208,2.6860599999999994,0.5236
0.19331999999999996,10.390184,2.6860599999999994,0.5236
0.19331999999999996,10.400184,2.6860599999999994,0.5236
0.19331999999999996,10.410184,2.6860599999999994,0.5236
0.19331999999999996,10.420184,2.6860599999999994,0.5236
0.19331999999999996,10.42916,2.6860599999999994,0.5236
0.19331999999999996,10.43916,2.6860599999999994,0.5236
0.19331999999999996,10.44916,2.6860599999999994,0.5236
0.19331999999999996,10.45916,2.6860599999999994,0.5236
0.19331999999999996,10.468136,2.6860599999999994,0.5236
0.19331999999999996,10.478136,2.6860599999999994,0.5236
0.19331999999999996,10.488136,2.6860599999999994,0.5236
0.19331999999999996,10.498136,2.6860599999999994,0.5236
0.19331999999999996,10.508136,2.6860599999999994,0.5236
0.19331999999999996,10.518136,2.6860599999999994,0.5236
0.19331999999999996,10.528136,2.6860599999999994,0.5236
0.19331999999999996,10.538136,2.6860599999999994,0.5236
0.19331999999999996,10.548136,2.6860599999999994,0.5236
0.19331999999999996,10.557112,2.6860599999999994,0.5236
0.19331999999999996,10.567112,2.6860599999999994,0.5236
0.19331999999999996,10.577112,2.6860599999999994,0.5236
0.19331999999999996,10.587112,2.6860599999999994,0.5236
0.19331999999999996,10.596088,2.6860599999999994,0.5236
0.19331999999999996,10.606088,2.6860599999999994,0.5236
0.19331999999999996,10.616088,2.6860599999999994,0.5236
0.19331999999999996,10.626088,2.6860599999999994,0.5236
0.19331999999999996,10.635064,2.6860599999999994,0.5236
0.19331999999999996,10.645064,2.6860599999999994,0.5236
0.19331999999999996,10.655064,2.6860599999999994,0.5236
0.19331999999999996,10.665064,2.6860599999999994,0.5236
0.19331999999999996,10.675064,2.6860599999999994,0.5236
0.19331999999999996,10.68404,2.6860599999999994,0.5236
0.19331999999999996,10.69404,2.6860599999999994,0.5236
0.19331999999999996,10.70404,2.6860599999999994,0.5236
0.19331999999999996,10.71404,2.6860599999999994,0.5236
0.19331999999999996,10.723016,2.6860599999999994,0.5236
0.19331999999999996,10.733016,2.6860599999999994,0.5236
0.19331999999999996,10.743016,2.6860599999999994,0.5236
0.19331999999999996,10.753016,2.6860599999999994,0.5236
0.19331999999999996,10.761992,2.6860599999999994,0.5236
0.19331999999999996,10.771992,2.6860599999999994,0.5236
0.19331999999999996,10.781992,2.6860599999999994,0.5236
0.19331999999999996,10.791996,2.6860599999999994,0.5236
0.19331999999999996,10.801992,2.6860599999999994,0.5236
0.19331999999999996,10.811992,2.6860599999999994,0.5236
0.19331999999999996,10.821992,2.6860599999999994,0.5236
0.19331999999999996,10.831992,2.6860599999999994,0.5236
0.19331999999999996,10.841992,2.6860599999999994,0.5236
0.19331999999999996,10.850968,2.6860599999999994,0.5236
0.19331999999999996,10.860968,2.6860599999999994,0.5236
0.19331999999999996,10.870968,2.6860599999999994,0.5236
0.19331999999999996,10.880968,2.6860599999999994,0.5236
0.19331999999999996,10.889944,2.6860599999999994,0.5236
0.19331999999999996,10.899944,2.6860599999999994,0.5236
0.19331999999999996,10.909944,2.6860599999999994,0.5236
0.19331999999999996,10.919944,2.6860599999999994,0.5236
0.19331999999999996,10.92892,2.6860599999999994,0.5236
0.19331999999999996,10.93892,2.6860599999999994,0.5236
0.19331999999999996,10.94892,2.6860599999999994,0.5236
0.19331999999999996,10.95892,2.6860599999999994,0.5236
0.19331999999999996,10.96892,2.6860599999999994,0.5236
0.19331999999999996,10.97892,2.6860599999999994,0.5236
0.19331999999999996,10.98892,2.6860599999999994,0.5236
0.19331999999999996,10.99892,2.6860599999999994,0.5236
0.13661749999999998,11.00892,2.6860599999999994,0.5236
0.08132849999999997,11.01792,2.6846464999999995,0.5236
0.03145899999999998,11.027928,2.677813499999999,0.5236
-0.010321000000000032,11.037924,2.6628909999999997,0.5236
-0.04377600000000004,11.047932,2.6396435,0.5236
-0.06851300000000005,11.0569,2.607678,0.5236
-0.08398200000000006,11.0669,2.5664445000000002,0.5236
-0.08955500000000005,11.0769,2.515315,0.5236
-0.08664600000000006,11.0869,2.4557035000000003,0.5236
-0.07871050000000004,11.095876,2.3910655000000007,0.5236
-0.06881150000000004,11.105876,2.3244640000000008,0.5236
-0.05922650000000004,11.115876,2.2581765000000003,0.5236
-0.05089800000000001,11.12588,2.1931455000000004,0.5236
-0.043826000000000004,11.13588,2.1293710000000003,0.5236
-0.03840350000000001,11.144852,2.067246,0.5236
-0.035415999999999996,11.154852,2.007556,0.5236
-0.035648499999999986,11.164852,1.9510859999999999,0.5236
-0.03941499999999997,11.174852,1.8981500000000002,0.5236
-0.04687299999999997,11.183828,1.8489054999999999,0.5236
-0.05849349999999999,11.193828,1.8038234999999998,0.5236
-0.017181499999999985,11.203828,1.7625114999999998,0.5236
0.020910500000000016,11.213828,1.7244194999999998,0.5236
0.05405400000000002,11.222804,1.691276,0.5236
0.08020800000000003,11.232808,1.665122,0.5236
0.09905800000000002,11.242808,1.6462719999999997,0.5236
0.11083900000000001,11.252808,1.634491,0.5236
0.11555100000000001,11.26178,1.6297784999999998,0.5236
0.11303750000000001,11.271784,1.632292,0.5236
0.10439850000000002,11.281784,1.640931,0.5236
0.091518,11.291784,1.6538114999999998,0.5236
0.0762815,11.30178,1.6690479999999999,0.5236
0.06104500000000001,11.310736,1.6842845000000002,0.5236
0.047065000000000023,11.320728,1.6982644999999998,0.5236
0.034341500000000004,11.330728,1.7109880000000002,0.5236
0.02326750000000001,11.340728,1.7220620000000002,0.5236
0.014628500000000003,11.349704,1.7307009999999998,0.5236
0.009209500000000002,11.359704,1.73612,0.5236
0.007324499999999999,11.369704,1.7380050000000002,0.5236
0.009130999999999998,11.379704,1.7361985000000002,0.5236
0.015099999999999995,11.38868,1.7302295,0.5236
0.024838999999999996,11.39868,1.7204905000000001,0.5236
0.0363845,11.40868,1.708945,0.5236
0.047459,11.418684,1.6978705000000003,0.5236
0.057433500000000005,11.42868,1.6878960000000003,0.5236
0.06638699999999999,11.43868,1.6789425000000002,0.5236
0.0736915,11.44868,1.6716380000000002,0.5236
0.07879699999999999,11.45868,1.6665330000000003,0.5236
0.08123199999999998,11.46868,1.6640980000000003,0.5236
0.0813105,11.47868,1.6640195000000002,0.5236
0.080604,11.48868,1.6647260000000004,0.5236
0.08028999999999999,11.49868,1.6650400000000005,0.5236
0.08028999999999999,11.50868,1.6650400000000005,0.5236
0.08028999999999999,11.517656,1.6650400000000005,0.5236
0.08028999999999999,11.527656,1.6650400000000005,0.5236
0.08028999999999999,11.537656,1.6650400000000005,0.5236
0.08028999999999999,11.547656,1.6650400000000005,0.5236
0.08028999999999999,11.556632,1.6650400000000005,0.5236
0.08028999999999999,11.566632,1.6650400000000005,0.5236
0.08028999999999999,11.576632,1.6650400000000005,0.5236
0.08028999999999999,11.586632,1.6650400000000005,0.5236
0.08028999999999999,11.596632,1.6650400000000005,0.5236
0.08028999999999999,11.606632,1.6650400000000005,0.5236
0.08028999999999999,11.616632,1.6650400000000005,0.5236
0.08028999999999999,11.626632,1.6650400000000005,0.5236
0.08028999999999999,11.636632,1.6650400000000005,0.5236
0.08028999999999999,11.645608,1.6650400000000005,0.5236
0.08028999999999999,11.655608,1.6650400000000005,0.5236
0.08028999999999999,11.665608,1.6650400000000005,0.5236
0.08028999999999999,11.675608,1.6650400000000005,0.5236
0.08028999999999999,11.684584,1.6650400000000005,0.5236
0.08028999999999999,11.694584,1.6650400000000005,0.5236
0.08028999999999999,11.704584,1.6650400000000005,0.5236
0.08028999999999999,11.714584,1.6650400000000005,0.5236
0.08028999999999999,11.72356,1.6650400000000005,0.5236
0.08028999999999999,11.73356,1.6650400000000005,0.5236
0.08028999999999999,11.74356,1.6650400000000005,0.5236
0.08028999999999999,11.75356,1.6650400000000005,0.5236
0.08028999999999999,11.76356,1.6650400000000005,0.5236
0.08028999999999999,11.77356,1.6650400000000005,0.5236
0.08028999999999999,11.78356,1.6650400000000005,0.5236
0.08028999999999999,11.79356,1.6650400000000005,0.5236
0.08028999999999999,11.80356,1.6650400000000005,0.5236
0.08028999999999999,11.812536,1.6650400000000005,0.5236
0.08028999999999999,11.822536,1.6650400000000005,0.5236
0.08028999999999999,11.832536,1.6650400000000005,0.5236
0.08028999999999999,11.842536,1.6650400000000005,0.5236
0.08028999999999999,11.851512,1.6650400000000005,0.5236
0.08028999999999999,11.861512,1.6650400000000005,0.5236
0.08028999999999999,11.871512,1.6650400000000005,0.5236
0.08028999999999999,11.881512,1.6650400000000005,0.5236
0.08028999999999999,11.890488,1.6650400000000005,0.5236
0.08028999999999999,11.900488,1.6650400000000005,0.5236
0.08028999999999999,11.910488,1.6650400000000005,0.5236
0.08028999999999999,11.920488,1.6650400000000005,0.5236
0.08028999999999999,11.930488,1.6650400000000005,0.5236
0.08028999999999999,11.940488,1.6650400000000005,0.5236
0.08028999999999999,11.950488,1.6650400000000005,0.5236
0.08028999999999999,11.960488,1.6650400000000005,0.5236
0.08028999999999999,11.970488,1.6650400000000005,0.5236
0.08028999999999999,11.979464,1.6650400000000005,0.5236
0.08028999999999999,11.989464,1.6650400000000005,0.5236
0.08028999999999999,11.999464,1.6650400000000005,0.5236
0.08028999999999999,12.009464,1.6650400000000005,0.5236
0.08028999999999999,12.01844,1.6650400000000005,0.5236
0.08028999999999999,12.02844,1.6650400000000005,0.5236
0.08028999999999999,12.03844,1.6650400000000005,0.5236
0.08028999999999999,12.048444,1.6650400000000005,0.5236
0.08028999999999999,12.05844,1.6650400000000005,0.5236
0.08028999999999999,12.06844,1.6650400000000005,0.5236
0.08028999999999999,12.07844,1.6650400000000005,0.5236
0.08028999999999999,12.08844,1.6650400000000005,0.5236
0.08028999999999999,12.09844,1.6650400000000005,0.5236
0.08028999999999999,12.10844,1.6650400000000005,0.5236
0.08028999999999999,12.11844,1.6650400000000005,0.5236
0.08028999999999999,12.12844,1.6650400000000005,0.5236
0.08028999999999999,12.13844,1.6650400000000005,0.5236
0.08028999999999999,12.147416,1.6650400000000005,0.5236
0.08028999999999999,12.157416,1.6650400000000005,0.5236
0.08028999999999999,12.167416,1.6650400000000005,0.5236
0.08028999999999999,12.177416,1.6650400000000005,0.5236
0.08028999999999999,12.186392,1.6650400000000005,0.5236
0.08028999999999999,12.196392,1.6650400000000005,0.5236
0.08028999999999999,12.206392,1.6650400000000005,0.5236
0.08028999999999999,12.216392,1.6650400000000005,0.5236
0.08028999999999999,12.226392,1.6650400000000005,0.5236
0.08028999999999999,12.236392,1.6650400000000005,0.5236
0.08028999999999999,12.246392,1.6650400000000005,0.5236
0.08028999999999999,12.256392,1.6650400000000005,0.5236
0.08028999999999999,12.266392,1.6650400000000005,0.5236
0.08028999999999999,12.275368,1.6650400000000005,0.5236
0.08028999999999999,12.285368,1.6650400000000005,0.5236
0.08028999999999999,12.295368,1.6650400000000005,0.5236
0.08028999999999999,12.305368,1.6650400000000005,0.5236
0.08028999999999999,12.314344,1.6650400000000005,0.5236
0.08028999999999999,12.324344,1.6650400000000005,0.5236
0.08028999999999999,12.334344,1.6650400000000005,0.5236
0.08028999999999999,12.344344,1.6650400000000005,0.5236
0.08028999999999999,12.35332,1.6650400000000005,0.5236
0.08028999999999999,12.36332,1.6650400000000005,0.5236
0.08028999999999999,12.37332,1.6650400000000005,0.5236
0.08028999999999999,12.38332,1.6650400000000005,0.5236
0.08028999999999999,12.39332,1.6650400000000005,0.5236
0.08028999999999999,12.40332,1.6650400000000005,0.5236
0.08028999999999999,12.41332,1.6650400000000005,0.5236
0.08028999999999999,12.42332,1.6650400000000005,0.5236
0.08028999999999999,12.43332,1.6650400000000005,0.5236
0.08028999999999999,12.442296,1.6650400000000005,0.5236
0.08028999999999999,12.452296,1.6650400000000005,0.5236
0.08028999999999999,12.462296,1.6650400000000005,0.5236
0.08028999999999999,12.472296,1.6650400000000005,0.5236
0.08028999999999999,12.481272,1.6650400000000005,0.5236
0.08028999999999999,12.491272,1.6650400000000005,0.5236
0.08028999999999999,12.501272,1.6650400000000005,0.5236
0.08028999999999999,12.511272,1.6650400000000005,0.5236
0.08028999999999999,12.520248,1.6650400000000005,0.5236
0.08028999999999999,12.530248,1.6650400000000005,0.5236
0.08028999999999999,12.540248,1.6650400000000005,0.5236
0.08028999999999999,12.550248,1.6650400000000005,0.5236
0.08028999999999999,12.560248,1.6650400000000005,0.5236
0.08028999999999999,12.570248,1.6650400000000005,0.5236
0.08028999999999999,12.580248,1.6650400000000005,0.5236
0.08028999999999999,12.590248,1.6650400000000005,0.5236
0.08028999999999999,12.600248,1.6650400000000005,0.5236
0.08028999999999999,12.609224,1.6650400000000005,0.5236
0.08028999999999999,12.619224,1.6650400000000005,0.5236
0.08028999999999999,12.629224,1.6650400000000005,0.5236
0.08028999999999999,12.639224,1.6650400000000005,0.5236
0.08028999999999999,12.6482,1.6650400000000005,0.5236
0.08028999999999999,12.6582,1.6650400000000005,0.5236
0.08028999999999999,12.6682,1.6650400000000005,0.5236
0.08028999999999999,12.678204,1.6650400000000005,0.5236
0.08028999999999999,12.6882,1.6650400000000005,0.5236
0.08028999999999999,12.6982,1.6650400000000005,0.5236
0.08028999999999999,12.7082,1.6650400000000005,0.5236
0.08028999999999999,12.7182,1.6650400000000005,0.5236
0.08028999999999999,12.7282,1.6650400000000005,0.5236
0.08028999999999999,12.7382,1.6650400000000005,0.5236
0.08028999999999999,12.7482,1.6650400000000005,0.5236
0.08028999999999999,12.7582,1.6650400000000005,0.5236
0.08028999999999999,12.7682,1.6650400000000005,0.5236
0.08028999999999999,12.777176,1.6650400000000005,0.5236
0.08028999999999999,12.787176,1.6650400000000005,0.5236
0.08028999999999999,12.797176,1.6650400000000005,0.5236
0.08028999999999999,12.807176,1.6650400000000005,0.5236
0.08028999999999999,12.816152,1.6650400000000005,0.5236
0.08028999999999999,12.826152,1.6650400000000005,0.5236
0.08028999999999999,12.836152,1.6650400000000005,0.5236
0.08028999999999999,12.846152,1.6650400000000005,0.5236
0.08028999999999999,12.856152,1.6650400000000005,0.5236
0.08028999999999999,12.866152,1.6650400000000005,0.5236
0.08028999999999999,12.876152,1.6650400000000005,0.5236
0.08028999999999999,12.886152,1.6650400000000005,0.5236
0.08028999999999999,12.896152,1.6650400000000005,0.5236
0.08028999999999999,12.905128,1.6650400000000005,0.5236
0.08028999999999999,12.915128,1.6650400000000005,0.5236
0.08028999999999999,12.925128,1.6650400000000005,0.5236
0.08028999999999999,12.935128,1.6650400000000005,0.5236
0.08028999999999999,12.944104,1.6650400000000005,0.5236
0.08028999999999999,12.954104,1.6650400000000005,0.5236
0.08028999999999999,12.964104,1.6650400000000005,0.5236
0.08028999999999999,12.974104,1.6650400000000005,0.5236
0.08028999999999999,12.98308,1.6650400000000005,0.5236
0.08028999999999999,12.99308,1.6650400000000005,0.5236
0.26354949999999994,13.00308,1.6650400000000005,0.5236
0.4441385,13.0131,1.6677105000000005,0.5236
0.6171875,13.023108,1.6779210000000004,0.5236
0.7797125,13.032084,1.6986555000000003,0.5236
0.9309275000000001,13.042084,1.7307000000000003,0.5236
1.0705185000000002,13.052084,1.7743685,0.5236
1.1977005,13.062092,1.830446,0.5236
1.3117665,13.07106,1.8996395000000001,0.5236
1.4123235000000003,13.08106,1.9823420000000003,0.5236
1.4990575000000002,13.09106,2.0788675000000003,0.5236
1.571733,13.10106,2.1894515,0.5236
1.630114,13.110036,2.3143300000000004,0.5236
1.6740435000000002,13.120036,2.45366,0.5236
1.7034434999999999,13.130036,2.6075194999999995,0.5236
1.718078,13.140036,2.7761444999999996,0.5236
1.717947,13.149012,2.959534999999999,0.5236
1.7027360000000002,13.159012,3.1580055,0.5236
1.6743305,13.169012,3.3696705000000002,0.5236
1.6381495000000001,13.179012,3.589111,0.5236
1.5994555000000004,13.189016,3.8110645000000005,0.5236
1.3781300000000003,13.197988,4.03239,0.5236
1.1608105,13.207984,4.249709500000001,0.5236
0.9522875000000002,13.217988,4.4582325,0.5236
0.7558590000000001,13.227988,4.654661000000001,0.5236
0.5730970000000001,13.236964,4.837423000000001,0.5236
0.4049435,13.24696,5.005576500000001,0.5236
0.252419,13.256964,5.158101000000001,0.5236
0.116702,13.266968,5.293818000000001,0.5236
-0.0013434999999999949,13.27594,5.411863500000001,0.5236
-0.10101049999999999,13.28594,5.511530500000001,0.5236
-0.18167099999999997,13.295944,5.592191000000001,0.5236
-0.24269650000000006,13.305944,5.653216500000001,0.5236
-0.28447950000000005,13.315944,5.694999500000001,0.5236
-0.309377,13.32492,5.7198970000000005,0.5236
-0.31966600000000006,13.334916,5.730186000000001,0.5236
-0.3161320000000001,13.344916,5.7266520000000005,0.5236
-0.29806750000000004,13.354916,5.7085875,0.5236
-0.26688700000000004,13.363872,5.6774070000000005,0.5236
-0.22793100000000002,13.373864,5.638451,0.5236
-0.18646200000000002,13.383864,5.596982000000001,0.5236
-0.145621,13.393864,5.556141,0.5236
-0.10611550000000002,13.40284,5.5166355000000005,0.5236
-0.0678665,13.41284,5.478386500000001,0.5236
-0.031187999999999994,13.42284,5.441708000000001,0.5236
0.0031340000000000066,13.43284,5.407386000000002,0.5236
0.03447150000000001,13.441816,5.376048500000001,0.5236
0.06258900000000002,13.451816,5.347931000000002,0.5236
0.08701500000000002,13.461816,5.323505000000002,0.5236
0.10727850000000004,13.471816,5.303241500000002,0.5236
0.12298650000000005,13.481816,5.287533500000002,0.5236
0.13374650000000005,13.491816,5.276773500000002,0.5236
0.13916600000000004,13.501816,5.271354000000002,0.5236
0.13979450000000002,13.511816,5.270725500000001,0.5236
0.13806700000000002,13.521816,5.272453000000001,0.5236
0.13649650000000002,13.530792,5.274023500000002,0.5236
0.13586850000000003,13.540792,5.274651500000001,0.5236
0.13579000000000005,13.550792,5.274730000000002,0.5236
0.13579000000000005,13.560792,5.274730000000002,0.5236
0.13579000000000005,13.569768,5.274730000000002,0.5236
0.13579000000000005,13.579768,5.274730000000002,0.5236
0.13579000000000005,13.589768,5.274730000000002,0.5236
0.13579000000000005,13.599768,5.274730000000002,0.5236
0.13579000000000005,13.608744,5.274730000000002,0.5236
0.13579000000000005,13.618744,5.274730000000002,0.5236
0.13579000000000005,13.628744,5.274730000000002,0.5236
0.13579000000000005,13.638744,5.274730000000002,0.5236
0.13579000000000005,13.648744,5.274730000000002,0.5236
0.13579000000000005,13.658744,5.274730000000002,0.5236
0.13579000000000005,13.668744,5.274730000000002,0.5236
0.13579000000000005,13.678744,5.274730000000002,0.5236
0.13579000000000005,13.688744,5.274730000000002,0.5236
0.13579000000000005,13.69772,5.274730000000002,0.5236
0.13579000000000005,13.70772,5.274730000000002,0.5236
0.13579000000000005,13.71772,5.274730000000002,0.5236
0.13579000000000005,13.72772,5.274730000000002,0.5236
0.13579000000000005,13.736696,5.274730000000002,0.5236
0.13579000000000005,13.746696,5.274730000000002,0.5236
0.13579000000000005,13.756696,5.274730000000002,0.5236
0.13579000000000005,13.766696,5.274730000000002,0.5236
0.13579000000000005,13.775672,5.274730000000002,0.5236
0.13579000000000005,13.785672,5.274730000000002,0.5236
0.13579000000000005,13.795672,5.274730000000002,0.5236
0.13579000000000005,13.805672,5.274730000000002,0.5236
0.13579000000000005,13.815672,5.274730000000002,0.5236
0.13579000000000005,13.825672,5.274730000000002,0.5236
0.13579000000000005,13.835672,5.274730000000002,0.5236
0.13579000000000005,13.845672,5.274730000000002,0.5236
0.13579000000000005,13.855672,5.274730000000002,0.5236
0.13579000000000005,13.864648,5.274730000000002,0.5236
0.13579000000000005,13.874648,5.274730000000002,0.5236
0.13579000000000005,13.884648,5.274730000000002,0.5236
0.13579000000000005,13.894648,5.274730000000002,0.5236
0.13579000000000005,13.903624,5.274730000000002,1.22173
0.13579000000000005,13.913624,5.274730000000002,0.5585065
0.13579000000000005,13.923624,5.274730000000002,1.22173
0.13579000000000005,13.933628,5.274730000000002,0.5934130000000001
0.13579000000000005,13.943624,5.274730000000002,1.22173
0.13579000000000005,13.953624,5.274730000000002,0.6283195
0.13579000000000005,13.963624,5.274730000000002,1.22173
0.13579000000000005,13.973624,5.274730000000002,0.6632260000000001
0.13579000000000005,13.983624,5.274730000000002,1.22173
0.13579000000000005,13.9926,5.274730000000002,0.6981325
0.13579000000000005,14.0026,5.274730000000002,1.22173
0.13579000000000005,14.0126,5.274730000000002,0.7330390000000001
0.13579000000000005,14.0226,5.274730000000002,1.22173
0.13579000000000005,14.031576,5.274730000000002,0.7679455000000001
0.13579000000000005,14.041576,5.274730000000002,1.22173
0.13579000000000005,14.051576,5.274730000000002,0.8028520000000001
0.13579000000000005,14.061576,5.274730000000002,1.22173
0.13579000000000005,14.070552,5.274730000000002,0.8377585000000001
0.13579000000000005,14.080552,5.274730000000002,1.22173
0.13579000000000005,14.090552,5.274730000000002,0.872665
0.13579000000000005,14.100552,5.274730000000002,1.22173
0.13579000000000005,14.110552,5.274730000000002,0.9075714999999998
0.13579000000000005,14.120552,5.274730000000002,1.22173
0.13579000000000005,14.130552,5.274730000000002,0.9424779999999997
0.13579000000000005,14.140552,5.274730000000002,1.22173
0.13579000000000005,14.150552,5.274730000000002,0.9773844999999999
0.13579000000000005,14.159528,5.274730000000002,1.22173
0.13579000000000005,14.169528,5.274730000000002,1.012291
0.13579000000000005,14.179528,5.274730000000002,1.22173
0.13579000000000005,14.189528,5.274730000000002,1.0471975
0.13579000000000005,14.198504,5.274730000000002,1.22173
0.13579000000000005,14.208504,5.274730000000002,1.0821040000000002
0.13579000000000005,14.218504,5.274730000000002,1.22173
0.13579000000000005,14.228504,5.274730000000002,1.1170105000000004
0.13579000000000005,14.23748,5.274730000000002,1.22173
0.13579000000000005,14.24748,5.274730000000002,1.1519170000000005
0.13579000000000005,14.25748,5.274730000000002,1.22173
0.13579000000000005,14.26748,5.274730000000002,1.1868235000000007
0.13579000000000005,14.27748,5.274730000000002,1.22173
0.13579000000000005,14.28748,5.274730000000002,1.2217300000000006
0.13579000000000005,14.29748,5.274730000000002,1.22173
0.13579000000000005,14.30748,5.274730000000002,1.2217300000000006
0.13579000000000005,14.31748,5.274730000000002,1.22173
0.13579000000000005,14.326456,5.274730000000002,1.2217300000000006
0.13579000000000005,14.336456,5.274730000000002,1.22173
0.13579000000000005,14.346456,5.274730000000002,1.2217300000000006
0.13579000000000005,14.356456,5.274730000000002,1.22173
0.13579000000000005,14.365432,5.274730000000002,1.2217300000000006
0.13579000000000005,14.375432,5.274730000000002,1.22173
0.13579000000000005,14.385432,5.274730000000002,1.2217300000000006
0.13579000000000005,14.395432,5.274730000000002,1.22173
0.13579000000000005,14.404408,5.274730000000002,1.2217300000000006
0.13579000000000005,14.414408,5.274730000000002,1.22173
0.13579000000000005,14.424408,5.274730000000002,1.2217300000000006
0.13579000000000005,14.434408,5.274730000000002,1.22173
0.13579000000000005,14.444408,5.274730000000002,1.2217300000000006
0.13579000000000005,14.454408,5.274730000000002,1.22173
0.13579000000000005,14.464408,5.274730000000002,1.2217300000000006
0.13579000000000005,14.474408,5.274730000000002,1.22173
0.13579000000000005,14.484408,5.274730000000002,1.2217300000000006
0.13579000000000005,14.493384,5.274730000000002,1.22173
0.13579000000000005,14.503384,5.274730000000002,1.2217300000000006
0.13579000000000005,14.513384,5.274730000000002,1.22173
0.13579000000000005,14.523384,5.274730000000002,1.2217300000000006
0.13579000000000005,14.53236,5.274730000000002,1.22173
0.13579000000000005,14.54236,5.274730000000002,1.2217300000000006
0.13579000000000005,14.55236,5.274730000000002,1.22173
0.13579000000000005,14.562364,5.274730000000002,1.2217300000000006
0.13579000000000005,14.57236,5.274730000000002,1.22173
0.13579000000000005,14.58236,5.274730000000002,1.2217300000000006
0.13579000000000005,14.59236,5.274730000000002,1.22173
0.13579000000000005,14.60236,5.274730000000002,1.2217300000000006
0.13579000000000005,14.61236,5.274730000000002,1.22173
0.13579000000000005,14.621336,5.274730000000002,1.2217300000000006
0.13579000000000005,14.631336,5.274730000000002,1.22173
0.13579000000000005,14.641336,5.274730000000002,1.2217300000000006
0.13579000000000005,14.651336,5.274730000000002,1.22173
0.13579000000000005,14.660312,5.274730000000002,1.2217300000000006
0.13579000000000005,14.670312,5.274730000000002,1.22173
0.13579000000000005,14.680312,5.274730000000002,1.2217300000000006
0.13579000000000005,14.690312,5.274730000000002,1.22173
0.13579000000000005,14.699288,5.274730000000002,1.2217300000000006
0.13579000000000005,14.709288,5.274730000000002,1.22173
0.13579000000000005,14.719288,5.274730000000002,1.2217300000000006
0.13579000000000005,14.729288,5.274730000000002,1.22173
0.13579000000000005,14.739288,5.274730000000002,1.2217300000000006
0.13579000000000005,14.749288,5.274730000000002,1.22173
0.13579000000000005,14.759288,5.274730000000002,1.2217300000000006
0.13579000000000005,14.769288,5.274730000000002,1.22173
0.13579000000000005,14.779288,5.274730000000002,1.2217300000000006
0.13579000000000005,14.788264,5.274730000000002,1.22173
0.13579000000000005,14.798264,5.274730000000002,1.2217300000000006
0.13579000000000005,14.808264,5.274730000000002,1.22173
0.13579000000000005,14.818264,5.274730000000002,1.2217300000000006
0.13579000000000005,14.82724,5.274730000000002,1.22173
0.13579000000000005,14.83724,5.274730000000002,1.2217300000000006
0.13579000000000005,14.84724,5.274730000000002,1.22173
0.13579000000000005,14.85724,5.274730000000002,1.2217300000000006
0.13579000000000005,14.866216,5.274730000000002,1.22173
0.13579000000000005,14.876216,5.274730000000002,1.2217300000000006
0.13579000000000005,14.886216,5.274730000000002,1.22173
0.13579000000000005,14.896216,5.274730000000002,1.2217300000000006
0.13579000000000005,14.906216,5.274730000000002,1.22173
0.13579000000000005,14.916216,5.274730000000002,1.2217300000000006
0.13579000000000005,14.926216,5.274730000000002,1.22173
0.13579000000000005,14.936216,5.274730000000002,1.2217300000000006
0.13579000000000005,14.946216,5.274730000000002,1.22173
0.13579000000000005,14.955192,5.274730000000002,1.2217300000000006
0.13579000000000005,14.965192,5.274730000000002,1.22173
0.13579000000000005,14.975192,5.274730000000002,1.2217300000000006
0.13579000000000005,14.985192,5.274730000000002,1.22173
0.13579000000000005,14.994168,5.274730000000002,1.2217300000000006
0.06597650000000004,15.004168,5.274730000000002,1.22173
-0.0018734999999999809,15.014568,5.272766500000001,1.2217300000000006
-0.06391149999999998,15.024196,5.264991000000001,1.22173
-0.11723149999999999,15.033184,5.2484980000000006,1.2217300000000006
-0.160891,15.042148,5.222344500000001,1.22173
-0.19449750000000002,15.05216,5.186138000000001,1.2217300000000006
-0.217187,15.062188,5.139014500000001,1.22173
-0.22825249999999997,15.072152,5.080267000000001,1.2217300000000006
-0.22730150000000002,15.081124,5.0095030000000005,1.22173
-0.216219,15.091124,4.928607,1.2217300000000006
-0.19948150000000003,15.101124,4.842056500000001,1.22173
-0.18093750000000006,15.111124,4.7536995,1.2217300000000006
-0.16262900000000002,15.1201,4.665578,1.22173
-0.1450275,15.1301,4.5781635000000005,1.2217300000000006
-0.12774,15.1401,4.491063,1.22173
-0.110531,15.15008,4.404041,1.2217300000000006
-0.093322,15.159048,4.317019,1.22173
-0.07611300000000001,15.169048,4.229997,1.2217300000000006
-0.05890400000000005,15.179048,4.142975,1.22173
-0.04169500000000006,15.189052,4.055953,1.2217300000000006
0.04532749999999994,15.199048,3.968931,1.22173
0.13038649999999993,15.209048,3.8838725,1.2217300000000006
0.20963349999999994,15.219048,3.804626,1.22173
0.2801624999999999,15.229048,3.734097,1.2217300000000006
0.3410309999999999,15.239048,3.6732285,1.22173
0.39184649999999993,15.248024,3.622413,1.2217300000000006
0.43174499999999993,15.258024,3.5825144999999994,1.22173
0.46001949999999997,15.268024,3.5542399999999996,1.2217300000000006
0.4762774999999999,15.278024,3.5379819999999995,1.22173
0.48240399999999994,15.287,3.5318559999999994,1.2217300000000006
0.48287549999999985,15.297,3.5313844999999997,1.22173
0.48154049999999987,15.307,3.532719499999999,1.2217300000000006
0.4804409999999999,15.317,3.5338189999999994,1.22173
0.4800484999999999,15.325976,3.5342114999999996,1.2217300000000006
0.4799699999999999,15.335976,3.5342899999999995,1.22173
0.4799699999999999,15.345976,3.5342899999999995,1.2217300000000006
0.4799699999999999,15.355976,3.5342899999999995,1.22173
0.4799699999999999,15.365976,3.5342899999999995,1.2217300000000006
0.4799699999999999,15.375976,3.5342899999999995,1.22173
0.4799699999999999,15.385976,3.5342899999999995,1.2217300000000006
0.4799699999999999,15.395976,3.5342899999999995,1.22173
0.4799699999999999,15.405976,3.5342899999999995,1.2217300000000006
0.4799699999999999,15.414952,3.5342899999999995,1.22173
0.4799699999999999,15.424952,3.5342899999999995,1.2217300000000006
0.4799699999999999,15.434952,3.5342899999999995,1.22173
0.4799699999999999,15.444952,3.5342899999999995,1.2217300000000006
0.4799699999999999,15.453928,3.5342899999999995,1.22173
0.4799699999999999,15.463928,3.5342899999999995,1.2217300000000006
0.4799699999999999,15.473928,3.5342899999999995,1.22173
0.4799699999999999,15.483928,3.5342899999999995,1.2217300000000006
0.4799699999999999,15.492904,3.5342899999999995,1.22173
0.4799699999999999,15.502904,3.5342899999999995,1.2217300000000006
0.4799699999999999,15.512904,3.5342899999999995,1.22173
0.4799699999999999,15.522904,3.5342899999999995,1.2217300000000006
0.4799699999999999,15.532904,3.5342899999999995,1.22173
0.4799699999999999,15.542904,3.5342899999999995,1.2217300000000006
0.4799699999999999,15.552904,3.5342899999999995,1.22173
0.4799699999999999,15.562904,3.5342899999999995,1.2217300000000006
0.4799699999999999,15.572904,3.5342899999999995,1.22173
0.4799699999999999,15.58188,3.5342899999999995,1.2217300000000006
0.4799699999999999,15.59188,3.5342899999999995,1.22173
0.4799699999999999,15.60188,3.5342899999999995,1.2217300000000006
0.4799699999999999,15.61188,3.5342899999999995,1.22173
0.4799699999999999,15.620856,3.5342899999999995,1.2217300000000006
0.4799699999999999,15.630856,3.5342899999999995,1.22173
0.4799699999999999,15.640856,3.5342899999999995,1.2217300000000006
0.4799699999999999,15.650856,3.5342899999999995,1.22173
0.4799699999999999,15.659832,3.5342899999999995,1.2217300000000006
0.4799699999999999,15.669832,3.5342899999999995,1.22173
0.4799699999999999,15.679832,3.5342899999999995,1.2217300000000006
0.4799699999999999,15.689832,3.5342899999999995,1.22173
0.4799699999999999,15.699832,3.5342899999999995,1.2217300000000006
0.4799699999999999,15.708808,3.5342899999999995,1.22173
0.4799699999999999,15.718808,3.5342899999999995,1.2217300000000006
0.4799699999999999,15.728808,3.5342899999999995,1.22173
0.4799699999999999,15.738808,3.5342899999999995,1.2217300000000006
0.4799699999999999,15.747784,3.5342899999999995,1.22173
0.4799699999999999,15.757784,3.5342899999999995,1.2217300000000006
0.4799699999999999,15.767784,3.5342899999999995,1.22173
0.4799699999999999,15.777784,3.5342899999999995,1.2217300000000006
0.4799699999999999,15.78676,3.5342899999999995,1.22173
0.4799699999999999,15.79676,3.5342899999999995,1.2217300000000006
0.4799699999999999,15.80676,3.5342899999999995,1.22173
0.4799699999999999,15.816764,3.5342899999999995,1.2217300000000006
0.4799699999999999,15.82676,3.5342899999999995,1.22173
0.4799699999999999,15.83676,3.5342899999999995,1.2217300000000006
0.4799699999999999,15.84676,3.5342899999999995,1.22173
0.4799699999999999,15.85676,3.5342899999999995,1.2217300000000006
0.4799699999999999,15.86676,3.5342899999999995,1.22173
0.4799699999999999,15.875736,3.5342899999999995,1.2217300000000006
0.4799699999999999,15.885736,3.5342899999999995,1.22173
0.4799699999999999,15.895736,3.5342899999999995,1.2217300000000006
0.4799699999999999,15.905736,3.5342899999999995,1.22173
0.4799699999999999,15.914712,3.5342899999999995,1.2217300000000006
0.4799699999999999,15.924712,3.5342899999999995,1.22173
0.4799699999999999,15.934712,3.5342899999999995,1.2217300000000006
0.4799699999999999,15.944712,3.5342899999999995,1.22173
0.4799699999999999,15.953688,3.5342899999999995,1.2217300000000006
0.4799699999999999,15.963688,3.5342899999999995,1.22173
0.4799699999999999,15.973688,3.5342899999999995,1.2217300000000006
0.4799699999999999,15.983688,3.5342899999999995,1.22173
0.4799699999999999,15.993688,3.5342899999999995,1.2217300000000006
0.4799699999999999,16.003688,3.5342899999999995,1.22173
0.4799699999999999,16.013688,3.5342899999999995,1.2217300000000006
0.4799699999999999,16.023688,3.5342899999999995,1.22173
0.4799699999999999,16.033688,3.5342899999999995,1.2217300000000006
0.4799699999999999,16.042664,3.5342899999999995,1.22173
0.4799699999999999,16.052664,3.5342899999999995,1.2217300000000006
0.4799699999999999,16.062664,3.5342899999999995,1.22173
0.4799699999999999,16.072664,3.5342899999999995,1.2217300000000006
0.4799699999999999,16.08164,3.5342899999999995,1.22173
0.4799699999999999,16.09164,3.5342899999999995,1.2217300000000006
0.4799699999999999,16.10164,3.5342899999999995,1.22173
0.4799699999999999,16.11164,3.5342899999999995,1.2217300000000006
0.4799699999999999,16.120616,3.5342899999999995,1.22173
0.4799699999999999,16.130616,3.5342899999999995,1.2217300000000006
0.4799699999999999,16.140616,3.5342899999999995,1.22173
0.4799699999999999,16.150616,3.5342899999999995,1.2217300000000006
0.4799699999999999,16.160616,3.5342899999999995,1.22173
0.4799699999999999,16.170616,3.5342899999999995,1.2217300000000006
0.4799699999999999,16.180616,3.5342899999999995,1.22173
0.4799699999999999,16.190616,3.5342899999999995,1.2217300000000006
0.4799699999999999,16.200616,3.5342899999999995,1.22173
0.4799699999999999,16.209592,3.5342899999999995,1.2217300000000006
0.4799699999999999,16.219592,3.5342899999999995,1.22173
0.4799699999999999,16.229592,3.5342899999999995,1.2217300000000006
0.4799699999999999,16.239592,3.5342899999999995,1.22173
0.4799699999999999,16.248568,3.5342899999999995,1.2217300000000006
0.4799699999999999,16.258568,3.5342899999999995,1.22173
0.4799699999999999,16.268568,3.5342899999999995,1.2217300000000006
0.4799699999999999,16.278568,3.5342899999999995,1.22173
0.4799699999999999,16.287544,3.5342899999999995,1.2217300000000006
0.4799699999999999,16.297544,3.5342899999999995,1.22173
0.4799699999999999,16.307544,3.5342899999999995,1.2217300000000006
0.4799699999999999,16.317544,3.5342899999999995,1.22173
0.4799699999999999,16.327544,3.5342899999999995,1.2217300000000006
0.4799699999999999,16.33652,3.5342899999999995,1.22173
0.4799699999999999,16.34652,3.5342899999999995,1.2217300000000006
0.4799699999999999,16.35652,3.5342899999999995,1.22173
0.4799699999999999,16.36652,3.5342899999999995,1.2217300000000006
0.4799699999999999,16.375496,3.5342899999999995,1.22173
0.4799699999999999,16.385496,3.5342899999999995,1.2217300000000006
0.4799699999999999,16.395496,3.5342899999999995,1.22173
0.4799699999999999,16.405496,3.5342899999999995,1.2217300000000006
0.4799699999999999,16.414472,3.5342899999999995,1.22173
0.4799699999999999,16.424472,3.5342899999999995,1.2217300000000006
0.4799699999999999,16.434472,3.5342899999999995,1.22173
0.4799699999999999,16.444476,3.5342899999999995,1.2217300000000006
0.4799699999999999,16.454472,3.5342899999999995,1.22173
0.4799699999999999,16.464472,3.5342899999999995,1.2217300000000006
0.4799699999999999,16.474472,3.5342899999999995,1.22173
0.4799699999999999,16.484472,3.5342899999999995,1.2217300000000006
0.4799699999999999,16.494472,3.5342899999999995,1.22173
0.4799699999999999,16.503448,3.5342899999999995,1.2217300000000006
0.4799699999999999,16.513448,3.5342899999999995,1.22173
0.4799699999999999,16.523448,3.5342899999999995,1.2217300000000006
0.4799699999999999,16.533448,3.5342899999999995,1.22173
0.4799699999999999,16.542424,3.5342899999999995,1.2217300000000006
0.4799699999999999,16.552424,3.5342899999999995,1.22173
0.4799699999999999,16.562424,3.5342899999999995,1.2217300000000006
0.4799699999999999,16.572424,3.5342899999999995,1.22173
0.4799699999999999,16.5814,3.5342899999999995,1.2217300000000006
0.4799699999999999,16.5914,3.5342899999999995,1.22173
0.4799699999999999,16.6014,3.5342899999999995,1.2217300000000006
0.4799699999999999,16.6114,3.5342899999999995,1.22173
0.4799699999999999,16.6214,3.5342899999999995,1.2217300000000006
0.4799699999999999,16.6314,3.5342899999999995,1.22173
0.4799699999999999,16.6414,3.5342899999999995,1.2217300000000006
0.4799699999999999,16.6514,3.5342899999999995,1.22173
0.4799699999999999,16.6614,3.5342899999999995,1.2217300000000006
0.4799699999999999,16.670376,3.5342899999999995,1.22173
0.4799699999999999,16.680376,3.5342899999999995,1.2217300000000006
0.4799699999999999,16.690376,3.5342899999999995,1.22173
0.4799699999999999,16.700376,3.5342899999999995,1.2217300000000006
0.4799699999999999,16.709352,3.5342899999999995,1.22173
0.4799699999999999,16.719352,3.5342899999999995,1.2217300000000006
0.4799699999999999,16.729352,3.5342899999999995,1.22173
0.4799699999999999,16.739352,3.5342899999999995,1.2217300000000006
0.4799699999999999,16.748328,3.5342899999999995,1.22173
0.4799699999999999,16.758328,3.5342899999999995,1.2217300000000006
0.4799699999999999,16.768328,3.5342899999999995,1.22173
0.4799699999999999,16.778328,3.5342899999999995,1.2217300000000006
0.4799699999999999,16.788328,3.5342899999999995,1.22173
0.4799699999999999,16.798328,3.5342899999999995,1.2217300000000006
0.4799699999999999,16.808328,3.5342899999999995,1.22173
0.4799699999999999,16.818328,3.5342899999999995,1.2217300000000006
0.4799699999999999,16.828328,3.5342899999999995,1.22173
0.4799699999999999,16.837304,3.5342899999999995,1.2217300000000006
0.4799699999999999,16.847304,3.5342899999999995,1.22173
0.4799699999999999,16.857304,3.5342899999999995,1.2217300000000006
0.4799699999999999,16.867304,3.5342899999999995,1.22173
0.4799699999999999,16.87628,3.5342899999999995,1.2217300000000006
0.4799699999999999,16.88628,3.5342899999999995,1.22173
0.4799699999999999,16.89628,3.5342899999999995,1.2217300000000006
0.4799699999999999,16.90628,3.5342899999999995,1.22173
0.4799699999999999,16.915256,3.5342899999999995,1.2217300000000006
0.4799699999999999,16.925256,3.5342899999999995,1.22173
0.4799699999999999,16.935256,3.5342899999999995,1.2217300000000006
0.4799699999999999,16.945256,3.5342899999999995,1.22173
0.4799699999999999,16.955256,3.5342899999999995,1.2217300000000006
0.4799699999999999,16.964232,3.5342899999999995,1.22173
0.4799699999999999,16.974232,3.5342899999999995,1.2217300000000006
0.4799699999999999,16.984232,3.5342899999999995,1.22173
0.4799699999999999,16.994232,3.5342899999999995,1.2217300000000006
0.31852699999999995,17.003208,3.5342899999999995,1.22173
0.15943999999999994,17.013228,3.5319339999999992,1.2217300000000006
0.007185999999999882,17.023236,3.522744999999999,1.22173
-0.1347005000000001,17.033236,3.503188499999999,1.2217300000000006
-0.2648060000000001,17.042212,3.4718509999999996,1.22173
-0.3827380000000001,17.052212,3.4283399999999995,1.2217300000000006
-0.4875540000000001,17.062212,3.3717129999999993,1.22173
-0.5783109999999999,17.072212,3.3010269999999995,1.2217300000000006
-0.6543029999999997,17.082212,3.2155754999999995,1.22173
-0.7149794999999997,17.091188,3.1148089999999993,1.2217300000000006
-0.7602619999999995,17.101188,2.9986485,1.22173
-0.7897579999999995,17.111184,2.8667014999999996,1.2217300000000006
-0.8029964999999996,17.121184,2.7184969999999997,1.22173
-0.8024904999999998,17.130164,2.556548,1.2217300000000006
-0.7941305,17.14016,2.386745,1.22173
-0.7834145000000001,17.150164,2.2145854999999997,1.2217300000000006
-0.7732480000000003,17.160164,2.042976,1.22173
-0.7641025000000004,17.16914,1.8723875,1.2217300000000006
-0.7558995000000003,17.17914,1.7027415000000001,1.22173
-0.7494245000000003,17.18914,1.5348235000000001,1.2217300000000006
-0.5837055000000001,17.199136,1.3691045000000002,1.22173
-0.4230129999999999,17.208132,1.208412,1.2217300000000006
-0.27245199999999986,17.218116,1.057851,1.22173
-0.13602849999999997,17.228112,0.9214275000000001,1.2217300000000006
-0.01562700000000001,17.238112,0.8010260000000001,1.22173
0.08796699999999998,17.248116,0.697432,1.2217300000000006
0.1734185,17.257092,0.6119805,1.22173
0.23947050000000003,17.267104,0.5459285,1.2217300000000006
0.28604500000000005,17.277092,0.49935450000000003,1.22173
0.3149475,17.287092,0.4704515000000001,1.2217300000000006
0.328456,17.296068,0.4569425000000001,1.22173
0.327042,17.306068,0.4583565000000001,1.2217300000000006
0.30992050000000004,17.316072,0.4754780000000001,1.22173
0.279133,17.326048,0.5062655,1.2217300000000006
0.2404915,17.335016,0.544907,1.22173
0.199494,17.345016,0.5859049999999999,1.2217300000000006
0.15904600000000002,17.355016,0.6263529999999999,1.22173
0.11961900000000002,17.365016,0.6657799999999998,1.2217300000000006
0.08113450000000003,17.373992,0.7042644999999998,1.22173
0.04437800000000003,17.383992,0.7410209999999998,1.2217300000000006
0.009820500000000005,17.393992,0.7755784999999998,1.22173
-0.022066499999999992,17.403992,0.8074654999999997,1.2217300000000006
-0.050655000000000006,17.413992,0.8360539999999997,1.22173
-0.07547349999999997,17.423992,0.8608724999999997,1.2217300000000006
-0.09605099999999998,17.433992,0.8814499999999996,1.22173
-0.11199449999999998,17.443992,0.8973934999999996,1.2217300000000006
-0.12291149999999998,17.453992,0.9083104999999997,1.22173
-0.12848799999999996,17.462968,0.9138869999999996,1.2217300000000006
-0.12935199999999997,17.472968,0.9147509999999995,1.22173
-0.12785949999999996,17.482968,0.9132589999999996,1.2217300000000006
-0.12636699999999995,17.492968,0.9117669999999996,1.22173
-0.12573849999999995,17.501944,0.9111384999999995,1.2217300000000006
-0.12565999999999994,17.511944,0.9110599999999995,1.22173
-0.12565999999999994,17.521944,0.9110599999999995,1.2217300000000006
-0.12565999999999994,17.531944,0.9110599999999995,1.22173
-0.12565999999999994,17.54092,0.9110599999999995,1.2217300000000006
-0.12565999999999994,17.55092,0.9110599999999995,1.22173
-0.12565999999999994,17.56092,0.9110599999999995,1.2217300000000006
-0.12565999999999994,17.57092,0.9110599999999995,1.22173
-0.12565999999999994,17.58092,0.9110599999999995,1.2217300000000006
-0.12565999999999994,17.59092,0.9110599999999995,1.22173
-0.12565999999999994,17.60092,0.9110599999999995,1.2217300000000006
-0.12565999999999994,17.61092,0.9110599999999995,1.22173
-0.12565999999999994,17.62092,0.9110599999999995,1.2217300000000006
-0.12565999999999994,17.629896,0.9110599999999995,1.22173
-0.12565999999999994,17.639896,0.9110599999999995,1.2217300000000006
-0.12565999999999994,17.649896,0.9110599999999995,1.22173
-0.12565999999999994,17.659896,0.9110599999999995,1.2217300000000006
-0.12565999999999994,17.668872,0.9110599999999995,1.22173
-0.12565999999999994,17.678872,0.9110599999999995,1.2217300000000006
-0.12565999999999994,17.688872,0.9110599999999995,1.22173
-0.12565999999999994,17.698876,0.9110599999999995,1.2217300000000006
-0.12565999999999994,17.708872,0.9110599999999995,1.22173
-0.12565999999999994,17.718872,0.9110599999999995,1.2217300000000006
-0.12565999999999994,17.728872,0.9110599999999995,1.22173
-0.12565999999999994,17.738872,0.9110599999999995,1.2217300000000006
-0.12565999999999994,17.748872,0.9110599999999995,1.22173
-0.12565999999999994,17.758872,0.9110599999999995,1.2217300000000006
-0.12565999999999994,17.768872,0.9110599999999995,1.22173
-0.12565999999999994,17.778872,0.9110599999999995,1.2217300000000006
-0.12565999999999994,17.788872,0.9110599999999995,1.22173
-0.12565999999999994,17.797848,0.9110599999999995,1.2217300000000006
-0.12565999999999994,17.807848,0.9110599999999995,1.22173
-0.12565999999999994,17.817848,0.9110599999999995,1.2217300000000006
-0.12565999999999994,17.827848,0.9110599999999995,1.22173
-0.12565999999999994,17.836824,0.9110599999999995,1.2217300000000006
-0.12565999999999994,17.846824,0.9110599999999995,1.22173
-0.12565999999999994,17.856824,0.9110599999999995,1.2217300000000006
-0.12565999999999994,17.866824,0.9110599999999995,1.22173
-0.12565999999999994,17.876824,0.9110599999999995,1.2217300000000006
-0.12565999999999994,17.886824,0.9110599999999995,2.87939
-0.12565999999999994,17.896824,0.9110599999999995,1.3046130000000007
-0.12565999999999994,17.906824,0.9110599999999995,2.87939
-0.12565999999999994,17.916824,0.9110599999999995,1.3874960000000005
-0.12565999999999994,17.9258,0.9110599999999995,2.87939
-0.12565999999999994,17.9358,0.9110599999999995,1.4703790000000005
-0.12565999999999994,17.9458,0.9110599999999995,2.87939
-0.12565999999999994,17.9558,0.9110599999999995,1.5532620000000006
-0.12565999999999994,17.964776,0.9110599999999995,2.87939
-0.12565999999999994,17.974776,0.9110599999999995,1.6361450000000006
-0.12565999999999994,17.984776,0.9110599999999995,2.87939
-0.12565999999999994,17.994776,0.9110599999999995,1.7190280000000007
-0.12565999999999994,18.003752,0.9110599999999995,2.87939
-0.12565999999999994,18.013752,0.9110599999999995,1.8019110000000005
-0.12565999999999994,18.023752,0.9110599999999995,2.87939
-0.12565999999999994,18.033752,0.9110599999999995,1.8847940000000005
-0.12565999999999994,18.043752,0.9110599999999995,2.87939
-0.12565999999999994,18.053752,0.9110599999999995,1.9676770000000006
-0.12565999999999994,18.063752,0.9110599999999995,2.87939
-0.12565999999999994,18.073752,0.9110599999999995,2.0505600000000004
-0.12565999999999994,18.083752,0.9110599999999995,2.87939
-0.12565999999999994,18.092728,0.9110599999999995,2.1334430000000006
-0.12565999999999994,18.102728,0.9110599999999995,2.87939
-0.12565999999999994,18.112728,0.9110599999999995,2.2163260000000005
-0.12565999999999994,18.122728,0.9110599999999995,2.87939
-0.12565999999999994,18.131704,0.9110599999999995,2.2992090000000007
-0.12565999999999994,18.141704,0.9110599999999995,2.87939
-0.12565999999999994,18.151704,0.9110599999999995,2.3820920000000005
-0.12565999999999994,18.161704,0.9110599999999995,2.87939
-0.12565999999999994,18.17068,0.9110599999999995,2.464975000000001
-0.12565999999999994,18.18068,0.9110599999999995,2.87939
-0.12565999999999994,18.19068,0.9110599999999995,2.5478580000000006
-0.12565999999999994,18.20068,0.9110599999999995,2.87939
-0.12565999999999994,18.21068,0.9110599999999995,2.6307410000000004
-0.12565999999999994,18.22068,0.9110599999999995,2.87939
-0.12565999999999994,18.23068,0.9110599999999995,2.7136240000000007
-0.12565999999999994,18.24068,0.9110599999999995,2.87939
-0.12565999999999994,18.25068,0.9110599999999995,2.7965070000000005
-0.12565999999999994,18.259656,0.9110599999999995,2.87939
-0.12565999999999994,18.269656,0.9110599999999995,2.879390000000001
-0.12565999999999994,18.279656,0.9110599999999995,2.87939
-0.12565999999999994,18.289656,0.9110599999999995,2.879390000000001
-0.12565999999999994,18.298632,0.9110599999999995,2.87939
-0.12565999999999994,18.308632,0.9110599999999995,2.879390000000001
-0.12565999999999994,18.318632,0.9110599999999995,2.87939
-0.12565999999999994,18.328636,0.9110599999999995,2.879390000000001
-0.12565999999999994,18.338632,0.9110599999999995,2.87939
-0.12565999999999994,18.348632,0.9110599999999995,2.879390000000001
-0.12565999999999994,18.358632,0.9110599999999995,2.87939
-0.12565999999999994,18.368632,0.9110599999999995,2.879390000000001
-0.12565999999999994,18.378632,0.9110599999999995,2.87939
-0.12565999999999994,18.387608,0.9110599999999995,2.879390000000001
-0.12565999999999994,18.397608,0.9110599999999995,2.87939
-0.12565999999999994,18.407608,0.9110599999999995,2.879390000000001
-0.12565999999999994,18.417608,0.9110599999999995,2.87939
-0.12565999999999994,18.426584,0.9110599999999995,2.879390000000001
-0.12565999999999994,18.436584,0.9110599999999995,2.87939
-0.12565999999999994,18.446584,0.9110599999999995,2.879390000000001
-0.12565999999999994,18.456584,0.9110599999999995,2.87939
-0.12565999999999994,18.46556,0.9110599999999995,2.879390000000001
-0.12565999999999994,18.47556,0.9110599999999995,2.87939
-0.12565999999999994,18.48556,0.9110599999999995,2.879390000000001
-0.12565999999999994,18.49556,0.9110599999999995,2.87939
-0.12565999999999994,18.50556,0.9110599999999995,2.879390000000001
-0.12565999999999994,18.51556,0.9110599999999995,2.87939
-0.12565999999999994,18.52556,0.9110599999999995,2.879390000000001
-0.12565999999999994,18.53556,0.9110599999999995,2.87939
-0.12565999999999994,18.54556,0.9110599999999995,2.879390000000001
-0.12565999999999994,18.554536,0.9110599999999995,2.87939
-0.12565999999999994,18.564536,0.9110599999999995,2.879390000000001
-0.12565999999999994,18.574536,0.9110599999999995,2.87939
-0.12565999999999994,18.584536,0.9110599999999995,2.879390000000001
-0.12565999999999994,18.593512,0.9110599999999995,2.87939
-0.12565999999999994,18.603512,0.9110599999999995,2.879390000000001
-0.12565999999999994,18.613512,0.9110599999999995,2.87939
-0.12565999999999994,18.623512,0.9110599999999995,2.879390000000001
-0.12565999999999994,18.632488,0.9110599999999995,2.87939
-0.12565999999999994,18.642488,0.9110599999999995,2.879390000000001
-0.12565999999999994,18.652488,0.9110599999999995,2.87939
-0.12565999999999994,18.662488,0.9110599999999995,2.879390000000001
-0.12565999999999994,18.672488,0.9110599999999995,2.87939
-0.12565999999999994,18.682488,0.9110599999999995,2.879390000000001
-0.12565999999999994,18.692488,0.9110599999999995,2.87939
-0.12565999999999994,18.702488,0.9110599999999995,2.879390000000001
-0.12565999999999994,18.712488,0.9110599999999995,2.87939
-0.12565999999999994,18.721464,0.9110599999999995,2.879390000000001
-0.12565999999999994,18.731464,0.9110599999999995,2.87939
-0.12565999999999994,18.741464,0.9110599999999995,2.879390000000001
-0.12565999999999994,18.751464,0.9110599999999995,2.87939
-0.12565999999999994,18.76044,0.9110599999999995,2.879390000000001
-0.12565999999999994,18.77044,0.9110599999999995,2.87939
-0.12565999999999994,18.78044,0.9110599999999995,2.879390000000001
-0.12565999999999994,18.79044,0.9110599999999995,2.87939
-0.12565999999999994,18.799416,0.9110599999999995,2.879390000000001
-0.12565999999999994,18.809416,0.9110599999999995,2.87939
-0.12565999999999994,18.819416,0.9110599999999995,2.879390000000001
-0.12565999999999994,18.829416,0.9110599999999995,2.87939
-0.12565999999999994,18.839416,0.9110599999999995,2.879390000000001
-0.12565999999999994,18.849416,0.9110599999999995,2.87939
-0.12565999999999994,18.859416,0.9110599999999995,2.879390000000001
-0.12565999999999994,18.869416,0.9110599999999995,2.87939
-0.12565999999999994,18.879416,0.9110599999999995,2.879390000000001
-0.12565999999999994,18.888392,0.9110599999999995,2.87939
-0.12565999999999994,18.898392,0.9110599999999995,2.879390000000001
-0.12565999999999994,18.908392,0.9110599999999995,2.87939
-0.12565999999999994,18.918392,0.9110599999999995,2.879390000000001
-0.12565999999999994,18.927368,0.9110599999999995,2.87939
-0.12565999999999994,18.937368,0.9110599999999995,2.879390000000001
-0.12565999999999994,18.947368,0.9110599999999995,2.87939
-0.12565999999999994,18.957372,0.9110599999999995,2.879390000000001
-0.12565999999999994,18.967368,0.9110599999999995,2.87939
-0.12565999999999994,18.977368,0.9110599999999995,2.879390000000001
-0.12565999999999994,18.987368,0.9110599999999995,2.87939
-0.12565999999999994,18.997368,0.9110599999999995,2.879390000000001
-0.0340305,19.007368,0.9110599999999995,2.87939
0.0563425000000001,19.016364,0.9123164999999995,2.879390000000001
0.1404325000000001,19.026384,0.9198564999999995,2.87939
0.2151760000000001,19.036372,0.9367424999999996,2.879390000000001
0.2821440000000001,19.046372,0.9614039999999996,2.87939
0.34133700000000006,19.055348,0.9938409999999996,2.879390000000001
0.3916550000000001,19.065348,1.0351529999999998,2.87939
0.4325480000000001,19.075348,1.0858894999999997,2.879390000000001
0.46362350000000013,19.085348,1.1464434999999997,2.87939
0.48488150000000013,19.094324,1.2168149999999998,2.879390000000001
0.49592950000000013,19.104324,1.297397,2.87939
0.4964530000000001,19.114324,1.388503,2.879390000000001
0.48794450000000006,19.124324,1.4886415,2.87939
0.47362400000000004,19.134324,1.5945915,2.879390000000001
0.45702600000000004,19.1433,1.7028195000000002,2.87939
0.440585,19.1533,1.8108905000000002,2.879390000000001
0.42508650000000003,19.1633,1.9180190000000004,2.87939
0.4105305000000001,19.1733,2.0242050000000003,2.879390000000001
0.3974665,19.182276,2.1288984999999996,2.87939
0.3864445,19.19228,2.23155,2.879390000000001
0.28622800000000004,19.20228,2.331767,2.87939
0.1904095,19.21228,2.427586,2.879390000000001
0.1045655,19.221252,2.5134299999999996,2.87939
0.032230499999999995,19.231252,2.5857654999999995,2.879390000000001
-0.02777400000000002,19.241252,2.6457699999999997,2.87939
-0.07591900000000001,19.251252,2.693915,2.879390000000001
-0.11299000000000002,19.260228,2.7309859999999997,2.87939
-0.14063600000000004,19.270228,2.7586324999999996,2.879390000000001
-0.15940700000000005,19.280224,2.7774034999999997,2.87939
-0.16898900000000003,19.290228,2.7869855,2.879390000000001
-0.168518,19.300208,2.786514,2.87939
-0.1575225,19.3102,2.7755185,2.879390000000001
-0.137495,19.3202,2.7554905,2.87939
-0.11165550000000005,19.3302,2.729651,2.879390000000001
-0.08353850000000004,19.3402,2.7015335,2.87939
-0.055578500000000045,19.349176,2.6735729999999998,2.879390000000001
-0.028561,19.359176,2.6465549999999993,2.87939
-0.0024860000000000125,19.369176,2.6204795,2.879390000000001
0.02209699999999999,19.379176,2.5958964999999994,2.87939
0.044638000000000004,19.388152,2.5733555,2.879390000000001
0.064744,19.398152,2.5532489999999997,2.87939
0.08170849999999998,19.408152,2.536284,2.879390000000001
0.0949815,19.418152,2.5230105,2.87939
0.10409200000000002,19.427128,2.5138994999999995,2.879390000000001
0.10864750000000001,19.437128,2.5093439999999996,2.87939
0.10911850000000001,19.447128,2.5088725,2.879390000000001
0.1073905,19.457128,2.5105999999999997,2.87939
0.10566249999999999,19.467128,2.5123274999999996,2.879390000000001
0.10487699999999998,19.477128,2.5131129999999993,2.87939
0.10471999999999998,19.487128,2.5132699999999994,2.879390000000001
0.10471999999999998,19.497128,2.5132699999999994,2.87939
0.10471999999999998,19.507128,2.5132699999999994,2.879390000000001
0.10471999999999998,19.516104,2.5132699999999994,2.87939
0.10471999999999998,19.526104,2.5132699999999994,2.879390000000001
0.10471999999999998,19.536104,2.5132699999999994,2.87939
0.10471999999999998,19.546104,2.5132699999999994,2.879390000000001
0.10471999999999998,19.55508,2.5132699999999994,2.87939
0.10471999999999998,19.56508,2.5132699999999994,2.879390000000001
0.10471999999999998,19.57508,2.5132699999999994,2.87939
0.10471999999999998,19.585084,2.5132699999999994,2.879390000000001
0.10471999999999998,19.59508,2.5132699999999994,2.87939
0.10471999999999998,19.60508,2.5132699999999994,2.879390000000001
0.10471999999999998,19.61508,2.5132699999999994,2.87939
0.10471999999999998,19.62508,2.5132699999999994,2.879390000000001
0.10471999999999998,19.63508,2.5132699999999994,2.87939
0.10471999999999998,19.644056,2.5132699999999994,2.879390000000001
0.10471999999999998,19.654056,2.5132699999999994,2.87939
0.10471999999999998,19.664056,2.5132699999999994,2.879390000000001
0.10471999999999998,19.674056,2.5132699999999994,2.87939
0.10471999999999998,19.683032,2.5132699999999994,2.879390000000001
0.10471999999999998,19.693032,2.5132699999999994,2.87939
0.10471999999999998,19.703032,2.5132699999999994,2.879390000000001
0.10471999999999998,19.713032,2.5132699999999994,2.87939
0.10471999999999998,19.722008,2.5132699999999994,2.879390000000001
0.10471999999999998,19.732008,2.5132699999999994,2.87939
0.10471999999999998,19.742008,2.5132699999999994,2.879390000000001
0.10471999999999998,19.752008,2.5132699999999994,2.87939
0.10471999999999998,19.762008,2.5132699999999994,2.879390000000001
0.10471999999999998,19.772008,2.5132699999999994,2.87939
0.10471999999999998,19.782008,2.5132699999999994,2.879390000000001
0.10471999999999998,19.792008,2.5132699999999994,2.87939
0.10471999999999998,19.802008,2.5132699999999994,2.879390000000001
0.10471999999999998,19.810984,2.5132699999999994,2.87939
0.10471999999999998,19.820984,2.5132699999999994,2.879390000000001
0.10471999999999998,19.830984,2.5132699999999994,2.87939
0.10471999999999998,19.840984,2.5132699999999994,2.879390000000001
0.10471999999999998,19.84996,2.5132699999999994,2.87939
0.10471999999999998,19.85996,2.5132699999999994,2.879390000000001
0.10471999999999998,19.86996,2.5132699999999994,2.87939
0.10471999999999998,19.87996,2.5132699999999994,2.879390000000001
0.10471999999999998,19.888936,2.5132699999999994,2.87939
0.10471999999999998,19.898936,2.5132699999999994,2.879390000000001
0.10471999999999998,19.908936,2.5132699999999994,2.87939
0.10471999999999998,19.918936,2.5132699999999994,2.879390000000001
0.10471999999999998,19.928936,2.5132699999999994,2.87939
0.10471999999999998,19.938936,2.5132699999999994,2.879390000000001
0.10471999999999998,19.948936,2.5132699999999994,2.87939
0.10471999999999998,19.958936,2.5132699999999994,2.879390000000001
0.10471999999999998,19.968936,2.5132699999999994,2.87939
0.10471999999999998,19.977912,2.5132699999999994,2.879390000000001
0.10471999999999998,19.987912,2.5132699999999994,2.87939
0.10471999999999998,19.997912,2.5132699999999994,2.879390000000001
0.10471999999999998,20.007912,2.5132699999999994,2.87939
0.10471999999999998,20.016888,2.5132699999999994,2.879390000000001
0.10471999999999998,20.026888,2.5132699999999994,2.87939
0.10471999999999998,20.036888,2.5132699999999994,2.879390000000001
0.10471999999999998,20.046888,2.5132699999999994,2.87939
0.10471999999999998,20.055864,2.5132699999999994,2.879390000000001
0.10471999999999998,20.065864,2.5132699999999994,2.87939
0.10471999999999998,20.075864,2.5132699999999994,2.879390000000001
0.10471999999999998,20.085864,2.5132699999999994,2.87939
0.10471999999999998,20.095864,2.5132699999999994,2.879390000000001
0.10471999999999998,20.105864,2.5132699999999994,2.87939
0.10471999999999998,20.115864,2.5132699999999994,2.879390000000001
0.10471999999999998,20.125864,2.5132699999999994,2.87939
0.10471999999999998,20.135864,2.5132699999999994,2.879390000000001
0.10471999999999998,20.14484,2.5132699999999994,2.87939
0.10471999999999998,20.15484,2.5132699999999994,2.879390000000001
0.10471999999999998,20.16484,2.5132699999999994,2.87939
0.10471999999999998,20.17484,2.5132699999999994,2.879390000000001
0.10471999999999998,20.183816,2.5132699999999994,2.87939
0.10471999999999998,20.193816,2.5132699999999994,2.879390000000001
0.10471999999999998,20.203816,2.5132699999999994,2.87939
0.10471999999999998,20.21382,2.5132699999999994,2.879390000000001
0.10471999999999998,20.223816,2.5132699999999994,2.87939
0.10471999999999998,20.233816,2.5132699999999994,2.879390000000001
0.10471999999999998,20.243816,2.5132699999999994,2.87939
0.10471999999999998,20.253816,2.5132699999999994,2.879390000000001
0.10471999999999998,20.263816,2.5132699999999994,2.87939
0.10471999999999998,20.272792,2.5132699999999994,2.879390000000001
0.10471999999999998,20.282792,2.5132699999999994,2.87939
0.10471999999999998,20.292792,2.5132699999999994,2.879390000000001
0.10471999999999998,20.302792,2.5132699999999994,2.87939
0.10471999999999998,20.311768,2.5132699999999994,2.879390000000001
0.10471999999999998,20.321768,2.5132699999999994,2.87939
0.10471999999999998,20.331768,2.5132699999999994,2.879390000000001
0.10471999999999998,20.341768,2.5132699999999994,2.87939
0.10471999999999998,20.350744,2.5132699999999994,2.879390000000001
0.10471999999999998,20.360744,2.5132699999999994,2.87939
0.10471999999999998,20.370744,2.5132699999999994,2.879390000000001
0.10471999999999998,20.380744,2.5132699999999994,2.87939
0.10471999999999998,20.390744,2.5132699999999994,2.879390000000001
0.10471999999999998,20.400744,2.5132699999999994,2.87939
0.10471999999999998,20.410744,2.5132699999999994,2.879390000000001
0.10471999999999998,20.420744,2.5132699999999994,2.87939
0.10471999999999998,20.430744,2.5132699999999994,2.879390000000001
0.10471999999999998,20.43972,2.5132699999999994,2.87939
0.10471999999999998,20.44972,2.5132699999999994,2.879390000000001
0.10471999999999998,20.45972,2.5132699999999994,2.87939
0.10471999999999998,20.46972,2.5132699999999994,2.879390000000001
0.10471999999999998,20.478696,2.5132699999999994,2.87939
0.10471999999999998,20.488696,2.5132699999999994,2.879390000000001
0.10471999999999998,20.498696,2.5132699999999994,2.87939
0.10471999999999998,20.508696,2.5132699999999994,2.879390000000001
0.10471999999999998,20.517672,2.5132699999999994,2.87939
0.10471999999999998,20.527672,2.5132699999999994,2.879390000000001
0.10471999999999998,20.537672,2.5132699999999994,2.87939
0.10471999999999998,20.547672,2.5132699999999994,2.879390000000001
0.10471999999999998,20.557672,2.5132699999999994,2.87939
0.10471999999999998,20.567672,2.5132699999999994,2.879390000000001
0.10471999999999998,20.577672,2.5132699999999994,2.87939
0.10471999999999998,20.587672,2.5132699999999994,2.879390000000001
0.10471999999999998,20.597672,2.5132699999999994,2.87939
0.10471999999999998,20.606648,2.5132699999999994,2.879390000000001
0.10471999999999998,20.616648,2.5132699999999994,2.87939
0.10471999999999998,20.626648,2.5132699999999994,2.879390000000001
0.10471999999999998,20.636648,2.5132699999999994,2.87939
0.10471999999999998,20.645624,2.5132699999999994,2.879390000000001
0.10471999999999998,20.655624,2.5132699999999994,2.87939
0.10471999999999998,20.665624,2.5132699999999994,2.879390000000001
0.10471999999999998,20.675624,2.5132699999999994,2.87939
0.10471999999999998,20.6846,2.5132699999999994,2.879390000000001
0.10471999999999998,20.6946,2.5132699999999994,2.87939
0.10471999999999998,20.7046,2.5132699999999994,2.879390000000001
0.10471999999999998,20.7146,2.5132699999999994,2.87939
0.10471999999999998,20.7246,2.5132699999999994,2.879390000000001
0.10471999999999998,20.7346,2.5132699999999994,2.87939
0.10471999999999998,20.7446,2.5132699999999994,2.879390000000001
0.10471999999999998,20.7546,2.5132699999999994,2.87939
0.10471999999999998,20.7646,2.5132699999999994,2.879390000000001
0.10471999999999998,20.773576,2.5132699999999994,2.87939
0.10471999999999998,20.783576,2.5132699999999994,2.879390000000001
0.10471999999999998,20.793576,2.5132699999999994,2.87939
0.10471999999999998,20.803576,2.5132699999999994,2.879390000000001
0.10471999999999998,20.812552,2.5132699999999994,2.87939
0.10471999999999998,20.822552,2.5132699999999994,2.879390000000001
0.10471999999999998,20.832552,2.5132699999999994,2.87939
0.10471999999999998,20.842556,2.5132699999999994,2.879390000000001
0.10471999999999998,20.852552,2.5132699999999994,2.87939
0.10471999999999998,20.862552,2.5132699999999994,2.879390000000001
0.10471999999999998,20.872552,2.5132699999999994,2.87939
0.10471999999999998,20.882552,2.5132699999999994,2.879390000000001
0.10471999999999998,20.892552,2.5132699999999994,2.87939
0.10471999999999998,20.901528,2.5132699999999994,2.879390000000001
0.10471999999999998,20.911528,2.5132699999999994,2.87939
0.10471999999999998,20.921528,2.5132699999999994,2.879390000000001
0.10471999999999998,20.931528,2.5132699999999994,2.87939
0.10471999999999998,20.940504,2.5132699999999994,2.879390000000001
0.10471999999999998,20.950504,2.5132699999999994,2.87939
0.10471999999999998,20.960504,2.5132699999999994,2.879390000000001
0.10471999999999998,20.970504,2.5132699999999994,2.87939
0.10471999999999998,20.97948,2.5132699999999994,2.879390000000001
0.10471999999999998,20.98948,2.5132699999999994,2.87939
0.10471999999999998,20.99948,2.5132699999999994,2.879390000000001
0.20944,21.00948,2.5132699999999994,2.87939
0.3125105000000002,21.019564,2.5149194999999995,2.879390000000001
0.41031900000000016,21.028484,2.5218309999999993,2.87939
0.49925250000000015,21.038484,2.5376174999999996,2.879390000000001
0.5774260000000002,21.048484,2.5641639999999994,2.87939
0.6444465000000003,21.058484,2.6018634999999994,2.879390000000001
0.6996860000000003,21.06746,2.6513434999999994,2.87939
0.7425950000000001,21.07746,2.7131545,2.879390000000001
0.7728590000000001,21.08746,2.7876104999999995,2.87939
0.7899285000000001,21.09746,2.875261,2.879390000000001
0.793332,21.106436,2.9765775,2.87939
0.7826770000000001,21.116436,3.0919525,2.879390000000001
0.7592985000000001,21.126436,3.220051,2.87939
0.7285370000000001,21.136436,3.3555325000000007,2.879390000000001
0.6959690000000001,21.145392,3.4928205,2.87939
0.6641865,21.155404,3.6293230000000003,2.879390000000001
0.6337389999999999,21.165408,3.7644900000000003,2.87939
0.6043915000000001,21.175412,3.898557499999999,2.879390000000001
0.5766145,21.185408,4.0310545,2.87939
0.5510365,21.194384,4.1613525000000005,2.879390000000001
0.42340900000000004,21.204384,4.288979999999999,2.87939
0.300651,21.214388,4.411737999999999,2.879390000000001
0.18692499999999998,21.224392,4.525464,2.87939
0.08631499999999999,21.233368,4.6260734999999995,2.879390000000001
0.0010204999999999535,21.243364,4.711367999999999,2.87939
-0.06825150000000005,21.253368,4.780639999999999,2.879390000000001
-0.12134400000000004,21.263368,4.833732999999999,2.87939
-0.15959300000000004,21.27234,4.871981999999999,2.879390000000001
-0.18496150000000003,21.28234,4.8973505,2.87939
-0.19792050000000003,21.292336,4.910309499999999,2.879390000000001
-0.1977635,21.30234,4.9101525,2.87939
-0.183705,21.311296,4.896094,2.879390000000001
-0.156923,21.321288,4.869312,2.87939
-0.12275800000000002,21.331288,4.835147000000001,2.879390000000001
-0.08678650000000003,21.341288,4.7991755,2.87939
-0.05160049999999997,21.351288,4.763989500000001,2.879390000000001
-0.017749499999999984,21.360264,4.730139,2.87939
0.015001500000000008,21.370264,4.697388000000001,2.879390000000001
0.04618200000000001,21.380264,4.6662075000000005,2.87939
0.07516350000000001,21.390264,4.637226,2.879390000000001
0.10147450000000001,21.39924,4.610915,2.87939
0.12456550000000002,21.40924,4.587824,2.879390000000001
0.1438865,21.41924,4.568503,2.87939
0.1589665,21.42924,4.553423500000001,2.879390000000001
0.169491,21.438216,4.542899,2.87939
0.17514600000000002,21.448216,4.537244,2.879390000000001
0.17640250000000002,21.458216,4.5359875,2.87939
0.17514600000000002,21.46822,4.537244,2.879390000000001
0.173654,21.478216,4.538736,2.87939
0.17294700000000002,21.488216,4.539443000000001,2.879390000000001
0.17279,21.498216,4.539600000000002,2.87939
0.17279,21.508216,4.539600000000002,2.879390000000001
0.17279,21.518216,4.539600000000002,2.87939
0.17279,21.527192,4.539600000000002,2.879390000000001
0.17279,21.537192,4.539600000000002,2.87939
0.17279,21.547192,4.539600000000002,2.879390000000001
0.17279,21.557192,4.539600000000002,2.87939
0.17279,21.566168,4.539600000000002,2.879390000000001
0.17279,21.576168,4.539600000000002,2.87939
0.17279,21.586168,4.539600000000002,2.879390000000001
0.17279,21.596168,4.539600000000002,2.87939
0.17279,21.605144,4.539600000000002,2.879390000000001
0.17279,21.615144,4.539600000000002,2.87939
0.17279,21.625144,4.539600000000002,2.879390000000001
0.17279,21.635144,4.539600000000002,2.87939
0.17279,21.645144,4.539600000000002,2.879390000000001
0.17279,21.655144,4.539600000000002,2.87939
0.17279,21.665144,4.539600000000002,2.879390000000001
0.17279,21.675144,4.539600000000002,2.87939
0.17279,21.685144,4.539600000000002,2.879390000000001
0.17279,21.69412,4.539600000000002,2.87939
0.17279,21.70412,4.539600000000002,2.879390000000001
0.17279,21.71412,4.539600000000002,2.87939
0.17279,21.72412,4.539600000000002,2.879390000000001
0.17279,21.733096,4.539600000000002,2.87939
0.17279,21.743096,4.539600000000002,2.879390000000001
0.17279,21.753096,4.539600000000002,2.87939
0.17279,21.763096,4.539600000000002,2.879390000000001
0.17279,21.772072,4.539600000000002,2.87939
0.17279,21.782072,4.539600000000002,2.879390000000001
0.17279,21.792072,4.539600000000002,2.87939
0.17279,21.802072,4.539600000000002,2.879390000000001
0.17279,21.812072,4.539600000000002,2.87939
0.17279,21.822072,4.539600000000002,2.879390000000001
0.17279,21.832072,4.539600000000002,2.87939
0.17279,21.842072,4.539600000000002,2.879390000000001
0.17279,21.852072,4.539600000000002,2.87939
0.17279,21.861048,4.539600000000002,2.879390000000001
0.17279,21.871048,4.539600000000002,2.87939
0.17279,21.881048,4.539600000000002,2.879390000000001
0.17279,21.891048,4.539600000000002,1.7453
0.17279,21.900024,4.539600000000002,2.8226855000000004
0.17279,21.910024,4.539600000000002,1.7453
0.17279,21.920024,4.539600000000002,2.7659810000000005
0.17279,21.930024,4.539600000000002,1.7453
0.17279,21.939,4.539600000000002,2.7092765000000005
0.17279,21.949,4.539600000000002,1.7453
0.17279,21.959,4.539600000000002,2.6525720000000006
0.17279,21.969,4.539600000000002,1.7453
0.17279,21.979,4.539600000000002,2.5958675000000007
0.17279,21.987976,4.539600000000002,1.7453
0.17279,21.997976,4.539600000000002,2.5391630000000003
0.17279,22.007976,4.539600000000002,1.7453
0.17279,22.017976,4.539600000000002,2.4824585000000003
0.17279,22.026952,4.539600000000002,1.74533
0.17279,22.036952,4.539600000000002,2.4257555000000006
0.17279,22.046952,4.539600000000002,1.74533
0.17279,22.056952,4.539600000000002,2.3690525000000004
0.17279,22.065928,4.539600000000002,1.74533
0.17279,22.075928,4.539600000000002,2.3123495000000007
0.17279,22.085928,4.539600000000002,1.74533
0.17279,22.095932,4.539600000000002,2.2556465000000006
0.17279,22.105928,4.539600000000002,1.74533
0.17279,22.115928,4.539600000000002,2.198943500000001
0.17279,22.125928,4.539600000000002,1.74533
0.17279,22.135928,4.539600000000002,2.142240500000001
0.17279,22.145928,4.539600000000002,1.74533
0.17279,22.154904,4.539600000000002,2.0855375000000005
0.17279,22.164904,4.539600000000002,1.74533
0.17279,22.174904,4.539600000000002,2.0288345000000008
0.17279,22.184904,4.539600000000002,1.74533
0.17279,22.19388,4.539600000000002,1.9721315000000008
0.17279,22.20388,4.539600000000002,1.74533
0.17279,22.21388,4.539600000000002,1.9154285000000006
0.17279,22.22388,4.539600000000002,1.74533
0.17279,22.232856,4.539600000000002,1.8587255000000003
0.17279,22.242856,4.539600000000002,1.74533
0.17279,22.252856,4.539600000000002,1.8020225000000005
0.17279,22.262856,4.539600000000002,1.7453
0.17279,22.272856,4.539600000000002,1.7453180000000001
0.17279,22.282856,4.539600000000002,1.7453
0.17279,22.292856,4.539600000000002,1.7453180000000001
0.17279,22.302856,4.539600000000002,1.7453
0.17279,22.312856,4.539600000000002,1.7453180000000001
0.17279,22.321832,4.539600000000002,1.7453
0.17279,22.331832,4.539600000000002,1.7453180000000001
0.17279,22.341832,4.539600000000002,1.7453
0.17279,22.351832,4.539600000000002,1.7453180000000001
0.17279,22.360808,4.539600000000002,1.7453
0.17279,22.370808,4.539600000000002,1.7453180000000001
0.17279,22.380808,4.539600000000002,1.7453
0.17279,22.390808,4.539600000000002,1.7453180000000001
0.17279,22.399784,4.539600000000002,1.7453
0.17279,22.409784,4.539600000000002,1.7453180000000001
0.17279,22.419784,4.539600000000002,1.74533
0.17279,22.429784,4.539600000000002,1.7453180000000001
0.17279,22.439784,4.539600000000002,1.74533
0.17279,22.449784,4.539600000000002,1.7453180000000001
0.17279,22.459784,4.539600000000002,1.74533
0.17279,22.469784,4.539600000000002,1.7453180000000001
0.17279,22.479784,4.539600000000002,1.74533
0.17279,22.48876,4.539600000000002,1.7453180000000001
0.17279,22.49876,4.539600000000002,1.74533
0.17279,22.50876,4.539600000000002,1.7453180000000001
0.17279,22.51876,4.539600000000002,1.74533
0.17279,22.527736,4.539600000000002,1.7453180000000001
0.17279,22.537736,4.539600000000002,1.74533
0.17279,22.547736,4.539600000000002,1.7453180000000001
0.17279,22.557736,4.539600000000002,1.74533
0.17279,22.566712,4.539600000000002,1.7453180000000001
0.17279,22.576712,4.539600000000002,1.74533
0.17279,22.586712,4.539600000000002,1.7453180000000001
0.17279,22.596712,4.539600000000002,1.74533
0.17279,22.606712,4.539600000000002,1.7453180000000001
0.17279,22.615688,4.539600000000002,1.74533
0.17279,22.625688,4.539600000000002,1.7453180000000001
0.17279,22.635688,4.539600000000002,1.74533
0.17279,22.645688,4.539600000000002,1.7453180000000001
0.17279,22.654664,4.539600000000002,1.74533
0.17279,22.664664,4.539600000000002,1.7453195000000001
0.17279,22.674664,4.539600000000002,1.74533
0.17279,22.684664,4.539600000000002,1.745321
0.17279,22.69364,4.539600000000002,1.74533
0.17279,22.70364,4.539600000000002,1.7453225
0.17279,22.71364,4.539600000000002,1.74533
0.17279,22.723644,4.539600000000002,1.7453239999999999
0.17279,22.73364,4.539600000000002,1.74533
0.17279,22.74364,4.539600000000002,1.7453254999999999
0.17279,22.75364,4.539600000000002,1.74533
0.17279,22.76364,4.539600000000002,1.7453269999999996
0.17279,22.77364,4.539600000000002,1.74533
0.17279,22.782616,4.539600000000002,1.7453284999999998
0.17279,22.792616,4.539600000000002,1.74533
0.17279,22.802616,4.539600000000002,1.7453299999999996
0.17279,22.812616,4.539600000000002,1.74533
0.17279,22.821592,4.539600000000002,1.7453299999999996
0.17279,22.831592,4.539600000000002,1.74533
0.17279,22.841592,4.539600000000002,1.7453299999999996
0.17279,22.851592,4.539600000000002,1.74533
0.17279,22.860568,4.539600000000002,1.7453299999999996
0.17279,22.870568,4.539600000000002,1.74533
0.17279,22.880568,4.539600000000002,1.7453299999999996
0.17279,22.890568,4.539600000000002,1.74533
0.17279,22.900568,4.539600000000002,1.7453299999999996
0.17279,22.910568,4.539600000000002,1.74533
0.17279,22.920568,4.539600000000002,1.7453299999999996
0.17279,22.930568,4.539600000000002,1.74533
0.17279,22.940568,4.539600000000002,1.7453299999999996
0.17279,22.949544,4.539600000000002,1.74533
0.17279,22.959544,4.539600000000002,1.7453299999999996
0.17279,22.969544,4.539600000000002,1.74533
0.17279,22.979544,4.539600000000002,1.7453299999999996
0.17279,22.98852,4.539600000000002,1.74533
0.17279,22.99852,4.539600000000002,1.7453299999999996
-0.045376,23.00852,4.539600000000002,1.74533
-0.261736,23.018544,4.537793500000002,1.7453299999999996
-0.4715770000000003,23.027524,4.529468500000002,1.74533
-0.6709720000000003,23.037532,4.510697500000001,1.7453299999999996
-0.8586650000000002,23.047532,4.4802240000000015,1.74533
-1.0344195000000003,23.057524,4.4378125000000015,1.7453299999999996
-1.1976080000000004,23.067524,4.3828345,1.74533
-1.3473660000000003,23.0765,4.314426500000001,1.7453299999999996
-1.4833010000000002,23.0865,4.2321955,1.74533
-1.6051775000000004,23.0965,4.135905500000001,1.7453299999999996
-1.7128380000000005,23.1065,4.0254,1.74533
-1.8061260000000006,23.115476,3.900521500000001,1.7453299999999996
-1.8849625000000003,23.125476,3.7611920000000008,1.74533
-1.9492690000000004,23.135492,3.6073325000000005,1.7453299999999996
-1.9989675000000002,23.14548,3.4388645000000007,1.74533
-2.0339790000000004,23.154452,3.2557095000000005,1.7453299999999996
-2.0540680000000004,23.164448,3.057632,1.74533
-2.0591555000000006,23.174448,2.8445535,1.7453299999999996
-2.0515195000000004,23.184452,2.6187515,1.74533
-2.0362655000000003,23.193428,2.3853310000000003,1.7453299999999996
-1.8002535000000006,23.203428,2.1493189999999998,1.74533
-1.5664405000000003,23.213428,1.915506,1.7453299999999996
-1.3403245000000004,23.223428,1.6893894999999999,1.74533
-1.1256755000000003,23.233428,1.47474,1.7453299999999996
-0.9240635000000004,23.242404,1.2731285,1.74533
-0.7363535000000003,23.2524,1.0854185,1.7453299999999996
-0.5637230000000003,23.262404,0.9127879999999999,1.74533
-0.4075860000000002,23.2724,0.7566505,1.7453299999999996
-0.2688845000000001,23.281376,0.617949,1.74533
-0.14840449999999997,23.291376,0.49746899999999994,1.7453299999999996
-0.04669549999999994,23.301376,0.3957599999999999,1.74533
0.035692999999999996,23.31138,0.313372,1.7453299999999996
0.099153,23.320356,0.24991149999999998,1.74533
0.14564850000000001,23.330356,0.203416,1.7453299999999996
0.1774575,23.340356,0.17160750000000002,1.74533
0.19567900000000002,23.35036,0.1533865,1.7453299999999996
0.1996845,23.36036,0.14938099999999999,1.74533
0.1887675,23.370336,0.16029799999999997,1.7453299999999996
0.16512700000000002,23.380328,0.18393849999999998,1.74533
0.13386850000000003,23.390328,0.21519749999999993,1.7453299999999996
0.10001800000000001,23.400328,0.24904799999999994,1.74533
0.06656050000000001,23.409304,0.2825059999999999,1.7453299999999996
0.034281,23.419304,0.31478599999999995,1.74533
0.0030225000000000004,23.429304,0.34604499999999994,1.7453299999999996
-0.026901000000000005,23.439304,0.3759684999999999,1.74533
-0.05486100000000001,23.44828,0.40392849999999997,1.7453299999999996
-0.0803075,23.45828,0.4293755,1.74533
-0.102691,23.46828,0.45175950000000004,1.7453299999999996
-0.12146200000000001,23.47828,0.47053049999999996,1.74533
-0.13607,23.487256,0.48513900000000004,1.7453299999999996
-0.146123,23.497256,0.4951920000000001,1.74533
-0.151228,23.507256,0.5002970000000001,1.7453299999999996
-0.151856,23.517256,0.5009255,1.74533
-0.1500495,23.527256,0.499119,1.7453299999999996
-0.1481645,23.537256,0.497234,1.74533
-0.147379,23.547256,0.4964485,1.7453299999999996
-0.1473,23.557256,0.49637,1.74533
-0.1473,23.567256,0.49637,1.7453299999999996
-0.1473,23.576232,0.49637,1.74533
-0.1473,23.586232,0.49637,1.7453299999999996
-0.1473,23.596232,0.49637,1.74533
-0.1473,23.606232,0.49637,1.7453299999999996
-0.1473,23.615208,0.49637,1.74533
-0.1473,23.625208,0.49637,1.7453299999999996
-0.1473,23.635208,0.49637,1.74533
-0.1473,23.645208,0.49637,1.7453299999999996
-0.1473,23.654184,0.49637,1.74533
-0.1473,23.664184,0.49637,1.7453299999999996
-0.1473,23.674184,0.49637,1.74533
-0.1473,23.684184,0.49637,1.7453299999999996
-0.1473,23.694184,0.49637,1.74533
-0.1473,23.704184,0.49637,1.7453299999999996
-0.1473,23.714184,0.49637,1.74533
-0.1473,23.724184,0.49637,1.7453299999999996
-0.1473,23.734184,0.49637,1.74533
-0.1473,23.74316,0.49637,1.7453299999999996
-0.1473,23.75316,0.49637,1.74533
-0.1473,23.76316,0.49637,1.7453299999999996
-0.1473,23.77316,0.49637,1.74533
-0.1473,23.782136,0.49637,1.7453299999999996
-0.1473,23.792136,0.49637,1.74533
-0.1473,23.802136,0.49637,1.7453299999999996
-0.1473,23.812136,0.49637,1.74533
-0.1473,23.821112,0.49637,1.7453299999999996
-0.1473,23.831112,0.49637,1.74533
-0.1473,23.841112,0.49637,1.7453299999999996
-0.1473,23.851112,0.49637,1.74533
-0.1473,23.861112,0.49637,1.7453299999999996
-0.1473,23.871112,0.49637,1.74533
-0.1473,23.881112,0.49637,1.7453299999999996
-0.1473,23.891112,0.49637,1.74533
-0.1473,23.901112,0.49637,1.7453299999999996
-0.1473,23.910088,0.49637,1.74533
-0.1473,23.920088,0.49637,1.7453299999999996
-0.1473,23.930088,0.49637,1.74533
-0.1473,23.940088,0.49637,1.7453299999999996
-0.1473,23.949064,0.49637,1.74533
-0.1473,23.959064,0.49637,1.7453299999999996
-0.1473,23.969064,0.49637,1.74533
-0.1473,23.979068,0.49637,1.7453299999999996
-0.1473,23.989064,0.49637,1.74533
-0.1473,23.999064,0.49637,1.7453299999999996
-0.1473,24.009064,0.49637,1.74533
