0.0,0.010056,0.0,0.0
0.0,0.020056,0.0,0.0
0.0,0.030056,0.0,0.0
0.0,0.040056,0.0,0.0
0.0,0.050056,0.0,0.0
0.0,0.060056,0.0,0.0
0.0,0.070056,0.0,0.0
0.0,0.080056,0.0,0.0
0.0,0.090056,0.0,0.0
0.0,0.100056,0.0,0.0
0.0,0.110056,0.0,0.0
0.0,0.120056,0.0,0.0
0.0,0.130056,0.0,0.0
0.0,0.140056,0.0,0.0
0.0,0.150056,0.0,0.0
0.0,0.160056,0.0,0.0
0.0,0.170056,0.0,0.0
0.0,0.180056,0.0,0.0
0.0,0.190056,0.0,0.0
0.0,0.200056,0.0,0.0
0.0,0.210056,0.0,0.0
0.0,0.220056,0.0,0.0
0.0,0.230056,0.0,0.0
0.0,0.240056,0.0,0.0
0.0,0.250056,0.0,0.0
0.0,0.260056,0.0,0.0
0.0,0.270056,0.0,0.0
0.0,0.280056,0.0,0.0
0.0,0.290056,0.0,0.0
0.0,0.300056,0.0,0.0
0.0,0.310056,0.0,0.0
0.0,0.320056,0.0,0.0
0.0,0.330056,0.0,0.0
0.0,0.340056,0.0,0.0
0.0,0.350056,0.0,0.0
0.0,0.360056,0.0,0.0
0.0,0.370056,0.0,0.0
0.0,0.380056,0.0,0.0
0.0,0.390056,0.0,0.0
0.0,0.400056,0.0,0.0
0.0,0.410056,0.0,0.0
0.0,0.420056,0.0,0.0
0.0,0.430056,0.0,0.0
0.0,0.440056,0.0,0.0
0.0,0.450056,0.0,0.0
0.0,0.460056,0.0,0.0
0.0,0.470056,0.0,0.0
0.0,0.480056,0.0,0.0
0.0,0.490056,0.0,0.0
0.0,0.500056,0.0,0.0
0.0,0.510056,0.0,0.0
0.0,0.520056,0.0,0.0
0.0,0.530056,0.0,0.0
0.0,0.540056,0.0,0.0
0.0,0.550056,0.0,0.0
0.0,0.560056,0.0,0.0
0.0,0.570056,0.0,0.0
0.0,0.580056,0.0,0.0
0.0,0.590056,0.0,0.0
0.0,0.600056,0.0,0.0
0.0,0.610056,0.0,0.0
0.0,0.620056,0.0,0.0
0.0,0.630056,0.0,0.0
0.0,0.64006,0.0,0.0
0.0,0.650056,0.0,0.0
0.0,0.660056,0.0,0.0
0.0,0.670056,0.0,0.0
0.0,0.680056,0.0,0.0
0.0,0.690056,0.0,0.0
0.0,0.700056,0.0,0.0
0.0,0.710056,0.0,0.0
0.0,0.720056,0.0,0.0
0.0,0.730056,0.0,0.0
0.0,0.740056,0.0,0.0
0.0,0.750056,0.0,0.0
0.0,0.760056,0.0,0.0
0.0,0.770056,0.0,0.0
0.0,0.780056,0.0,0.0
0.0,0.790056,0.0,0.0
0.0,0.800056,0.0,0.0
0.0,0.810056,0.0,0.0
0.0,0.820056,0.0,0.0
0.0,0.830056,0.0,0.0
0.0,0.840056,0.0,0.0
0.0,0.850056,0.0,0.0
0.0,0.860056,0.0,0.0
0.0,0.870056,0.0,0.0
0.0,0.880056,0.0,0.0
0.0,0.890056,0.0,0.0
0.0,0.900056,0.0,0.0
0.0,0.910056,0.0,0.0
0.0,0.920056,0.0,0.0
0.0,0.930056,0.0,0.0
0.0,0.940056,0.0,0.0
0.0,0.950056,0.0,0.0
0.0,0.960056,0.0,0.0
0.0,0.970056,0.0,0.0
0.0,0.980056,0.0,0.0
0.0,0.990056,0.0,0.0
0.0,1.000056,0.0,0.0
0.0,1.010056,0.0,0.0
0.0,1.020056,0.0,0.0
0.0,1.030056,0.0,0.0
0.0,1.040056,0.0,0.0
0.0,1.050056,0.0,0.0
0.0,1.060056,0.0,0.0
0.0,1.070056,0.0,0.0
0.0,1.080056,0.0,0.0
0.0,1.090056,0.0,0.0
0.0,1.100056,0.0,0.0
0.0,1.110056,0.0,0.0
0.0,1.120056,0.0,0.0
0.0,1.130056,0.0,0.0
0.0,1.140056,0.0,0.0
0.0,1.150056,0.0,0.0
0.0,1.160056,0.0,0.0
0.0,1.170056,0.0,0.0
0.0,1.180056,0.0,0.0
0.0,1.190056,0.0,0.0
0.0,1.200056,0.0,0.0
0.0,1.210056,0.0,0.0
0.0,1.220056,0.0,0.0
0.0,1.230056,0.0,0.0
0.0,1.240056,0.0,0.0
0.0,1.250056,0.0,0.0
0.0,1.260056,0.0,0.0
0.0,1.270056,0.0,0.0
0.0,1.28006,0.0,0.0
0.0,1.290056,0.0,0.0
0.0,1.300056,0.0,0.0
0.0,1.310056,0.0,0.0
0.0,1.320056,0.0,0.0
0.0,1.330056,0.0,0.0
0.0,1.340056,0.0,0.0
0.0,1.350056,0.0,0.0
0.0,1.360056,0.0,0.0
0.0,1.370056,0.0,0.0
0.0,1.380056,0.0,0.0
0.0,1.390056,0.0,0.0
0.0,1.400056,0.0,0.0
0.0,1.410056,0.0,0.0
0.0,1.420056,0.0,0.0
0.0,1.430056,0.0,0.0
0.0,1.440056,0.0,0.0
0.0,1.450056,0.0,0.0
0.0,1.460056,0.0,0.0
0.0,1.470056,0.0,0.0
0.0,1.480056,0.0,0.0
0.0,1.490056,0.0,0.0
0.0,1.500056,0.0,0.0
0.0,1.510056,0.0,0.0
0.0,1.520056,0.0,0.0
0.0,1.530056,0.0,0.0
0.0,1.540056,0.0,0.0
0.0,1.550056,0.0,0.0
0.0,1.560056,0.0,0.0
0.0,1.570056,0.0,0.0
0.0,1.580056,0.0,0.0
0.0,1.590056,0.0,0.0
0.0,1.600056,0.0,0.0
0.0,1.610056,0.0,0.0
0.0,1.620056,0.0,0.0
0.0,1.630056,0.0,0.0
0.0,1.640056,0.0,0.0
0.0,1.650056,0.0,0.0
0.0,1.660056,0.0,0.0
0.0,1.670056,0.0,0.0
0.0,1.680056,0.0,0.0
0.0,1.690056,0.0,0.0
0.0,1.700056,0.0,0.0
0.0,1.710056,0.0,0.0
0.0,1.720056,0.0,0.0
0.0,1.730056,0.0,0.0
0.0,1.740056,0.0,0.0
0.0,1.750056,0.0,0.0
0.0,1.760056,0.0,0.0
0.0,1.770056,0.0,0.0
0.0,1.780056,0.0,0.0
0.0,1.790056,0.0,0.0
0.0,1.800056,0.0,0.0
0.0,1.810056,0.0,0.0
0.0,1.820056,0.0,0.0
0.0,1.830056,0.0,0.0
0.0,1.840056,0.0,0.0
0.0,1.850056,0.0,0.0
0.0,1.860056,0.0,0.0
0.0,1.870056,0.0,0.0
0.0,1.880056,0.0,0.0
0.0,1.890056,0.0,0.0
0.0,1.900056,0.0,0.0
0.0,1.910056,0.0,0.0
0.0,1.92006,0.0,0.0
0.0,1.930056,0.0,0.0
0.0,1.940056,0.0,0.0
0.0,1.950056,0.0,0.0
0.0,1.960056,0.0,0.0
0.0,1.970056,0.0,0.0
0.0,1.980056,0.0,0.0
0.0,1.990056,0.0,0.0
0.0,2.000056,0.0,0.0
0.0,2.010056,0.0,0.0
0.0,2.020056,0.0,0.0
0.0,2.030056,0.0,0.0
0.0,2.040056,0.0,0.0
0.0,2.050056,0.0,0.0
0.0,2.060056,0.0,0.0
0.0,2.070056,0.0,0.0
0.0,2.080056,0.0,0.0
0.0,2.090056,0.0,0.0
0.0,2.100056,0.0,0.0
0.0,2.110056,0.0,0.0
0.0,2.120056,0.0,0.0
0.0,2.130056,0.0,0.0
0.0,2.140056,0.0,0.0
0.0,2.150056,0.0,0.0
0.0,2.160056,0.0,0.0
0.0,2.170056,0.0,0.0
0.0,2.180056,0.0,0.0
0.0,2.190056,0.0,0.0
0.0,2.200056,0.0,0.0
0.0,2.210056,0.0,0.0
0.0,2.220056,0.0,0.0
0.0,2.230056,0.0,0.0
0.0,2.240056,0.0,0.0
0.0,2.250056,0.0,0.0
0.0,2.260056,0.0,0.0
0.0,2.270056,0.0,0.0
0.0,2.280056,0.0,0.0
0.0,2.290056,0.0,0.0
0.0,2.300056,0.0,0.0
0.0,2.310056,0.0,0.0
0.0,2.320056,0.0,0.0
0.0,2.330056,0.0,0.0
0.0,2.340056,0.0,0.0
0.0,2.350056,0.0,0.0
0.0,2.360056,0.0,0.0
0.0,2.370056,0.0,0.0
0.0,2.380056,0.0,0.0
0.0,2.390056,0.0,0.0
0.0,2.400056,0.0,0.0
0.0,2.410056,0.0,0.0
0.0,2.420056,0.0,0.0
0.0,2.430056,0.0,0.0
0.0,2.440056,0.0,0.0
0.0,2.450056,0.0,0.0
0.0,2.460056,0.0,0.0
0.0,2.470056,0.0,0.0
0.0,2.480056,0.0,0.0
0.0,2.490056,0.0,0.0
0.0,2.500056,0.0,0.0
0.0,2.510056,0.0,0.0
0.0,2.520056,0.0,0.0
0.0,2.530056,0.0,0.0
0.0,2.540056,0.0,0.0
0.0,2.550056,0.0,0.0
0.0,2.56006,0.0,0.0
0.0,2.570056,0.0,0.0
0.0,2.580056,0.0,0.0
0.0,2.590056,0.0,0.0
0.0,2.600056,0.0,0.0
0.0,2.610056,0.0,0.0
0.0,2.620056,0.0,0.0
0.0,2.630056,0.0,0.0
0.0,2.640056,0.0,0.0
0.0,2.650056,0.0,0.0
0.0,2.660056,0.0,0.0
0.0,2.670056,0.0,0.0
0.0,2.680056,0.0,0.0
0.0,2.690056,0.0,0.0
0.0,2.700056,0.0,0.0
0.0,2.710056,0.0,0.0
0.0,2.720056,0.0,0.0
0.0,2.730056,0.0,0.0
0.0,2.740056,0.0,0.0
0.0,2.750056,0.0,0.0
0.0,2.760056,0.0,0.0
0.0,2.770056,0.0,0.0
0.0,2.780056,0.0,0.0
0.0,2.790056,0.0,0.0
0.0,2.800056,0.0,0.0
0.0,2.810056,0.0,0.0
0.0,2.820056,0.0,0.0
0.0,2.830056,0.0,0.0
0.0,2.840056,0.0,0.0
0.0,2.850056,0.0,0.0
0.0,2.860056,0.0,0.0
0.0,2.870056,0.0,0.0
0.0,2.880056,0.0,0.0
0.0,2.890056,0.0,0.0
0.0,2.900056,0.0,0.0
0.0,2.910056,0.0,0.0
0.0,2.920056,0.0,0.0
0.0,2.930056,0.0,0.0
0.0,2.940056,0.0,0.0
0.0,2.950056,0.0,0.0
0.0,2.960056,0.0,0.0
0.0,2.970056,0.0,0.0
0.0,2.980056,0.0,0.0
0.0,2.990056,0.0,0.0
0.0,3.000056,0.0,0.0
0.0,3.010056,0.0,0.0
0.0,3.020056,0.0,0.0
0.0,3.030056,0.0,0.0
0.0,3.040056,0.0,0.0
0.0,3.050056,0.0,0.0
0.0,3.060056,0.0,0.0
0.0,3.070056,0.0,0.0
0.0,3.080056,0.0,0.0
0.0,3.090056,0.0,0.0
0.0,3.100056,0.0,0.0
0.0,3.110056,0.0,0.0
0.0,3.120056,0.0,0.0
0.0,3.130056,0.0,0.0
0.0,3.140056,0.0,0.0
0.0,3.150056,0.0,0.0
0.0,3.160056,0.0,0.0
0.0,3.170056,0.0,0.0
0.0,3.180056,0.0,0.0
0.0,3.190056,0.0,0.0
0.0,3.20006,0.0,0.0
0.0,3.210056,0.0,0.0
0.0,3.220056,0.0,0.0
0.0,3.230056,0.0,0.0
0.0,3.240056,0.0,0.0
0.0,3.250056,0.0,0.0
0.0,3.260056,0.0,0.0
0.0,3.270056,0.0,0.0
0.0,3.280056,0.0,0.0
0.0,3.290056,0.0,0.0
0.0,3.300056,0.0,0.0
0.0,3.310056,0.0,0.0
0.0,3.320056,0.0,0.0
0.0,3.330056,0.0,0.0
0.0,3.340056,0.0,0.0
0.0,3.350056,0.0,0.0
0.0,3.360056,0.0,0.0
0.0,3.370056,0.0,0.0
0.0,3.380056,0.0,0.0
0.0,3.390056,0.0,0.0
0.0,3.400056,0.0,0.0
0.0,3.410056,0.0,0.0
0.0,3.420056,0.0,0.0
0.0,3.430056,0.0,0.0
0.0,3.440056,0.0,0.0
0.0,3.450056,0.0,0.0
0.0,3.460056,0.0,0.0
0.0,3.470056,0.0,0.0
0.0,3.480056,0.0,0.0
0.0,3.490056,0.0,0.0
0.0,3.500056,0.0,0.0
0.0,3.510056,0.0,0.0
0.0,3.520056,0.0,0.0
0.0,3.530056,0.0,0.0
0.0,3.540056,0.0,0.0
0.0,3.550056,0.0,0.0
0.0,3.560056,0.0,0.0
0.0,3.570056,0.0,0.0
0.0,3.580056,0.0,0.0
0.0,3.590056,0.0,0.0
0.0,3.600056,0.0,0.0
0.0,3.610056,0.0,0.0
0.0,3.620056,0.0,0.0
0.0,3.630056,0.0,0.0
0.0,3.640056,0.0,0.0
0.0,3.650056,0.0,0.0
0.0,3.660056,0.0,0.0
0.0,3.670056,0.0,0.0
0.0,3.680056,0.0,0.0
0.0,3.690056,0.0,0.0
0.0,3.700056,0.0,0.0
0.0,3.710056,0.0,0.0
0.0,3.720056,0.0,0.0
0.0,3.730056,0.0,0.0
0.0,3.740056,0.0,0.0
0.0,3.750056,0.0,0.0
0.0,3.760056,0.0,0.0
0.0,3.770056,0.0,0.0
0.0,3.780056,0.0,0.0
0.0,3.790056,0.0,0.0
0.0,3.800056,0.0,0.0
0.0,3.810056,0.0,0.0
0.0,3.820056,0.0,0.0
0.0,3.830056,0.0,0.0
0.0,3.84006,0.0,0.0
0.0,3.850056,0.0,0.0
0.0,3.860056,0.0,0.0
0.0,3.870056,0.0,0.0
0.0,3.880056,0.0,0.0
0.0,3.890056,0.0,0.0
0.0,3.900056,0.0,0.0
0.0,3.910056,0.0,0.0
0.0,3.920056,0.0,0.0
0.0,3.930056,0.0,0.0
0.0,3.940056,0.0,0.0
0.0,3.950056,0.0,0.0
0.0,3.960056,0.0,0.0
0.0,3.970056,0.0,0.0
0.0,3.980056,0.0,0.0
0.0,3.990056,0.0,0.0
0.0,4.000056,0.0,0.0
0.0,4.010056,0.0,0.0
0.0,4.020056,0.0,0.0
0.0,4.030056,0.0,0.0
0.0,4.040056,0.0,0.0
0.0,4.050056,0.0,0.0
0.0,4.060056,0.0,0.0
0.0,4.070056,0.0,0.0
0.0,4.080056,0.0,0.0
0.0,4.090056,0.0,0.0
0.0,4.100056,0.0,0.0
0.0,4.110056,0.0,0.0
0.0,4.120056,0.0,0.0
0.0,4.130056,0.0,0.0
0.0,4.140056,0.0,0.0
0.0,4.150056,0.0,0.0
0.0,4.160056,0.0,0.0
0.0,4.170056,0.0,0.0
0.0,4.180056,0.0,0.0
0.0,4.190056,0.0,0.0
0.0,4.200056,0.0,0.0
0.0,4.210056,0.0,0.0
0.0,4.220056,0.0,0.0
0.0,4.230056,0.0,0.0
0.0,4.240056,0.0,0.0
0.0,4.250056,0.0,0.0
0.0,4.260056,0.0,0.0
0.0,4.270056,0.0,0.0
0.0,4.280056,0.0,0.0
0.0,4.290056,0.0,0.0
0.0,4.300056,0.0,0.0
0.0,4.310056,0.0,0.0
0.0,4.320056,0.0,0.0
0.0,4.330056,0.0,0.0
0.0,4.340056,0.0,0.0
0.0,4.350056,0.0,0.0
0.0,4.360056,0.0,0.0
0.0,4.370056,0.0,0.0
0.0,4.380056,0.0,0.0
0.0,4.390056,0.0,0.0
0.0,4.400056,0.0,0.0
0.0,4.410056,0.0,0.0
0.0,4.420056,0.0,0.0
0.0,4.430056,0.0,0.0
0.0,4.440056,0.0,0.0
0.0,4.450056,0.0,0.0
0.0,4.460056,0.0,0.0
0.0,4.470056,0.0,0.0
0.0,4.48006,0.0,0.0
0.0,4.490056,0.0,0.0
0.0,4.500056,0.0,0.0
0.0,4.510056,0.0,0.0
0.0,4.520056,0.0,0.0
0.0,4.530056,0.0,0.0
0.0,4.540056,0.0,0.0
0.0,4.550056,0.0,0.0
0.0,4.560056,0.0,0.0
0.0,4.570056,0.0,0.0
0.0,4.580056,0.0,0.0
0.0,4.590056,0.0,0.0
0.0,4.600056,0.0,0.0
0.0,4.610056,0.0,0.0
0.0,4.620056,0.0,0.0
0.0,4.630056,0.0,0.0
0.0,4.640056,0.0,0.0
0.0,4.650056,0.0,0.0
0.0,4.660056,0.0,0.0
0.0,4.670056,0.0,0.0
0.0,4.680056,0.0,0.0
0.0,4.690056,0.0,0.0
0.0,4.700056,0.0,0.0
0.0,4.710056,0.0,0.0
0.0,4.720056,0.0,0.0
0.0,4.730056,0.0,0.0
0.0,4.740056,0.0,0.0
0.0,4.750056,0.0,0.0
0.0,4.760056,0.0,0.0
0.0,4.770056,0.0,0.0
0.0,4.780056,0.0,0.0
0.0,4.790056,0.0,0.0
0.0,4.800056,0.0,0.0
0.0,4.810056,0.0,0.0
0.0,4.820056,0.0,0.0
0.0,4.830056,0.0,0.0
0.0,4.840056,0.0,0.0
0.0,4.850056,0.0,0.0
0.0,4.860056,0.0,0.0
0.0,4.870056,0.0,0.0
0.0,4.880056,0.0,0.0
0.0,4.890056,0.0,0.0
0.0,4.900056,0.0,0.0
0.0,4.910056,0.0,0.0
0.0,4.920056,0.0,0.0
0.0,4.930056,0.0,0.0
0.0,4.940056,0.0,0.0
0.0,4.950056,0.0,0.0
0.0,4.960056,0.0,0.0
0.0,4.970056,0.0,0.0
0.0,4.980056,0.0,0.0
0.0,4.990056,0.0,0.0
0.02618,5.000056,0.0,0.0
0.05236,5.010056,0.0,0.0
0.07854,5.020056,0.0,0.0
0.10472,5.030056,0.0,0.0
0.1309,5.040056,0.0,0.0
0.15708,5.050056,0.0,0.0
0.18326,5.060056,0.0,0.0
0.20944,5.070056,0.0,0.0
0.23562,5.080056,0.0,0.0
0.2618,5.089032,0.0,0.0
0.28798,5.099032,0.0,0.0
0.31416,5.109032,0.0,0.0
0.34034000000000003,5.119036,0.0,0.0
0.36652,5.129032,0.0,0.0
0.39270000000000005,5.139032,0.0,0.0
0.41888,5.149032,0.0,0.0
0.44506,5.159032,0.0,0.0
0.47124,5.169032,0.0,0.0
0.49742,5.179032,0.0,0.0
0.5236,5.189032,0.0,0.0
0.5236,5.199032,0.0,0.0
0.5236,5.209032,0.0,0.0
0.5236,5.219032,0.0,0.0
0.5236,5.229032,0.0,0.0
0.5236,5.239032,0.0,0.0
0.5236,5.249032,0.0,0.0
0.5236,5.258008,0.0,0.0
0.5236,5.268008,0.0,0.0
0.5236,5.278008,0.0,0.0
0.5236,5.288008,0.0,0.0
0.5236,5.298008,0.0,0.0
0.5236,5.308008,0.0,0.0
0.5236,5.318008,0.0,0.0
0.5236,5.328008,0.0,0.0
0.5236,5.338008,0.0,0.0
0.5236,5.348008,0.0,0.0
0.5236,5.358008,0.0,0.0
0.5236,5.368008,0.0,0.0
0.5236,5.378008,0.0,0.0
0.5236,5.388008,0.0,0.0
0.5236,5.398008,0.0,0.0
0.5236,5.408008,0.0,0.0
0.5236,5.418008,0.0,0.0
0.5236,5.428008,0.0,0.0
0.5236,5.438008,0.0,0.0
0.5236,5.448008,0.0,0.0
0.5236,5.458008,0.0,0.0
0.5236,5.468008,0.0,0.0
0.5236,5.478008,0.0,0.0
0.5236,5.488008,0.0,0.0
0.5236,5.498008,0.0,0.0
0.5236,5.508008,0.0,0.0
0.5236,5.518008,0.0,0.0
0.5236,5.528008,0.0,0.0
0.5236,5.538008,0.0,0.0
0.5236,5.548008,0.0,0.0
0.5236,5.556984,0.0,0.0
0.5236,5.566984,0.0,0.0
0.5236,5.576984,0.0,0.0
0.5236,5.586984,0.0,0.0
0.5236,5.59596,0.0,0.0
0.5236,5.60596,0.0,0.0
0.5236,5.61596,0.0,0.0
0.5236,5.62596,0.0,0.0
0.5236,5.63596,0.0,0.0
0.5236,5.64596,0.0,0.0
0.5236,5.65596,0.0,0.0
0.5236,5.66596,0.0,0.0
0.5236,5.67596,0.0,0.0
0.5236,5.68596,0.0,0.0
0.5236,5.69596,0.0,0.0
0.5236,5.70596,0.0,0.0
0.5236,5.71596,0.0,0.0
0.5236,5.72596,0.0,0.0
0.5236,5.73596,0.0,0.0
0.5236,5.74596,0.0,0.0
0.5236,5.755964,0.0,0.0
0.5236,5.76596,0.0,0.0
0.5236,5.77596,0.0,0.0
0.5236,5.78596,0.0,0.0
0.5236,5.79596,0.0,0.0
0.5236,5.80596,0.0,0.0
0.5236,5.81596,0.0,0.0
0.5236,5.82596,0.0,0.0
0.5236,5.83596,0.0,0.0
0.5236,5.84596,0.0,0.0
0.5236,5.85596,0.0,0.0
0.5236,5.86596,0.0,0.0
0.5236,5.87596,0.0,0.0
0.5236,5.88596,0.0,0.0
0.5236,5.89596,0.0,0.0
0.5236,5.90596,0.0,0.0
0.5236,5.91596,0.0,0.0
0.5236,5.92596,0.0,0.0
0.5236,5.93596,0.0,0.0
0.5236,5.94596,0.0,0.0
0.5236,5.95596,0.0,0.0
0.5236,5.96596,0.0,0.0
0.5236,5.97596,0.0,0.0
0.5236,5.98596,0.0,0.0
0.5236,5.99596,0.0,0.0
0.5236,6.00596,0.0,0.0
0.5236,6.01596,0.0,0.0
0.5236,6.02596,0.0,0.0
0.5236,6.03596,0.0,0.0
0.5236,6.04596,0.0,0.0
0.5236,6.05596,0.0,0.0
0.5236,6.06596,0.0,0.0
0.5236,6.07596,0.0,0.0
0.5236,6.08596,0.0,0.0
0.5236,6.09596,0.0,0.0
0.5236,6.10596,0.0,0.0
0.5236,6.11596,0.0,0.0
0.5236,6.12596,0.0,0.0
0.5236,6.13596,0.0,0.0
0.5236,6.14596,0.0,0.0
0.5236,6.15596,0.0,0.0
0.5236,6.16596,0.0,0.0
0.5236,6.17596,0.0,0.0
0.5236,6.18596,0.0,0.0
0.5236,6.19596,0.0,0.0
0.5236,6.20596,0.0,0.0
0.5236,6.21596,0.0,0.0
0.5236,6.22596,0.0,0.0
0.5236,6.234936,0.0,0.0
0.5236,6.244936,0.0,0.0
0.5236,6.254936,0.0,0.0
0.5236,6.264936,0.0,0.0
0.5236,6.274936,0.0,0.0
0.5236,6.284936,0.0,0.0
0.5236,6.294936,0.0,0.0
0.5236,6.304936,0.0,0.0
0.5236,6.314936,0.0,0.0
0.5236,6.324936,0.0,0.0
0.5236,6.334936,0.0,0.0
0.5236,6.344936,0.0,0.0
0.5236,6.354936,0.0,0.0
0.5236,6.364936,0.0,0.0
0.5236,6.374936,0.0,0.0
0.5236,6.384936,0.0,0.0
0.5236,6.39494,0.0,0.0
0.5236,6.404936,0.0,0.0
0.5236,6.414936,0.0,0.0
0.5236,6.424936,0.0,0.0
0.5236,6.434936,0.0,0.0
0.5236,6.444936,0.0,0.0
0.5236,6.454936,0.0,0.0
0.5236,6.464936,0.0,0.0
0.5236,6.474936,0.0,0.0
0.5236,6.484936,0.0,0.0
0.5236,6.494936,0.0,0.0
0.5236,6.504936,0.0,0.0
0.5236,6.514936,0.0,0.0
0.5236,6.524936,0.0,0.0
0.5236,6.534936,0.0,0.0
0.5236,6.544936,0.0,0.0
0.5236,6.554936,0.0,0.0
0.5236,6.564936,0.0,0.0
0.5236,6.574936,0.0,0.0
0.5236,6.584936,0.0,0.0
0.5236,6.594936,0.0,0.0
0.5236,6.604936,0.0,0.0
0.5236,6.614936,0.0,0.0
0.5236,6.624936,0.0,0.0
0.5236,6.634936,0.0,0.0
0.5236,6.644936,0.0,0.0
0.5236,6.654936,0.0,0.0
0.5236,6.664936,0.0,0.0
0.5236,6.674936,0.0,0.0
0.5236,6.684936,0.0,0.0
0.5236,6.694936,0.0,0.0
0.5236,6.704936,0.0,0.0
0.5236,6.714936,0.0,0.0
0.5236,6.724936,0.0,0.0
0.5236,6.734936,0.0,0.0
0.5236,6.744936,0.0,0.0
0.5236,6.754936,0.0,0.0
0.5236,6.764936,0.0,0.0
0.5236,6.774936,0.0,0.0
0.5236,6.784936,0.0,0.0
0.5236,6.794936,0.0,0.0
0.5236,6.804936,0.0,0.0
0.5236,6.814936,0.0,0.0
0.5236,6.824936,0.0,0.0
0.5236,6.834936,0.0,0.0
0.5236,6.844936,0.0,0.0
0.5236,6.854936,0.0,0.0
0.5236,6.864936,0.0,0.0
0.5236,6.873912,0.0,0.0
0.5236,6.883912,0.0,0.0
0.5236,6.893912,0.0,0.0
0.5236,6.903912,0.0,0.0
0.5236,6.913912,0.0,0.0
0.5236,6.923912,0.0,0.0
0.5236,6.933912,0.0,0.0
0.5236,6.943912,0.0,0.0
0.5236,6.953912,0.0,0.0
0.5236,6.963912,0.0,0.0
0.5236,6.973912,0.0,0.0
0.5236,6.983912,0.0,0.0
0.5236,6.993912,0.0,0.0
0.5585065,7.003912,0.0,0.0
0.5934130000000001,7.013912,0.0,0.0
0.6283195,7.023912,0.0,0.0
0.6632260000000001,7.033916,0.0,0.0
0.6981325,7.043912,0.0,0.0
0.7330390000000001,7.053912,0.0,0.0
0.7679455000000001,7.063912,0.0,0.0
0.8028520000000001,7.073912,0.0,0.0
0.8377585000000001,7.083912,0.0,0.0
0.872665,7.093912,0.0,0.0
0.9075714999999998,7.103912,0.0,0.0
0.9424779999999997,7.113912,0.0,0.0
0.9773844999999997,7.123912,0.0,0.0
1.0122909999999998,7.133912,0.0,0.0
1.0471975,7.143912,0.0,0.0
1.082104,7.153912,0.0,0.0
1.1170105000000001,7.163912,0.0,0.0
1.1519170000000003,7.173912,0.0,0.0
1.1868235000000005,7.183912,0.0,0.0
1.2217300000000006,7.193912,0.0,0.0
1.2217300000000006,7.203912,0.0,0.0
1.2217300000000006,7.213912,0.0,0.0
1.2217300000000006,7.223912,0.0,0.0
1.2217300000000006,7.233912,0.0,0.0
1.2217300000000006,7.243912,0.0,0.0
1.2217300000000006,7.253912,0.0,0.0
1.2217300000000006,7.263912,0.0,0.0
1.2217300000000006,7.273912,0.0,0.0
1.2217300000000006,7.283912,0.0,0.0
1.2217300000000006,7.293912,0.0,0.0
1.2217300000000006,7.303912,0.0,0.0
1.2217300000000006,7.313912,0.0,0.0
1.2217300000000006,7.323912,0.0,0.0
1.2217300000000006,7.333912,0.0,0.0
1.2217300000000006,7.343912,0.0,0.0
1.2217300000000006,7.353912,0.0,0.0
1.2217300000000006,7.363912,0.0,0.0
1.2217300000000006,7.373912,0.0,0.0
1.2217300000000006,7.383912,0.0,0.0
1.2217300000000006,7.393912,0.0,0.0
1.2217300000000006,7.403912,0.0,0.0
1.2217300000000006,7.413912,0.0,0.0
1.2217300000000006,7.423912,0.0,0.0
1.2217300000000006,7.433912,0.0,0.0
1.2217300000000006,7.443912,0.0,0.0
1.2217300000000006,7.453912,0.0,0.0
1.2217300000000006,7.463912,0.0,0.0
1.2217300000000006,7.473912,0.0,0.0
1.2217300000000006,7.483912,0.0,0.0
1.2217300000000006,7.493912,0.0,0.0
1.2217300000000006,7.503912,0.0,0.0
1.2217300000000006,7.513912,0.0,0.0
1.2217300000000006,7.523912,0.0,0.0
1.2217300000000006,7.533912,0.0,0.0
1.2217300000000006,7.543912,0.0,0.0
1.2217300000000006,7.553912,0.0,0.0
1.2217300000000006,7.563912,0.0,0.0
1.2217300000000006,7.573912,0.0,0.0
1.2217300000000006,7.583912,0.0,0.0
1.2217300000000006,7.593912,0.0,0.0
1.2217300000000006,7.603912,0.0,0.0
1.2217300000000006,7.613912,0.0,0.0
1.2217300000000006,7.623912,0.0,0.0
1.2217300000000006,7.633912,0.0,0.0
1.2217300000000006,7.643912,0.0,0.0
1.2217300000000006,7.653912,0.0,0.0
1.2217300000000006,7.663912,0.0,0.0
1.2217300000000006,7.673916,0.0,0.0
1.2217300000000006,7.683912,0.0,0.0
1.2217300000000006,7.693912,0.0,0.0
1.2217300000000006,7.703912,0.0,0.0
1.2217300000000006,7.713912,0.0,0.0
1.2217300000000006,7.723912,0.0,0.0
1.2217300000000006,7.733912,0.0,0.0
1.2217300000000006,7.743912,0.0,0.0
1.2217300000000006,7.753912,0.0,0.0
1.2217300000000006,7.763912,0.0,0.0
1.2217300000000006,7.773912,0.0,0.0
1.2217300000000006,7.783912,0.0,0.0
1.2217300000000006,7.793912,0.0,0.0
1.2217300000000006,7.803912,0.0,0.0
1.2217300000000006,7.813912,0.0,0.0
1.2217300000000006,7.823912,0.0,0.0
1.2217300000000006,7.833912,0.0,0.0
1.2217300000000006,7.843912,0.0,0.0
1.2217300000000006,7.853912,0.0,0.0
1.2217300000000006,7.863912,0.0,0.0
1.2217300000000006,7.873912,0.0,0.0
1.2217300000000006,7.883912,0.0,0.0
1.2217300000000006,7.893912,0.0,0.0
1.2217300000000006,7.903912,0.0,0.0
1.2217300000000006,7.913912,0.0,0.0
1.2217300000000006,7.923912,0.0,0.0
1.2217300000000006,7.933912,0.0,0.0
1.2217300000000006,7.943912,0.0,0.0
1.2217300000000006,7.953912,0.0,0.0
1.2217300000000006,7.963912,0.0,0.0
1.2217300000000006,7.973912,0.0,0.0
1.2217300000000006,7.983912,0.0,0.0
1.2217300000000006,7.993912,0.0,0.0
1.2217300000000006,8.003912,0.0,0.0
1.2217300000000006,8.013912,0.0,0.0
1.2217300000000006,8.023912,0.0,0.0
1.2217300000000006,8.033912,0.0,0.0
1.2217300000000006,8.043912,0.0,0.0
1.2217300000000006,8.053912,0.0,0.0
1.2217300000000006,8.063912,0.0,0.0
1.2217300000000006,8.073912,0.0,0.0
1.2217300000000006,8.083912,0.0,0.0
1.2217300000000006,8.093912,0.0,0.0
1.2217300000000006,8.103912,0.0,0.0
1.2217300000000006,8.113912,0.0,0.0
1.2217300000000006,8.123912,0.0,0.0
1.2217300000000006,8.133912,0.0,0.0
1.2217300000000006,8.143912,0.0,0.0
1.2217300000000006,8.153912,0.0,0.0
1.2217300000000006,8.163912,0.0,0.0
1.2217300000000006,8.173912,0.0,0.0
1.2217300000000006,8.183912,0.0,0.0
1.2217300000000006,8.193912,0.0,0.0
1.2217300000000006,8.203912,0.0,0.0
1.2217300000000006,8.213912,0.0,0.0
1.2217300000000006,8.223912,0.0,0.0
1.2217300000000006,8.233912,0.0,0.0
1.2217300000000006,8.243912,0.0,0.0
1.2217300000000006,8.253912,0.0,0.0
1.2217300000000006,8.263912,0.0,0.0
1.2217300000000006,8.273912,0.0,0.0
1.2217300000000006,8.283912,0.0,0.0
1.2217300000000006,8.293912,0.0,0.0
1.2217300000000006,8.303912,0.0,0.0
1.2217300000000006,8.313916,0.0,0.0
1.2217300000000006,8.323912,0.0,0.0
1.2217300000000006,8.333912,0.0,0.0
1.2217300000000006,8.343912,0.0,0.0
1.2217300000000006,8.353912,0.0,0.0
1.2217300000000006,8.363912,0.0,0.0
1.2217300000000006,8.373912,0.0,0.0
1.2217300000000006,8.383912,0.0,0.0
1.2217300000000006,8.393912,0.0,0.0
1.2217300000000006,8.403912,0.0,0.0
1.2217300000000006,8.413912,0.0,0.0
1.2217300000000006,8.423912,0.0,0.0
1.2217300000000006,8.433912,0.0,0.0
1.2217300000000006,8.443912,0.0,0.0
1.2217300000000006,8.453912,0.0,0.0
1.2217300000000006,8.463912,0.0,0.0
1.2217300000000006,8.473912,0.0,0.0
1.2217300000000006,8.483912,0.0,0.0
1.2217300000000006,8.493912,0.0,0.0
1.2217300000000006,8.503912,0.0,0.0
1.2217300000000006,8.513912,0.0,0.0
1.2217300000000006,8.523912,0.0,0.0
1.2217300000000006,8.533912,0.0,0.0
1.2217300000000006,8.543912,0.0,0.0
1.2217300000000006,8.553912,0.0,0.0
1.2217300000000006,8.563912,0.0,0.0
1.2217300000000006,8.573912,0.0,0.0
1.2217300000000006,8.583912,0.0,0.0
1.2217300000000006,8.593912,0.0,0.0
1.2217300000000006,8.603912,0.0,0.0
1.2217300000000006,8.613912,0.0,0.0
1.2217300000000006,8.623912,0.0,0.0
1.2217300000000006,8.633912,0.0,0.0
1.2217300000000006,8.643912,0.0,0.0
1.2217300000000006,8.653912,0.0,0.0
1.2217300000000006,8.663912,0.0,0.0
1.2217300000000006,8.673912,0.0,0.0
1.2217300000000006,8.683912,0.0,0.0
1.2217300000000006,8.693912,0.0,0.0
1.2217300000000006,8.703912,0.0,0.0
1.2217300000000006,8.713912,0.0,0.0
1.2217300000000006,8.723912,0.0,0.0
1.2217300000000006,8.733912,0.0,0.0
1.2217300000000006,8.743912,0.0,0.0
1.2217300000000006,8.753912,0.0,0.0
1.2217300000000006,8.763912,0.0,0.0
1.2217300000000006,8.773912,0.0,0.0
1.2217300000000006,8.783912,0.0,0.0
1.2217300000000006,8.793912,0.0,0.0
1.2217300000000006,8.803912,0.0,0.0
1.2217300000000006,8.813912,0.0,0.0
1.2217300000000006,8.823912,0.0,0.0
1.2217300000000006,8.833912,0.0,0.0
1.2217300000000006,8.843912,0.0,0.0
1.2217300000000006,8.853912,0.0,0.0
1.2217300000000006,8.863912,0.0,0.0
1.2217300000000006,8.873912,0.0,0.0
1.2217300000000006,8.883912,0.0,0.0
1.2217300000000006,8.893912,0.0,0.0
1.2217300000000006,8.903912,0.0,0.0
1.2217300000000006,8.913912,0.0,0.0
1.2217300000000006,8.923912,0.0,0.0
1.2217300000000006,8.933912,0.0,0.0
1.2217300000000006,8.943912,0.0,0.0
1.2217300000000006,8.953916,0.0,0.0
1.2217300000000006,8.963912,0.0,0.0
1.2217300000000006,8.973912,0.0,0.0
1.2217300000000006,8.983912,0.0,0.0
1.2217300000000006,8.993912,0.0,0.0
1.3046130000000007,9.003912,0.0,0.0
1.3874960000000007,9.013912,0.0,0.0
1.4701430000000009,9.023932,0.0002355,0.0
1.5523975000000008,9.03394,0.0008640000000000001,0.0
1.6343380000000007,9.04394,0.0018065,0.0
1.7161210000000005,9.052896,0.0029059999999999997,0.0
1.7979040000000006,9.062888,0.0040054999999999995,0.0
1.8796870000000003,9.072888,0.005104999999999999,0.0
1.9614700000000003,9.082888,0.006204499999999999,0.0
2.043253,9.091864,0.007304,0.0
2.125036,9.101864,0.0084035,0.0
2.2068190000000003,9.111864,0.009503000000000001,0.0
2.2886020000000005,9.121864,0.0106025,0.0
2.370385,9.131864,0.011702000000000002,0.0
2.4521680000000003,9.141864,0.012801500000000002,0.0
2.5339510000000005,9.151864,0.013901000000000004,0.0
2.6157340000000007,9.161864,0.015000500000000003,0.0
2.697517000000001,9.171864,0.016100000000000003,0.0
2.779300000000001,9.181864,0.017199500000000003,0.0
2.8610830000000007,9.191864,0.018299000000000006,0.0
2.859983000000001,9.201864,0.019398500000000006,0.0
2.8588830000000005,9.211864,0.020498000000000006,0.0
2.8580190000000005,9.22084,0.021362000000000006,0.0
2.857547500000001,9.23084,0.021833000000000005,0.0
2.8573900000000005,9.24084,0.02199000000000001,0.0
2.8573900000000005,9.25084,0.02199000000000001,0.0
2.8573900000000005,9.259816,0.02199000000000001,0.0
2.8573900000000005,9.269816,0.02199000000000001,0.0
2.8573900000000005,9.279816,0.02199000000000001,0.0
2.8573900000000005,9.289816,0.02199000000000001,0.0
2.8573900000000005,9.299816,0.02199000000000001,0.0
2.8573900000000005,9.309816,0.02199000000000001,0.0
2.8573900000000005,9.319816,0.02199000000000001,0.0
2.8573900000000005,9.329816,0.02199000000000001,0.0
2.8573900000000005,9.339816,0.02199000000000001,0.0
2.8573900000000005,9.349816,0.02199000000000001,0.0
2.8573900000000005,9.359816,0.02199000000000001,0.0
2.8573900000000005,9.369816,0.02199000000000001,0.0
2.8573900000000005,9.379816,0.02199000000000001,0.0
2.8573900000000005,9.388792,0.02199000000000001,0.0
2.8573900000000005,9.398792,0.02199000000000001,0.0
2.8573900000000005,9.408792,0.02199000000000001,0.0
2.8573900000000005,9.418792,0.02199000000000001,0.0
2.8573900000000005,9.427768,0.02199000000000001,0.0
2.8573900000000005,9.437768,0.02199000000000001,0.0
2.8573900000000005,9.447768,0.02199000000000001,0.0
2.8573900000000005,9.457768,0.02199000000000001,0.0
2.8573900000000005,9.467768,0.02199000000000001,0.0
2.8573900000000005,9.477768,0.02199000000000001,0.0
2.8573900000000005,9.487768,0.02199000000000001,0.0
2.8573900000000005,9.497768,0.02199000000000001,0.0
2.8573900000000005,9.507768,0.02199000000000001,0.0
2.8573900000000005,9.517768,0.02199000000000001,0.0
2.8573900000000005,9.527768,0.02199000000000001,0.0
2.8573900000000005,9.537768,0.02199000000000001,0.0
2.8573900000000005,9.547768,0.02199000000000001,0.0
2.8573900000000005,9.556744,0.02199000000000001,0.0
2.8573900000000005,9.566744,0.02199000000000001,0.0
2.8573900000000005,9.576744,0.02199000000000001,0.0
2.8573900000000005,9.586748,0.02199000000000001,0.0
2.8573900000000005,9.596744,0.02199000000000001,0.0
2.8573900000000005,9.606744,0.02199000000000001,0.0
2.8573900000000005,9.616744,0.02199000000000001,0.0
2.8573900000000005,9.626744,0.02199000000000001,0.0
2.8573900000000005,9.636744,0.02199000000000001,0.0
2.8573900000000005,9.646744,0.02199000000000001,0.0
2.8573900000000005,9.656744,0.02199000000000001,0.0
2.8573900000000005,9.666744,0.02199000000000001,0.0
2.8573900000000005,9.676744,0.02199000000000001,0.0
2.8573900000000005,9.68572,0.02199000000000001,0.0
2.8573900000000005,9.69572,0.02199000000000001,0.0
2.8573900000000005,9.70572,0.02199000000000001,0.0
2.8573900000000005,9.71572,0.02199000000000001,0.0
2.8573900000000005,9.724696,0.02199000000000001,0.0
2.8573900000000005,9.734696,0.02199000000000001,0.0
2.8573900000000005,9.744696,0.02199000000000001,0.0
2.8573900000000005,9.754696,0.02199000000000001,0.0
2.8573900000000005,9.764696,0.02199000000000001,0.0
2.8573900000000005,9.774696,0.02199000000000001,0.0
2.8573900000000005,9.784696,0.02199000000000001,0.0
2.8573900000000005,9.794696,0.02199000000000001,0.0
2.8573900000000005,9.804696,0.02199000000000001,0.0
2.8573900000000005,9.814696,0.02199000000000001,0.0
2.8573900000000005,9.824696,0.02199000000000001,0.0
2.8573900000000005,9.834696,0.02199000000000001,0.0
2.8573900000000005,9.844696,0.02199000000000001,0.0
2.8573900000000005,9.853672,0.02199000000000001,0.0
2.8573900000000005,9.863672,0.02199000000000001,0.0
2.8573900000000005,9.873672,0.02199000000000001,0.0
2.8573900000000005,9.883672,0.02199000000000001,0.0
2.8573900000000005,9.892648,0.02199000000000001,0.0
2.8573900000000005,9.902648,0.02199000000000001,0.0
2.8573900000000005,9.912648,0.02199000000000001,0.0
2.8573900000000005,9.922648,0.02199000000000001,0.0
2.8573900000000005,9.932648,0.02199000000000001,0.0
2.8573900000000005,9.942648,0.02199000000000001,0.0
2.8573900000000005,9.952648,0.02199000000000001,0.0
2.8573900000000005,9.962648,0.02199000000000001,0.0
2.8573900000000005,9.972648,0.02199000000000001,0.5236
2.8573900000000005,9.982648,0.02199000000000001,0.02618
2.8573900000000005,9.992648,0.02199000000000001,0.5236
2.8573900000000005,10.002648,0.02199000000000001,0.05236
2.8573900000000005,10.012648,0.02199000000000001,0.5236
2.8573900000000005,10.021624,0.02199000000000001,0.07854
2.8573900000000005,10.031624,0.02199000000000001,0.5236
2.8573900000000005,10.041624,0.02199000000000001,0.10472
2.8573900000000005,10.051624,0.02199000000000001,0.5236
2.8573900000000005,10.0606,0.02199000000000001,0.1309
2.8573900000000005,10.0706,0.02199000000000001,0.5236
2.8573900000000005,10.0806,0.02199000000000001,0.15708
2.8573900000000005,10.0906,0.02199000000000001,0.5236
2.8573900000000005,10.1006,0.02199000000000001,0.18326
2.8573900000000005,10.1106,0.02199000000000001,0.5236
2.8573900000000005,10.1206,0.02199000000000001,0.20944
2.8573900000000005,10.1306,0.02199000000000001,0.5236
2.8573900000000005,10.1406,0.02199000000000001,0.23562
2.8573900000000005,10.149576,0.02199000000000001,0.5236
2.8573900000000005,10.159576,0.02199000000000001,0.2618
2.8573900000000005,10.169576,0.02199000000000001,0.5236
2.8573900000000005,10.179576,0.02199000000000001,0.28798
2.8573900000000005,10.188552,0.02199000000000001,0.5236
2.8573900000000005,10.198552,0.02199000000000001,0.31416
2.8573900000000005,10.208552,0.02199000000000001,0.5236
2.8573900000000005,10.218556,0.02199000000000001,0.34034000000000003
2.8573900000000005,10.228552,0.02199000000000001,0.5236
2.8573900000000005,10.238552,0.02199000000000001,0.36652
2.8573900000000005,10.248552,0.02199000000000001,0.5236
2.8573900000000005,10.258552,0.02199000000000001,0.39270000000000005
2.8573900000000005,10.268552,0.02199000000000001,0.5236
2.8573900000000005,10.278552,0.02199000000000001,0.41888
2.8573900000000005,10.288552,0.02199000000000001,0.5236
2.8573900000000005,10.298552,0.02199000000000001,0.44506
2.8573900000000005,10.308552,0.02199000000000001,0.5236
2.8573900000000005,10.317528,0.02199000000000001,0.47124
2.8573900000000005,10.327528,0.02199000000000001,0.5236
2.8573900000000005,10.337528,0.02199000000000001,0.49742
2.8573900000000005,10.347528,0.02199000000000001,0.5236
2.8573900000000005,10.356504,0.02199000000000001,0.5236
2.8573900000000005,10.366504,0.02199000000000001,0.5236
2.8573900000000005,10.376504,0.02199000000000001,0.5236
2.8573900000000005,10.386504,0.02199000000000001,0.5236
2.8573900000000005,10.396504,0.02199000000000001,0.5236
2.8573900000000005,10.406504,0.02199000000000001,0.5236
2.8573900000000005,10.416504,0.02199000000000001,0.5236
2.8573900000000005,10.426504,0.02199000000000001,0.5236
2.8573900000000005,10.436504,0.02199000000000001,0.5236
2.8573900000000005,10.446504,0.02199000000000001,0.5236
2.8573900000000005,10.456504,0.02199000000000001,0.5236
2.8573900000000005,10.466504,0.02199000000000001,0.5236
2.8573900000000005,10.476504,0.02199000000000001,0.5236
2.8573900000000005,10.48548,0.02199000000000001,0.5236
2.8573900000000005,10.49548,0.02199000000000001,0.5236
2.8573900000000005,10.50548,0.02199000000000001,0.5236
2.8573900000000005,10.51548,0.02199000000000001,0.5236
2.8573900000000005,10.524456,0.02199000000000001,0.5236
2.8573900000000005,10.534456,0.02199000000000001,0.5236
2.8573900000000005,10.544456,0.02199000000000001,0.5236
2.8573900000000005,10.554456,0.02199000000000001,0.5236
2.8573900000000005,10.564456,0.02199000000000001,0.5236
2.8573900000000005,10.574456,0.02199000000000001,0.5236
2.8573900000000005,10.584456,0.02199000000000001,0.5236
2.8573900000000005,10.594456,0.02199000000000001,0.5236
2.8573900000000005,10.604456,0.02199000000000001,0.5236
2.8573900000000005,10.614456,0.02199000000000001,0.5236
2.8573900000000005,10.624456,0.02199000000000001,0.5236
2.8573900000000005,10.634456,0.02199000000000001,0.5236
2.8573900000000005,10.644456,0.02199000000000001,0.5236
2.8573900000000005,10.653432,0.02199000000000001,0.5236
2.8573900000000005,10.663432,0.02199000000000001,0.5236
2.8573900000000005,10.673432,0.02199000000000001,0.5236
2.8573900000000005,10.683432,0.02199000000000001,0.5236
2.8573900000000005,10.692408,0.02199000000000001,0.5236
2.8573900000000005,10.702408,0.02199000000000001,0.5236
2.8573900000000005,10.712408,0.02199000000000001,0.5236
2.8573900000000005,10.722408,0.02199000000000001,0.5236
2.8573900000000005,10.732408,0.02199000000000001,0.5236
2.8573900000000005,10.742408,0.02199000000000001,0.5236
2.8573900000000005,10.752408,0.02199000000000001,0.5236
2.8573900000000005,10.762408,0.02199000000000001,0.5236
2.8573900000000005,10.772408,0.02199000000000001,0.5236
2.8573900000000005,10.781384,0.02199000000000001,0.5236
2.8573900000000005,10.791384,0.02199000000000001,0.5236
2.8573900000000005,10.801384,0.02199000000000001,0.5236
2.8573900000000005,10.811384,0.02199000000000001,0.5236
2.8573900000000005,10.82036,0.02199000000000001,0.5236
2.8573900000000005,10.83036,0.02199000000000001,0.5236
2.8573900000000005,10.84036,0.02199000000000001,0.5236
2.8573900000000005,10.850364,0.02199000000000001,0.5236
2.8573900000000005,10.86036,0.02199000000000001,0.5236
2.8573900000000005,10.87036,0.02199000000000001,0.5236
2.8573900000000005,10.88036,0.02199000000000001,0.5236
2.8573900000000005,10.89036,0.02199000000000001,0.5236
2.8573900000000005,10.90036,0.02199000000000001,0.5236
2.8573900000000005,10.91036,0.02199000000000001,0.5236
2.8573900000000005,10.92036,0.02199000000000001,0.5236
2.8573900000000005,10.93036,0.02199000000000001,0.5236
2.8573900000000005,10.94036,0.02199000000000001,0.5236
2.8573900000000005,10.949336,0.02199000000000001,0.5236
2.8573900000000005,10.959336,0.02199000000000001,0.5236
2.8573900000000005,10.969336,0.02199000000000001,0.5236
2.8573900000000005,10.979336,0.02199000000000001,0.5236
2.8573900000000005,10.988312,0.02199000000000001,0.5236
2.8573900000000005,10.998312,0.02199000000000001,0.5236
2.800687500000001,11.008312,0.02199000000000001,0.5236
2.743985000000001,11.018312,0.02199000000000001,0.5236
2.6872825000000007,11.028312,0.02199000000000001,0.5236
2.6305800000000006,11.038312,0.02199000000000001,0.5236
2.5738775000000005,11.048312,0.02199000000000001,0.5236
2.517175000000001,11.058312,0.02199000000000001,0.5236
2.4604725000000007,11.068312,0.02199000000000001,0.5236
2.4037700000000006,11.078312,0.02199000000000001,0.5236
2.347067500000001,11.088312,0.02199000000000001,0.5236
2.290365000000001,11.098312,0.02199000000000001,0.5236
2.2336625000000008,11.108312,0.02199000000000001,0.5236
2.1769600000000007,11.117288,0.02199000000000001,0.5236
2.1202575000000006,11.127288,0.02199000000000001,0.5236
2.0635550000000005,11.137288,0.02199000000000001,0.5236
2.0068525000000004,11.147288,0.02199000000000001,0.5236
1.9501500000000005,11.156264,0.02199000000000001,0.5236
1.8934475000000004,11.166264,0.02199000000000001,0.5236
1.8367450000000003,11.176264,0.02199000000000001,0.5236
1.7800425000000002,11.186264,0.02199000000000001,0.5236
1.72334,11.196264,0.02199000000000001,0.5236
1.72334,11.206264,0.02199000000000001,0.5236
1.72334,11.216264,0.02199000000000001,0.5236
1.72334,11.226264,0.02199000000000001,0.5236
1.72334,11.236264,0.02199000000000001,0.5236
1.72334,11.246264,0.02199000000000001,0.5236
1.72334,11.256264,0.02199000000000001,0.5236
1.72334,11.266264,0.02199000000000001,0.5236
1.72334,11.276264,0.02199000000000001,0.5236
1.72334,11.28524,0.02199000000000001,0.5236
1.72334,11.29524,0.02199000000000001,0.5236
1.72334,11.30524,0.02199000000000001,0.5236
1.72334,11.31524,0.02199000000000001,0.5236
1.72334,11.324216,0.02199000000000001,0.5236
1.72334,11.334216,0.02199000000000001,0.5236
1.72334,11.344216,0.02199000000000001,0.5236
1.72334,11.354216,0.02199000000000001,0.5236
1.72334,11.364216,0.02199000000000001,0.5236
1.72334,11.374216,0.02199000000000001,0.5236
1.72334,11.384216,0.02199000000000001,0.5236
1.72334,11.394216,0.02199000000000001,0.5236
1.72334,11.404216,0.02199000000000001,0.5236
1.72334,11.414216,0.02199000000000001,0.5236
1.72334,11.424216,0.02199000000000001,0.5236
1.72334,11.434216,0.02199000000000001,0.5236
1.72334,11.444216,0.02199000000000001,0.5236
1.72334,11.453192,0.02199000000000001,0.5236
1.72334,11.463192,0.02199000000000001,0.5236
1.72334,11.473192,0.02199000000000001,0.5236
1.72334,11.483196,0.02199000000000001,0.5236
1.72334,11.493192,0.02199000000000001,0.5236
1.72334,11.503192,0.02199000000000001,0.5236
1.72334,11.513192,0.02199000000000001,0.5236
1.72334,11.523192,0.02199000000000001,0.5236
1.72334,11.533192,0.02199000000000001,0.5236
1.72334,11.543192,0.02199000000000001,0.5236
1.72334,11.553192,0.02199000000000001,0.5236
1.72334,11.563192,0.02199000000000001,0.5236
1.72334,11.573192,0.02199000000000001,0.5236
1.72334,11.583192,0.02199000000000001,0.5236
1.72334,11.593192,0.02199000000000001,0.5236
1.72334,11.603192,0.02199000000000001,0.5236
1.72334,11.613192,0.02199000000000001,0.5236
1.72334,11.622168,0.02199000000000001,0.5236
1.72334,11.632168,0.02199000000000001,0.5236
1.72334,11.642168,0.02199000000000001,0.5236
1.72334,11.652168,0.02199000000000001,0.5236
1.72334,11.662168,0.02199000000000001,0.5236
1.72334,11.672168,0.02199000000000001,0.5236
1.72334,11.682168,0.02199000000000001,0.5236
1.72334,11.692168,0.02199000000000001,0.5236
1.72334,11.702168,0.02199000000000001,0.5236
1.72334,11.712168,0.02199000000000001,0.5236
1.72334,11.722168,0.02199000000000001,0.5236
1.72334,11.732168,0.02199000000000001,0.5236
1.72334,11.742168,0.02199000000000001,0.5236
1.72334,11.751144,0.02199000000000001,0.5236
1.72334,11.761144,0.02199000000000001,0.5236
1.72334,11.771144,0.02199000000000001,0.5236
1.72334,11.781144,0.02199000000000001,0.5236
1.72334,11.79012,0.02199000000000001,0.5236
1.72334,11.80012,0.02199000000000001,0.5236
1.72334,11.81012,0.02199000000000001,0.5236
1.72334,11.82012,0.02199000000000001,0.5236
1.72334,11.83012,0.02199000000000001,0.5236
1.72334,11.84012,0.02199000000000001,0.5236
1.72334,11.85012,0.02199000000000001,0.5236
1.72334,11.86012,0.02199000000000001,0.5236
1.72334,11.87012,0.02199000000000001,0.5236
1.72334,11.879096,0.02199000000000001,0.5236
1.72334,11.889096,0.02199000000000001,0.5236
1.72334,11.899096,0.02199000000000001,0.5236
1.72334,11.909096,0.02199000000000001,0.5236
1.72334,11.918072,0.02199000000000001,0.5236
1.72334,11.928072,0.02199000000000001,0.5236
1.72334,11.938072,0.02199000000000001,0.5236
1.72334,11.948072,0.02199000000000001,0.5236
1.72334,11.957048,0.02199000000000001,0.5236
1.72334,11.967048,0.02199000000000001,0.5236
1.72334,11.977048,0.02199000000000001,0.5236
1.72334,11.987048,0.02199000000000001,0.5236
1.72334,11.997048,0.02199000000000001,0.5236
1.72334,12.007048,0.02199000000000001,0.5236
1.72334,12.017048,0.02199000000000001,0.5236
1.72334,12.027048,0.02199000000000001,0.5236
1.72334,12.037048,0.02199000000000001,0.5236
1.72334,12.046024,0.02199000000000001,0.5236
1.72334,12.056024,0.02199000000000001,0.5236
1.72334,12.066024,0.02199000000000001,0.5236
1.72334,12.076024,0.02199000000000001,0.5236
1.72334,12.085,0.02199000000000001,0.5236
1.72334,12.095,0.02199000000000001,0.5236
1.72334,12.105,0.02199000000000001,0.5236
1.72334,12.115004,0.02199000000000001,0.5236
1.72334,12.125,0.02199000000000001,0.5236
1.72334,12.135,0.02199000000000001,0.5236
1.72334,12.145,0.02199000000000001,0.5236
1.72334,12.155,0.02199000000000001,0.5236
1.72334,12.165,0.02199000000000001,0.5236
1.72334,12.173976,0.02199000000000001,0.5236
1.72334,12.183976,0.02199000000000001,0.5236
1.72334,12.193976,0.02199000000000001,0.5236
1.72334,12.203976,0.02199000000000001,0.5236
1.72334,12.212952,0.02199000000000001,0.5236
1.72334,12.222952,0.02199000000000001,0.5236
1.72334,12.232952,0.02199000000000001,0.5236
1.72334,12.242952,0.02199000000000001,0.5236
1.72334,12.251928,0.02199000000000001,0.5236
1.72334,12.261928,0.02199000000000001,0.5236
1.72334,12.271928,0.02199000000000001,0.5236
1.72334,12.281928,0.02199000000000001,0.5236
1.72334,12.291928,0.02199000000000001,0.5236
1.72334,12.301928,0.02199000000000001,0.5236
1.72334,12.311928,0.02199000000000001,0.5236
1.72334,12.321928,0.02199000000000001,0.5236
1.72334,12.331928,0.02199000000000001,0.5236
1.72334,12.340904,0.02199000000000001,0.5236
1.72334,12.350904,0.02199000000000001,0.5236
1.72334,12.360904,0.02199000000000001,0.5236
1.72334,12.370904,0.02199000000000001,0.5236
1.72334,12.37988,0.02199000000000001,0.5236
1.72334,12.38988,0.02199000000000001,0.5236
1.72334,12.39988,0.02199000000000001,0.5236
1.72334,12.40988,0.02199000000000001,0.5236
1.72334,12.418856,0.02199000000000001,0.5236
1.72334,12.428856,0.02199000000000001,0.5236
1.72334,12.438856,0.02199000000000001,0.5236
1.72334,12.448856,0.02199000000000001,0.5236
1.72334,12.458856,0.02199000000000001,0.5236
1.72334,12.468856,0.02199000000000001,0.5236
1.72334,12.478856,0.02199000000000001,0.5236
1.72334,12.488856,0.02199000000000001,0.5236
1.72334,12.498856,0.02199000000000001,0.5236
1.72334,12.508856,0.02199000000000001,0.5236
1.72334,12.518856,0.02199000000000001,0.5236
1.72334,12.528856,0.02199000000000001,0.5236
1.72334,12.538856,0.02199000000000001,0.5236
1.72334,12.547832,0.02199000000000001,0.5236
1.72334,12.557832,0.02199000000000001,0.5236
1.72334,12.567832,0.02199000000000001,0.5236
1.72334,12.577832,0.02199000000000001,0.5236
1.72334,12.586808,0.02199000000000001,0.5236
1.72334,12.596808,0.02199000000000001,0.5236
1.72334,12.606808,0.02199000000000001,0.5236
1.72334,12.616808,0.02199000000000001,0.5236
1.72334,12.626808,0.02199000000000001,0.5236
1.72334,12.636808,0.02199000000000001,0.5236
1.72334,12.646808,0.02199000000000001,0.5236
1.72334,12.656808,0.02199000000000001,0.5236
1.72334,12.666808,0.02199000000000001,0.5236
1.72334,12.676808,0.02199000000000001,0.5236
1.72334,12.686808,0.02199000000000001,0.5236
1.72334,12.696808,0.02199000000000001,0.5236
1.72334,12.706808,0.02199000000000001,0.5236
1.72334,12.715784,0.02199000000000001,0.5236
1.72334,12.725784,0.02199000000000001,0.5236
1.72334,12.735784,0.02199000000000001,0.5236
1.72334,12.745788,0.02199000000000001,0.5236
1.72334,12.755784,0.02199000000000001,0.5236
1.72334,12.765784,0.02199000000000001,0.5236
1.72334,12.775784,0.02199000000000001,0.5236
1.72334,12.785784,0.02199000000000001,0.5236
1.72334,12.795784,0.02199000000000001,0.5236
1.72334,12.805784,0.02199000000000001,0.5236
1.72334,12.815784,0.02199000000000001,0.5236
1.72334,12.825784,0.02199000000000001,0.5236
1.72334,12.835784,0.02199000000000001,0.5236
1.72334,12.845784,0.02199000000000001,0.5236
1.72334,12.855784,0.02199000000000001,0.5236
1.72334,12.865784,0.02199000000000001,0.5236
1.72334,12.875784,0.02199000000000001,0.5236
1.72334,12.88476,0.02199000000000001,0.5236
1.72334,12.89476,0.02199000000000001,0.5236
1.72334,12.90476,0.02199000000000001,0.5236
1.72334,12.91476,0.02199000000000001,0.5236
1.72334,12.92476,0.02199000000000001,0.5236
1.72334,12.93476,0.02199000000000001,0.5236
1.72334,12.94476,0.02199000000000001,0.5236
1.72334,12.95476,0.02199000000000001,0.5236
1.72334,12.96476,0.02199000000000001,0.5236
1.72334,12.97476,0.02199000000000001,0.5236
1.72334,12.98476,0.02199000000000001,0.5236
1.72334,12.99476,0.02199000000000001,0.5236
1.9065995000000002,13.00476,0.02199000000000001,0.5236
2.089859,13.013736,0.02199000000000001,0.5236
2.2729615000000005,13.02376,0.022147000000000007,0.5236
2.4555925000000003,13.033764,0.022775500000000004,0.5236
2.6373595000000005,13.043764,0.02426800000000001,0.5236
2.8177915000000002,13.052736,0.0270955,0.5236
2.9964955000000004,13.062736,0.03165099999999999,0.5236
3.1731575000000003,13.07274,0.03824849999999999,0.5236
3.3474635,13.08274,0.047201999999999994,0.5236
3.5191774999999996,13.09274,0.05874749999999999,0.5236
3.6886139999999994,13.10274,0.07257049999999998,0.5236
3.8560869999999996,13.11274,0.08835699999999999,0.5236
4.021204,13.12274,0.10650000000000003,0.5236
4.183886,13.13274,0.1270775,0.5236
4.3444475,13.141716,0.1497755,0.5236
4.502653,13.151716,0.17482999999999999,0.5236
4.6585019999999995,13.161716,0.20224049999999996,0.5236
4.812308999999999,13.171716,0.23169300000000004,0.5236
4.964073999999999,13.180692,0.2631875,0.5236
5.1134830000000004,13.190692,0.297038,0.5236
5.077354499999999,13.200692,0.3331665000000001,0.5236
5.039419499999999,13.210692,0.3711015000000001,0.5236
4.999521,13.219668,0.41100000000000003,0.5236
4.957738,13.228644,0.4527830000000001,0.5236
4.914619999999999,13.238644,0.49590100000000004,0.5236
4.8707165,13.248644,0.5398050000000001,0.5236
4.826813,13.258644,0.5837085000000001,0.5236
4.783223499999999,13.268644,0.6272980000000001,0.5236
4.740026499999999,13.278644,0.6704950000000002,0.5236
4.697614999999999,13.288648,0.7129065,0.5236
4.655831999999999,13.298648,0.7546900000000001,0.5236
4.614441499999999,13.30762,0.7960805,0.5236
4.573835999999999,13.31762,0.8366855,0.5236
4.534095,13.32762,0.8764265,0.5236
4.494981999999999,13.337624,0.9155395,0.5236
4.4568900000000005,13.3466,0.9536310000000001,0.5236
4.419898,13.3566,0.9906229999999998,0.5236
4.3837695,13.3666,1.0267515,0.5236
4.348662,13.3766,1.0618589999999999,0.5236
4.314968,13.3866,1.095553,0.5236
4.2825310000000005,13.3966,1.1279899999999998,0.5236
4.250879500000001,13.4066,1.1596415,0.5236
4.2204845,13.4166,1.1900365000000002,0.5236
4.191739000000001,13.426596,1.2187820000000003,0.5236
4.164721,13.436596,1.2458000000000002,0.5236
4.139666500000001,13.446576,1.2708540000000004,0.5236
4.11634,13.456568,1.2941805000000004,0.5236
4.0947415000000005,13.466568,1.3157790000000003,0.5236
4.0751065,13.475544,1.335414,0.5236
4.057278000000001,13.485544,1.3532425000000001,0.5236
4.0410985,13.495544,1.3694215,0.5236
4.026490000000001,13.505544,1.38403,0.5236
4.0134525000000005,13.51452,1.3970674999999997,0.5236
4.001985500000001,13.52452,1.4085344999999998,0.5236
3.992011000000001,13.53452,1.4185089999999998,0.5236
3.9833715000000014,13.54452,1.4271484999999997,0.5236
3.9759885000000015,13.55452,1.4345314999999998,0.5236
3.9697840000000015,13.56452,1.4407359999999998,0.5236
3.9646005000000013,13.57452,1.4459194999999998,0.5236
3.9603595000000014,13.58452,1.4501604999999997,0.5236
3.957139500000001,13.59452,1.4533804999999997,0.5236
3.954940500000001,13.60452,1.4555794999999998,0.5236
3.9536055000000014,13.61452,1.4569145,0.5236
3.9529770000000006,13.62452,1.4575429999999996,0.5236
3.9528200000000013,13.63452,1.4576999999999996,0.5236
3.9528200000000013,13.643496,1.4576999999999996,0.5236
3.9528200000000013,13.653496,1.4576999999999996,0.5236
3.9528200000000013,13.663496,1.4576999999999996,0.5236
3.9528200000000013,13.673496,1.4576999999999996,0.5236
3.9528200000000013,13.682472,1.4576999999999996,0.5236
3.9528200000000013,13.692472,1.4576999999999996,0.5236
3.9528200000000013,13.702472,1.4576999999999996,0.5236
3.9528200000000013,13.712472,1.4576999999999996,0.5236
3.9528200000000013,13.722472,1.4576999999999996,0.5236
3.9528200000000013,13.732472,1.4576999999999996,0.5236
3.9528200000000013,13.742472,1.4576999999999996,0.5236
3.9528200000000013,13.752472,1.4576999999999996,0.5236
3.9528200000000013,13.762472,1.4576999999999996,0.5236
3.9528200000000013,13.772472,1.4576999999999996,0.5236
3.9528200000000013,13.782472,1.4576999999999996,0.5236
3.9528200000000013,13.792472,1.4576999999999996,0.5236
3.9528200000000013,13.802472,1.4576999999999996,0.5236
3.9528200000000013,13.811448,1.4576999999999996,0.5236
3.9528200000000013,13.821448,1.4576999999999996,0.5236
3.9528200000000013,13.831448,1.4576999999999996,0.5236
3.9528200000000013,13.841448,1.4576999999999996,0.5236
3.9528200000000013,13.850424,1.4576999999999996,0.5236
3.9528200000000013,13.860424,1.4576999999999996,0.5236
3.9528200000000013,13.870424,1.4576999999999996,0.5236
3.9528200000000013,13.880424,1.4576999999999996,0.5236
3.9528200000000013,13.890424,1.4576999999999996,0.5236
3.9528200000000013,13.900424,1.4576999999999996,0.5236
3.9528200000000013,13.910424,1.4576999999999996,0.5236
3.9528200000000013,13.920424,1.4576999999999996,0.5236
3.9528200000000013,13.930424,1.4576999999999996,0.5236
3.9528200000000013,13.9394,1.4576999999999996,1.22173
3.9528200000000013,13.9494,1.4576999999999996,0.5585065
3.9528200000000013,13.9594,1.4576999999999996,1.22173
3.9528200000000013,13.9694,1.4576999999999996,0.5934130000000001
3.9528200000000013,13.978376,1.4576999999999996,1.22173
3.9528200000000013,13.988376,1.4576999999999996,0.6283195
3.9528200000000013,13.998376,1.4576999999999996,1.22173
3.9528200000000013,14.00838,1.4576999999999996,0.6632260000000001
3.9528200000000013,14.018376,1.4576999999999996,1.22173
3.9528200000000013,14.028376,1.4576999999999996,0.6981325
3.9528200000000013,14.038376,1.4576999999999996,1.22173
3.9528200000000013,14.048376,1.4576999999999996,0.7330390000000001
3.9528200000000013,14.058376,1.4576999999999996,1.22173
3.9528200000000013,14.068376,1.4576999999999996,0.7679455000000001
3.9528200000000013,14.078376,1.4576999999999996,1.22173
3.9528200000000013,14.088376,1.4576999999999996,0.8028520000000001
3.9528200000000013,14.098376,1.4576999999999996,1.22173
3.9528200000000013,14.107352,1.4576999999999996,0.8377585000000001
3.9528200000000013,14.117352,1.4576999999999996,1.22173
3.9528200000000013,14.127352,1.4576999999999996,0.872665
3.9528200000000013,14.137352,1.4576999999999996,1.22173
3.9528200000000013,14.146328,1.4576999999999996,0.9075714999999998
3.9528200000000013,14.156328,1.4576999999999996,1.22173
3.9528200000000013,14.166328,1.4576999999999996,0.9424779999999997
3.9528200000000013,14.176328,1.4576999999999996,1.22173
3.9528200000000013,14.186328,1.4576999999999996,0.9773844999999997
3.9528200000000013,14.196328,1.4576999999999996,1.22173
3.9528200000000013,14.206328,1.4576999999999996,1.0122909999999998
3.9528200000000013,14.216328,1.4576999999999996,1.22173
3.9528200000000013,14.226328,1.4576999999999996,1.0471975
3.9528200000000013,14.236328,1.4576999999999996,1.22173
3.9528200000000013,14.246328,1.4576999999999996,1.082104
3.9528200000000013,14.256328,1.4576999999999996,1.22173
3.9528200000000013,14.266328,1.4576999999999996,1.1170105000000001
3.9528200000000013,14.275304,1.4576999999999996,1.22173
3.9528200000000013,14.285304,1.4576999999999996,1.1519170000000003
3.9528200000000013,14.295304,1.4576999999999996,1.22173
3.9528200000000013,14.305304,1.4576999999999996,1.1868235000000005
3.9528200000000013,14.31428,1.4576999999999996,1.22173
3.9528200000000013,14.32428,1.4576999999999996,1.2217300000000006
3.9528200000000013,14.33428,1.4576999999999996,1.22173
3.9528200000000013,14.34428,1.4576999999999996,1.2217300000000006
3.9528200000000013,14.35428,1.4576999999999996,1.22173
3.9528200000000013,14.36428,1.4576999999999996,1.2217300000000006
3.9528200000000013,14.37428,1.4576999999999996,1.22173
3.9528200000000013,14.38428,1.4576999999999996,1.2217300000000006
3.9528200000000013,14.39428,1.4576999999999996,1.22173
3.9528200000000013,14.40428,1.4576999999999996,1.2217300000000006
3.9528200000000013,14.41428,1.4576999999999996,1.22173
3.9528200000000013,14.42428,1.4576999999999996,1.2217300000000006
3.9528200000000013,14.43428,1.4576999999999996,1.22173
3.9528200000000013,14.443256,1.4576999999999996,1.2217300000000006
3.9528200000000013,14.453256,1.4576999999999996,1.22173
3.9528200000000013,14.463256,1.4576999999999996,1.2217300000000006
3.9528200000000013,14.473256,1.4576999999999996,1.22173
3.9528200000000013,14.482232,1.4576999999999996,1.2217300000000006
3.9528200000000013,14.492232,1.4576999999999996,1.22173
3.9528200000000013,14.502232,1.4576999999999996,1.2217300000000006
3.9528200000000013,14.512232,1.4576999999999996,1.22173
3.9528200000000013,14.522232,1.4576999999999996,1.2217300000000006
3.9528200000000013,14.532232,1.4576999999999996,1.22173
3.9528200000000013,14.542232,1.4576999999999996,1.2217300000000006
3.9528200000000013,14.552232,1.4576999999999996,1.22173
3.9528200000000013,14.562232,1.4576999999999996,1.2217300000000006
3.9528200000000013,14.571208,1.4576999999999996,1.22173
3.9528200000000013,14.581208,1.4576999999999996,1.2217300000000006
3.9528200000000013,14.591208,1.4576999999999996,1.22173
3.9528200000000013,14.601208,1.4576999999999996,1.2217300000000006
3.9528200000000013,14.610184,1.4576999999999996,1.22173
3.9528200000000013,14.620184,1.4576999999999996,1.2217300000000006
3.9528200000000013,14.630184,1.4576999999999996,1.22173
3.9528200000000013,14.640188,1.4576999999999996,1.2217300000000006
3.9528200000000013,14.650184,1.4576999999999996,1.22173
3.9528200000000013,14.660184,1.4576999999999996,1.2217300000000006
3.9528200000000013,14.670184,1.4576999999999996,1.22173
3.9528200000000013,14.680184,1.4576999999999996,1.2217300000000006
3.9528200000000013,14.690184,1.4576999999999996,1.22173
3.9528200000000013,14.700184,1.4576999999999996,1.2217300000000006
3.9528200000000013,14.710184,1.4576999999999996,1.22173
3.9528200000000013,14.720184,1.4576999999999996,1.2217300000000006
3.9528200000000013,14.730184,1.4576999999999996,1.22173
3.9528200000000013,14.73916,1.4576999999999996,1.2217300000000006
3.9528200000000013,14.74916,1.4576999999999996,1.22173
3.9528200000000013,14.75916,1.4576999999999996,1.2217300000000006
3.9528200000000013,14.76916,1.4576999999999996,1.22173
3.9528200000000013,14.778136,1.4576999999999996,1.2217300000000006
3.9528200000000013,14.788136,1.4576999999999996,1.22173
3.9528200000000013,14.798136,1.4576999999999996,1.2217300000000006
3.9528200000000013,14.808136,1.4576999999999996,1.22173
3.9528200000000013,14.818136,1.4576999999999996,1.2217300000000006
3.9528200000000013,14.828136,1.4576999999999996,1.22173
3.9528200000000013,14.838136,1.4576999999999996,1.2217300000000006
3.9528200000000013,14.848136,1.4576999999999996,1.22173
3.9528200000000013,14.858136,1.4576999999999996,1.2217300000000006
3.9528200000000013,14.868136,1.4576999999999996,1.22173
3.9528200000000013,14.878136,1.4576999999999996,1.2217300000000006
3.9528200000000013,14.888136,1.4576999999999996,1.22173
3.9528200000000013,14.898136,1.4576999999999996,1.2217300000000006
3.9528200000000013,14.907112,1.4576999999999996,1.22173
3.9528200000000013,14.917112,1.4576999999999996,1.2217300000000006
3.9528200000000013,14.927112,1.4576999999999996,1.22173
3.9528200000000013,14.937112,1.4576999999999996,1.2217300000000006
3.9528200000000013,14.946088,1.4576999999999996,1.22173
3.9528200000000013,14.956088,1.4576999999999996,1.2217300000000006
3.9528200000000013,14.966088,1.4576999999999996,1.22173
3.9528200000000013,14.976088,1.4576999999999996,1.2217300000000006
3.9528200000000013,14.986088,1.4576999999999996,1.22173
3.9528200000000013,14.996088,1.4576999999999996,1.2217300000000006
3.8830070000000014,15.006088,1.4576999999999996,1.22173
3.813194000000001,15.016088,1.4576999999999996,1.2217300000000006
3.743381000000001,15.026088,1.4576999999999996,1.22173
3.6735680000000004,15.035064,1.4576999999999996,1.2217300000000006
3.6037550000000005,15.045064,1.4576999999999996,1.22173
3.5339419999999997,15.055064,1.4576999999999996,1.2217300000000006
3.464129,15.065064,1.4576999999999996,1.22173
3.3943159999999994,15.07404,1.4576999999999996,1.2217300000000006
3.3245029999999995,15.08404,1.4576999999999996,1.22173
3.2546899999999988,15.09404,1.4576999999999996,1.2217300000000006
3.184876999999999,15.10404,1.4576999999999996,1.22173
3.1150639999999985,15.113016,1.4576999999999996,1.2217300000000006
3.0452509999999986,15.123016,1.4576999999999996,1.22173
2.9754379999999987,15.133016,1.4576999999999996,1.2217300000000006
2.905624999999999,15.143016,1.4576999999999996,1.22173
2.835811999999999,15.153016,1.4576999999999996,1.2217300000000006
2.765998999999999,15.161992,1.4576999999999996,1.22173
2.696185999999999,15.171992,1.4576999999999996,1.2217300000000006
2.626372999999999,15.181992,1.4576999999999996,1.22173
2.5565599999999997,15.191992,1.4576999999999996,1.2217300000000006
2.5565599999999997,15.200968,1.4576999999999996,1.22173
2.5565599999999997,15.210968,1.4576999999999996,1.2217300000000006
2.5565599999999997,15.220968,1.4576999999999996,1.22173
2.5565599999999997,15.230968,1.4576999999999996,1.2217300000000006
2.5565599999999997,15.239944,1.4576999999999996,1.22173
2.5565599999999997,15.249944,1.4576999999999996,1.2217300000000006
2.5565599999999997,15.259944,1.4576999999999996,1.22173
2.5565599999999997,15.269948,1.4576999999999996,1.2217300000000006
2.5565599999999997,15.279944,1.4576999999999996,1.22173
2.5565599999999997,15.289944,1.4576999999999996,1.2217300000000006
2.5565599999999997,15.299944,1.4576999999999996,1.22173
2.5565599999999997,15.309944,1.4576999999999996,1.2217300000000006
2.5565599999999997,15.319944,1.4576999999999996,1.22173
2.5565599999999997,15.32892,1.4576999999999996,1.2217300000000006
2.5565599999999997,15.33892,1.4576999999999996,1.22173
2.5565599999999997,15.34892,1.4576999999999996,1.2217300000000006
2.5565599999999997,15.35892,1.4576999999999996,1.22173
2.5565599999999997,15.367896,1.4576999999999996,1.2217300000000006
2.5565599999999997,15.377896,1.4576999999999996,1.22173
2.5565599999999997,15.387896,1.4576999999999996,1.2217300000000006
2.5565599999999997,15.397896,1.4576999999999996,1.22173
2.5565599999999997,15.406872,1.4576999999999996,1.2217300000000006
2.5565599999999997,15.416872,1.4576999999999996,1.22173
2.5565599999999997,15.426872,1.4576999999999996,1.2217300000000006
2.5565599999999997,15.436872,1.4576999999999996,1.22173
2.5565599999999997,15.446872,1.4576999999999996,1.2217300000000006
2.5565599999999997,15.456872,1.4576999999999996,1.22173
2.5565599999999997,15.466872,1.4576999999999996,1.2217300000000006
2.5565599999999997,15.476872,1.4576999999999996,1.22173
2.5565599999999997,15.486872,1.4576999999999996,1.2217300000000006
2.5565599999999997,15.496872,1.4576999999999996,1.22173
2.5565599999999997,15.506872,1.4576999999999996,1.2217300000000006
2.5565599999999997,15.516872,1.4576999999999996,1.22173
2.5565599999999997,15.526872,1.4576999999999996,1.2217300000000006
2.5565599999999997,15.535848,1.4576999999999996,1.22173
2.5565599999999997,15.545848,1.4576999999999996,1.2217300000000006
2.5565599999999997,15.555848,1.4576999999999996,1.22173
2.5565599999999997,15.565848,1.4576999999999996,1.2217300000000006
2.5565599999999997,15.574824,1.4576999999999996,1.22173
2.5565599999999997,15.584824,1.4576999999999996,1.2217300000000006
2.5565599999999997,15.594824,1.4576999999999996,1.22173
2.5565599999999997,15.604824,1.4576999999999996,1.2217300000000006
2.5565599999999997,15.614824,1.4576999999999996,1.22173
2.5565599999999997,15.624824,1.4576999999999996,1.2217300000000006
2.5565599999999997,15.634824,1.4576999999999996,1.22173
2.5565599999999997,15.644824,1.4576999999999996,1.2217300000000006
2.5565599999999997,15.654824,1.4576999999999996,1.22173
2.5565599999999997,15.664824,1.4576999999999996,1.2217300000000006
2.5565599999999997,15.674824,1.4576999999999996,1.22173
2.5565599999999997,15.684824,1.4576999999999996,1.2217300000000006
2.5565599999999997,15.694824,1.4576999999999996,1.22173
2.5565599999999997,15.7038,1.4576999999999996,1.2217300000000006
2.5565599999999997,15.7138,1.4576999999999996,1.22173
2.5565599999999997,15.7238,1.4576999999999996,1.2217300000000006
2.5565599999999997,15.7338,1.4576999999999996,1.22173
2.5565599999999997,15.742776,1.4576999999999996,1.2217300000000006
2.5565599999999997,15.752776,1.4576999999999996,1.22173
2.5565599999999997,15.762776,1.4576999999999996,1.2217300000000006
2.5565599999999997,15.772776,1.4576999999999996,1.22173
2.5565599999999997,15.782776,1.4576999999999996,1.2217300000000006
2.5565599999999997,15.792776,1.4576999999999996,1.22173
2.5565599999999997,15.802776,1.4576999999999996,1.2217300000000006
2.5565599999999997,15.812776,1.4576999999999996,1.22173
2.5565599999999997,15.822776,1.4576999999999996,1.2217300000000006
2.5565599999999997,15.831752,1.4576999999999996,1.22173
2.5565599999999997,15.841752,1.4576999999999996,1.2217300000000006
2.5565599999999997,15.851752,1.4576999999999996,1.22173
2.5565599999999997,15.861752,1.4576999999999996,1.2217300000000006
2.5565599999999997,15.870728,1.4576999999999996,1.22173
2.5565599999999997,15.880728,1.4576999999999996,1.2217300000000006
2.5565599999999997,15.890728,1.4576999999999996,1.22173
2.5565599999999997,15.900732,1.4576999999999996,1.2217300000000006
2.5565599999999997,15.910728,1.4576999999999996,1.22173
2.5565599999999997,15.920728,1.4576999999999996,1.2217300000000006
2.5565599999999997,15.930728,1.4576999999999996,1.22173
2.5565599999999997,15.940728,1.4576999999999996,1.2217300000000006
2.5565599999999997,15.950728,1.4576999999999996,1.22173
2.5565599999999997,15.960728,1.4576999999999996,1.2217300000000006
2.5565599999999997,15.970728,1.4576999999999996,1.22173
2.5565599999999997,15.980728,1.4576999999999996,1.2217300000000006
2.5565599999999997,15.990728,1.4576999999999996,1.22173
2.5565599999999997,15.999704,1.4576999999999996,1.2217300000000006
2.5565599999999997,16.009704,1.4576999999999996,1.22173
2.5565599999999997,16.019704,1.4576999999999996,1.2217300000000006
2.5565599999999997,16.029704,1.4576999999999996,1.22173
2.5565599999999997,16.03868,1.4576999999999996,1.2217300000000006
2.5565599999999997,16.04868,1.4576999999999996,1.22173
2.5565599999999997,16.05868,1.4576999999999996,1.2217300000000006
2.5565599999999997,16.06868,1.4576999999999996,1.22173
2.5565599999999997,16.07868,1.4576999999999996,1.2217300000000006
2.5565599999999997,16.08868,1.4576999999999996,1.22173
2.5565599999999997,16.09868,1.4576999999999996,1.2217300000000006
2.5565599999999997,16.10868,1.4576999999999996,1.22173
2.5565599999999997,16.11868,1.4576999999999996,1.2217300000000006
2.5565599999999997,16.12868,1.4576999999999996,1.22173
2.5565599999999997,16.13868,1.4576999999999996,1.2217300000000006
2.5565599999999997,16.14868,1.4576999999999996,1.22173
2.5565599999999997,16.15868,1.4576999999999996,1.2217300000000006
2.5565599999999997,16.167656,1.4576999999999996,1.22173
2.5565599999999997,16.177656,1.4576999999999996,1.2217300000000006
2.5565599999999997,16.187656,1.4576999999999996,1.22173
2.5565599999999997,16.197656,1.4576999999999996,1.2217300000000006
2.5565599999999997,16.206632,1.4576999999999996,1.22173
2.5565599999999997,16.216632,1.4576999999999996,1.2217300000000006
2.5565599999999997,16.226632,1.4576999999999996,1.22173
2.5565599999999997,16.236632,1.4576999999999996,1.2217300000000006
2.5565599999999997,16.246632,1.4576999999999996,1.22173
2.5565599999999997,16.256632,1.4576999999999996,1.2217300000000006
2.5565599999999997,16.266632,1.4576999999999996,1.22173
2.5565599999999997,16.276632,1.4576999999999996,1.2217300000000006
2.5565599999999997,16.286632,1.4576999999999996,1.22173
2.5565599999999997,16.296632,1.4576999999999996,1.2217300000000006
2.5565599999999997,16.306632,1.4576999999999996,1.22173
2.5565599999999997,16.316632,1.4576999999999996,1.2217300000000006
2.5565599999999997,16.326632,1.4576999999999996,1.22173
2.5565599999999997,16.335608,1.4576999999999996,1.2217300000000006
2.5565599999999997,16.345608,1.4576999999999996,1.22173
2.5565599999999997,16.355608,1.4576999999999996,1.2217300000000006
2.5565599999999997,16.365608,1.4576999999999996,1.22173
2.5565599999999997,16.374584,1.4576999999999996,1.2217300000000006
2.5565599999999997,16.384584,1.4576999999999996,1.22173
2.5565599999999997,16.394584,1.4576999999999996,1.2217300000000006
2.5565599999999997,16.404584,1.4576999999999996,1.22173
2.5565599999999997,16.414584,1.4576999999999996,1.2217300000000006
2.5565599999999997,16.424584,1.4576999999999996,1.22173
2.5565599999999997,16.434584,1.4576999999999996,1.2217300000000006
2.5565599999999997,16.444584,1.4576999999999996,1.22173
2.5565599999999997,16.454584,1.4576999999999996,1.2217300000000006
2.5565599999999997,16.46356,1.4576999999999996,1.22173
2.5565599999999997,16.47356,1.4576999999999996,1.2217300000000006
2.5565599999999997,16.48356,1.4576999999999996,1.22173
2.5565599999999997,16.49356,1.4576999999999996,1.2217300000000006
2.5565599999999997,16.502536,1.4576999999999996,1.22173
2.5565599999999997,16.512536,1.4576999999999996,1.2217300000000006
2.5565599999999997,16.522536,1.4576999999999996,1.22173
2.5565599999999997,16.53254,1.4576999999999996,1.2217300000000006
2.5565599999999997,16.542536,1.4576999999999996,1.22173
2.5565599999999997,16.552536,1.4576999999999996,1.2217300000000006
2.5565599999999997,16.562536,1.4576999999999996,1.22173
2.5565599999999997,16.572536,1.4576999999999996,1.2217300000000006
2.5565599999999997,16.582536,1.4576999999999996,1.22173
2.5565599999999997,16.592536,1.4576999999999996,1.2217300000000006
2.5565599999999997,16.602536,1.4576999999999996,1.22173
2.5565599999999997,16.612536,1.4576999999999996,1.2217300000000006
2.5565599999999997,16.622536,1.4576999999999996,1.22173
2.5565599999999997,16.631512,1.4576999999999996,1.2217300000000006
2.5565599999999997,16.641512,1.4576999999999996,1.22173
2.5565599999999997,16.651512,1.4576999999999996,1.2217300000000006
2.5565599999999997,16.661512,1.4576999999999996,1.22173
2.5565599999999997,16.670488,1.4576999999999996,1.2217300000000006
2.5565599999999997,16.680488,1.4576999999999996,1.22173
2.5565599999999997,16.690488,1.4576999999999996,1.2217300000000006
2.5565599999999997,16.700488,1.4576999999999996,1.22173
2.5565599999999997,16.710488,1.4576999999999996,1.2217300000000006
2.5565599999999997,16.720488,1.4576999999999996,1.22173
2.5565599999999997,16.730488,1.4576999999999996,1.2217300000000006
2.5565599999999997,16.740488,1.4576999999999996,1.22173
2.5565599999999997,16.750488,1.4576999999999996,1.2217300000000006
2.5565599999999997,16.760488,1.4576999999999996,1.22173
2.5565599999999997,16.770488,1.4576999999999996,1.2217300000000006
2.5565599999999997,16.780488,1.4576999999999996,1.22173
2.5565599999999997,16.790488,1.4576999999999996,1.2217300000000006
2.5565599999999997,16.799464,1.4576999999999996,1.22173
2.5565599999999997,16.809464,1.4576999999999996,1.2217300000000006
2.5565599999999997,16.819464,1.4576999999999996,1.22173
2.5565599999999997,16.829464,1.4576999999999996,1.2217300000000006
2.5565599999999997,16.83844,1.4576999999999996,1.22173
2.5565599999999997,16.84844,1.4576999999999996,1.2217300000000006
2.5565599999999997,16.85844,1.4576999999999996,1.22173
2.5565599999999997,16.86844,1.4576999999999996,1.2217300000000006
2.5565599999999997,16.87844,1.4576999999999996,1.22173
2.5565599999999997,16.88844,1.4576999999999996,1.2217300000000006
2.5565599999999997,16.89844,1.4576999999999996,1.22173
2.5565599999999997,16.90844,1.4576999999999996,1.2217300000000006
2.5565599999999997,16.91844,1.4576999999999996,1.22173
2.5565599999999997,16.92844,1.4576999999999996,1.2217300000000006
2.5565599999999997,16.93844,1.4576999999999996,1.22173
2.5565599999999997,16.94844,1.4576999999999996,1.2217300000000006
2.5565599999999997,16.95844,1.4576999999999996,1.22173
2.5565599999999997,16.967416,1.4576999999999996,1.2217300000000006
2.5565599999999997,16.977416,1.4576999999999996,1.22173
2.5565599999999997,16.987416,1.4576999999999996,1.2217300000000006
2.5565599999999997,16.997416,1.4576999999999996,1.22173
2.395117,17.006392,1.4576999999999996,1.2217300000000006
2.233674,17.016392,1.4576999999999996,1.22173
2.0723095000000002,17.026416,1.4576214999999995,1.2217300000000006
1.9110235000000004,17.0364,1.4574644999999995,1.22173
1.7497375000000002,17.046392,1.4573074999999998,1.2217300000000006
1.5884515000000006,17.056392,1.4571504999999998,1.22173
1.4271655000000003,17.066392,1.4569934999999998,1.2217300000000006
1.2658795000000003,17.076392,1.4568364999999999,1.22173
1.1045935,17.086392,1.4566795,1.2217300000000006
0.9433075,17.096392,1.4565225,1.22173
0.7820215,17.106392,1.4563655000000002,1.2217300000000006
0.6207355000000003,17.116392,1.4562085,1.22173
0.4594495000000001,17.126392,1.4560515,1.2217300000000006
0.2981635000000002,17.135368,1.4558944999999999,1.22173
0.13687750000000018,17.145368,1.4557375000000001,1.2217300000000006
-0.024408499999999878,17.155368,1.4555805,1.22173
-0.18569449999999993,17.165372,1.4554235000000002,1.2217300000000006
-0.34698049999999986,17.175368,1.4552665000000002,1.22173
-0.5082664999999998,17.185368,1.4551095000000005,1.2217300000000006
-0.6695525,17.195368,1.4549525000000003,1.22173
-0.6693954999999999,17.205368,1.4547955000000006,1.2217300000000006
-0.6692385,17.215368,1.4546385000000006,1.22173
-0.6691599999999999,17.225368,1.4545600000000007,1.2217300000000006
-0.6691599999999999,17.235368,1.4545600000000007,1.22173
-0.6691599999999999,17.245368,1.4545600000000007,1.2217300000000006
-0.6691599999999999,17.255368,1.4545600000000007,1.22173
-0.6691599999999999,17.264344,1.4545600000000007,1.2217300000000006
-0.6691599999999999,17.274344,1.4545600000000007,1.22173
-0.6691599999999999,17.284344,1.4545600000000007,1.2217300000000006
-0.6691599999999999,17.294344,1.4545600000000007,1.22173
-0.6691599999999999,17.30332,1.4545600000000007,1.2217300000000006
-0.6691599999999999,17.31332,1.4545600000000007,1.22173
-0.6691599999999999,17.32332,1.4545600000000007,1.2217300000000006
-0.6691599999999999,17.33332,1.4545600000000007,1.22173
-0.6691599999999999,17.34332,1.4545600000000007,1.2217300000000006
-0.6691599999999999,17.35332,1.4545600000000007,1.22173
-0.6691599999999999,17.36332,1.4545600000000007,1.2217300000000006
-0.6691599999999999,17.37332,1.4545600000000007,1.22173
-0.6691599999999999,17.38332,1.4545600000000007,1.2217300000000006
-0.6691599999999999,17.39332,1.4545600000000007,1.22173
-0.6691599999999999,17.40332,1.4545600000000007,1.2217300000000006
-0.6691599999999999,17.41332,1.4545600000000007,1.22173
-0.6691599999999999,17.42332,1.4545600000000007,1.2217300000000006
-0.6691599999999999,17.432296,1.4545600000000007,1.22173
-0.6691599999999999,17.442296,1.4545600000000007,1.2217300000000006
-0.6691599999999999,17.452296,1.4545600000000007,1.22173
-0.6691599999999999,17.462296,1.4545600000000007,1.2217300000000006
-0.6691599999999999,17.471272,1.4545600000000007,1.22173
-0.6691599999999999,17.481272,1.4545600000000007,1.2217300000000006
-0.6691599999999999,17.491272,1.4545600000000007,1.22173
-0.6691599999999999,17.501272,1.4545600000000007,1.2217300000000006
-0.6691599999999999,17.511272,1.4545600000000007,1.22173
-0.6691599999999999,17.521272,1.4545600000000007,1.2217300000000006
-0.6691599999999999,17.531272,1.4545600000000007,1.22173
-0.6691599999999999,17.541272,1.4545600000000007,1.2217300000000006
-0.6691599999999999,17.551272,1.4545600000000007,1.22173
-0.6691599999999999,17.561272,1.4545600000000007,1.2217300000000006
-0.6691599999999999,17.571272,1.4545600000000007,1.22173
-0.6691599999999999,17.581272,1.4545600000000007,1.2217300000000006
-0.6691599999999999,17.591272,1.4545600000000007,1.22173
-0.6691599999999999,17.600248,1.4545600000000007,1.2217300000000006
-0.6691599999999999,17.610248,1.4545600000000007,1.22173
-0.6691599999999999,17.620248,1.4545600000000007,1.2217300000000006
-0.6691599999999999,17.630248,1.4545600000000007,1.22173
-0.6691599999999999,17.639224,1.4545600000000007,1.2217300000000006
-0.6691599999999999,17.649224,1.4545600000000007,1.22173
-0.6691599999999999,17.659224,1.4545600000000007,1.2217300000000006
-0.6691599999999999,17.669224,1.4545600000000007,1.22173
-0.6691599999999999,17.679224,1.4545600000000007,1.2217300000000006
-0.6691599999999999,17.689224,1.4545600000000007,1.22173
-0.6691599999999999,17.699224,1.4545600000000007,1.2217300000000006
-0.6691599999999999,17.709224,1.4545600000000007,1.22173
-0.6691599999999999,17.719224,1.4545600000000007,1.2217300000000006
-0.6691599999999999,17.729224,1.4545600000000007,1.22173
-0.6691599999999999,17.739224,1.4545600000000007,1.2217300000000006
-0.6691599999999999,17.749224,1.4545600000000007,1.22173
-0.6691599999999999,17.759224,1.4545600000000007,1.2217300000000006
-0.6691599999999999,17.7682,1.4545600000000007,1.22173
-0.6691599999999999,17.7782,1.4545600000000007,1.2217300000000006
-0.6691599999999999,17.7882,1.4545600000000007,1.22173
-0.6691599999999999,17.798204,1.4545600000000007,1.2217300000000006
-0.6691599999999999,17.8082,1.4545600000000007,1.22173
-0.6691599999999999,17.8182,1.4545600000000007,1.2217300000000006
-0.6691599999999999,17.8282,1.4545600000000007,1.22173
-0.6691599999999999,17.8382,1.4545600000000007,1.2217300000000006
-0.6691599999999999,17.8482,1.4545600000000007,1.22173
-0.6691599999999999,17.8582,1.4545600000000007,1.2217300000000006
-0.6691599999999999,17.8682,1.4545600000000007,1.22173
-0.6691599999999999,17.8782,1.4545600000000007,1.2217300000000006
-0.6691599999999999,17.8882,1.4545600000000007,2.87939
-0.6691599999999999,17.897176,1.4545600000000007,1.3046130000000007
-0.6691599999999999,17.907176,1.4545600000000007,2.87939
-0.6691599999999999,17.917176,1.4545600000000007,1.3874960000000007
-0.6691599999999999,17.927176,1.4545600000000007,2.87939
-0.6691599999999999,17.936152,1.4545600000000007,1.4703790000000008
-0.6691599999999999,17.946152,1.4545600000000007,2.87939
-0.6691599999999999,17.956152,1.4545600000000007,1.5532620000000008
-0.6691599999999999,17.966152,1.4545600000000007,2.87939
-0.6691599999999999,17.976152,1.4545600000000007,1.6361450000000006
-0.6691599999999999,17.986152,1.4545600000000007,2.87939
-0.6691599999999999,17.996152,1.4545600000000007,1.7190280000000007
-0.6691599999999999,18.006152,1.4545600000000007,2.87939
-0.6691599999999999,18.016152,1.4545600000000007,1.8019110000000005
-0.6691599999999999,18.026152,1.4545600000000007,2.87939
-0.6691599999999999,18.036152,1.4545600000000007,1.8847940000000005
-0.6691599999999999,18.046152,1.4545600000000007,2.87939
-0.6691599999999999,18.056152,1.4545600000000007,1.9676770000000006
-0.6691599999999999,18.065128,1.4545600000000007,2.87939
-0.6691599999999999,18.075128,1.4545600000000007,2.0505600000000004
-0.6691599999999999,18.085128,1.4545600000000007,2.87939
-0.6691599999999999,18.095128,1.4545600000000007,2.1334430000000006
-0.6691599999999999,18.104104,1.4545600000000007,2.87939
-0.6691599999999999,18.114104,1.4545600000000007,2.2163260000000005
-0.6691599999999999,18.124104,1.4545600000000007,2.87939
-0.6691599999999999,18.134104,1.4545600000000007,2.2992090000000007
-0.6691599999999999,18.144104,1.4545600000000007,2.87939
-0.6691599999999999,18.154104,1.4545600000000007,2.3820920000000005
-0.6691599999999999,18.164104,1.4545600000000007,2.87939
-0.6691599999999999,18.174104,1.4545600000000007,2.464975000000001
-0.6691599999999999,18.184104,1.4545600000000007,2.87939
-0.6691599999999999,18.19308,1.4545600000000007,2.5478580000000006
-0.6691599999999999,18.20308,1.4545600000000007,2.87939
-0.6691599999999999,18.21308,1.4545600000000007,2.6307410000000004
-0.6691599999999999,18.22308,1.4545600000000007,2.87939
-0.6691599999999999,18.232056,1.4545600000000007,2.7136240000000007
-0.6691599999999999,18.242056,1.4545600000000007,2.87939
-0.6691599999999999,18.252056,1.4545600000000007,2.7965070000000005
-0.6691599999999999,18.262056,1.4545600000000007,2.87939
-0.6691599999999999,18.271032,1.4545600000000007,2.879390000000001
-0.6691599999999999,18.281032,1.4545600000000007,2.87939
-0.6691599999999999,18.291032,1.4545600000000007,2.879390000000001
-0.6691599999999999,18.301032,1.4545600000000007,2.87939
-0.6691599999999999,18.311032,1.4545600000000007,2.879390000000001
-0.6691599999999999,18.320008,1.4545600000000007,2.87939
-0.6691599999999999,18.330008,1.4545600000000007,2.879390000000001
-0.6691599999999999,18.340008,1.4545600000000007,2.87939
-0.6691599999999999,18.350008,1.4545600000000007,2.879390000000001
-0.6691599999999999,18.358984,1.4545600000000007,2.87939
-0.6691599999999999,18.368984,1.4545600000000007,2.879390000000001
-0.6691599999999999,18.378984,1.4545600000000007,2.87939
-0.6691599999999999,18.388984,1.4545600000000007,2.879390000000001
-0.6691599999999999,18.39796,1.4545600000000007,2.87939
-0.6691599999999999,18.40796,1.4545600000000007,2.879390000000001
-0.6691599999999999,18.41796,1.4545600000000007,2.87939
-0.6691599999999999,18.427964,1.4545600000000007,2.879390000000001
-0.6691599999999999,18.43796,1.4545600000000007,2.87939
-0.6691599999999999,18.44796,1.4545600000000007,2.879390000000001
-0.6691599999999999,18.45796,1.4545600000000007,2.87939
-0.6691599999999999,18.46796,1.4545600000000007,2.879390000000001
-0.6691599999999999,18.47796,1.4545600000000007,2.87939
-0.6691599999999999,18.486936,1.4545600000000007,2.879390000000001
-0.6691599999999999,18.496936,1.4545600000000007,2.87939
-0.6691599999999999,18.506936,1.4545600000000007,2.879390000000001
-0.6691599999999999,18.516936,1.4545600000000007,2.87939
-0.6691599999999999,18.525912,1.4545600000000007,2.879390000000001
-0.6691599999999999,18.535912,1.4545600000000007,2.87939
-0.6691599999999999,18.545912,1.4545600000000007,2.879390000000001
-0.6691599999999999,18.555912,1.4545600000000007,2.87939
-0.6691599999999999,18.564888,1.4545600000000007,2.879390000000001
-0.6691599999999999,18.574888,1.4545600000000007,2.87939
-0.6691599999999999,18.584888,1.4545600000000007,2.879390000000001
-0.6691599999999999,18.594888,1.4545600000000007,2.87939
-0.6691599999999999,18.604888,1.4545600000000007,2.879390000000001
-0.6691599999999999,18.614888,1.4545600000000007,2.87939
-0.6691599999999999,18.624888,1.4545600000000007,2.879390000000001
-0.6691599999999999,18.634888,1.4545600000000007,2.87939
-0.6691599999999999,18.644888,1.4545600000000007,2.879390000000001
-0.6691599999999999,18.654888,1.4545600000000007,2.87939
-0.6691599999999999,18.664888,1.4545600000000007,2.879390000000001
-0.6691599999999999,18.674888,1.4545600000000007,2.87939
-0.6691599999999999,18.684888,1.4545600000000007,2.879390000000001
-0.6691599999999999,18.693864,1.4545600000000007,2.87939
-0.6691599999999999,18.703864,1.4545600000000007,2.879390000000001
-0.6691599999999999,18.713864,1.4545600000000007,2.87939
-0.6691599999999999,18.723864,1.4545600000000007,2.879390000000001
-0.6691599999999999,18.73284,1.4545600000000007,2.87939
-0.6691599999999999,18.74284,1.4545600000000007,2.879390000000001
-0.6691599999999999,18.75284,1.4545600000000007,2.87939
-0.6691599999999999,18.76284,1.4545600000000007,2.879390000000001
-0.6691599999999999,18.77284,1.4545600000000007,2.87939
-0.6691599999999999,18.78284,1.4545600000000007,2.879390000000001
-0.6691599999999999,18.79284,1.4545600000000007,2.87939
-0.6691599999999999,18.80284,1.4545600000000007,2.879390000000001
-0.6691599999999999,18.81284,1.4545600000000007,2.87939
-0.6691599999999999,18.82284,1.4545600000000007,2.879390000000001
-0.6691599999999999,18.83284,1.4545600000000007,2.87939
-0.6691599999999999,18.84284,1.4545600000000007,2.879390000000001
-0.6691599999999999,18.85284,1.4545600000000007,2.87939
-0.6691599999999999,18.861816,1.4545600000000007,2.879390000000001
-0.6691599999999999,18.871816,1.4545600000000007,2.87939
-0.6691599999999999,18.881816,1.4545600000000007,2.879390000000001
-0.6691599999999999,18.891816,1.4545600000000007,2.87939
-0.6691599999999999,18.900792,1.4545600000000007,2.879390000000001
-0.6691599999999999,18.910792,1.4545600000000007,2.87939
-0.6691599999999999,18.920792,1.4545600000000007,2.879390000000001
-0.6691599999999999,18.930792,1.4545600000000007,2.87939
-0.6691599999999999,18.940792,1.4545600000000007,2.879390000000001
-0.6691599999999999,18.950792,1.4545600000000007,2.87939
-0.6691599999999999,18.960792,1.4545600000000007,2.879390000000001
-0.6691599999999999,18.970792,1.4545600000000007,2.87939
-0.6691599999999999,18.980792,1.4545600000000007,2.879390000000001
-0.6691599999999999,18.989768,1.4545600000000007,2.87939
-0.6691599999999999,18.999768,1.4545600000000007,2.879390000000001
-0.5775299999999999,19.009768,1.4545600000000007,2.87939
-0.48589999999999994,19.019768,1.4545600000000007,2.879390000000001
-0.39426999999999995,19.028744,1.4545600000000007,2.87939
-0.30264,19.038744,1.4545600000000007,2.879390000000001
-0.21101000000000003,19.048744,1.4545600000000007,2.87939
-0.11938,19.058748,1.4545600000000007,2.879390000000001
-0.02774999999999992,19.068744,1.4545600000000007,2.87939
0.06388000000000009,19.078744,1.4545600000000007,2.879390000000001
0.15551000000000004,19.088744,1.4545600000000007,2.87939
0.24714000000000005,19.098744,1.4545600000000007,2.879390000000001
0.33877000000000007,19.108744,1.4545600000000007,2.87939
0.43040000000000006,19.118744,1.4545600000000007,2.879390000000001
0.5220299999999999,19.128744,1.4545600000000007,2.87939
0.6136599999999999,19.138744,1.4545600000000007,2.879390000000001
0.7052899999999999,19.148744,1.4545600000000007,2.87939
0.7969199999999999,19.15772,1.4545600000000007,2.879390000000001
0.88855,19.16772,1.4545600000000007,2.87939
0.98018,19.17772,1.4545600000000007,2.879390000000001
1.0718100000000002,19.18772,1.4545600000000007,2.87939
1.1634400000000003,19.196696,1.4545600000000007,2.879390000000001
1.1634400000000003,19.206696,1.4545600000000007,2.87939
1.1634400000000003,19.216696,1.4545600000000007,2.879390000000001
1.1634400000000003,19.226696,1.4545600000000007,2.87939
1.1634400000000003,19.236696,1.4545600000000007,2.879390000000001
1.1634400000000003,19.246696,1.4545600000000007,2.87939
1.1634400000000003,19.256696,1.4545600000000007,2.879390000000001
1.1634400000000003,19.266696,1.4545600000000007,2.87939
1.1634400000000003,19.276696,1.4545600000000007,2.879390000000001
1.1634400000000003,19.286696,1.4545600000000007,2.87939
1.1634400000000003,19.296696,1.4545600000000007,2.879390000000001
1.1634400000000003,19.306696,1.4545600000000007,2.87939
1.1634400000000003,19.316696,1.4545600000000007,2.879390000000001
1.1634400000000003,19.325672,1.4545600000000007,2.87939
1.1634400000000003,19.335672,1.4545600000000007,2.879390000000001
1.1634400000000003,19.345672,1.4545600000000007,2.87939
1.1634400000000003,19.355672,1.4545600000000007,2.879390000000001
1.1634400000000003,19.364648,1.4545600000000007,2.87939
1.1634400000000003,19.374648,1.4545600000000007,2.879390000000001
1.1634400000000003,19.384648,1.4545600000000007,2.87939
1.1634400000000003,19.394648,1.4545600000000007,2.879390000000001
1.1634400000000003,19.404648,1.4545600000000007,2.87939
1.1634400000000003,19.414648,1.4545600000000007,2.879390000000001
1.1634400000000003,19.424648,1.4545600000000007,2.87939
1.1634400000000003,19.434648,1.4545600000000007,2.879390000000001
1.1634400000000003,19.444648,1.4545600000000007,2.87939
1.1634400000000003,19.454648,1.4545600000000007,2.879390000000001
1.1634400000000003,19.464648,1.4545600000000007,2.87939
1.1634400000000003,19.474648,1.4545600000000007,2.879390000000001
1.1634400000000003,19.484648,1.4545600000000007,2.87939
1.1634400000000003,19.493624,1.4545600000000007,2.879390000000001
1.1634400000000003,19.503624,1.4545600000000007,2.87939
1.1634400000000003,19.513624,1.4545600000000007,2.879390000000001
1.1634400000000003,19.523624,1.4545600000000007,2.87939
1.1634400000000003,19.5326,1.4545600000000007,2.879390000000001
1.1634400000000003,19.5426,1.4545600000000007,2.87939
1.1634400000000003,19.5526,1.4545600000000007,2.879390000000001
1.1634400000000003,19.5626,1.4545600000000007,2.87939
1.1634400000000003,19.5726,1.4545600000000007,2.879390000000001
1.1634400000000003,19.5826,1.4545600000000007,2.87939
1.1634400000000003,19.5926,1.4545600000000007,2.879390000000001
1.1634400000000003,19.6026,1.4545600000000007,2.87939
1.1634400000000003,19.6126,1.4545600000000007,2.879390000000001
1.1634400000000003,19.6226,1.4545600000000007,2.87939
1.1634400000000003,19.6326,1.4545600000000007,2.879390000000001
1.1634400000000003,19.6426,1.4545600000000007,2.87939
1.1634400000000003,19.6526,1.4545600000000007,2.879390000000001
1.1634400000000003,19.661576,1.4545600000000007,2.87939
1.1634400000000003,19.671576,1.4545600000000007,2.879390000000001
1.1634400000000003,19.681576,1.4545600000000007,2.87939
1.1634400000000003,19.69158,1.4545600000000007,2.879390000000001
1.1634400000000003,19.701576,1.4545600000000007,2.87939
1.1634400000000003,19.711576,1.4545600000000007,2.879390000000001
1.1634400000000003,19.721576,1.4545600000000007,2.87939
1.1634400000000003,19.731576,1.4545600000000007,2.879390000000001
1.1634400000000003,19.741576,1.4545600000000007,2.87939
1.1634400000000003,19.751576,1.4545600000000007,2.879390000000001
1.1634400000000003,19.761576,1.4545600000000007,2.87939
1.1634400000000003,19.771576,1.4545600000000007,2.879390000000001
1.1634400000000003,19.781576,1.4545600000000007,2.87939
1.1634400000000003,19.790552,1.4545600000000007,2.879390000000001
1.1634400000000003,19.800552,1.4545600000000007,2.87939
1.1634400000000003,19.810552,1.4545600000000007,2.879390000000001
1.1634400000000003,19.820552,1.4545600000000007,2.87939
1.1634400000000003,19.829528,1.4545600000000007,2.879390000000001
1.1634400000000003,19.839528,1.4545600000000007,2.87939
1.1634400000000003,19.849528,1.4545600000000007,2.879390000000001
1.1634400000000003,19.859528,1.4545600000000007,2.87939
1.1634400000000003,19.869528,1.4545600000000007,2.879390000000001
1.1634400000000003,19.879528,1.4545600000000007,2.87939
1.1634400000000003,19.889528,1.4545600000000007,2.879390000000001
1.1634400000000003,19.899528,1.4545600000000007,2.87939
1.1634400000000003,19.909528,1.4545600000000007,2.879390000000001
1.1634400000000003,19.919528,1.4545600000000007,2.87939
1.1634400000000003,19.929528,1.4545600000000007,2.879390000000001
1.1634400000000003,19.939528,1.4545600000000007,2.87939
1.1634400000000003,19.949528,1.4545600000000007,2.879390000000001
1.1634400000000003,19.958504,1.4545600000000007,2.87939
1.1634400000000003,19.968504,1.4545600000000007,2.879390000000001
1.1634400000000003,19.978504,1.4545600000000007,2.87939
1.1634400000000003,19.988504,1.4545600000000007,2.879390000000001
1.1634400000000003,19.99748,1.4545600000000007,2.87939
1.1634400000000003,20.00748,1.4545600000000007,2.879390000000001
1.1634400000000003,20.01748,1.4545600000000007,2.87939
1.1634400000000003,20.02748,1.4545600000000007,2.879390000000001
1.1634400000000003,20.03748,1.4545600000000007,2.87939
1.1634400000000003,20.04748,1.4545600000000007,2.879390000000001
1.1634400000000003,20.05748,1.4545600000000007,2.87939
1.1634400000000003,20.06748,1.4545600000000007,2.879390000000001
1.1634400000000003,20.07748,1.4545600000000007,2.87939
1.1634400000000003,20.08748,1.4545600000000007,2.879390000000001
1.1634400000000003,20.09748,1.4545600000000007,2.87939
1.1634400000000003,20.10748,1.4545600000000007,2.879390000000001
1.1634400000000003,20.11748,1.4545600000000007,2.87939
1.1634400000000003,20.126456,1.4545600000000007,2.879390000000001
1.1634400000000003,20.136456,1.4545600000000007,2.87939
1.1634400000000003,20.146456,1.4545600000000007,2.879390000000001
1.1634400000000003,20.156456,1.4545600000000007,2.87939
1.1634400000000003,20.165432,1.4545600000000007,2.879390000000001
1.1634400000000003,20.175432,1.4545600000000007,2.87939
1.1634400000000003,20.185432,1.4545600000000007,2.879390000000001
1.1634400000000003,20.195432,1.4545600000000007,2.87939
1.1634400000000003,20.205432,1.4545600000000007,2.879390000000001
1.1634400000000003,20.215432,1.4545600000000007,2.87939
1.1634400000000003,20.225432,1.4545600000000007,2.879390000000001
1.1634400000000003,20.235432,1.4545600000000007,2.87939
1.1634400000000003,20.245432,1.4545600000000007,2.879390000000001
1.1634400000000003,20.255432,1.4545600000000007,2.87939
1.1634400000000003,20.265432,1.4545600000000007,2.879390000000001
1.1634400000000003,20.275432,1.4545600000000007,2.87939
1.1634400000000003,20.285432,1.4545600000000007,2.879390000000001
1.1634400000000003,20.294408,1.4545600000000007,2.87939
1.1634400000000003,20.304408,1.4545600000000007,2.879390000000001
1.1634400000000003,20.314408,1.4545600000000007,2.87939
1.1634400000000003,20.324412,1.4545600000000007,2.879390000000001
1.1634400000000003,20.334408,1.4545600000000007,2.87939
1.1634400000000003,20.344408,1.4545600000000007,2.879390000000001
1.1634400000000003,20.354408,1.4545600000000007,2.87939
1.1634400000000003,20.364408,1.4545600000000007,2.879390000000001
1.1634400000000003,20.374408,1.4545600000000007,2.87939
1.1634400000000003,20.384408,1.4545600000000007,2.879390000000001
1.1634400000000003,20.394408,1.4545600000000007,2.87939
1.1634400000000003,20.404408,1.4545600000000007,2.879390000000001
1.1634400000000003,20.414408,1.4545600000000007,2.87939
1.1634400000000003,20.423384,1.4545600000000007,2.879390000000001
1.1634400000000003,20.433384,1.4545600000000007,2.87939
1.1634400000000003,20.443384,1.4545600000000007,2.879390000000001
1.1634400000000003,20.453384,1.4545600000000007,2.87939
1.1634400000000003,20.46236,1.4545600000000007,2.879390000000001
1.1634400000000003,20.47236,1.4545600000000007,2.87939
1.1634400000000003,20.48236,1.4545600000000007,2.879390000000001
1.1634400000000003,20.49236,1.4545600000000007,2.87939
1.1634400000000003,20.50236,1.4545600000000007,2.879390000000001
1.1634400000000003,20.51236,1.4545600000000007,2.87939
1.1634400000000003,20.52236,1.4545600000000007,2.879390000000001
1.1634400000000003,20.53236,1.4545600000000007,2.87939
1.1634400000000003,20.54236,1.4545600000000007,2.879390000000001
1.1634400000000003,20.55236,1.4545600000000007,2.87939
1.1634400000000003,20.56236,1.4545600000000007,2.879390000000001
1.1634400000000003,20.57236,1.4545600000000007,2.87939
1.1634400000000003,20.58236,1.4545600000000007,2.879390000000001
1.1634400000000003,20.591336,1.4545600000000007,2.87939
1.1634400000000003,20.601336,1.4545600000000007,2.879390000000001
1.1634400000000003,20.611336,1.4545600000000007,2.87939
1.1634400000000003,20.621336,1.4545600000000007,2.879390000000001
1.1634400000000003,20.630312,1.4545600000000007,2.87939
1.1634400000000003,20.640312,1.4545600000000007,2.879390000000001
1.1634400000000003,20.650312,1.4545600000000007,2.87939
1.1634400000000003,20.660312,1.4545600000000007,2.879390000000001
1.1634400000000003,20.670312,1.4545600000000007,2.87939
1.1634400000000003,20.680312,1.4545600000000007,2.879390000000001
1.1634400000000003,20.690312,1.4545600000000007,2.87939
1.1634400000000003,20.700312,1.4545600000000007,2.879390000000001
1.1634400000000003,20.710312,1.4545600000000007,2.87939
1.1634400000000003,20.720312,1.4545600000000007,2.879390000000001
1.1634400000000003,20.730312,1.4545600000000007,2.87939
1.1634400000000003,20.740312,1.4545600000000007,2.879390000000001
1.1634400000000003,20.750312,1.4545600000000007,2.87939
1.1634400000000003,20.759288,1.4545600000000007,2.879390000000001
1.1634400000000003,20.769288,1.4545600000000007,2.87939
1.1634400000000003,20.779288,1.4545600000000007,2.879390000000001
1.1634400000000003,20.789288,1.4545600000000007,2.87939
1.1634400000000003,20.798264,1.4545600000000007,2.879390000000001
1.1634400000000003,20.808264,1.4545600000000007,2.87939
1.1634400000000003,20.818264,1.4545600000000007,2.879390000000001
1.1634400000000003,20.828264,1.4545600000000007,2.87939
1.1634400000000003,20.838264,1.4545600000000007,2.879390000000001
1.1634400000000003,20.848264,1.4545600000000007,2.87939
1.1634400000000003,20.858264,1.4545600000000007,2.879390000000001
1.1634400000000003,20.868264,1.4545600000000007,2.87939
1.1634400000000003,20.878264,1.4545600000000007,2.879390000000001
1.1634400000000003,20.888264,1.4545600000000007,2.87939
1.1634400000000003,20.898264,1.4545600000000007,2.879390000000001
1.1634400000000003,20.908264,1.4545600000000007,2.87939
1.1634400000000003,20.918264,1.4545600000000007,2.879390000000001
1.1634400000000003,20.92724,1.4545600000000007,2.87939
1.1634400000000003,20.93724,1.4545600000000007,2.879390000000001
1.1634400000000003,20.94724,1.4545600000000007,2.87939
1.1634400000000003,20.957244,1.4545600000000007,2.879390000000001
1.1634400000000003,20.96724,1.4545600000000007,2.87939
1.1634400000000003,20.97724,1.4545600000000007,2.879390000000001
1.1634400000000003,20.98724,1.4545600000000007,2.87939
1.1634400000000003,20.99724,1.4545600000000007,2.879390000000001
1.2681595000000003,21.00724,1.4545600000000007,2.87939
1.3728790000000002,21.01724,1.4545600000000007,2.879390000000001
1.4775985,21.02724,1.4545600000000007,2.87939
1.582318,21.03724,1.4545600000000007,2.879390000000001
1.6870375,21.04724,1.4545600000000007,2.87939
1.7917570000000003,21.056216,1.4545600000000007,2.879390000000001
1.8964765000000001,21.066216,1.4545600000000007,2.87939
2.001196,21.076216,1.4545600000000007,2.879390000000001
2.1059155000000005,21.086216,1.4545600000000007,2.87939
2.2106350000000003,21.095192,1.4545600000000007,2.879390000000001
2.3153545,21.105192,1.4545600000000007,2.87939
2.420074,21.115192,1.4545600000000007,2.879390000000001
2.5247935,21.125192,1.4545600000000007,2.87939
2.6295129999999998,21.135192,1.4545600000000007,2.879390000000001
2.7342324999999996,21.145192,1.4545600000000007,2.87939
2.8389519999999995,21.155192,1.4545600000000007,2.879390000000001
2.9436714999999993,21.165192,1.4545600000000007,2.87939
3.048390999999999,21.175192,1.4545600000000007,2.879390000000001
3.153110499999999,21.185192,1.4545600000000007,2.87939
3.2578299999999993,21.195192,1.4545600000000007,2.879390000000001
3.2578299999999993,21.205192,1.4545600000000007,2.87939
3.2578299999999993,21.215192,1.4545600000000007,2.879390000000001
3.2578299999999993,21.224168,1.4545600000000007,2.87939
3.2578299999999993,21.234168,1.4545600000000007,2.879390000000001
3.2578299999999993,21.244168,1.4545600000000007,2.87939
3.2578299999999993,21.254168,1.4545600000000007,2.879390000000001
3.2578299999999993,21.263144,1.4545600000000007,2.87939
3.2578299999999993,21.273144,1.4545600000000007,2.879390000000001
3.2578299999999993,21.283144,1.4545600000000007,2.87939
3.2578299999999993,21.293144,1.4545600000000007,2.879390000000001
3.2578299999999993,21.303144,1.4545600000000007,2.87939
3.2578299999999993,21.313144,1.4545600000000007,2.879390000000001
3.2578299999999993,21.323144,1.4545600000000007,2.87939
3.2578299999999993,21.333144,1.4545600000000007,2.879390000000001
3.2578299999999993,21.343144,1.4545600000000007,2.87939
3.2578299999999993,21.35212,1.4545600000000007,2.879390000000001
3.2578299999999993,21.36212,1.4545600000000007,2.87939
3.2578299999999993,21.37212,1.4545600000000007,2.879390000000001
3.2578299999999993,21.38212,1.4545600000000007,2.87939
3.2578299999999993,21.391096,1.4545600000000007,2.879390000000001
3.2578299999999993,21.401096,1.4545600000000007,2.87939
3.2578299999999993,21.411096,1.4545600000000007,2.879390000000001
3.2578299999999993,21.421096,1.4545600000000007,2.87939
3.2578299999999993,21.430072,1.4545600000000007,2.879390000000001
3.2578299999999993,21.440072,1.4545600000000007,2.87939
3.2578299999999993,21.450072,1.4545600000000007,2.879390000000001
3.2578299999999993,21.460072,1.4545600000000007,2.87939
3.2578299999999993,21.470072,1.4545600000000007,2.879390000000001
3.2578299999999993,21.479048,1.4545600000000007,2.87939
3.2578299999999993,21.489048,1.4545600000000007,2.879390000000001
3.2578299999999993,21.499048,1.4545600000000007,2.87939
3.2578299999999993,21.509048,1.4545600000000007,2.879390000000001
3.2578299999999993,21.518024,1.4545600000000007,2.87939
3.2578299999999993,21.528024,1.4545600000000007,2.879390000000001
3.2578299999999993,21.538024,1.4545600000000007,2.87939
3.2578299999999993,21.548024,1.4545600000000007,2.879390000000001
3.2578299999999993,21.557,1.4545600000000007,2.87939
3.2578299999999993,21.567,1.4545600000000007,2.879390000000001
3.2578299999999993,21.577,1.4545600000000007,2.87939
3.2578299999999993,21.587004,1.4545600000000007,2.879390000000001
3.2578299999999993,21.597,1.4545600000000007,2.87939
3.2578299999999993,21.607,1.4545600000000007,2.879390000000001
3.2578299999999993,21.617,1.4545600000000007,2.87939
3.2578299999999993,21.627,1.4545600000000007,2.879390000000001
3.2578299999999993,21.637,1.4545600000000007,2.87939
3.2578299999999993,21.645976,1.4545600000000007,2.879390000000001
3.2578299999999993,21.655976,1.4545600000000007,2.87939
3.2578299999999993,21.665976,1.4545600000000007,2.879390000000001
3.2578299999999993,21.675976,1.4545600000000007,2.87939
3.2578299999999993,21.684952,1.4545600000000007,2.879390000000001
3.2578299999999993,21.694952,1.4545600000000007,2.87939
3.2578299999999993,21.704952,1.4545600000000007,2.879390000000001
3.2578299999999993,21.714952,1.4545600000000007,2.87939
3.2578299999999993,21.723928,1.4545600000000007,2.879390000000001
3.2578299999999993,21.733928,1.4545600000000007,2.87939
3.2578299999999993,21.743928,1.4545600000000007,2.879390000000001
3.2578299999999993,21.753928,1.4545600000000007,2.87939
3.2578299999999993,21.763928,1.4545600000000007,2.879390000000001
3.2578299999999993,21.773928,1.4545600000000007,2.87939
3.2578299999999993,21.783928,1.4545600000000007,2.879390000000001
3.2578299999999993,21.793928,1.4545600000000007,2.87939
3.2578299999999993,21.803928,1.4545600000000007,2.879390000000001
3.2578299999999993,21.812904,1.4545600000000007,2.87939
3.2578299999999993,21.822904,1.4545600000000007,2.879390000000001
3.2578299999999993,21.832904,1.4545600000000007,2.87939
3.2578299999999993,21.842904,1.4545600000000007,2.879390000000001
3.2578299999999993,21.85188,1.4545600000000007,2.87939
3.2578299999999993,21.86188,1.4545600000000007,2.879390000000001
3.2578299999999993,21.87188,1.4545600000000007,2.87939
3.2578299999999993,21.88188,1.4545600000000007,2.879390000000001
3.2578299999999993,21.890856,1.4545600000000007,1.74533
3.2578299999999993,21.900856,1.4545600000000007,2.8226870000000006
3.2578299999999993,21.910856,1.4545600000000007,1.74533
3.2578299999999993,21.920856,1.4545600000000007,2.7659840000000004
3.2578299999999993,21.930856,1.4545600000000007,1.74533
3.2578299999999993,21.940856,1.4545600000000007,2.7092810000000007
3.2578299999999993,21.950856,1.4545600000000007,1.74533
3.2578299999999993,21.960856,1.4545600000000007,2.652578
3.2578299999999993,21.970856,1.4545600000000007,1.74533
3.2578299999999993,21.980856,1.4545600000000007,2.5958750000000004
3.2578299999999993,21.990856,1.4545600000000007,1.74533
3.2578299999999993,22.000856,1.4545600000000007,2.539172
3.2578299999999993,22.010856,1.4545600000000007,1.74533
3.2578299999999993,22.019832,1.4545600000000007,2.482469
3.2578299999999993,22.029832,1.4545600000000007,1.74533
3.2578299999999993,22.039832,1.4545600000000007,2.425766
3.2578299999999993,22.049832,1.4545600000000007,1.74533
3.2578299999999993,22.058808,1.4545600000000007,2.369063
3.2578299999999993,22.068808,1.4545600000000007,1.74533
3.2578299999999993,22.078808,1.4545600000000007,2.3123599999999995
3.2578299999999993,22.088808,1.4545600000000007,1.74533
3.2578299999999993,22.098808,1.4545600000000007,2.255657
3.2578299999999993,22.108808,1.4545600000000007,1.74533
3.2578299999999993,22.118808,1.4545600000000007,2.1989539999999996
3.2578299999999993,22.128808,1.4545600000000007,1.74533
3.2578299999999993,22.138808,1.4545600000000007,2.1422509999999995
3.2578299999999993,22.147784,1.4545600000000007,1.74533
3.2578299999999993,22.157784,1.4545600000000007,2.0855479999999997
3.2578299999999993,22.167784,1.4545600000000007,1.74533
3.2578299999999993,22.177784,1.4545600000000007,2.028845
3.2578299999999993,22.18676,1.4545600000000007,1.74533
3.2578299999999993,22.19676,1.4545600000000007,1.9721419999999998
3.2578299999999993,22.20676,1.4545600000000007,1.74533
3.2578299999999993,22.216764,1.4545600000000007,1.9154390000000001
3.2578299999999993,22.22676,1.4545600000000007,1.74533
3.2578299999999993,22.23676,1.4545600000000007,1.8587359999999997
3.2578299999999993,22.24676,1.4545600000000007,1.74533
3.2578299999999993,22.25676,1.4545600000000007,1.8020329999999998
3.2578299999999993,22.26676,1.4545600000000007,1.74533
3.2578299999999993,22.27676,1.4545600000000007,1.7453299999999996
3.2578299999999993,22.28676,1.4545600000000007,1.74533
3.2578299999999993,22.29676,1.4545600000000007,1.7453299999999996
3.2578299999999993,22.30676,1.4545600000000007,1.74533
3.2578299999999993,22.315736,1.4545600000000007,1.7453299999999996
3.2578299999999993,22.325736,1.4545600000000007,1.74533
3.2578299999999993,22.335736,1.4545600000000007,1.7453299999999996
3.2578299999999993,22.345736,1.4545600000000007,1.74533
3.2578299999999993,22.354712,1.4545600000000007,1.7453299999999996
3.2578299999999993,22.364712,1.4545600000000007,1.74533
3.2578299999999993,22.374712,1.4545600000000007,1.7453299999999996
3.2578299999999993,22.384712,1.4545600000000007,1.74533
3.2578299999999993,22.394712,1.4545600000000007,1.7453299999999996
3.2578299999999993,22.404712,1.4545600000000007,1.74533
3.2578299999999993,22.414712,1.4545600000000007,1.7453299999999996
3.2578299999999993,22.424712,1.4545600000000007,1.74533
3.2578299999999993,22.434712,1.4545600000000007,1.7453299999999996
3.2578299999999993,22.444712,1.4545600000000007,1.74533
3.2578299999999993,22.454712,1.4545600000000007,1.7453299999999996
3.2578299999999993,22.464712,1.4545600000000007,1.74533
3.2578299999999993,22.474712,1.4545600000000007,1.7453299999999996
3.2578299999999993,22.483688,1.4545600000000007,1.74533
3.2578299999999993,22.493688,1.4545600000000007,1.7453299999999996
3.2578299999999993,22.503688,1.4545600000000007,1.74533
3.2578299999999993,22.513688,1.4545600000000007,1.7453299999999996
3.2578299999999993,22.522664,1.4545600000000007,1.74533
3.2578299999999993,22.532664,1.4545600000000007,1.7453299999999996
3.2578299999999993,22.542664,1.4545600000000007,1.74533
3.2578299999999993,22.552664,1.4545600000000007,1.7453299999999996
3.2578299999999993,22.562664,1.4545600000000007,1.74533
3.2578299999999993,22.572664,1.4545600000000007,1.7453299999999996
3.2578299999999993,22.582664,1.4545600000000007,1.74533
3.2578299999999993,22.592664,1.4545600000000007,1.7453299999999996
3.2578299999999993,22.602664,1.4545600000000007,1.74533
3.2578299999999993,22.612664,1.4545600000000007,1.7453299999999996
3.2578299999999993,22.622664,1.4545600000000007,1.74533
3.2578299999999993,22.632664,1.4545600000000007,1.7453299999999996
3.2578299999999993,22.642664,1.4545600000000007,1.74533
3.2578299999999993,22.65164,1.4545600000000007,1.7453299999999996
3.2578299999999993,22.66164,1.4545600000000007,1.74533
3.2578299999999993,22.67164,1.4545600000000007,1.7453299999999996
3.2578299999999993,22.68164,1.4545600000000007,1.74533
3.2578299999999993,22.690616,1.4545600000000007,1.7453299999999996
3.2578299999999993,22.700616,1.4545600000000007,1.74533
3.2578299999999993,22.710616,1.4545600000000007,1.7453299999999996
3.2578299999999993,22.720616,1.4545600000000007,1.74533
3.2578299999999993,22.730616,1.4545600000000007,1.7453299999999996
3.2578299999999993,22.740616,1.4545600000000007,1.74533
3.2578299999999993,22.750616,1.4545600000000007,1.7453299999999996
3.2578299999999993,22.760616,1.4545600000000007,1.74533
3.2578299999999993,22.770616,1.4545600000000007,1.7453299999999996
3.2578299999999993,22.779592,1.4545600000000007,1.74533
3.2578299999999993,22.789592,1.4545600000000007,1.7453299999999996
3.2578299999999993,22.799592,1.4545600000000007,1.74533
3.2578299999999993,22.809592,1.4545600000000007,1.7453299999999996
3.2578299999999993,22.818568,1.4545600000000007,1.74533
3.2578299999999993,22.828568,1.4545600000000007,1.7453299999999996
3.2578299999999993,22.838568,1.4545600000000007,1.74533
3.2578299999999993,22.848572,1.4545600000000007,1.7453299999999996
3.2578299999999993,22.858568,1.4545600000000007,1.74533
3.2578299999999993,22.868568,1.4545600000000007,1.7453299999999996
3.2578299999999993,22.878568,1.4545600000000007,1.74533
3.2578299999999993,22.888568,1.4545600000000007,1.7453299999999996
3.2578299999999993,22.898568,1.4545600000000007,1.74533
3.2578299999999993,22.908568,1.4545600000000007,1.7453299999999996
3.2578299999999993,22.918568,1.4545600000000007,1.74533
3.2578299999999993,22.928568,1.4545600000000007,1.7453299999999996
3.2578299999999993,22.938568,1.4545600000000007,1.74533
3.2578299999999993,22.947544,1.4545600000000007,1.7453299999999996
3.2578299999999993,22.957544,1.4545600000000007,1.74533
3.2578299999999993,22.967544,1.4545600000000007,1.7453299999999996
3.2578299999999993,22.977544,1.4545600000000007,1.74533
3.2578299999999993,22.98652,1.4545600000000007,1.7453299999999996
3.2578299999999993,22.99652,1.4545600000000007,1.74533
3.039663999999999,23.00652,1.4545600000000007,1.7453299999999996
2.821497999999999,23.01652,1.4545600000000007,1.74533
2.603410499999999,23.026544,1.4544815000000006,1.7453299999999996
2.385401499999999,23.036528,1.4543245000000005,1.74533
2.1673924999999996,23.04652,1.4541675000000005,1.7453299999999996
1.9493834999999995,23.05652,1.4540105000000005,1.74533
1.7313744999999994,23.06652,1.4538535000000006,1.7453299999999996
1.5133655,23.07652,1.4536965000000004,1.74533
1.2953564999999998,23.08652,1.4535395000000007,1.7453299999999996
1.0773475,23.09652,1.4533825000000005,1.74533
0.8593385000000002,23.10652,1.4532255000000005,1.7453299999999996
0.6413295000000002,23.115496,1.4530685000000005,1.74533
0.4233205000000002,23.125496,1.4529115000000006,1.7453299999999996
0.2053115000000002,23.135496,1.4527545000000004,1.74533
-0.012697499999999785,23.145496,1.4525975000000004,1.7453299999999996
-0.23070649999999984,23.154472,1.4524405000000002,1.74533
-0.4487154999999999,23.164472,1.4522835,1.7453299999999996
-0.6667244999999999,23.174472,1.4521265,1.74533
-0.8847335000000002,23.184472,1.4519695,1.7453299999999996
-1.1027425000000002,23.194472,1.4518125,1.74533
-1.1025855000000002,23.204472,1.4516554999999998,1.7453299999999996
-1.1024285,23.214472,1.4514984999999996,1.74533
-1.1023500000000002,23.224472,1.4514199999999997,1.7453299999999996
-1.1023500000000002,23.234472,1.4514199999999997,1.74533
-1.1023500000000002,23.244472,1.4514199999999997,1.7453299999999996
-1.1023500000000002,23.254472,1.4514199999999997,1.74533
-1.1023500000000002,23.264472,1.4514199999999997,1.7453299999999996
-1.1023500000000002,23.274472,1.4514199999999997,1.74533
-1.1023500000000002,23.283448,1.4514199999999997,1.7453299999999996
-1.1023500000000002,23.293448,1.4514199999999997,1.74533
-1.1023500000000002,23.303448,1.4514199999999997,1.7453299999999996
-1.1023500000000002,23.313448,1.4514199999999997,1.74533
-1.1023500000000002,23.322424,1.4514199999999997,1.7453299999999996
-1.1023500000000002,23.332424,1.4514199999999997,1.74533
-1.1023500000000002,23.342424,1.4514199999999997,1.7453299999999996
-1.1023500000000002,23.352424,1.4514199999999997,1.74533
-1.1023500000000002,23.362424,1.4514199999999997,1.7453299999999996
-1.1023500000000002,23.372424,1.4514199999999997,1.74533
-1.1023500000000002,23.382424,1.4514199999999997,1.7453299999999996
-1.1023500000000002,23.392424,1.4514199999999997,1.74533
-1.1023500000000002,23.402424,1.4514199999999997,1.7453299999999996
-1.1023500000000002,23.412424,1.4514199999999997,1.74533
-1.1023500000000002,23.422424,1.4514199999999997,1.7453299999999996
-1.1023500000000002,23.432424,1.4514199999999997,1.74533
-1.1023500000000002,23.442424,1.4514199999999997,1.7453299999999996
-1.1023500000000002,23.4514,1.4514199999999997,1.74533
-1.1023500000000002,23.4614,1.4514199999999997,1.7453299999999996
-1.1023500000000002,23.4714,1.4514199999999997,1.74533
-1.1023500000000002,23.481404,1.4514199999999997,1.7453299999999996
-1.1023500000000002,23.4914,1.4514199999999997,1.74533
-1.1023500000000002,23.5014,1.4514199999999997,1.7453299999999996
-1.1023500000000002,23.5114,1.4514199999999997,1.74533
-1.1023500000000002,23.5214,1.4514199999999997,1.7453299999999996
-1.1023500000000002,23.5314,1.4514199999999997,1.74533
-1.1023500000000002,23.5414,1.4514199999999997,1.7453299999999996
-1.1023500000000002,23.5514,1.4514199999999997,1.74533
-1.1023500000000002,23.5614,1.4514199999999997,1.7453299999999996
-1.1023500000000002,23.5714,1.4514199999999997,1.74533
-1.1023500000000002,23.5814,1.4514199999999997,1.7453299999999996
-1.1023500000000002,23.5914,1.4514199999999997,1.74533
-1.1023500000000002,23.6014,1.4514199999999997,1.7453299999999996
-1.1023500000000002,23.6114,1.4514199999999997,1.74533
-1.1023500000000002,23.620376,1.4514199999999997,1.7453299999999996
-1.1023500000000002,23.630376,1.4514199999999997,1.74533
-1.1023500000000002,23.640376,1.4514199999999997,1.7453299999999996
-1.1023500000000002,23.650376,1.4514199999999997,1.74533
-1.1023500000000002,23.660376,1.4514199999999997,1.7453299999999996
-1.1023500000000002,23.670376,1.4514199999999997,1.74533
-1.1023500000000002,23.680376,1.4514199999999997,1.7453299999999996
-1.1023500000000002,23.690376,1.4514199999999997,1.74533
-1.1023500000000002,23.700376,1.4514199999999997,1.7453299999999996
-1.1023500000000002,23.710376,1.4514199999999997,1.74533
-1.1023500000000002,23.720376,1.4514199999999997,1.7453299999999996
-1.1023500000000002,23.730376,1.4514199999999997,1.74533
-1.1023500000000002,23.740376,1.4514199999999997,1.7453299999999996
-1.1023500000000002,23.749352,1.4514199999999997,1.74533
-1.1023500000000002,23.759352,1.4514199999999997,1.7453299999999996
-1.1023500000000002,23.769352,1.4514199999999997,1.74533
-1.1023500000000002,23.779352,1.4514199999999997,1.7453299999999996
-1.1023500000000002,23.788328,1.4514199999999997,1.74533
-1.1023500000000002,23.798328,1.4514199999999997,1.7453299999999996
-1.1023500000000002,23.808328,1.4514199999999997,1.74533
-1.1023500000000002,23.818328,1.4514199999999997,1.7453299999999996
-1.1023500000000002,23.828328,1.4514199999999997,1.74533
-1.1023500000000002,23.838328,1.4514199999999997,1.7453299999999996
-1.1023500000000002,23.848328,1.4514199999999997,1.74533
-1.1023500000000002,23.858328,1.4514199999999997,1.7453299999999996
-1.1023500000000002,23.868328,1.4514199999999997,1.74533
-1.1023500000000002,23.878328,1.4514199999999997,1.7453299999999996
-1.1023500000000002,23.888328,1.4514199999999997,1.74533
-1.1023500000000002,23.898328,1.4514199999999997,1.7453299999999996
-1.1023500000000002,23.908328,1.4514199999999997,1.74533
-1.1023500000000002,23.917304,1.4514199999999997,1.7453299999999996
-1.1023500000000002,23.927304,1.4514199999999997,1.74533
-1.1023500000000002,23.937304,1.4514199999999997,1.7453299999999996
-1.1023500000000002,23.947304,1.4514199999999997,1.74533
-1.1023500000000002,23.95628,1.4514199999999997,1.7453299999999996
-1.1023500000000002,23.96628,1.4514199999999997,1.74533
-1.1023500000000002,23.97628,1.4514199999999997,1.7453299999999996
-1.1023500000000002,23.98628,1.4514199999999997,1.74533
-1.1023500000000002,23.99628,1.4514199999999997,1.7453299999999996
-1.1023500000000002,24.00628,1.4514199999999997,1.74533
